10000 20000
1 1178
1 5670
1 9511
2 1566
2 2769
2 2943
2 6734
2 6864
3 2410
4 2892
4 3067
4 7841
5 58
5 641
5 9763
6 1845
6 2093
6 3036
6 3879
6 6563
6 8665
7 1678
7 2332
7 5867
7 7698
8 3862
8 4228
9 2608
9 3742
9 5091
9 9756
10 319
10 6165
10 8162
11 595
11 1132
11 6303
11 6357
11 7096
12 3076
12 4185
12 8723
13 1367
13 2410
13 3943
13 4006
13 4097
13 4776
13 5403
13 8932
14 2879
14 5822
15 2714
15 8105
16 5609
16 6724
16 7334
17 126
17 3221
17 3671
17 4753
17 6571
18 1346
18 2427
18 8837
19 1419
19 1884
19 2981
19 3748
19 3888
19 9654
20 1749
20 5033
20 7021
20 7320
20 7771
21 4758
21 6316
21 7831
21 8588
22 36
23 4660
23 5192
23 6716
23 7352
24 4809
24 9567
25 387
25 1630
25 6586
25 7193
25 7961
25 9977
26 1644
26 4771
26 4977
26 5046
26 9920
27 1068
27 6586
27 8775
28 1364
29 4855
29 7306
29 8508
30 857
31 7778
32 231
33 229
33 1309
33 3366
33 4630
33 6156
33 6166
33 7941
34 1602
35 3061
36 5141
36 7086
36 7553
37 925
37 1350
37 1382
37 4896
37 8705
38 4343
40 1427
40 4996
40 6825
41 838
41 3009
41 3886
41 4716
41 5643
42 2764
42 3254
42 4662
43 1284
43 5603
44 231
44 681
44 5028
44 7361
44 8106
44 9108
44 9343
44 9430
44 9789
45 9561
46 1153
46 1848
46 7795
47 1934
47 2056
47 6950
47 9895
48 3628
48 6333
48 7810
48 9632
49 137
49 1927
49 2743
49 3572
49 5232
49 6645
50 3475
50 7093
52 3354
52 7815
52 8357
52 8729
52 9156
53 1830
53 2024
53 2591
53 3019
53 3304
53 3822
53 4583
53 7702
53 7982
53 9080
54 1219
55 4244
55 6343
55 8999
56 3361
56 5805
56 8635
57 5785
58 3308
58 4317
58 8804
58 9354
59 7047
59 9286
60 3504
60 6711
60 7267
60 7570
61 1401
61 7464
61 9538
61 9545
62 6721
62 8120
63 1036
63 3925
63 5891
64 1454
64 3297
65 1279
65 6393
66 396
66 5735
66 8139
66 8457
66 9416
67 1249
67 2034
67 3886
67 5530
67 8002
67 8537
68 9890
68 9908
69 5507
69 6540
69 9134
69 9691
70 7681
71 750
71 5667
71 8212
71 9300
72 2585
72 3372
72 8093
73 2757
73 3064
73 4036
73 6826
74 1031
74 6269
74 9791
75 2442
76 2964
76 3096
76 3988
76 4659
76 4721
77 3433
77 6676
77 7948
78 2499
78 4272
78 8019
78 8277
79 365
79 1309
79 2939
79 4012
79 5431
79 8605
79 8609
80 2624
80 4584
80 5306
80 6398
81 4584
81 6489
81 6934
81 7614
82 1468
82 3737
82 5364
82 5558
82 8864
83 785
83 2819
83 8478
83 8508
85 817
85 4416
85 6288
86 767
86 4270
86 5229
86 9894
88 1190
88 6817
89 1416
89 4823
90 327
90 8543
90 8560
90 9703
91 2810
91 3151
91 5400
91 5556
91 6205
91 9311
92 2482
92 5294
93 1275
93 2100
93 3976
93 4383
93 4719
93 6017
93 7196
94 1844
94 6102
94 6326
94 6849
94 7875
94 8076
94 8950
95 2545
95 4302
95 8522
95 8966
96 4624
96 5971
96 6918
96 8709
96 9553
97 357
97 430
97 5621
97 5955
98 1433
98 7965
98 8137
98 8477
99 1352
99 5382
99 6897
99 8474
100 2985
100 8802
101 4320
101 4900
101 5735
101 6335
101 8379
103 930
103 1350
103 1975
103 3163
104 5422
104 6898
104 8260
105 920
106 672
106 5797
106 6144
106 8463
107 1260
108 1661
108 4315
108 6614
108 7291
108 9369
109 1055
109 1126
109 3704
109 3705
109 5636
109 7510
111 1741
111 3238
111 8838
112 858
112 9298
113 3939
113 4601
113 4788
113 7730
113 8900
114 2037
114 3387
114 3928
114 5590
114 6468
114 8501
114 9864
115 1717
115 2685
115 3458
115 6872
115 7946
115 8976
115 9178
116 1071
116 4048
116 4335
116 5601
116 8596
117 236
117 1666
117 3423
118 5771
118 9853
119 919
119 5257
119 7840
120 664
120 1874
121 2785
121 5635
121 7534
121 9883
122 2681
123 2901
123 4806
123 6212
123 7509
123 7810
124 3492
124 3628
124 7224
124 9823
125 499
125 2557
125 4440
125 5641
125 6753
125 6831
125 7527
125 7978
126 321
127 6928
128 3438
128 3616
128 7672
129 1388
129 4180
129 8616
129 8763
129 9717
130 679
130 2159
130 3242
130 8915
131 159
131 3171
131 6649
131 7950
131 9392
132 1797
132 5100
132 6499
132 6620
132 7420
133 2398
133 3526
133 4234
134 912
134 7553
134 9464
135 9275
135 9351
135 9659
136 2658
136 2773
136 3520
136 3622
136 4306
136 5628
136 6392
136 6412
137 638
137 3433
137 6280
137 7233
138 268
138 3516
138 3899
138 4116
138 6246
139 220
139 269
139 520
139 1418
139 2915
139 4539
139 4680
139 7426
139 9936
140 2188
140 3926
140 9540
141 1250
141 3442
141 4672
141 6128
141 7290
141 7522
141 9291
142 1025
142 1217
142 1423
142 1635
142 4856
142 9485
143 1621
143 3245
143 4185
143 4332
143 6001
143 7481
143 7794
144 6941
144 7903
145 2001
145 5484
145 5555
146 554
146 1489
146 4341
146 6787
146 7454
147 157
147 2644
147 3515
147 4991
147 5517
147 9708
148 6493
148 9613
149 3335
149 4401
149 7235
150 263
150 4679
150 5760
151 2750
151 5340
151 8470
152 1796
152 2849
152 4796
153 1986
153 3002
153 4842
153 9036
153 9083
153 9821
154 464
154 1225
154 6344
154 6540
154 8031
154 8165
155 3340
155 6043
155 6060
155 6158
155 6818
155 8375
156 4170
156 5798
156 8738
156 9794
157 3161
157 8838
158 2457
158 5879
158 9262
159 329
159 2197
159 2366
159 3147
159 6430
159 7158
160 4529
160 7294
160 7904
160 8573
160 9213
161 4500
161 8443
161 8641
162 363
162 873
162 4208
162 5299
162 6944
162 9383
163 918
163 3707
163 9388
164 4079
164 9952
165 1465
165 3630
165 6473
165 8277
166 2554
166 3493
166 4839
167 319
167 599
167 4792
167 4880
167 5221
167 5553
167 8122
167 9003
167 9413
168 4137
168 9543
169 5260
170 2614
170 9813
171 7253
171 8999
172 608
172 844
172 1728
172 4370
172 5485
173 7122
173 8142
173 8401
174 1336
174 9603
175 1690
175 1727
175 2544
176 6341
177 795
177 5439
177 5606
177 7569
177 8241
178 835
178 2183
178 4755
178 5554
178 6258
178 6449
178 7841
179 337
179 747
179 3104
179 6392
180 752
180 1028
180 2781
180 4847
180 5977
180 6646
181 1167
181 1773
181 6624
181 7082
182 7732
182 7815
182 8649
183 4038
184 6037
184 7464
184 8180
185 9138
186 3220
187 5924
187 9981
188 829
188 3399
188 4539
188 6375
189 2686
189 2922
189 8319
189 8882
189 9499
190 2391
190 5014
190 5110
190 5302
191 2662
191 4568
192 5339
192 5478
192 9130
193 5922
194 1363
194 6230
195 2851
195 3616
195 5263
195 7784
195 9040
195 9134
195 9945
196 2075
196 4229
196 5793
197 1033
197 3504
197 4266
197 5331
197 5709
197 7646
197 8114
198 540
198 544
198 1276
198 1873
198 3686
198 4551
198 4633
198 8439
198 9737
199 3352
199 3587
200 310
200 1771
200 9951
201 4156
201 6606
201 7013
202 396
202 518
202 6224
202 7843
204 2205
204 5142
205 2944
205 8492
205 9548
206 5613
206 7222
206 7344
207 1111
207 2403
207 2848
207 4508
208 5703
208 5781
209 1313
209 2131
209 7081
210 324
210 1488
210 2356
210 5629
210 9345
211 3101
211 8268
211 9532
212 3592
212 4872
212 5026
212 8844
214 4121
214 5926
215 447
215 781
215 5027
215 7350
215 7852
216 1439
216 8214
217 1268
217 1765
217 8657
217 9783
218 2841
218 6957
219 3420
219 3534
219 5439
219 9494
220 2182
220 3623
220 5797
220 8040
221 2562
221 5053
221 5665
221 6643
221 8559
222 362
222 5521
222 5644
222 6557
222 9222
223 4322
223 8603
223 9141
224 1480
224 3741
224 4463
224 4978
224 7444
224 9261
225 2537
225 5354
226 5922
226 6600
226 8021
227 891
227 1277
227 3408
227 4571
227 6646
227 7014
227 7847
227 9282
228 1118
228 4197
229 593
229 1699
229 3321
229 4051
229 4819
229 8072
229 9044
230 4976
230 6871
231 1592
231 1740
231 6001
232 5132
232 5861
232 5941
232 6764
232 7946
233 2487
233 4352
233 5446
233 6099
233 7658
233 7828
233 9102
233 9203
233 9731
234 3126
234 4648
234 6066
234 6937
234 7921
235 674
235 956
235 3401
235 9067
236 987
236 2702
236 4176
236 6012
236 8268
237 4511
237 5719
238 695
238 1870
238 2614
238 3628
238 6384
238 6878
238 7869
238 8174
238 9639
239 1057
239 1747
239 3783
239 6424
239 9464
240 5708
240 6194
240 7333
240 7703
240 8428
241 488
241 3532
241 3778
241 5357
241 8754
241 9438
242 2029
242 6134
242 6293
242 7767
243 2454
243 4485
243 4865
243 4978
243 5606
244 7613
244 9445
245 550
245 994
245 3164
245 7925
245 8353
245 8423
246 4632
247 354
247 3696
247 4943
247 7110
248 2620
248 2976
248 6022
248 6588
249 3036
249 3714
249 4297
249 4334
249 6112
249 6201
250 731
250 1159
250 4435
250 7049
251 9181
251 9690
252 1427
252 1547
252 5589
252 7058
252 9557
253 2967
253 4981
253 8519
254 3249
254 3291
254 4306
254 5314
254 8044
255 1473
255 4991
255 6010
255 7389
256 363
256 2737
256 7593
257 1242
257 1792
257 4903
257 6573
257 7190
258 1610
258 4460
258 6846
259 2805
259 6287
259 8233
260 2929
262 2801
262 4080
262 5145
263 2326
263 2953
263 6935
264 3308
264 7917
265 7095
265 9237
265 9435
266 5569
266 7390
267 1295
267 3917
267 5961
267 6036
267 7599
268 1189
268 4047
268 9334
268 9457
269 4252
269 4551
269 9565
270 337
270 1158
270 2654
270 5554
270 6076
270 8972
271 562
271 2901
271 5892
271 6107
271 7402
271 7839
272 998
272 9335
272 9965
273 1157
273 2293
273 9310
274 3159
274 3833
274 8467
274 9481
275 3721
275 5271
275 7955
276 1111
276 2407
276 3709
276 4445
276 5834
276 5917
276 6818
277 705
277 7643
278 1038
278 1696
278 3188
278 3337
278 3485
279 997
279 1691
279 1942
279 4370
279 4694
279 9657
280 2176
280 3852
280 6953
280 7146
280 8071
280 9054
280 9962
281 2063
281 6939
282 1359
282 2909
282 5030
282 5103
282 9569
283 4524
283 7866
283 9648
284 788
284 2465
284 5283
284 6304
284 9585
285 1054
285 5923
285 8493
285 9273
285 9395
286 1333
286 5243
286 6722
287 2113
287 2361
287 3891
287 5770
287 7802
288 1312
288 3864
288 8791
289 4631
290 8791
291 3878
291 4943
291 5346
292 3585
292 5167
292 5665
292 6959
292 9354
293 7595
294 877
295 4970
295 5077
295 5092
295 7686
295 8242
296 7276
296 9400
296 9976
297 4056
297 5739
298 1467
298 1855
298 6202
298 8128
298 9032
299 1243
300 7040
300 7595
300 7622
300 9890
301 3544
301 3921
301 9931
302 1305
302 1639
302 3115
302 9478
303 1735
303 4037
303 8141
304 1153
304 3227
304 4381
304 7077
304 7543
305 4449
306 8137
307 4768
307 6267
307 8336
307 9226
308 2700
308 3487
308 5570
308 7589
308 9395
309 470
309 1327
309 3023
309 4044
309 4631
309 6493
309 6649
310 2293
310 3261
310 6199
310 9789
311 3617
311 6303
311 6506
311 7179
311 7749
311 8269
312 2168
312 2656
312 7786
312 8781
313 4288
313 8044
314 2077
314 6000
315 733
315 2136
315 5074
315 7996
316 915
316 3181
316 3959
316 4171
316 5070
316 8597
316 8598
317 3456
317 6282
317 6617
317 6966
317 7601
317 7746
318 2170
318 5868
318 6380
318 6651
319 7634
319 8329
319 8547
319 9725
320 492
320 7378
320 7604
321 1347
321 4182
321 4269
321 5846
321 6153
321 8908
322 8562
322 9926
323 1859
323 1916
323 3811
323 3863
323 4909
323 5297
323 8973
324 8570
325 1187
325 2129
325 3580
325 3783
325 5348
325 5756
325 7041
325 7179
325 7661
326 2298
326 2554
326 5495
326 8412
326 8971
326 9340
327 1631
327 1653
327 2393
327 6158
327 6304
328 5959
328 9743
329 1948
329 1995
329 3192
329 4971
329 7789
329 9423
330 623
330 4952
330 6310
330 6596
331 907
332 1799
332 2231
333 8782
333 9053
333 9898
334 3997
334 7580
334 7871
335 1617
335 2629
335 4832
335 8295
336 1059
336 1292
336 2517
336 4870
337 438
337 5593
337 7851
337 8169
338 2112
338 7092
339 1229
339 2698
340 5563
340 9422
341 7621
341 9794
342 4023
342 4261
342 6632
342 8434
343 1949
343 2260
343 3714
343 4267
343 6617
344 1722
344 2735
344 5985
344 8463
344 9973
345 3667
345 5040
345 7868
345 8116
345 9499
346 455
346 982
346 1433
346 4069
346 4601
346 5187
346 7152
347 825
347 991
347 2290
348 570
348 4293
348 4323
348 9796
349 4650
349 8708
350 384
350 4748
350 5801
350 6793
350 7713
350 8893
351 503
351 520
351 3619
351 4630
351 5505
351 9898
351 9908
352 614
352 2210
352 2979
352 3121
352 5622
352 9318
352 9358
353 4608
353 7741
353 8937
353 9883
353 9938
354 3590
354 6572
354 8782
355 1502
355 1726
355 2295
355 2649
355 3633
355 5687
355 7345
355 8368
355 9476
356 2571
356 4040
356 5697
356 5740
356 8605
357 824
357 2058
357 2108
357 9633
358 679
358 2337
358 3785
358 5092
358 8715
359 585
359 2066
359 5397
359 7359
360 1069
360 1229
361 5885
361 9564
362 651
362 1117
362 4246
362 5641
362 5983
362 7523
362 8677
362 8680
362 8955
363 1894
363 7562
364 618
364 1965
364 2434
364 2896
364 2917
364 3449
364 5083
364 7634
364 8008
364 9890
365 707
365 2065
365 7773
366 574
366 1577
366 5927
366 7955
366 7964
367 674
367 4979
367 8891
367 9313
368 1133
368 3351
368 5286
368 5405
368 7341
368 7447
368 7904
369 2333
369 4495
369 9034
370 2018
370 2193
370 5065
370 5622
370 7299
370 7536
370 9530
371 2472
371 4490
371 8776
372 2656
372 9960
373 955
373 7770
374 4840
374 4906
374 5776
374 6995
375 822
375 2382
375 6512
375 8807
375 9006
375 9120
376 579
376 3826
376 4453
376 5328
377 2951
378 1158
378 4560
379 3273
379 5242
379 6519
379 6843
379 8854
380 7127
380 7990
380 9458
381 4969
381 6367
381 6647
381 8865
381 9028
382 9467
383 2965
383 7290
384 456
384 1792
384 2160
385 790
385 9155
386 688
386 3303
387 2428
387 2751
387 9393
388 5207
388 6049
389 1804
389 4151
389 9732
390 971
390 1736
390 5286
390 9102
390 9159
391 1042
391 2589
391 5298
392 632
392 1056
392 2570
392 8822
393 1914
393 3092
393 5582
393 7997
394 3925
395 5556
395 7515
395 7619
396 1152
396 2086
396 4722
396 4733
397 935
398 1937
398 3135
398 3225
398 4169
398 7156
398 8242
398 9266
399 1335
399 2705
399 3938
400 1101
400 5982
401 2335
401 8554
402 736
402 4254
402 6506
402 7795
402 7983
402 9076
403 1190
403 1337
403 4891
404 6141
404 7824
404 9202
406 697
406 2130
406 3095
406 3268
406 4023
406 5909
407 4873
408 2928
408 3145
408 6860
408 8046
408 9887
409 1275
409 5095
410 1022
411 924
411 2756
411 3101
411 3326
412 2207
412 2768
412 3127
412 4180
412 6362
412 7564
412 8496
412 9245
412 9811
413 2129
413 5699
413 6035
413 7599
413 7616
414 1104
414 1358
414 2767
414 3907
414 4456
414 6932
415 1625
415 6230
415 9658
416 5834
416 7469
416 9300
417 6538
418 1641
418 7152
418 9502
419 1108
419 6797
419 7480
419 8249
420 5592
421 8198
422 3968
422 4462
422 5290
423 2660
423 8642
424 4639
424 5507
424 6301
424 7090
424 8690
425 2171
425 7721
425 9825
426 1119
426 2709
427 2297
427 4868
427 5347
427 5982
427 9315
428 864
428 9245
429 2548
429 4136
429 6344
429 7318
430 1054
430 7026
430 9399
431 3202
431 6277
432 620
432 1447
432 4060
433 4840
433 5715
433 6953
434 897
434 9557
435 629
435 4296
435 4523
435 9240
436 2881
436 4120
436 6578
437 1240
437 1344
437 3178
437 3523
437 4262
437 5598
438 2181
438 2641
438 7357
438 9346
439 913
439 1204
439 3602
439 6798
440 4288
440 4498
440 4566
441 443
442 5602
442 9692
443 785
443 4410
443 4524
443 5985
444 1044
444 2776
444 3669
444 5133
445 1465
445 5189
445 5713
445 8171
446 3182
446 5647
446 6684
447 1394
447 3651
447 7726
448 3699
448 3896
448 4513
449 472
449 4517
450 632
450 1369
450 2031
450 4201
451 708
452 5093
452 9063
452 9150
453 1282
453 1589
453 5161
453 6203
453 6393
453 7196
453 7389
453 8582
453 8778
454 1037
454 4069
454 4956
455 2413
455 2495
455 4530
455 4627
455 4693
455 4787
455 7111
455 7541
455 9655
456 2238
456 2393
456 5805
456 6408
457 3268
458 5049
458 5727
458 6359
458 8257
458 9078
459 2902
459 5508
459 5587
459 9592
460 2008
460 5184
460 7804
460 9802
460 9986
461 5252
462 1808
462 1843
462 4409
462 5554
462 7504
463 3908
463 7998
463 8000
464 1369
464 3889
464 9509
465 2011
465 3298
465 4212
465 8388
466 1142
466 1314
466 4442
466 7120
467 796
467 916
467 1499
467 2151
467 4562
468 1057
468 6551
468 6896
468 9477
469 2158
469 2740
469 3475
469 5823
469 7029
470 2663
470 4072
470 6480
470 9192
471 2330
471 5150
472 2290
472 4113
472 6582
473 8286
474 6899
475 745
475 5833
475 6050
475 7891
475 8254
475 8533
476 1950
476 2800
476 4158
476 7197
476 8860
477 2003
477 5971
477 8743
478 511
478 8000
478 8508
478 8760
478 8854
479 1510
479 2424
479 5483
479 6320
479 6715
479 9258
480 9205
481 4261
481 5154
481 5966
481 7021
482 6327
483 6277
484 2869
485 2157
485 3066
485 3253
485 4534
485 6223
485 7503
485 9686
486 1419
486 3567
486 4855
486 9505
486 9796
487 4341
487 4578
487 5452
487 6078
487 8481
488 501
488 1047
488 1474
488 2713
488 3837
488 4034
488 6341
488 8017
488 8707
489 3105
489 4515
490 970
490 5433
490 7588
490 7952
491 1617
491 2807
491 6048
491 6162
492 3308
492 3352
492 4066
492 8403
492 8921
492 9229
493 1924
493 7129
493 7529
493 9651
494 835
494 928
494 3857
494 4332
494 5058
494 8957
495 7228
496 993
496 4956
496 5423
496 5472
496 6337
496 7542
497 4781
497 9876
498 2161
498 4116
498 7436
499 2270
499 2508
499 7425
499 8272
499 9333
500 646
500 1371
500 1577
500 7507
501 1718
502 5354
503 3939
503 7522
503 7999
503 9011
504 745
504 998
504 1329
504 2859
504 4449
504 7341
505 2509
505 3721
505 6023
506 3074
506 9022
507 946
507 2449
507 5952
508 2580
508 6776
508 7467
509 3833
509 5293
509 6456
509 7766
509 8044
509 8299
509 9465
509 9658
510 1475
510 1585
510 2213
510 6509
510 7966
511 4069
511 4582
511 5072
511 9617
511 9690
511 9903
512 3244
512 6460
512 7897
512 8756
513 2180
513 3270
513 3971
513 5149
513 9259
514 1273
514 2845
514 3230
514 4130
514 8523
515 2365
515 2864
515 3862
515 4645
515 6784
515 7832
515 9095
516 3183
516 5874
516 7571
516 7596
516 8603
516 8705
517 1412
517 2401
517 3268
517 5233
517 6564
517 7149
517 9505
518 2974
518 6310
518 7799
518 9122
519 1162
519 2576
519 2712
519 5359
520 2775
520 4721
520 5177
520 5569
520 6597
520 6612
520 7886
520 9224
521 1560
521 3562
521 4022
521 6112
521 6897
521 8690
523 1549
523 3266
523 4104
523 7397
523 8143
524 2209
524 5076
524 9634
525 2101
525 2560
525 8490
526 1165
527 2760
527 4451
527 7948
527 8782
527 8884
527 9956
528 1824
528 4532
528 6261
528 6831
528 8605
528 9822
529 1787
529 8807
530 2329
530 6026
530 6219
530 6321
530 7756
530 7804
531 3832
531 3953
531 8887
532 550
532 1406
532 7294
532 7514
533 2630
533 5232
533 8088
534 1353
534 3326
534 4045
534 6900
534 8581
535 2080
535 6069
535 7210
535 9747
536 2819
536 4173
536 4589
536 8326
536 8952
536 8983
536 9931
537 4908
537 6196
537 7075
537 9347
538 3296
538 6749
539 2022
539 7300
540 5750
540 7749
540 9567
541 1652
541 3680
541 6377
541 9401
542 887
542 3469
542 3888
542 6002
542 6210
542 7758
543 2144
543 3949
543 6718
543 6789
543 7742
544 2490
544 4221
545 826
545 1275
545 1650
545 2601
545 3166
545 5261
545 5719
546 1199
546 2941
547 733
547 4381
547 5605
547 8918
548 3710
548 5456
548 6292
549 4321
549 8935
549 8964
550 3473
550 3923
550 4077
550 6040
550 7680
551 1800
551 4741
551 5844
551 8391
552 877
552 1315
552 3489
552 5197
552 5251
552 6781
553 3709
553 3769
553 4251
553 7305
553 9403
553 9550
554 597
554 1749
554 2606
554 4955
554 5356
554 5850
554 5989
554 7586
554 9957
555 2181
555 2748
555 7224
555 8246
556 3442
556 5021
556 6291
556 9287
556 9796
557 848
557 3386
557 3643
557 4593
557 4596
558 592
558 3543
558 5470
558 7513
559 2721
559 6270
559 7980
560 4078
560 5575
560 6612
561 4495
561 5495
562 819
562 2016
562 7853
562 8824
562 9442
563 2892
563 5491
563 5803
564 2970
564 4592
564 9308
565 1863
565 5225
565 5520
565 5743
565 5959
565 7564
565 9881
566 1850
566 1894
566 1915
566 2469
566 4901
566 7223
566 9732
567 821
567 3482
567 8714
567 9555
569 960
569 1182
569 1696
569 3631
569 7620
570 5706
571 1080
571 1324
572 1663
572 4395
572 6994
573 3438
573 4048
573 5651
573 8636
574 1578
574 1673
574 3518
574 3594
574 5734
574 8224
575 3223
575 6949
575 8554
576 4710
576 8997
577 2146
577 4000
577 4175
577 8434
578 3318
578 6955
578 7377
579 2619
579 4017
579 4795
579 7864
579 8227
580 2757
580 8025
580 9466
581 4576
581 6701
581 7202
582 1573
582 2072
582 3537
582 5705
583 6784
583 8432
583 8605
584 760
584 6443
584 6928
585 1180
585 2690
585 3197
585 3730
585 3863
585 8922
586 1316
586 1696
586 2725
586 4889
586 5714
586 6997
586 7007
587 1631
587 1811
587 2016
587 7360
588 3138
588 4911
588 5066
588 7501
588 9850
589 1160
589 1643
589 3655
589 7903
589 9762
590 1114
590 1298
590 6855
591 3494
591 5184
591 6232
592 642
592 2089
592 2294
592 4909
592 7560
592 8982
593 7103
593 8703
593 9073
593 9545
594 3352
595 2753
595 4838
595 5738
596 6063
596 6777
596 8376
596 8482
596 9443
597 3458
597 7843
597 9360
597 9519
598 3999
598 5713
599 1585
599 2803
599 3633
599 6260
599 9224
600 2297
600 7332
600 7845
600 8840
601 2648
601 6110
601 9608
602 4063
602 4779
602 5758
602 6004
602 7135
602 8553
603 2557
603 3839
603 5539
603 5753
603 9719
604 800
604 826
604 2093
604 3449
605 845
605 3184
605 3342
605 8101
605 9637
606 3241
606 5473
606 7082
606 7148
607 1070
607 6737
608 2187
608 6103
608 8797
609 1030
609 1235
609 4053
609 4180
609 4680
609 9768
610 2095
611 6712
612 6343
612 6817
612 6941
613 1497
613 2073
613 4317
613 7047
613 9811
615 7001
616 1194
616 1375
616 1498
616 6652
617 2719
618 3484
618 4504
618 5415
618 5974
618 7409
619 672
619 2653
619 6438
619 7147
620 921
620 2475
620 3995
620 4550
620 4915
620 8700
621 3510
621 5596
621 5787
621 8146
622 4182
622 4839
622 7754
622 7843
623 4219
623 6875
624 5435
624 6050
624 9875
624 9950
625 1545
625 3315
625 6172
625 8840
626 2298
626 4858
627 5157
628 2222
628 3957
628 5421
628 9281
629 3348
629 3940
629 6766
629 8013
630 835
631 1251
631 1773
631 3464
631 5458
631 5505
631 5636
631 6421
632 1047
632 5834
632 5904
632 6780
632 6880
632 7021
632 7068
633 3270
633 5135
634 707
634 1286
634 4414
634 4755
634 6103
634 9511
634 9801
635 4105
635 9833
636 1530
636 1715
636 1885
636 2036
636 3332
636 7481
636 8324
636 9184
637 2346
637 6225
637 8067
638 4036
638 4581
639 8542
639 9043
640 7566
640 8060
640 8979
641 1228
641 2800
641 5779
641 8629
642 1029
642 2548
642 2905
642 6644
642 7005
642 8305
643 3642
644 3705
644 6440
644 7599
645 2243
645 3228
645 5086
645 8820
646 1248
646 5350
646 5713
646 6593
646 9197
647 1924
647 2644
647 5323
647 9909
648 6033
648 8328
649 2772
649 7978
650 957
650 6105
650 7599
650 8684
650 9276
650 9318
651 3385
651 4927
651 6367
651 7080
651 7773
651 9696
652 3752
652 5008
652 5695
652 7124
652 9215
653 2308
653 7075
654 1730
655 6142
656 1971
656 2241
656 3545
656 6213
656 7188
656 8688
657 1850
657 7858
658 1611
658 8300
658 9251
659 1793
659 4277
659 5965
660 3882
660 8138
660 9898
661 2169
661 5613
661 8907
662 6468
662 8637
663 760
663 1817
663 8945
664 3132
664 5408
664 7683
664 8332
665 8539
665 9205
666 1509
666 7328
666 9723
667 2485
667 3787
667 4721
668 986
668 2217
668 6199
668 8089
669 2679
669 4949
669 8920
670 4008
670 8109
670 8553
671 992
671 2782
671 4725
671 8581
672 1736
672 2481
672 2672
672 3020
672 4768
672 6157
672 7752
673 3331
673 6740
673 7067
673 7518
673 8792
673 8818
674 1404
674 5405
674 5600
674 6493
674 6620
674 8505
675 4562
675 6260
675 6633
676 1242
676 1390
676 1885
676 2316
676 2907
676 5059
676 7885
677 1787
677 2481
677 3629
677 4635
677 5243
677 5549
677 8219
678 3881
678 9993
679 1229
679 1659
679 1824
679 2200
679 2215
679 3821
679 5316
680 1325
680 1615
680 3126
680 3482
680 3512
680 8777
681 5290
681 8167
681 8511
682 1508
682 2672
682 3839
682 9412
683 2301
683 6045
683 7650
683 8305
684 852
684 1969
684 2026
684 5307
684 6992
685 2296
685 4447
685 8930
686 1525
686 3520
686 5320
686 5680
686 7229
686 8395
687 4690
687 5518
687 7261
687 9079
688 5322
688 5653
688 6220
688 7284
688 7407
689 2925
689 6077
689 7075
690 2254
690 8091
690 8644
691 1655
691 3541
692 1193
692 9064
692 9542
693 7735
693 8127
693 8218
694 4971
695 3608
696 821
696 2932
696 4541
696 4961
696 7102
696 7121
696 8843
697 1209
697 2951
697 3527
697 9926
698 1992
698 4112
698 4184
698 5181
698 6885
699 2593
699 4408
699 4483
699 9366
699 9922
700 1222
700 6931
700 8050
701 1516
701 6937
701 7504
702 816
702 1701
702 3896
702 3944
702 4077
702 7299
702 8882
703 1693
703 3523
703 9863
704 1718
704 2349
704 7266
704 7746
704 8333
704 9777
705 1795
705 4413
705 5295
705 6189
706 4655
706 5565
706 6385
706 8051
707 4390
707 4904
707 5876
707 5891
707 9376
708 2059
708 4320
708 4892
708 8830
709 7365
709 8721
710 4018
710 4193
710 4661
711 2508
711 8663
711 9173
712 2033
712 3906
712 7808
712 9663
713 3988
713 6117
713 7208
713 9060
714 8743
715 1603
715 3743
715 4609
715 4666
715 4694
715 6585
716 1387
716 1410
716 4700
716 4933
717 6203
718 1267
718 1960
718 6504
718 7985
719 2325
719 5066
719 8110
719 9182
720 7134
721 1956
721 2651
721 3773
721 6102
722 6478
722 9262
723 1805
723 4030
723 7575
723 7638
724 9223
725 749
725 3414
725 3967
725 6138
725 8708
726 9846
727 5013
727 8332
727 8432
727 8956
728 2267
728 4930
728 5937
729 3414
729 5076
729 5185
729 5755
729 7331
729 8817
729 8938
729 9053
729 9788
730 823
730 6697
730 8570
731 5599
731 6247
731 9407
731 9714
732 854
732 895
732 906
732 4845
733 2278
733 2366
733 2833
733 2882
733 3386
733 3673
733 4517
733 5286
733 5317
733 6287
734 1950
734 2299
734 4076
734 5448
734 8066
734 9169
735 3959
735 7941
736 2179
736 5496
736 5684
736 7204
737 2667
737 2894
738 928
738 2557
738 6002
738 9667
739 3960
739 5911
739 6800
740 1052
740 2106
740 4644
740 4793
740 5693
741 4384
741 8367
741 9798
742 8045
743 8025
744 1157
744 1288
744 7992
744 8687
744 8694
744 8701
745 2912
746 1079
746 4885
746 6469
746 7571
747 1606
747 2146
747 2903
747 6889
748 904
748 2676
748 5563
748 8988
749 1235
749 1563
749 2203
749 5905
750 908
750 5315
750 6424
750 8642
750 9800
751 2168
751 3813
752 3729
752 4542
753 3754
753 6119
753 6931
754 2266
754 8127
754 9764
755 1043
755 1670
755 3907
755 9735
756 1724
756 2980
756 3386
756 7034
757 6547
757 9385
758 1700
758 3782
758 6819
759 1378
759 2597
759 3303
759 4508
759 6122
760 1439
760 2763
761 9162
761 9873
762 8087
762 8553
762 8614
763 888
763 2200
763 8621
763 9083
764 1772
764 7455
764 9370
765 6328
766 798
766 4735
766 7987
767 2332
767 2970
767 5320
767 9651
768 2674
768 4610
768 8167
769 939
769 3821
771 882
771 1436
771 5060
771 8438
771 8848
772 1081
773 1586
773 2278
773 2901
773 4446
773 5241
773 5375
774 1575
775 2487
775 3381
775 5607
775 7236
776 2972
776 3160
776 6828
776 8308
777 2209
777 2644
777 3611
777 6475
777 8624
778 2939
778 3337
778 5750
779 2020
779 2369
779 2950
779 3404
779 7575
779 7977
779 9362
779 9475
780 1879
780 7337
781 7111
782 1462
782 3281
782 4840
783 1645
783 2077
783 2308
783 2896
783 3459
783 5756
783 6832
783 9553
784 1112
784 2560
784 7663
784 7833
784 8818
785 6262
785 7334
785 8040
786 9014
787 1958
787 3196
787 7700
787 8712
788 6239
789 5211
789 8236
790 2231
790 2442
790 4812
790 5355
790 8022
790 9899
791 9459
792 1046
792 5820
792 7001
792 8640
793 1230
793 1412
793 5165
793 6578
793 8536
794 7201
794 8878
795 1697
795 4716
795 5797
796 6304
796 9400
797 1147
797 1419
797 6011
798 1749
799 1821
799 3531
800 5370
800 5564
800 5902
800 6411
800 6478
800 7907
800 9009
801 5102
802 7662
802 9870
803 2115
803 6909
804 2247
804 2526
804 2870
804 3026
804 3604
804 4516
804 5202
804 5720
804 5779
804 7592
804 7784
804 8801
805 4719
805 4741
805 5629
805 5888
805 8482
806 1517
806 4272
806 5824
807 1529
807 3561
807 3869
807 4357
807 5439
807 6870
807 8037
807 9320
808 1000
808 1711
808 5128
808 8909
809 1979
809 3798
809 9653
810 6323
810 9133
811 3452
811 3485
811 3535
812 2465
812 2717
812 3412
812 4316
813 1020
813 4027
813 4948
813 5203
813 7430
814 4747
815 4199
815 4702
815 6880
816 7971
816 7974
817 1746
817 3429
817 3990
817 5237
817 9436
817 9598
818 1209
818 3727
818 3807
818 6865
818 7050
819 1202
819 3370
819 4887
819 7618
819 8768
820 3364
820 4265
821 5229
821 8034
821 8256
821 9126
822 1287
823 2324
823 6737
823 8070
824 2596
824 7749
824 8078
825 1677
825 5442
825 5887
825 6380
825 7099
825 7926
825 8639
825 9633
826 1974
826 2460
826 4031
826 5343
826 7204
826 7995
826 8562
827 1040
827 2507
827 2586
827 7888
828 2254
828 3361
828 5941
829 3677
829 4929
829 5734
830 2703
830 6558
830 8677
831 3474
831 3751
831 3764
831 3852
831 4575
831 6194
832 9445
833 5979
833 8269
833 8337
834 1559
834 2559
834 3062
834 4203
834 5042
835 4428
835 8041
835 8333
836 3895
836 6371
837 6938
837 7881
837 8696
838 1816
838 2798
838 2799
838 4343
838 6017
838 6340
838 8397
838 8905
839 1470
839 3362
839 4252
840 2838
840 5491
840 6130
840 6971
840 7250
840 7720
840 7869
841 2159
841 3112
841 4882
841 6018
841 8054
842 5316
842 7886
843 2167
843 2190
844 2864
844 3005
845 5943
845 7096
845 8261
845 9262
846 5574
846 7550
847 1810
848 9762
848 9963
849 4611
849 6491
849 8248
850 1570
850 4711
850 5893
850 9876
851 1362
851 2600
851 3878
851 7815
851 9121
852 1781
852 4231
852 6071
852 9700
853 1418
853 6483
853 8489
854 4003
854 6279
854 6379
854 6642
855 4708
855 6010
855 7049
856 2259
856 3991
856 7029
856 9741
857 2317
857 5382
857 7074
857 9143
858 1242
858 3759
858 7966
858 8754
859 1310
859 2045
859 2781
859 3701
859 4677
859 6191
860 9553
861 5167
861 6117
862 3337
862 6713
862 7307
862 9595
863 8763
863 9083
863 9818
864 1224
864 1627
864 2490
864 3278
864 3865
864 8781
864 9819
865 2008
865 3750
865 6015
865 6675
866 3619
866 4638
866 6810
866 7853
866 9044
867 3895
867 4092
867 6020
867 6623
867 8320
867 8896
867 9434
868 2632
868 3030
868 6559
868 7192
869 3603
869 4608
869 7513
869 9708
869 9776
870 2629
870 3011
870 5018
870 5103
870 8079
871 4371
871 9883
872 8144
872 9436
874 1322
874 1761
874 2264
874 2779
874 2809
874 4267
874 5276
875 1355
875 1965
875 5063
875 9415
876 2622
876 7358
876 9518
877 3678
877 5153
877 8635
878 2664
878 7406
878 8714
879 7374
879 7762
879 8774
879 9078
880 4196
880 4360
880 5843
880 6143
880 6463
880 7218
880 8521
881 1015
881 5704
881 7704
881 8273
882 1956
882 4133
882 5187
882 5968
882 7508
882 9636
883 4139
883 8538
883 8741
884 3024
884 5397
884 6924
884 7993
885 2601
885 9682
886 3887
886 5157
886 5963
886 9807
887 3301
887 3884
887 4053
887 4072
887 5402
887 6450
887 7239
887 8959
888 3009
888 5062
888 5155
888 7829
888 8658
888 9358
889 6636
889 7332
890 3270
890 3980
890 4096
890 4251
890 5063
890 5635
891 2602
891 6578
891 8577
891 9646
892 5233
892 7060
892 9083
893 3510
893 5155
893 7853
894 1852
894 3886
894 8883
895 5110
895 5928
895 6138
895 7587
896 4631
896 7096
896 7199
896 7530
896 9314
896 9355
897 1415
897 5701
898 1606
898 3803
898 6407
898 8233
899 1264
899 1535
899 2701
899 4012
899 6766
899 7881
900 2814
900 3456
900 6645
901 3187
901 6804
901 9848
902 2034
902 3441
902 5590
902 6045
902 7376
902 8052
902 8054
902 8904
903 1837
903 2750
903 4627
903 7455
903 8341
904 4305
904 5983
904 7190
904 8272
905 1103
905 5542
905 7108
905 8288
905 8962
905 9846
906 2196
906 3789
907 1973
907 2580
907 4071
907 4412
907 4506
908 3891
908 4309
908 6876
908 9377
908 9849
909 2311
909 4297
909 4537
909 4608
909 7084
909 8084
910 2155
910 3227
910 6328
910 8803
910 9544
911 1653
911 4039
911 4316
911 5357
911 5677
911 8918
912 944
912 2390
912 2421
912 2678
912 4281
912 6784
912 9951
913 5176
913 9865
914 2204
914 3577
914 4746
914 5194
914 5648
915 8201
916 4031
916 4560
916 4950
916 9360
917 2571
917 4223
917 6602
918 1288
918 1479
918 1598
918 2026
918 4415
918 7830
919 6208
919 7921
919 8878
920 1870
920 5019
920 8149
921 1473
921 3057
921 4846
921 8719
921 9185
921 9306
922 2543
922 4083
922 7244
923 3063
923 6947
923 8391
923 9352
924 9879
926 2964
926 6813
926 8814
927 2279
927 6482
927 9278
927 9755
928 2635
928 3681
928 8428
929 2817
929 8745
930 1444
930 5128
930 6875
930 7256
930 8080
931 4749
932 1850
932 6464
932 7007
932 7401
932 8332
933 4980
933 9738
933 9965
934 998
934 1620
934 3870
934 5944
934 6053
935 2371
935 2982
935 3701
935 9293
936 1269
936 1761
936 9538
937 5431
937 9090
938 3462
938 4638
938 9701
939 9533
940 3963
940 6410
940 9160
941 1265
941 2157
941 3693
941 4250
941 8916
941 9695
941 9747
942 4372
942 9085
942 9245
943 3911
943 6218
944 1577
945 1436
945 2254
945 4291
945 7645
946 3376
946 6092
946 6800
947 3951
947 6922
947 8425
948 9282
949 1696
949 3285
949 3813
949 4439
949 6413
949 6956
949 8546
949 9556
950 1459
950 2118
950 5771
951 3396
951 4771
951 5608
951 6072
951 6917
951 7643
952 4769
952 8849
953 1698
953 4011
953 5662
953 7130
954 1093
954 1384
954 5141
954 5365
954 7601
955 1852
955 2543
955 3937
955 9443
956 2043
956 2202
956 2534
956 2854
956 2858
956 6726
957 3066
957 4286
957 4319
957 4370
957 5453
957 7642
958 1889
958 5840
958 6854
958 9465
959 8532
959 9261
960 1965
960 2375
960 5846
960 5950
960 6282
961 1254
961 3628
961 4884
961 7147
962 5111
962 8567
963 1549
963 2370
963 4153
963 5590
963 5657
963 5992
963 8316
964 2243
964 3735
964 3796
964 4250
964 6722
964 9148
964 9165
965 6633
965 7181
966 6957
966 7304
966 8352
967 2751
967 3334
967 4592
967 9733
968 2750
968 3051
968 6304
969 2346
969 4447
969 6106
970 4128
970 4587
970 5958
970 8721
971 2525
971 5980
971 6068
972 1577
972 4483
972 6611
972 9571
973 2762
973 9266
974 2388
974 2857
975 5773
975 7242
975 7987
976 1344
976 5084
976 5608
976 6933
976 7358
976 8214
976 8683
977 2502
977 3284
977 6890
977 7051
977 9242
978 2517
978 5084
978 5620
978 8113
978 8703
978 9466
979 6527
979 9850
980 1096
980 1576
980 6811
980 7548
980 9723
981 4754
981 5729
982 4529
982 8045
982 8542
982 8639
983 4930
983 8819
984 1647
984 2242
984 4824
984 8006
984 8525
984 9981
985 1489
985 2940
985 4230
985 4341
985 6855
985 6902
986 3922
986 8496
987 1494
987 2975
987 3098
987 3735
987 5772
987 7141
987 8553
987 9179
988 3651
988 5191
988 5481
988 8496
988 8737
989 1417
989 1509
989 2252
989 2811
989 4608
989 6144
989 6537
989 9157
991 1350
991 2020
991 2120
991 2947
991 4336
991 6371
991 7555
991 8080
991 9936
992 1094
992 1288
992 5436
992 5907
992 6161
992 6487
992 6863
992 8097
992 8546
993 3442
993 8628
993 9130
993 9632
994 2815
994 6991
994 7738
995 2516
995 3517
995 5115
996 2282
996 4583
996 6291
997 1427
997 1666
997 2029
997 2451
997 6124
998 4230
998 7803
998 9183
998 9462
999 3889
999 4793
1000 8113
1000 8758
1000 9253
1001 1742
1001 4044
1001 5904
1002 1404
1002 4612
1002 8469
1002 9033
1002 9236
1002 9514
1003 2016
1003 2646
1003 3472
1003 3901
1003 5905
1004 1163
1004 1238
1004 5754
1004 5908
1004 9066
1005 5234
1005 6553
1005 7113
1006 6415
1007 5400
1007 7732
1007 9836
1008 1040
1008 3088
1008 3295
1008 6124
1008 6814
1008 8995
1009 1276
1009 7682
1010 5882
1010 6711
1010 6939
1010 9142
1011 7505
1012 1389
1012 2267
1012 9284
1013 4482
1013 4987
1014 3959
1014 8924
1015 1485
1015 2229
1015 2898
1016 1047
1016 4391
1016 4545
1016 6676
1018 5739
1019 1194
1019 2116
1019 5108
1019 6382
1019 6858
1020 5417
1020 6150
1020 7790
1021 4088
1021 5792
1021 8136
1022 2235
1022 3197
1022 6134
1022 6437
1024 6611
1025 1733
1025 3070
1025 3351
1025 8699
1025 8702
1025 8826
1027 8218
1028 7215
1029 4914
1029 5570
1029 7289
1030 1349
1030 2152
1030 3544
1030 8039
1030 8064
1031 5204
1031 5262
1032 1833
1032 4905
1032 7028
1032 9977
1033 4479
1033 6756
1033 7042
1034 5288
1034 7911
1034 8483
1035 6270
1035 9932
1036 2525
1036 5568
1036 8824
1036 9441
1037 8636
1038 4935
1038 6430
1039 2814
1039 3891
1039 4785
1039 6969
1039 9150
1040 2396
1040 3633
1040 3886
1040 5707
1040 8379
1040 8814
1041 3566
1041 5536
1041 5995
1041 8244
1041 8505
1042 3215
1042 4510
1042 5749
1042 7783
1042 8674
1043 2565
1043 6852
1043 7154
1043 8963
1044 2207
1044 9124
1045 2924
1045 5084
1045 5393
1045 6703
1045 7658
1045 7678
1045 8401
1045 9304
1046 1346
1046 1540
1046 1642
1046 5322
1046 8644
1046 9250
1047 6739
1048 1609
1048 5337
1048 5835
1048 8277
1048 8981
1049 5321
1049 7632
1049 9222
1049 9495
1050 3565
1050 5889
1051 1150
1051 1495
1051 5280
1051 7245
1051 9273
1052 7413
1052 9123
1053 1386
1053 5732
1053 6065
1053 8895
1053 9241
1054 3416
1054 7292
1054 7959
1054 9508
1055 2992
1055 4328
1055 5687
1055 6590
1055 9511
1056 1958
1056 2079
1056 4868
1056 5520
1056 5860
1056 9868
1057 3569
1057 4542
1057 5522
1057 9306
1057 9628
1058 1193
1058 9988
1059 2508
1059 5961
1060 2213
1060 2721
1060 6756
1061 2565
1061 6270
1061 8350
1061 10000
1062 3462
1062 5257
1063 2355
1063 3507
1063 7412
1063 9183
1063 9526
1064 3065
1064 3804
1065 5490
1065 7463
1066 5095
1066 5609
1066 5659
1066 6215
1066 8160
1067 1874
1067 3641
1067 4271
1067 4971
1067 5965
1067 7278
1068 5793
1068 8429
1068 9699
1069 2540
1069 5292
1069 9983
1070 4066
1070 4829
1070 8161
1070 8893
1071 1279
1071 3604
1071 5177
1071 8054
1071 9333
1072 2021
1072 2140
1072 4120
1072 4624
1072 6185
1072 7028
1072 8428
1072 9804
1073 4547
1073 5905
1073 8618
1074 5622
1074 7787
1074 8153
1074 8319
1074 9767
1075 3703
1075 7242
1075 7834
1076 1148
1076 3068
1076 3474
1076 5278
1076 5341
1076 5430
1076 5797
1076 9740
1077 1353
1077 3423
1077 4649
1078 6850
1078 9111
1079 1735
1079 4210
1080 3913
1080 8942
1081 4992
1082 4243
1082 9257
1082 9432
1083 1799
1083 2876
1084 3330
1084 8801
1084 9453
1085 2261
1085 5552
1085 8993
1086 1794
1086 4158
1086 4232
1086 4682
1086 7381
1087 2597
1087 4743
1087 4902
1087 8091
1087 8996
1088 1576
1088 5232
1088 6081
1088 7268
1088 8473
1089 3948
1089 8695
1090 2206
1090 2889
1090 3387
1090 7878
1090 9583
1090 9709
1091 2604
1091 5983
1091 7552
1091 9224
1092 2209
1092 4555
1092 6790
1092 8954
1093 1920
1093 3503
1094 1334
1094 2327
1094 3588
1094 3836
1094 4863
1094 7813
1095 4505
1095 5024
1095 5212
1095 6069
1095 6830
1096 7400
1096 7680
1097 3374
1097 6936
1098 1576
1098 6327
1098 8993
1099 3052
1099 3181
1099 3466
1099 5436
1099 8349
1100 1778
1100 2420
1100 4825
1100 5190
1100 6099
1100 8121
1101 2587
1101 5481
1101 8736
1101 9052
1101 9716
1103 3685
1103 3744
1103 5121
1103 6442
1103 7871
1103 8990
1103 9544
1104 7262
1105 2054
1105 4053
1105 5527
1105 7537
1106 2006
1106 8275
1107 6238
1107 6758
1107 7210
1108 4642
1108 7931
1108 8458
1109 9605
1110 2369
1110 4549
1111 8107
1112 1855
1112 3001
1113 4907
1113 5593
1113 6100
1113 7161
1113 8628
1114 4309
1114 9312
1115 2274
1115 5217
1115 5697
1115 9952
1116 2581
1116 2778
1116 5670
1116 6603
1117 1855
1117 2304
1117 3605
1117 4685
1117 7858
1117 8252
1118 1841
1118 5946
1118 6306
1118 7769
1118 8201
1119 2854
1119 3549
1119 5845
1119 7616
1119 8063
1119 8750
1119 9776
1120 3291
1120 4632
1120 8307
1121 1972
1121 3289
1121 3524
1121 5466
1121 8401
1121 8986
1121 9266
1121 9401
1121 9578
1121 9893
1123 6130
1123 7390
1124 1208
1124 5636
1124 7338
1124 7596
1124 7942
1125 2840
1125 6162
1125 8168
1125 8293
1126 1520
1126 1739
1126 1845
1126 2497
1126 8781
1126 9372
1127 2301
1127 2445
1127 4310
1128 5027
1128 6918
1128 7921
1129 3307
1129 3545
1130 4961
1130 5642
1130 6857
1131 1618
1131 5062
1131 9083
1132 4182
1132 5189
1132 7008
1132 7559
1133 1671
1133 3154
1133 6492
1133 7644
1133 9071
1134 1690
1134 7632
1134 9448
1135 1869
1135 2312
1135 3733
1135 3839
1135 7567
1135 7846
1136 1987
1136 2328
1136 5136
1136 7322
1137 2838
1137 6411
1137 6975
1138 1643
1138 6968
1139 1773
1139 2568
1139 3599
1139 8945
1139 9795
1140 4329
1140 5553
1140 9563
1141 4318
1141 4832
1141 5035
1141 5887
1141 8792
1141 9050
1141 9780
1142 3090
1142 3902
1142 7043
1142 9884
1143 3055
1143 8417
1144 1567
1144 5609
1144 5761
1144 5879
1145 1259
1145 4634
1145 7680
1146 4971
1146 6344
1146 7698
1146 9462
1147 7649
1148 2640
1148 3630
1149 3760
1149 4830
1149 8689
1150 3253
1150 5078
1151 9080
1152 2404
1152 3432
1152 4994
1153 1996
1153 7679
1153 8910
1153 9985
1154 1198
1154 6530
1154 6708
1154 8663
1154 9668
1155 3535
1155 4578
1155 5111
1155 8488
1156 4574
1156 6160
1156 9167
1157 6795
1157 7206
1157 7929
1157 8143
1157 8394
1158 4347
1158 9671
1159 1496
1159 2935
1159 4570
1159 8661
1160 2206
1160 3912
1161 1302
1161 3455
1161 5978
1161 6125
1161 7594
1162 1539
1162 4161
1162 6865
1162 7291
1162 8618
1163 1203
1163 2316
1163 3229
1163 7079
1163 7396
1164 9483
1165 2246
1165 2519
1165 2770
1165 3135
1166 4322
1166 9053
1167 5264
1167 5941
1167 6667
1167 6982
1167 9702
1167 9895
1168 3430
1168 3711
1168 6558
1168 8135
1168 8622
1168 9172
1168 9245
1168 9273
1169 9185
1170 3138
1170 4783
1170 5078
1170 8270
1171 4966
1171 7806
1171 8462
1171 8727
1172 4231
1172 5894
1172 8373
1173 7617
1173 8102
1173 9446
1174 6282
1174 7484
1174 7678
1174 8685
1175 1541
1175 3885
1175 4259
1175 6251
1175 9912
1176 1622
1176 1804
1176 2992
1176 3060
1176 7018
1176 9101
1176 9305
1177 1605
1177 2742
1177 3475
1177 4775
1177 7353
1177 9818
1178 1269
1178 5201
1178 7684
1178 8917
1178 9976
1179 3657
1179 9285
1180 2793
1180 6981
1180 7171
1181 4231
1181 4235
1181 5116
1181 7294
1181 9499
1181 9510
1182 3185
1182 7862
1183 1561
1183 2938
1183 5309
1183 9302
1184 7197
1184 7764
1185 5618
1185 6722
1185 7452
1186 2788
1186 7479
1186 9528
1187 3722
1187 6988
1188 4263
1188 4405
1188 5157
1188 5300
1188 7506
1188 7685
1189 3083
1189 3103
1189 6600
1189 7776
1190 2226
1190 2847
1190 5486
1190 6234
1190 9674
1191 2968
1191 8523
1192 2313
1192 2848
1192 6543
1193 1494
1193 4966
1193 4971
1193 5425
1193 6238
1193 9321
1194 2966
1194 3279
1194 3835
1194 7961
1194 8166
1194 9009
1195 6116
1195 6766
1195 9390
1196 4636
1196 6352
1196 8243
1196 9122
1197 8384
1198 3583
1198 3815
1198 5901
1198 9340
1199 1868
1199 2652
1199 3446
1199 7402
1200 1569
1200 4336
1200 6866
1200 6979
1200 7861
1201 1253
1201 1533
1201 2365
1202 4015
1202 4071
1202 6279
1202 6725
1202 9030
1203 2581
1203 4077
1203 7332
1204 6048
1204 7862
1205 3139
1205 4264
1205 5476
1206 9885
1208 7013
1209 1304
1209 2196
1209 5126
1209 5274
1209 6636
1209 6902
1210 3969
1210 5250
1210 6944
1210 8242
1210 9989
1211 7390
1211 7534
1211 8216
1211 8758
1212 7921
1212 9047
1213 1732
1213 2673
1213 3832
1213 7310
1213 9999
1214 1488
1214 1727
1214 2116
1214 9279
1215 3790
1215 3862
1216 8734
1217 3990
1217 7558
1218 1659
1218 1941
1218 6571
1218 8507
1219 3946
1219 4131
1219 8714
1220 4731
1220 5609
1221 1621
1221 4432
1221 7317
1222 8144
1222 9667
1223 6670
1223 7457
1223 8846
1224 3538
1224 5918
1224 6386
1224 7157
1225 1995
1226 2009
1226 3347
1226 6430
1226 7556
1226 7621
1227 8504
1227 9673
1228 2321
1228 4775
1228 5081
1228 6770
1229 4463
1229 7052
1230 5580
1230 6209
1230 6749
1230 6824
1230 9649
1231 1931
1231 2258
1231 4425
1231 6387
1232 6733
1232 6750
1233 1850
1233 1874
1233 6818
1233 8868
1234 1759
1234 4223
1234 4245
1234 7197
1234 8657
1235 3055
1235 4153
1235 6537
1235 7315
1235 7904
1235 8001
1236 4773
1236 5520
1236 7021
1237 6755
1238 2882
1238 3079
1238 5616
1238 5883
1238 6393
1238 6572
1238 6819
1239 1681
1239 2945
1239 4782
1239 5627
1239 6423
1239 7775
1239 8324
1240 5085
1240 9990
1241 4025
1241 7674
1242 1696
1242 5811
1243 2681
1243 3384
1243 4084
1244 3734
1244 4780
1244 6909
1244 9486
1245 1283
1245 2128
1245 5595
1245 5761
1245 5956
1245 5970
1246 1760
1246 2881
1246 6245
1247 1400
1247 1665
1247 3471
1247 3861
1247 5397
1247 6195
1247 8303
1248 2000
1248 9936
1249 2391
1249 7881
1250 6909
1251 1756
1251 3380
1251 4632
1252 1302
1252 2939
1252 4925
1252 5499
1252 6094
1252 6406
1252 7253
1253 3461
1253 5573
1253 6123
1253 6658
1253 9713
1253 9879
1254 1444
1254 1976
1254 2586
1254 5026
1254 5653
1254 7718
1255 7680
1255 8895
1255 9370
1256 2846
1256 4537
1256 5878
1256 6173
1256 7464
1257 2760
1257 3185
1257 4665
1257 7169
1258 2822
1258 6304
1258 8610
1258 9854
1259 1724
1259 8156
1259 8982
1260 1736
1260 2548
1260 4285
1261 6380
1261 6490
1262 2260
1262 3250
1262 4436
1262 6706
1262 6737
1262 9593
1263 4065
1263 4991
1263 8428
1264 7151
1264 8130
1265 4876
1265 5707
1266 3430
1266 3488
1266 4200
1266 5106
1266 7806
1266 9686
1267 4171
1268 2825
1268 3373
1268 5735
1268 7001
1268 8922
1268 9412
1269 2530
1269 4330
1269 4757
1270 6729
1270 7096
1270 9572
1271 2819
1271 3234
1271 5592
1272 2900
1272 4292
1272 5171
1272 8159
1273 4264
1273 5545
1273 8861
1274 2762
1274 7018
1274 7764
1275 4296
1275 7422
1276 4602
1276 8511
1277 2899
1277 7363
1277 9111
1277 9643
1277 9910
1278 4985
1278 9247
1279 2660
1279 4467
1279 6502
1279 8989
1280 5211
1280 6091
1280 7255
1280 9681
1281 4384
1281 5106
1281 6298
1281 9448
1282 4424
1282 7307
1282 8073
1282 8519
1282 8688
1282 9498
1283 5192
1283 8621
1284 2756
1284 3737
1284 4003
1284 4231
1284 7531
1284 9759
1285 1753
1285 4114
1286 1913
1286 4338
1287 1676
1287 4101
1287 4806
1287 4918
1287 4951
1288 4662
1288 5785
1288 9857
1289 1489
1289 4131
1289 8785
1289 9597
1289 9769
1290 2035
1290 2133
1291 5218
1291 8094
1292 1975
1292 3460
1292 4864
1292 5637
1292 7982
1293 2871
1293 4347
1293 8941
1293 9035
1294 5777
1294 6542
1294 7179
1294 9099
1295 2596
1295 9920
1296 4347
1296 6947
1296 6955
1297 2040
1297 7357
1297 8178
1298 1447
1298 2455
1298 4520
1299 4459
1299 9281
1300 3161
1300 6037
1301 3638
1301 5680
1301 7583
1302 2009
1302 2122
1302 5328
1302 7302
1302 8602
1303 3737
1303 4318
1303 4731
1303 5218
1303 6561
1303 7212
1303 9958
1304 2941
1304 3398
1304 4167
1304 5305
1304 7572
1304 7985
1304 8169
1304 8419
1304 9205
1305 5767
1305 6404
1306 7489
1306 7828
1306 9008
1307 6025
1307 6586
1307 8886
1307 9665
1308 2558
1308 6184
1309 1676
1309 4325
1309 9053
1310 5734
1310 7488
1310 7771
1311 2686
1311 3062
1311 7057
1311 8518
1312 5844
1312 8427
1313 3677
1313 5241
1313 7339
1313 7362
1313 9297
1314 2539
1314 3041
1314 3293
1314 3391
1314 5636
1314 6025
1314 8802
1314 8917
1314 9935
1315 6666
1315 7144
1315 8485
1315 9228
1316 1711
1316 6533
1316 8670
1317 1885
1317 2667
1317 8586
1317 9542
1318 4217
1318 5797
1318 7889
1318 8334
1319 3573
1319 8532
1319 8956
1319 9291
1320 7754
1320 8277
1321 2341
1321 4481
1321 5333
1322 2362
1322 2546
1322 8366
1322 8449
1323 3293
1323 6515
1323 9537
1324 5714
1324 9284
1324 9670
1325 3396
1325 4146
1325 7139
1325 9585
1325 9629
1326 4149
1326 7010
1326 8074
1326 8618
1326 9499
1327 1670
1327 1901
1327 3845
1328 1437
1328 1542
1328 2913
1328 4823
1328 5451
1328 8397
1328 9366
1329 5807
1329 9444
1330 4214
1330 4412
1330 5680
1330 6146
1330 8822
1331 4035
1331 5688
1331 8658
1331 9602
1332 3035
1332 6853
1332 8562
1333 3974
1333 4339
1333 5492
1333 7835
1334 8342
1334 8641
1334 9833
1335 3692
1336 5005
1336 7860
1337 2908
1337 3810
1337 4047
1337 7835
1337 7869
1338 1853
1338 2396
1338 5342
1338 5747
1339 3374
1339 4367
1339 7592
1340 1584
1340 3807
1340 5046
1341 1564
1341 1759
1341 2090
1341 2231
1341 4294
1341 4707
1342 3622
1342 4640
1342 6075
1342 6271
1342 9310
1343 1348
1343 4664
1343 4928
1343 7229
1343 7988
1344 2100
1344 2909
1344 4079
1344 4359
1344 4846
1344 5220
1345 5424
1345 9567
1346 4838
1346 7108
1346 7991
1346 8800
1347 1774
1347 2999
1347 3872
1347 6881
1347 8201
1347 8845
1347 9605
1349 9969
1350 4167
1350 4723
1350 7174
1350 9847
1350 9850
1351 9217
1351 9420
1352 3977
1352 5634
1352 9314
1353 3590
1353 5569
1353 5612
1353 7683
1353 9832
1354 2335
1354 2738
1354 6374
1355 3876
1355 9189
1356 3498
1356 5567
1356 7030
1356 7184
1356 7689
1356 8936
1357 2128
1357 2793
1357 4548
1357 5495
1357 5670
1358 1434
1358 2651
1358 3370
1358 8339
1359 7497
1360 4145
1360 7103
1361 4967
1361 6097
1361 7856
1361 9796
1362 4155
1363 5344
1363 5453
1364 3724
1364 7675
1365 1437
1365 1441
1365 3883
1365 7884
1366 2291
1366 2927
1366 6733
1366 7470
1366 8953
1367 1374
1367 2768
1367 4691
1367 8231
1367 8391
1367 8428
1367 9187
1367 9307
1368 2743
1368 3285
1368 5692
1368 8614
1369 1896
1369 3928
1369 5948
1369 6127
1369 7347
1369 9212
1370 3974
1370 6787
1370 8973
1371 4244
1371 8483
1372 6819
1372 6973
1372 7113
1372 7343
1372 9120
1373 2427
1373 8256
1374 5009
1374 6688
1374 9363
1374 9503
1375 1925
1375 6305
1375 6476
1376 6165
1376 6354
1376 8639
1377 2110
1377 3440
1377 5172
1377 6349
1377 6691
1377 8538
1377 9560
1378 6817
1378 8787
1378 9459
1378 9737
1378 9794
1379 2306
1379 2435
1379 5486
1379 7074
1379 8704
1380 2897
1380 7676
1380 8453
1380 8632
1381 7202
1381 8100
1381 8229
1381 8980
1382 5390
1382 7119
1382 8871
1383 2926
1383 3681
1383 3953
1383 4303
1383 9332
1383 9870
1384 2808
1384 4492
1384 5124
1384 7177
1384 7611
1384 8318
1385 1590
1385 2805
1385 4771
1385 7922
1385 8066
1386 2711
1387 1803
1387 2531
1387 3016
1387 3038
1387 6816
1388 1433
1388 3349
1388 4366
1388 4859
1388 5159
1388 5258
1388 7286
1389 9006
1389 9224
1390 2045
1390 4794
1390 4874
1391 7229
1391 7337
1392 1449
1393 1636
1393 3840
1393 4924
1394 3370
1394 6052
1394 7831
1395 1549
1395 3416
1395 4418
1395 6319
1395 9003
1396 4446
1396 5648
1396 7413
1396 8744
1396 9842
1397 1896
1398 8757
1398 9024
1399 3685
1399 4366
1399 5709
1399 6122
1399 8760
1399 9235
1399 9694
1400 7413
1400 8895
1401 2675
1401 4779
1401 4914
1401 6955
1401 7430
1402 1448
1402 4303
1402 8181
1403 1981
1403 3045
1403 8990
1403 9946
1404 1626
1404 3547
1404 4762
1404 5172
1404 7634
1404 8830
1405 3133
1405 9557
1406 1799
1406 3825
1406 8726
1407 1526
1407 1556
1407 8017
1407 8929
1408 4247
1409 5980
1409 6725
1409 6964
1410 5212
1410 5784
1411 2032
1411 2170
1411 6625
1412 2205
1412 3359
1412 3511
1413 3854
1414 4172
1414 6184
1414 9377
1415 6865
1415 8511
1415 9900
1416 1830
1416 2741
1417 4985
1417 6407
1417 6658
1417 7672
1417 9366
1418 1679
1418 2938
1418 4188
1418 4837
1418 7193
1419 7934
1419 8204
1419 8589
1419 9289
1419 9415
1420 2874
1420 6378
1421 5916
1421 8600
1421 8639
1422 2446
1422 3963
1422 6051
1422 8517
1422 9898
1423 3918
1423 5455
1423 5690
1423 7968
1424 1771
1424 5795
1424 9506
1424 9552
1425 5395
1425 5610
1425 6641
1425 7288
1426 5405
1426 5486
1426 9143
1427 3088
1427 7852
1427 9862
1428 8975
1428 9967
1429 2770
1429 5511
1429 7747
1429 8027
1429 9894
1430 1779
1430 2342
1430 2842
1430 4179
1430 4843
1430 8561
1431 5592
1431 7950
1431 9057
1431 9581
1432 2379
1432 4795
1432 8881
1432 9497
1433 4898
1433 6170
1433 6931
1433 7053
1433 9692
1434 2014
1434 3108
1434 3899
1434 4090
1434 4748
1434 6375
1434 6989
1434 7638
1434 9268
1435 6109
1435 7948
1435 8721
1435 9742
1436 1691
1436 4956
1436 6302
1436 8015
1437 2144
1437 4374
1437 5169
1438 4382
1438 6844
1438 8714
1438 8869
1438 9904
1439 2390
1441 3349
1441 4148
1441 4777
1441 9158
1442 1716
1442 1770
1442 6217
1442 9511
1442 9973
1443 2916
1443 3614
1443 9323
1444 2772
1444 4781
1444 4917
1444 5414
1444 9530
1445 4401
1445 9328
1445 9600
1445 9833
1446 4766
1446 7232
1447 3027
1447 4313
1447 5918
1448 7175
1448 8289
1449 2760
1449 8800
1449 8844
1450 8512
1450 9339
1451 3402
1451 5347
1451 8892
1451 9131
1452 3564
1452 5730
1452 6665
1452 8528
1452 9316
1453 2930
1453 3486
1453 9113
1454 6843
1454 7335
1455 7269
1455 8213
1455 9509
1456 2157
1456 6276
1456 6491
1457 1640
1457 4513
1457 4810
1457 8087
1457 9091
1458 1775
1458 4500
1458 5299
1458 6471
1458 6565
1458 6622
1459 1815
1459 8228
1461 2638
1461 4390
1461 6799
1461 7140
1462 5299
1462 5419
1462 8429
1463 2554
1463 4040
1463 7975
1463 9113
1464 1647
1464 3889
1464 4404
1464 6304
1464 9238
1465 5635
1466 2713
1466 8496
1466 8574
1467 3120
1467 4996
1467 6008
1467 8317
1467 9357
1467 9789
1468 1504
1468 5094
1468 8543
1469 6064
1469 6349
1469 8141
1469 9327
1470 5458
1471 3807
1471 6159
1471 8157
1471 9405
1472 2298
1472 5084
1472 5178
1472 7115
1472 9877
1473 3475
1473 5530
1473 7142
1473 7402
1474 2862
1474 5675
1474 5743
1475 1747
1475 3133
1475 5064
1476 1812
1476 4233
1476 6529
1476 6869
1476 7929
1477 3199
1477 3578
1477 6027
1477 9673
1477 9744
1478 2508
1478 3581
1478 4147
1478 6374
1478 9492
1478 9924
1479 2038
1479 4237
1479 7367
1479 8695
1480 4285
1480 4366
1480 4718
1480 7419
1480 9263
1480 9780
1481 4401
1481 4722
1481 7849
1482 4074
1482 8619
1482 9368
1483 3738
1483 3776
1483 5966
1483 6283
1483 6648
1483 7111
1483 8095
1483 9152
1484 1516
1484 2628
1484 3150
1484 4274
1484 4849
1484 5337
1484 6896
1484 9537
1485 3177
1485 5524
1485 8151
1486 1611
1486 4578
1486 4586
1486 4950
1486 9086
1487 3838
1487 5425
1487 7814
1488 2061
1488 2204
1488 5960
1489 8349
1489 8642
1489 8678
1490 2049
1490 2436
1490 4019
1490 5310
1490 5642
1490 7065
1490 8206
1491 2801
1491 4393
1491 5611
1491 7103
1491 7827
1492 3563
1492 5205
1492 5923
1492 9385
1493 3219
1493 3500
1493 4648
1493 7868
1493 7980
1493 8581
1494 5214
1494 9894
1495 1554
1495 1780
1495 3995
1495 5825
1496 4109
1496 9765
1497 2280
1497 2933
1497 3972
1497 4850
1497 6148
1497 6556
1497 6712
1497 7518
1497 7573
1497 8658
1498 4191
1498 4622
1498 5100
1498 7357
1498 7449
1498 8085
1499 2568
1499 3730
1500 5050
1500 5829
1500 7105
1500 9300
1500 9393
1501 2470
1501 2975
1501 3589
1501 4759
1501 6316
1501 6404
1501 7325
1502 1854
1502 7868
1502 7925
1503 9023
1504 3778
1504 7250
1505 5239
1505 5286
1505 5900
1505 9364
1505 9585
1506 9972
1507 5634
1507 5716
1507 8142
1508 2112
1508 2715
1508 4069
1508 6438
1508 8421
1509 3505
1509 5065
1509 6773
1509 7862
1510 1534
1510 2396
1510 3519
1510 4673
1510 5897
1510 6035
1511 2364
1511 3457
1511 3719
1511 4688
1511 6337
1511 8484
1512 2438
1512 4294
1512 7489
1512 8846
1513 3724
1513 8912
1514 2997
1514 4566
1514 5994
1514 7567
1514 7796
1514 8363
1514 8883
1515 8376
1516 3578
1516 4327
1516 5274
1517 1616
1517 4465
1517 5250
1517 8164
1517 9494
1518 1698
1518 3374
1518 6087
1518 9769
1519 5410
1519 8346
1520 3239
1520 5512
1520 5640
1520 8099
1520 8141
1521 2101
1521 4284
1521 7564
1522 2581
1522 2965
1522 7532
1522 8155
1523 7865
1523 9653
1524 3995
1524 5588
1525 2592
1525 3852
1525 6357
1525 6972
1525 8155
1526 1933
1526 2913
1526 3213
1526 7882
1526 9298
1527 5980
1527 6532
1527 7627
1527 8790
1528 1896
1528 3438
1528 6446
1528 7134
1528 8406
1529 3322
1529 7458
1529 8675
1530 3070
1531 5955
1531 6970
1532 5079
1532 6281
1533 4507
1533 4549
1533 4676
1533 5673
1533 7058
1534 3179
1534 5693
1534 9345
1535 3527
1535 3815
1535 6106
1535 7973
1535 8427
1536 2621
1536 2981
1536 5499
1536 8129
1537 3774
1537 5719
1537 7125
1537 8701
1538 5951
1538 7962
1539 6957
1539 7001
1540 1618
1540 2714
1540 3415
1540 4651
1541 2272
1541 4917
1541 5959
1541 6207
1541 6890
1542 6706
1542 8621
1543 3083
1543 4050
1543 5385
1544 4194
1544 5745
1545 1760
1545 2202
1545 3727
1545 4713
1545 6985
1545 7271
1546 4489
1546 4830
1546 6091
1546 6943
1547 3274
1547 4051
1547 4986
1548 4069
1548 4682
1548 5470
1549 1920
1549 3435
1549 9060
1550 5766
1551 5258
1551 5791
1551 6362
1551 7137
1552 4283
1552 5876
1552 7216
1552 9173
1553 3692
1553 4136
1553 6510
1553 6599
1553 8398
1553 8441
1554 3433
1554 3860
1554 8353
1555 3012
1555 3882
1555 4107
1555 5502
1555 9217
1556 1823
1556 2021
1556 5932
1556 6369
1556 8825
1557 4433
1558 2716
1559 6737
1559 8344
1559 9440
1560 1853
1560 5340
1560 5920
1560 8689
1561 6311
1561 6434
1561 7869
1562 4238
1562 4250
1562 5384
1562 6955
1562 8088
1562 9172
1563 1889
1563 2396
1563 3238
1563 3585
1564 3952
1564 4148
1564 5103
1564 6908
1564 8743
1565 3664
1565 4649
1565 9478
1566 3799
1566 4384
1566 4878
1566 7601
1566 8738
1567 2769
1567 2797
1567 3292
1567 8328
1567 9702
1568 2634
1568 3000
1568 8026
1569 2135
1569 5000
1569 5694
1569 6052
1569 6799
1569 9626
1570 3676
1571 3738
1571 3951
1571 8612
1572 1664
1572 2762
1572 4111
1572 6408
1572 7909
1572 8461
1572 9001
1572 9181
1572 9217
1573 9908
1574 2759
1574 2827
1574 6251
1574 8219
1575 9077
1576 1758
1576 5240
1577 5568
1578 1649
1578 7651
1578 8154
1579 7113
1579 7842
1580 1996
1580 5107
1580 5270
1580 5608
1581 4850
1581 5433
1581 8360
1582 5771
1582 6241
1582 7981
1582 9871
1583 2206
1583 2483
1583 3745
1583 4393
1583 4623
1584 5329
1584 5658
1584 5866
1584 6523
1585 8192
1586 5888
1587 3651
1588 3215
1588 6723
1588 9220
1588 9278
1589 1663
1589 1753
1589 5889
1589 9421
1590 2485
1590 2939
1590 3398
1590 4333
1590 4484
1590 6667
1590 7632
1591 2679
1591 7068
1592 1728
1592 3005
1592 3194
1592 3665
1592 6262
1593 1857
1593 5540
1593 7447
1593 9873
1594 5865
1595 2638
1595 3596
1595 6897
1596 1720
1596 5094
1596 5942
1597 1732
1598 3810
1599 4077
1599 4618
1599 5026
1599 8936
1600 3248
1600 5580
1600 9483
1601 3908
1601 4543
1602 1789
1602 5388
1602 7437
1603 8762
1604 2590
1604 4826
1604 5696
1604 6746
1605 5898
1605 6270
1605 6803
1605 7681
1606 4720
1606 6294
1607 1915
1607 3391
1607 8720
1608 3338
1608 3671
1608 6461
1608 7042
1609 2432
1609 7630
1610 3707
1610 9510
1611 2674
1611 6240
1611 9451
1612 7738
1612 8440
1612 8597
1613 7777
1614 2110
1614 5616
1615 4772
1615 5629
1615 6458
1615 7757
1615 8954
1615 9913
1616 3959
1616 4789
1617 3238
1617 3985
1617 4879
1617 6955
1618 6317
1618 6776
1618 7513
1618 9410
1619 3554
1619 3673
1619 7600
1619 8061
1620 1968
1620 4891
1620 4915
1620 7958
1620 8056
1621 2734
1621 9828
1622 3188
1622 8647
1622 8853
1623 9881
1624 3118
1624 3312
1624 5033
1625 2149
1625 6113
1626 2862
1626 6797
1626 8628
1627 4408
1627 5042
1627 6784
1628 3660
1628 4351
1629 9083
1630 1919
1630 2258
1630 5131
1630 6512
1630 7018
1630 7534
1630 9466
1631 2657
1631 3702
1631 4590
1631 5587
1631 7898
1631 8541
1632 2882
1632 4218
1632 6570
1632 6838
1633 4887
1633 5644
1633 5992
1633 8073
1633 8768
1634 3363
1634 4133
1634 5803
1635 1725
1635 3016
1636 4676
1637 1803
1637 4531
1637 5069
1637 7255
1638 2922
1638 3611
1638 4395
1638 6940
1638 7389
1638 7580
1639 2515
1639 2732
1640 4543
1640 5463
1640 9428
1641 4026
1641 4738
1641 4892
1641 5226
1641 6574
1642 1968
1642 2525
1643 3840
1644 2801
1644 7743
1644 9809
1645 3360
1645 5648
1645 6712
1646 4018
1646 6336
1646 7408
1646 7409
1646 8143
1646 8637
1647 2410
1647 8138
1647 8388
1648 2766
1648 3356
1648 3444
1648 5484
1649 2888
1649 5453
1649 8438
1650 6126
1650 9112
1651 4342
1651 8112
1651 8267
1651 9926
1652 2490
1652 7386
1653 4068
1653 5933
1653 7729
1653 9086
1654 4351
1654 6582
1654 6923
1655 3473
1655 5509
1656 2186
1656 2587
1656 7587
1656 8302
1656 8602
1656 9476
1657 2879
1657 5814
1657 6239
1657 6477
1657 7253
1658 2013
1658 5016
1659 1712
1659 2357
1659 2425
1659 2732
1659 5140
1659 8905
1660 3982
1660 6986
1660 8037
1661 2352
1661 4630
1661 5404
1662 3303
1662 5506
1662 8796
1662 9212
1662 9287
1663 2320
1663 3704
1663 4364
1663 5700
1663 6080
1664 2922
1664 9809
1665 4336
1665 8970
1666 1788
1666 4677
1666 8315
1666 9119
1667 2973
1667 9071
1667 9251
1668 2550
1668 5099
1668 5431
1668 7833
1669 2123
1669 8264
1669 8604
1670 7791
1671 3779
1671 5793
1671 6395
1671 8919
1672 5047
1672 5580
1672 8024
1672 8479
1673 1675
1673 1832
1673 3011
1673 4001
1673 6945
1673 8782
1674 6917
1674 8062
1675 3256
1675 5983
1675 9845
1676 6547
1676 7963
1677 7603
1677 8074
1678 2385
1678 2951
1678 7193
1678 7226
1678 8336
1679 2828
1679 4464
1679 4703
1680 3178
1680 3506
1680 8185
1681 2904
1681 6120
1681 7833
1681 8128
1682 3970
1682 5434
1683 2924
1683 4874
1683 5063
1683 6587
1683 7913
1685 4025
1685 4103
1685 6797
1685 8195
1685 8724
1686 2726
1686 4202
1687 1935
1687 5562
1687 7047
1687 8028
1687 9795
1688 6176
1688 7583
1688 7643
1688 7983
1689 4768
1689 6077
1689 6663
1689 8462
1690 4278
1690 7467
1690 9838
1691 1989
1691 3676
1691 4753
1691 5651
1691 9334
1691 9913
1692 5342
1692 5777
1692 6629
1694 6319
1694 9585
1695 4679
1695 6423
1695 7486
1695 7843
1696 2675
1696 3419
1696 4470
1696 7074
1696 9162
1697 7670
1697 8113
1697 9559
1698 1989
1698 2074
1698 6625
1698 9444
1699 2611
1699 6869
1700 3501
1700 4500
1700 9546
1700 9660
1701 1748
1701 7180
1701 9810
1701 9835
1702 1862
1702 1972
1702 2494
1702 9674
1703 6530
1704 3756
1704 4264
1704 7480
1704 7810
1704 8481
1704 8514
1705 1940
1705 6053
1705 7013
1705 7782
1705 8977
1706 5379
1706 5865
1707 3495
1707 6979
1707 7945
1708 2266
1708 4206
1709 1897
1709 4139
1710 5706
1710 7651
1710 8423
1711 4490
1711 5845
1712 3520
1712 7005
1712 8800
1713 8040
1715 4068
1716 1792
1716 2885
1716 4117
1716 7398
1716 7573
1717 2955
1717 6004
1717 6604
1718 2945
1718 5608
1718 6202
1718 6328
1718 7125
1719 6009
1720 1786
1720 5641
1720 6239
1720 6330
1720 7426
1720 8044
1720 9946
1721 1919
1721 2556
1721 4219
1721 6518
1722 4370
1722 4924
1722 8074
1722 9004
1722 9457
1722 9895
1723 3561
1723 8639
1723 9241
1723 9966
1724 7379
1724 9915
1725 1796
1725 2272
1725 6424
1725 8787
1726 4335
1726 6896
1727 2322
1727 2530
1727 3502
1727 5981
1728 4760
1728 7177
1728 7807
1728 8261
1728 8600
1729 2546
1729 3689
1729 3991
1729 4584
1729 8354
1730 4751
1730 7753
1731 8657
1732 6938
1732 7282
1733 1742
1733 1822
1733 7458
1733 9396
1734 1873
1734 3809
1734 5670
1735 5832
1735 6578
1736 2324
1736 4777
1736 8371
1736 8537
1738 6612
1739 2019
1739 8777
1740 2315
1740 3892
1740 6652
1741 5915
1743 3058
1743 9089
1744 6013
1745 5275
1745 5336
1745 5643
1745 8854
1746 3752
1746 8980
1747 2257
1747 3670
1748 3227
1748 7660
1748 8257
1748 8577
1749 1825
1749 7661
1749 7895
1750 3606
1750 3663
1750 5557
1750 9298
1751 2379
1751 6580
1751 7620
1751 7902
1751 8064
1751 8112
1753 2041
1753 2277
1753 2755
1753 3410
1753 4049
1753 5144
1753 6194
1753 6547
1753 7349
1753 8486
1754 1784
1754 8196
1755 7514
1755 7525
1755 8139
1756 8981
1757 4291
1757 5527
1757 6740
1757 8247
1758 2135
1758 3260
1758 3821
1758 5044
1758 5442
1758 7138
1758 7833
1759 6498
1759 8016
1760 1890
1760 6011
1760 6836
1761 3029
1761 3605
1761 5347
1762 5150
1763 4605
1763 4709
1763 6631
1763 8070
1763 8904
1763 9651
1764 5422
1765 4680
1765 5144
1765 8309
1766 3736
1766 5193
1767 1875
1767 2147
1767 2209
1767 5011
1767 5587
1767 6010
1767 9612
1767 9898
1768 2746
1768 3398
1768 4891
1768 8035
1768 9130
1769 4579
1769 5465
1769 5870
1769 6468
1769 8304
1770 6164
1770 8294
1771 4983
1771 5518
1772 4552
1772 9225
1773 5445
1773 8388
1773 8780
1773 9108
1774 4118
1774 6035
1774 9529
1775 1949
1775 5829
1775 6202
1775 7651
1775 9295
1776 3749
1776 5698
1776 8049
1777 3645
1777 8005
1777 8046
1778 3728
1778 4167
1778 4517
1778 9737
1779 4869
1779 7772
1779 8829
1780 6443
1780 9076
1780 9372
1780 9616
1781 4711
1781 6856
1781 9468
1782 2793
1782 4051
1782 4610
1782 5890
1782 8774
1783 5317
1784 5425
1784 6088
1785 3192
1785 8986
1786 1990
1786 2312
1786 5536
1786 6438
1787 3591
1787 4882
1787 7335
1788 1831
1788 3914
1788 7032
1789 3100
1789 3601
1789 7178
1789 7371
1789 7565
1789 8240
1789 9225
1790 4759
1790 5759
1791 7461
1791 8620
1792 2067
1792 4017
1792 4057
1792 5155
1792 7163
1792 9917
1793 2692
1793 6620
1793 7420
1793 9750
1794 7196
1794 7445
1794 8316
1794 9077
1794 9387
1795 2199
1795 2802
1795 3191
1795 6695
1796 5743
1796 6946
1796 7188
1796 7257
1797 6112
1797 7552
1797 8524
1798 1922
1798 2770
1798 3732
1798 5579
1799 3908
1799 8043
1800 5117
1801 2555
1801 3606
1801 6215
1801 7040
1802 2368
1802 2445
1802 4183
1802 6329
1802 8752
1803 1868
1803 1875
1803 2661
1803 4335
1803 6941
1803 7966
1803 9051
1803 9830
1804 4141
1804 7096
1805 6289
1805 7247
1805 9567
1806 2100
1806 3113
1806 7823
1807 4786
1807 5331
1807 5794
1807 6467
1807 6617
1807 6649
1807 7304
1807 9704
1808 5140
1808 6983
1809 3904
1809 4353
1809 5821
1809 7424
1812 5091
1812 5604
1812 6773
1813 3045
1813 3726
1813 4153
1813 5361
1813 5792
1813 8016
1814 2796
1814 4350
1814 6191
1814 8910
1814 9472
1815 1896
1815 6654
1816 1832
1816 3956
1816 5214
1816 5763
1816 9128
1817 1880
1818 2755
1818 4794
1818 6446
1818 7004
1818 7045
1819 5682
1819 7354
1819 9013
1820 1837
1820 1965
1820 3207
1820 3261
1820 3456
1820 4567
1820 5207
1820 6031
1820 7584
1820 9636
1820 9965
1821 6189
1821 6298
1823 4878
1823 7348
1823 9646
1824 2783
1824 5142
1825 1880
1825 3936
1825 4479
1825 9174
1826 3110
1826 3577
1826 4352
1826 4411
1826 4561
1826 4605
1827 2784
1827 3076
1827 7329
1827 9321
1828 2506
1828 3538
1828 4657
1828 5262
1829 1879
1829 3410
1829 7242
1831 3741
1831 4706
1831 6674
1832 5380
1832 6894
1832 7029
1833 5979
1833 7252
1833 8449
1833 8496
1833 9721
1833 9755
1834 2460
1834 2563
1834 3507
1834 7492
1835 3335
1835 4988
1836 2699
1836 2962
1836 4352
1836 4612
1836 6100
1836 7971
1836 8835
1838 4092
1838 9215
1838 9518
1840 6087
1840 6088
1841 8108
1843 5153
1843 6958
1843 7992
1844 5713
1844 5906
1845 3762
1845 7737
1846 3345
1846 3759
1846 7283
1847 3217
1847 4910
1847 6427
1847 7241
1848 2333
1848 6567
1848 7496
1848 8004
1848 8781
1849 2149
1849 3830
1849 5985
1849 7942
1850 8229
1850 9846
1851 2409
1851 4139
1851 4488
1851 4894
1852 2066
1852 3645
1852 5317
1852 6940
1853 2640
1853 9663
1854 3282
1854 5196
1854 7500
1855 3434
1855 5379
1856 6155
1856 6547
1856 7666
1857 3865
1857 6692
1857 6861
1857 8218
1857 8322
1857 9161
1857 9774
1858 2768
1858 3678
1858 4547
1858 6558
1858 7494
1859 4711
1859 7176
1859 9627
1860 2770
1860 3695
1860 3703
1860 9268
1861 2848
1861 3428
1861 8797
1862 5773
1862 9880
1863 5030
1863 6250
1863 6308
1863 7263
1864 3151
1864 5534
1864 7018
1864 7161
1865 2267
1866 5072
1866 6075
1866 9303
1867 2196
1867 3934
1868 3589
1868 4066
1868 5323
1868 7430
1868 8583
1868 8604
1869 3684
1869 5115
1869 7872
1871 2089
1871 2259
1871 8071
1872 3207
1872 3671
1872 4055
1872 7542
1872 7609
1872 8385
1873 2490
1873 9418
1874 4427
1874 6002
1874 7400
1876 2065
1876 4233
1876 7734
1876 9003
1877 2609
1877 7454
1877 8255
1877 9286
1878 3732
1878 4886
1878 8046
1878 8997
1879 5245
1879 8929
1879 9947
1880 3264
1880 5176
1880 8210
1880 8664
1881 2527
1881 5674
1881 7384
1882 4438
1883 2583
1883 4483
1883 6124
1883 6476
1883 8846
1883 9137
1884 4774
1884 5084
1884 7180
1884 7890
1884 7947
1884 9578
1885 3098
1885 6478
1886 9299
1887 2710
1887 5062
1887 9112
1887 9781
1888 4436
1888 5970
1888 6096
1889 2429
1889 4509
1889 5636
1889 5655
1889 9542
1890 2625
1890 2801
1890 5413
1890 8672
1891 3576
1891 3646
1891 8987
1892 4076
1892 4289
1892 4737
1893 2088
1893 6534
1893 8894
1893 9002
1894 2281
1894 3384
1894 4735
1894 6078
1894 6854
1894 9046
1895 8293
1896 4444
1896 9825
1897 5220
1897 6096
1897 6763
1897 7797
1898 2987
1898 6912
1898 8061
1899 3964
1899 4545
1899 4947
1899 6009
1899 7482
1899 7818
1900 6878
1900 9025
1900 9244
1900 9938
1901 5259
1901 9792
1902 2062
1902 2841
1902 4086
1902 9556
1903 5224
1903 9746
1904 4528
1904 5088
1904 7957
1904 8722
1904 9717
1904 9826
1905 5550
1905 7539
1905 7805
1905 8029
1905 8411
1905 9228
1906 3363
1907 4366
1907 6456
1908 5090
1909 3326
1909 4287
1909 4511
1909 7383
1910 3409
1910 4437
1910 6322
1910 8484
1911 4605
1911 7374
1911 8203
1911 9844
1912 1936
1912 4342
1912 7006
1912 8728
1912 8777
1912 9304
1913 7233
1913 9532
1914 4092
1914 4168
1914 4426
1914 5681
1914 6154
1914 9126
1914 9345
1915 6684
1915 8152
1916 1924
1916 8907
1917 2623
1917 3149
1917 3546
1917 5504
1917 6128
1917 7510
1918 3908
1918 5717
1918 8606
1919 3695
1919 3876
1919 7181
1919 7310
1920 4804
1920 5242
1920 6293
1920 6662
1920 9710
1921 5721
1922 7290
1923 2965
1923 3909
1923 4082
1923 4438
1924 4598
1924 6656
1925 4423
1925 7872
1925 8677
1925 9769
1926 2892
1926 4957
1926 8889
1928 2799
1928 4789
1928 5074
1929 3100
1929 3448
1929 6072
1929 7938
1929 8891
1929 9230
1930 2732
1930 6374
1930 9511
1931 2718
1931 3734
1931 9081
1932 2510
1933 3400
1933 9007
1933 9980
1934 5760
1934 5986
1934 6288
1934 7676
1934 8651
1934 9889
1935 3137
1935 5057
1935 7505
1935 7573
1936 2631
1936 3839
1936 4002
1936 8765
1936 9179
1937 4814
1937 4888
1937 8238
1938 2166
1938 3630
1938 4969
1938 5613
1939 3581
1939 3607
1939 4064
1939 5361
1939 9328
1940 2337
1940 5796
1940 6226
1940 9053
1942 6802
1943 3321
1944 3546
1944 6294
1945 8843
1945 9517
1946 2971
1946 4494
1946 7045
1946 7222
1947 5318
1947 8369
1947 9804
1948 2225
1948 3185
1948 7754
1948 9287
1949 2140
1949 6521
1950 5363
1950 7961
1951 2328
1951 4777
1951 5135
1951 5700
1951 6562
1952 4522
1952 5822
1952 5831
1952 7668
1952 8081
1952 8570
1952 9225
1953 3431
1953 4107
1953 6667
1953 7390
1953 7941
1953 8837
1954 3718
1954 6729
1955 5089
1955 5763
1955 6469
1955 9430
1956 3131
1956 3443
1956 4359
1956 7045
1956 9429
1956 9704
1957 2409
1957 4083
1957 5126
1957 6977
1957 8654
1957 9339
1957 9421
1958 3376
1958 4145
1958 7259
1959 6505
1959 7671
1960 2948
1960 3156
1960 3415
1960 3888
1961 7145
1962 2178
1962 5841
1962 6554
1963 2952
1963 3788
1963 6406
1964 5367
1964 8412
1965 7165
1966 3467
1966 4766
1966 7242
1966 9244
1967 2860
1967 5316
1967 7157
1967 7791
1968 6492
1969 5579
1969 6724
1970 6024
1970 7305
1970 8251
1970 8690
1971 2197
1971 2788
1971 3110
1971 5752
1971 7966
1971 9798
1972 2586
1972 3299
1972 5417
1972 9108
1973 6544
1973 6783
1973 7444
1973 8588
1973 9002
1974 2810
1974 5496
1974 8382
1974 8421
1975 5424
1975 9156
1976 5400
1976 5428
1976 7431
1977 4232
1978 7047
1978 8100
1978 9109
1979 5463
1979 7615
1979 7647
1979 8819
1979 9131
1980 4245
1980 6164
1980 7602
1980 7866
1980 9429
1981 3186
1981 3978
1981 5328
1981 5724
1981 8864
1981 9937
1982 2878
1982 3190
1982 4898
1982 7407
1983 2603
1983 4466
1983 9065
1984 4581
1984 7084
1984 7458
1984 8663
1984 9830
1985 7361
1985 8771
1986 2913
1986 5547
1986 9593
1987 3383
1988 5283
1988 5541
1988 7300
1989 3468
1989 5419
1989 5966
1989 9361
1990 3517
1990 5182
1990 5540
1991 9118
1992 2583
1992 4539
1992 4743
1992 6918
1993 5995
1993 6034
1993 7570
1994 2693
1994 3407
1994 6617
1994 8166
1995 4661
1995 5463
1995 5496
1995 7553
1995 8700
1996 2871
1996 5013
1997 5076
1997 5300
1997 6582
1998 3754
1998 4787
1999 2096
1999 6733
1999 7102
2000 3647
2000 4915
2000 5035
2000 6418
2001 2358
2001 7576
2002 4192
2002 6630
2002 7491
2002 9110
2002 9732
2003 2162
2003 3251
2003 4702
2003 5583
2004 2881
2004 4342
2004 4949
2004 7223
2004 7494
2004 8694
2005 4399
2005 6489
2005 8676
2005 8839
2006 2196
2006 2421
2006 3449
2006 3548
2006 9952
2007 2445
2007 2751
2007 6015
2007 6907
2007 7074
2007 8064
2007 9304
2007 9385
2008 2339
2008 2768
2008 4089
2008 9600
2009 2883
2009 7910
2009 8274
2009 8863
2009 9981
2010 8846
2011 4171
2011 5400
2012 2158
2012 7656
2012 9254
2013 2322
2013 5367
2013 7689
2013 7692
2013 8079
2014 8026
2015 2429
2015 3832
2015 5787
2015 9800
2016 3750
2016 4965
2016 6704
2017 2829
2017 5194
2018 5948
2018 6292
2018 8799
2019 5637
2019 6344
2019 7570
2020 2786
2020 3073
2020 4546
2020 8425
2021 2679
2021 5181
2021 5199
2021 8360
2021 9578
2021 9902
2022 5875
2022 7916
2022 9124
2022 9222
2022 9905
2023 2679
2023 3763
2023 4288
2023 7931
2023 9524
2023 9813
2024 3624
2024 7696
2025 9026
2025 9373
2026 8412
2027 2290
2027 4325
2027 5133
2028 5236
2028 8888
2031 4249
2031 5487
2031 8570
2032 3399
2032 4656
2032 6945
2032 9251
2033 2366
2033 4606
2033 7723
2033 8654
2034 4662
2034 5947
2034 6464
2035 8364
2036 2322
2036 4252
2036 5018
2036 6031
2036 6501
2037 3246
2038 5951
2038 8682
2038 9085
2039 4217
2039 5078
2039 6922
2040 2153
2040 7507
2040 8533
2041 4134
2041 5753
2041 7434
2041 9627
2042 7954
2042 8436
2043 6018
2043 7392
2043 9761
2044 7066
2044 8798
2045 4694
2045 5000
2045 7251
2045 7932
2045 8164
2046 4597
2046 5163
2047 6830
2047 7866
2047 8238
2047 8678
2048 6690
2048 7210
2049 4259
2049 7566
2049 8239
2050 2473
2050 3145
2050 5592
2051 5211
2051 8231
2051 8516
2052 4183
2052 4406
2052 5082
2052 7573
2052 8038
2052 9330
2053 3602
2053 9081
2054 3581
2054 4237
2054 5998
2054 9993
2055 2130
2055 8127
2055 9160
2056 2909
2056 6201
2056 7754
2056 8260
2056 8536
2057 2075
2057 5085
2057 5842
2057 7747
2057 7772
2058 2373
2058 7148
2058 7275
2059 2100
2059 3077
2059 4783
2060 3208
2060 3762
2060 5878
2060 7045
2060 9741
2061 3643
2061 4106
2062 4496
2062 7813
2064 2773
2064 3879
2065 9833
2066 2445
2066 2674
2066 3073
2066 4462
2066 6048
2066 8281
2066 8612
2066 8946
2067 3054
2067 7015
2067 7940
2068 2130
2068 4600
2068 4993
2068 8502
2068 8686
2069 4709
2070 2913
2070 3518
2070 8171
2071 3818
2071 6371
2072 4973
2072 5299
2072 7447
2072 9771
2073 2955
2073 3007
2073 3122
2073 6029
2073 6668
2073 6678
2074 5004
2074 6400
2075 5692
2075 8038
2075 9765
2076 2342
2076 4436
2076 6207
2077 3780
2077 5644
2077 8265
2078 2348
2078 4596
2078 5474
2078 8650
2079 8232
2080 3850
2080 6589
2080 8712
2082 7409
2083 3384
2083 8993
2084 2675
2084 4827
2084 8707
2084 9573
2085 3168
2085 3214
2086 2229
2086 3112
2086 5926
2087 4915
2087 5907
2087 6603
2087 9086
2088 2428
2088 4707
2088 4801
2088 7211
2088 9219
2089 2304
2089 4132
2089 4137
2089 5598
2089 5970
2089 8264
2089 8504
2090 2102
2090 3745
2090 5461
2090 5539
2090 8825
2091 6812
2092 5827
2092 6667
2092 6857
2092 8604
2093 3940
2093 6068
2093 6667
2094 4028
2094 8429
2095 3511
2095 5114
2095 6700
2096 2783
2096 3986
2096 4262
2097 2199
2097 2538
2097 3115
2097 3144
2097 5865
2097 7176
2098 7364
2098 9360
2099 3536
2099 8030
2099 9749
2100 6763
2100 7483
2101 3701
2101 4777
2101 6277
2101 6568
2101 6610
2101 9510
2102 4375
2102 5530
2102 7249
2102 8907
2103 4028
2103 6140
2103 8279
2103 8550
2104 5619
2104 6466
2104 8015
2105 8468
2105 9262
2106 4367
2106 9229
2107 4604
2107 6586
2107 9782
2108 2175
2108 4939
2108 8500
2109 2544
2109 4736
2109 4890
2109 9422
2109 9981
2110 3026
2110 4115
2110 7731
2111 5146
2111 5394
2111 6374
2111 7496
2111 7993
2112 2403
2112 4240
2113 6985
2114 2346
2114 7916
2115 6908
2115 8986
2115 9843
2116 3069
2116 4308
2116 5249
2116 6134
2116 6473
2116 8070
2117 2364
2117 6020
2117 8051
2117 9308
2118 8020
2119 4326
2119 6431
2119 8312
2120 3480
2121 6198
2121 6574
2121 7994
2121 9938
2122 4855
2122 5664
2122 9573
2122 9827
2123 2310
2123 3571
2123 6104
2123 7097
2124 4913
2124 5358
2124 9950
2125 4592
2125 6704
2125 8393
2126 3549
2126 8864
2126 9339
2127 2488
2127 2720
2127 4760
2127 5572
2127 6203
2127 6520
2127 7860
2129 3016
2129 3547
2129 5355
2129 6015
2130 2862
2130 3914
2130 8900
2131 2264
2131 4463
2131 4595
2131 5120
2131 8767
2132 4143
2132 6085
2133 9610
2134 2872
2134 6991
2134 8906
2135 4112
2135 4972
2136 2484
2136 5594
2136 6830
2136 9377
2137 8141
2137 8664
2138 3599
2138 4340
2138 6063
2138 8559
2139 2276
2139 3687
2139 5190
2139 6967
2139 7620
2139 7695
2140 2788
2140 3102
2140 4400
2140 5901
2141 2595
2141 4762
2141 5323
2141 6223
2141 6791
2141 9713
2142 3120
2142 4156
2142 9355
2142 9709
2143 3292
2143 7740
2143 9069
2144 4095
2144 4416
2145 3025
2145 5575
2145 7116
2145 8013
2145 8326
2146 4126
2146 7308
2146 8184
2146 8731
2147 5769
2147 5806
2147 6571
2147 7122
2148 4639
2149 2475
2149 5404
2149 5564
2149 6814
2149 8485
2149 8912
2150 9375
2151 5242
2151 8103
2152 4915
2152 6055
2152 7333
2152 8875
2153 7779
2154 2618
2154 5334
2155 3498
2155 7776
2155 9448
2156 5076
2156 5432
2156 7180
2157 5477
2157 5536
2157 7776
2157 9870
2158 2911
2158 5074
2158 6030
2158 8626
2159 4050
2159 8191
2161 6116
2161 8627
2162 8071
2162 9833
2163 4370
2163 5185
2164 3479
2164 3775
2164 4002
2164 5311
2165 2412
2165 4048
2165 4279
2165 4909
2166 6742
2166 9493
2167 4436
2167 6196
2167 9590
2168 4635
2168 6479
2169 2968
2169 9816
2170 3189
2170 3780
2170 6687
2171 3553
2172 2284
2172 5124
2173 2744
2173 2824
2173 7118
2174 4555
2174 7363
2174 9119
2175 2904
2175 3948
2175 4063
2175 4976
2175 7149
2175 7372
2175 8205
2176 2692
2176 4940
2176 9007
2176 9498
2177 3958
2177 4410
2177 5926
2178 7784
2178 8408
2179 4438
2180 8597
2182 9230
2183 7044
2184 2816
2184 3436
2184 5169
2184 5878
2185 3528
2185 4322
2185 6586
2185 7574
2185 7642
2185 9759
2185 9907
2186 7068
2187 2640
2187 2924
2187 7715
2188 2958
2188 5649
2188 8452
2189 2354
2189 7270
2189 7753
2190 5151
2190 7415
2190 7522
2190 9000
2191 5402
2191 6012
2191 9833
2192 7991
2193 2845
2193 3809
2193 7033
2194 4280
2194 9742
2195 3327
2195 7152
2195 9421
2196 4600
2196 4611
2196 5398
2196 9097
2197 6290
2197 7582
2197 9949
2198 5050
2198 7731
2199 5058
2200 2422
2200 5745
2200 6878
2200 9510
2200 9980
2202 3295
2202 4176
2202 4925
2202 5995
2202 6912
2202 9211
2202 9538
2203 5043
2203 6108
2203 8216
2205 6455
2206 6954
2206 7821
2206 8319
2207 6150
2207 7596
2208 2350
2209 4734
2209 5766
2209 9011
2210 2439
2210 3728
2210 7354
2210 7642
2211 2876
2211 7664
2211 9614
2212 9242
2213 3746
2213 6910
2213 9053
2214 3203
2214 3319
2214 6017
2214 7673
2214 9061
2215 2444
2215 2488
2215 3124
2215 8926
2215 8971
2216 7515
2216 8884
2217 5175
2217 5661
2218 3122
2218 3945
2218 4771
2218 7413
2218 9186
2219 3238
2219 4087
2219 4957
2219 6665
2220 4502
2220 6529
2221 2338
2222 3307
2222 8856
2223 6862
2224 2733
2224 3916
2224 4014
2224 8284
2225 2466
2225 7130
2225 7902
2226 5261
2227 2888
2228 2724
2228 7621
2230 2854
2230 5520
2230 6950
2230 7575
2232 3304
2232 4404
2232 6481
2232 7489
2233 4864
2233 8034
2234 4402
2235 3732
2235 4654
2236 4679
2236 7073
2238 3677
2238 3974
2238 5735
2238 6606
2238 7994
2238 9689
2239 2973
2239 3199
2239 3758
2239 7345
2240 6876
2240 8099
2240 8412
2241 6001
2241 6961
2241 7001
2241 9112
2243 6747
2243 6800
2243 7792
2244 2895
2244 4289
2244 6063
2244 6087
2244 7693
2244 9189
2245 2596
2246 4635
2246 7926
2246 9851
2247 3345
2247 3662
2247 6307
2247 8823
2247 9285
2247 9327
2248 2930
2248 9985
2249 3048
2249 6736
2249 7475
2249 7687
2251 6052
2251 8168
2251 8788
2251 9075
2251 9683
2252 7578
2253 4818
2253 5849
2254 6145
2254 6190
2254 8737
2255 4749
2255 8811
2255 9490
2256 2534
2256 9141
2257 9056
2258 2751
2258 3650
2260 2603
2260 8829
2261 3333
2261 5231
2262 3950
2262 9765
2263 7020
2263 7943
2263 9815
2264 6154
2264 8763
2265 2611
2265 3430
2265 3533
2265 3903
2265 4927
2265 7123
2265 9119
2266 3190
2266 8136
2267 3181
2267 5169
2267 7677
2267 9472
2268 2805
2268 6051
2268 6182
2269 9374
2270 3832
2270 4670
2270 5014
2270 5066
2270 5542
2270 7624
2271 2281
2271 2823
2271 5703
2271 6583
2271 7858
2272 2351
2272 4494
2272 7987
2273 3390
2273 4022
2273 4290
2273 5880
2273 7055
2273 7393
2273 7543
2273 8873
2273 9438
2273 9660
2274 2442
2274 2496
2274 2680
2274 3660
2274 4199
2274 5055
2275 2839
2275 4342
2276 2305
2276 4545
2276 4849
2276 5204
2276 5595
2276 5718
2276 8612
2276 9928
2277 6991
2277 8164
2277 8898
2277 9415
2278 2951
2278 3596
2278 5756
2278 7283
2279 5694
2279 8492
2280 5252
2280 5361
2281 2379
2281 4495
2281 5232
2281 5248
2281 6587
2282 2797
2282 4973
2282 5076
2282 5094
2282 8268
2282 8485
2283 2443
2283 6556
2283 9302
2284 2308
2284 4312
2284 5549
2285 8120
2285 8322
2286 4977
2286 8396
2286 9402
2287 3219
2287 5995
2287 8259
2287 8334
2288 3809
2288 8044
2289 2614
2289 3056
2289 4032
2289 8356
2289 9016
2290 5548
2290 6547
2291 4682
2291 5732
2291 7485
2292 3126
2292 4293
2292 6843
2292 6970
2292 8191
2292 8198
2292 9818
2293 3925
2293 7368
2293 9374
2294 5025
2295 3330
2295 5072
2295 7120
2296 2589
2296 9666
2297 3213
2297 4998
2297 6821
2297 7462
2298 2527
2298 2848
2298 2982
2298 4279
2298 7016
2299 4424
2299 6181
2299 9903
2300 3566
2300 7111
2301 4030
2301 4570
2301 6596
2301 7995
2301 9862
2302 2343
2302 3310
2302 5508
2302 6595
2302 6915
2302 7283
2302 7588
2303 5456
2304 5232
2304 9726
2305 7043
2305 7090
2306 5473
2306 6535
2306 7179
2306 8918
2306 9580
2306 9938
2307 4674
2307 6346
2308 2756
2308 5173
2308 5457
2308 7993
2308 8381
2309 4750
2309 7174
2310 3388
2310 9405
2311 2541
2311 4644
2311 7716
2312 5033
2313 5192
2313 5940
2313 6030
2313 9837
2313 9924
2314 4509
2314 5151
2315 2975
2315 4346
2315 7114
2315 7682
2316 5263
2316 6332
2316 7529
2317 5015
2317 5240
2317 6673
2317 6826
2318 2998
2318 3288
2318 3438
2318 4231
2318 4596
2318 6704
2318 8031
2320 3861
2321 4386
2321 6133
2321 8561
2322 3704
2322 6321
2322 6373
2322 7605
2322 8718
2323 5163
2323 5597
2323 8245
2324 3179
2324 7979
2324 8937
2324 8966
2325 3599
2325 5201
2325 6469
2325 9779
2326 3862
2326 8325
2327 4876
2327 5378
2327 5484
2328 3232
2328 4473
2328 4752
2328 8189
2329 7640
2329 9337
2329 9692
2330 2684
2330 4141
2330 5034
2330 9815
2331 2903
2331 6828
2331 9655
2332 4232
2332 5189
2332 5735
2332 6987
2332 8757
2333 2846
2333 5983
2333 7806
2334 2748
2334 3435
2334 6262
2334 6395
2334 9150
2335 4264
2335 4318
2337 2446
2337 6463
2337 6912
2338 2804
2338 3309
2338 8362
2339 4198
2339 9266
2340 2805
2340 4007
2340 5106
2340 6307
2340 7622
2340 9374
2341 6129
2341 7908
2341 9092
2341 9774
2342 4596
2342 9494
2342 9496
2343 3836
2343 7766
2344 4897
2344 6245
2344 7885
2344 9342
2345 3249
2345 3609
2346 3831
2346 5193
2346 8136
2346 8514
2347 2860
2347 3575
2347 9072
2347 9085
2347 9357
2348 3770
2348 6637
2348 6746
2348 7912
2348 8355
2349 4103
2349 7386
2349 8048
2350 6125
2350 6855
2350 8957
2350 9471
2351 4042
2351 5184
2351 6954
2351 7011
2352 2549
2352 5127
2352 7020
2352 7379
2352 7968
2352 9035
2353 5466
2353 7642
2354 3728
2354 5334
2354 6062
2354 6716
2354 9657
2355 4898
2355 6017
2355 8979
2356 2378
2356 2684
2356 2990
2356 4053
2356 6620
2356 6734
2357 9040
2358 6061
2358 6829
2358 7861
2358 9838
2359 2435
2359 3470
2359 4720
2360 4620
2360 8238
2361 3008
2361 3758
2361 7105
2361 7321
2361 9379
2362 8997
2364 3167
2364 6131
2364 6459
2364 6510
2365 4274
2365 8632
2366 7552
2367 3806
2367 4860
2367 7022
2367 8793
2368 3260
2368 6605
2368 6934
2368 7188
2368 8688
2369 4224
2369 6937
2369 7699
2369 7718
2369 8150
2371 4458
2371 6010
2371 8593
2372 3997
2372 4200
2372 4991
2372 5542
2373 3874
2373 4682
2374 3342
2374 4475
2374 4673
2374 4823
2374 8933
2375 3757
2375 8607
2376 3142
2376 3368
2376 7841
2376 7932
2376 7976
2377 2576
2377 5626
2378 8923
2378 9453
2379 5216
2379 7440
2380 7416
2380 8191
2380 8312
2381 2682
2381 2954
2381 3124
2381 4532
2381 5080
2382 2866
2382 4278
2382 5951
2382 6473
2383 3485
2383 3715
2383 4634
2383 5063
2384 3327
2384 3935
2384 4670
2384 5087
2384 9761
2385 4101
2385 5015
2385 7463
2387 2922
2387 3184
2387 3848
2387 4268
2387 9888
2388 2511
2388 5536
2388 5708
2388 5828
2388 6186
2388 7130
2388 9786
2389 8955
2390 6713
2390 9920
2391 3281
2391 4667
2392 3055
2392 3062
2392 9097
2393 6238
2393 7683
2394 2943
2394 4477
2394 5086
2394 6471
2394 8680
2395 9085
2396 5587
2397 4199
2397 5986
2397 8054
2397 8945
2397 9557
2398 3416
2398 8591
2399 3626
2399 8855
2400 3231
2400 3822
2400 5476
2400 5672
2400 8563
2401 3671
2401 5153
2401 6684
2401 6943
2401 8457
2401 9209
2402 4657
2402 5795
2402 9813
2403 3507
2403 5868
2403 7588
2403 9172
2403 9769
2404 3594
2404 4334
2404 6004
2404 8907
2405 2495
2405 3197
2405 6784
2405 9250
2406 2916
2406 5594
2406 8449
2407 6360
2407 7491
2408 4305
2408 5918
2408 6765
2408 9355
2409 4586
2409 7691
2409 9047
2410 2894
2410 3433
2410 4700
2410 4765
2410 6957
2410 9750
2411 4924
2412 2947
2412 3737
2413 2955
2413 4711
2414 3793
2414 4126
2414 5262
2414 5923
2414 8133
2415 4657
2415 8181
2415 9866
2417 3876
2417 5307
2417 7633
2417 8887
2418 8860
2419 5049
2419 6456
2420 3886
2420 6839
2421 2438
2421 4269
2421 5840
2421 6116
2421 6596
2422 2569
2422 3157
2422 4937
2422 7869
2423 3729
2423 6530
2423 6691
2423 7335
2424 6965
2424 9844
2425 6115
2425 8264
2426 3150
2426 3666
2427 4058
2427 9699
2428 3684
2428 5896
2428 8136
2429 2519
2429 3667
2429 3726
2429 5231
2429 6316
2429 8351
2429 9523
2430 5810
2430 5811
2431 3119
2431 5490
2431 6732
2432 3418
2433 2879
2433 6888
2433 7218
2434 3353
2434 5387
2434 8345
2434 8665
2434 9668
2434 9708
2435 7328
2435 7696
2435 7835
2435 8665
2436 5892
2436 7133
2436 7957
2437 2708
2437 2971
2437 4015
2437 4187
2437 9114
2437 9788
2438 4373
2438 4462
2438 6338
2438 9317
2439 4670
2439 8614
2439 8699
2441 5633
2442 3247
2442 4801
2442 7473
2442 8833
2442 9414
2442 9604
2443 2722
2443 8826
2444 2515
2444 5864
2445 2448
2445 5003
2445 6011
2446 4612
2446 7546
2446 8690
2447 3668
2447 6623
2447 6848
2448 4873
2448 6584
2448 9614
2449 3900
2449 5496
2450 4109
2450 6002
2450 6664
2450 6791
2450 6857
2450 6953
2450 8658
2450 9328
2451 2621
2451 3254
2452 5114
2452 5115
2452 6904
2453 3166
2453 6686
2454 2807
2454 5585
2455 2634
2455 4668
2455 5166
2456 3652
2456 6468
2456 7315
2456 8720
2456 9408
2456 9915
2457 3174
2457 4075
2457 4916
2457 8421
2457 9698
2459 3800
2459 8094
2459 8123
2459 8927
2460 3274
2460 7181
2461 4382
2461 5295
2461 9074
2462 3512
2462 4208
2462 9658
2463 3701
2463 4525
2463 6007
2463 8262
2463 8526
2463 8900
2463 9045
2463 9805
2464 6235
2464 6309
2464 7097
2464 9171
2464 9307
2465 4016
2465 6310
2465 8462
2465 9197
2466 4119
2466 7144
2466 7233
2466 8106
2467 2870
2467 3065
2467 7483
2467 9656
2468 7086
2468 8925
2468 9916
2469 5160
2469 6113
2469 7549
2469 7791
2470 5794
2470 6961
2471 6388
2471 8275
2472 3036
2472 4096
2472 5022
2472 5410
2473 3111
2473 5708
2474 4673
2474 6635
2474 7094
2474 8794
2475 4053
2475 5101
2475 5740
2475 8034
2475 8947
2476 3880
2476 3988
2476 7749
2476 9183
2477 6218
2477 9962
2478 2910
2478 4021
2478 4223
2478 4711
2478 4752
2479 2646
2479 5471
2479 7158
2479 9494
2480 2992
2480 4015
2480 5584
2480 8401
2480 9038
2480 9423
2481 5781
2481 8295
2481 8712
2482 2568
2482 5351
2482 9805
2482 9831
2483 7527
2483 8537
2483 9451
2485 4793
2485 5303
2485 8148
2485 8770
2486 3057
2487 9978
2488 7063
2488 9033
2490 5654
2491 5529
2491 7278
2492 2755
2492 7354
2493 4362
2493 5971
2493 6367
2493 7717
2493 7889
2495 6148
2495 6998
2495 7205
2495 9298
2496 4948
2497 7519
2498 2544
2498 7313
2498 9308
2499 4042
2499 7791
2500 3753
2500 5446
2500 5977
2500 9298
2501 3305
2501 5326
2501 7624
2501 9537
2503 7651
2503 8535
2503 8707
2504 3374
2504 7892
2504 8283
2504 8924
2505 3176
2506 4728
2506 7634
2506 7909
2507 6097
2507 6518
2507 7089
2507 8141
2507 9027
2508 4989
2508 7594
2508 8542
2509 2569
2509 4544
2510 2767
2510 6513
2510 8919
2511 2552
2511 3270
2511 4784
2512 6451
2512 7106
2512 9211
2513 4805
2514 3509
2514 4724
2514 4912
2514 5219
2514 7038
2514 9226
2515 8738
2516 4743
2516 5801
2517 4562
2517 6486
2518 2880
2518 4348
2518 7155
2518 9262
2518 9486
2520 8349
2521 8125
2521 8966
2522 4368
2522 4962
2522 9999
2523 3445
2523 7327
2523 8341
2523 9304
2524 2552
2524 4379
2524 4568
2524 6294
2524 6646
2524 8450
2524 9555
2524 9844
2525 3246
2525 3599
2525 3927
2525 6483
2525 7484
2525 7827
2525 9823
2526 6437
2527 3293
2527 3812
2527 5601
2527 7582
2528 2968
2528 4333
2528 4589
2528 6524
2528 7744
2529 4354
2529 5127
2529 6032
2530 4148
2530 4993
2530 5884
2531 3069
2531 4788
2532 4918
2532 6096
2533 3055
2533 3818
2533 8339
2535 7868
2536 7031
2536 9024
2536 9554
2536 9573
2536 9766
2537 2563
2537 4392
2537 7617
2538 2666
2538 6835
2539 3060
2539 3690
2539 7974
2540 4772
2540 5242
2540 5889
2540 9918
2541 6766
2541 8751
2542 2990
2542 8828
2544 4154
2544 6691
2544 7861
2544 8115
2544 9282
2544 9855
2546 4181
2546 4878
2546 4899
2546 8705
2547 3108
2547 4497
2547 7234
2548 6783
2549 7273
2550 3170
2550 3388
2550 9788
2550 9816
2551 2554
2551 3670
2551 6567
2553 8242
2554 4946
2554 7322
2554 9227
2555 5983
2556 3050
2556 4619
2556 7925
2556 8129
2557 6594
2557 8037
2557 9621
2558 5526
2558 7942
2559 2630
2559 5876
2559 7587
2559 7738
2560 5547
2560 8531
2561 4072
2561 7926
2561 8277
2561 8710
2563 3154
2563 5116
2563 5675
2563 9531
2564 7343
2564 7859
2564 8574
2564 9584
2564 9896
2565 3959
2566 3027
2566 3927
2566 5877
2566 6132
2566 7419
2566 8105
2567 2804
2567 4921
2567 8103
2568 5940
2568 6183
2568 6852
2568 7268
2568 9880
2569 4338
2569 6517
2569 6891
2569 9952
2570 2877
2570 4474
2570 4931
2570 5462
2570 7783
2571 8103
2571 9936
2572 2974
2572 3108
2572 4953
2572 9118
2573 5136
2573 5225
2575 3114
2575 3660
2575 4660
2575 8282
2576 7750
2576 9856
2577 3564
2577 4081
2578 4397
2578 4850
2578 8674
2579 6331
2579 8552
2580 2759
2580 5086
2580 6743
2580 7808
2580 7970
2580 9209
2581 4445
2581 6105
2582 3874
2583 5031
2584 4891
2584 9945
2585 2646
2585 7496
2585 8727
2585 9416
2586 3809
2586 6044
2586 8899
2586 9773
2587 4769
2587 5340
2587 5455
2587 7535
2587 7971
2588 5041
2588 7078
2588 8039
2589 5690
2589 6402
2589 8503
2590 8218
2591 2604
2591 4484
2591 5399
2592 5202
2592 6800
2593 4205
2593 7176
2593 7444
2593 8021
2594 6308
2595 3932
2595 5276
2595 6683
2596 4588
2596 5935
2597 3159
2597 3448
2597 5692
2597 5830
2597 7218
2598 4593
2598 5954
2599 2839
2599 8782
2599 8924
2600 3155
2600 5860
2600 6572
2601 2893
2601 3208
2601 8558
2602 3326
2602 4358
2602 7766
2603 2861
2603 4165
2603 4592
2603 4870
2603 8028
2603 9383
2603 9519
2604 6256
2605 7398
2606 4697
2606 5332
2606 9101
2607 4552
2608 3171
2608 8148
2608 9916
2609 5895
2609 7005
2609 8018
2610 2765
2610 8274
2611 7680
2611 9083
2612 5365
2612 7991
2613 2795
2613 7391
2613 9744
2614 3480
2614 9410
2615 8071
2616 4693
2616 7799
2616 8759
2617 3627
2617 4926
2617 5965
2618 2883
2618 3735
2618 4947
2618 7677
2618 8545
2618 9820
2619 2635
2619 3819
2620 4898
2620 5288
2620 5531
2620 7838
2620 7935
2621 3502
2621 3858
2621 4315
2621 8197
2621 8732
2622 8049
2623 2828
2623 3782
2623 5722
2624 5724
2625 4844
2625 6097
2626 4091
2626 6355
2626 7002
2626 8838
2627 7185
2628 3725
2628 3927
2628 9458
2629 3684
2629 8032
2629 8514
2629 9800
2630 3477
2630 4093
2630 6400
2630 8493
2631 5215
2631 5481
2631 5508
2631 8878
2632 4110
2632 7565
2632 8303
2633 3083
2633 4983
2634 2858
2634 4211
2634 5567
2634 6696
2634 7125
2635 2928
2635 3508
2635 8193
2636 6858
2636 7079
2636 7928
2637 4420
2637 5973
2637 6642
2637 6757
2637 9362
2638 5080
2638 6038
2638 6369
2639 6260
2639 7984
2640 8181
2641 4592
2641 4750
2641 4813
2641 5542
2643 4038
2643 8596
2644 3898
2644 6587
2645 3433
2645 6083
2645 7666
2645 8587
2645 8721
2646 8209
2647 9656
2648 4333
2648 6736
2649 6261
2649 6563
2649 7549
2649 8465
2649 9054
2649 9381
2650 4901
2650 6008
2651 3732
2651 7021
2651 7721
2651 8465
2652 3519
2652 3623
2652 3696
2652 6647
2653 3456
2653 5410
2653 5724
2653 9052
2654 6119
2654 6791
2654 8142
2654 9902
2655 3718
2656 3398
2656 5348
2656 7184
2657 3617
2657 7114
2657 8557
2658 3436
2658 4308
2658 7161
2658 9658
2658 9947
2659 4279
2659 4941
2660 3051
2660 3611
2660 5852
2660 5962
2660 9327
2661 3991
2661 6814
2661 8787
2661 9185
2661 9698
2662 8939
2663 5098
2663 8315
2663 9416
2664 3156
2664 4546
2664 5192
2664 5480
2664 6182
2664 7712
2665 3350
2665 5081
2666 6595
2667 2943
2667 7974
2667 8225
2667 8697
2667 9650
2668 6584
2668 8694
2669 8099
2670 3016
2670 6172
2670 8209
2670 8426
2671 3282
2671 5108
2671 6422
2671 7921
2671 9152
2672 3571
2672 5764
2672 6211
2673 3288
2675 3403
2675 4048
2675 5885
2675 6477
2676 2913
2676 4063
2676 7792
2676 8739
2676 9592
2677 4065
2677 4920
2677 5593
2677 9020
2678 2878
2678 3674
2678 4826
2678 7743
2679 3765
2679 5407
2679 6102
2679 6367
2680 3036
2680 3480
2681 4813
2681 7006
2681 9472
2682 4167
2682 6421
2682 6863
2683 6971
2683 6995
2683 7904
2683 9501
2684 3664
2684 4975
2684 5014
2684 8432
2684 9846
2685 6310
2685 7157
2685 7746
2685 9409
2686 4419
2686 8297
2686 9147
2687 4116
2687 5768
2687 9637
2688 4342
2688 6307
2688 6456
2688 6538
2688 8795
2688 8873
2689 5650
2689 6761
2689 7074
2689 8513
2689 9488
2690 4259
2690 4603
2690 6800
2690 8067
2691 6066
2691 7895
2691 9389
2692 4180
2692 5442
2692 5801
2692 8514
2692 9606
2693 3527
2693 5590
2694 4657
2695 8493
2696 9492
2697 4032
2697 9850
2698 6294
2698 7224
2699 5087
2699 9740
2700 3067
2700 5995
2700 8464
2701 2937
2701 9457
2702 7662
2702 8896
2703 4617
2703 6881
2703 7255
2703 9063
2704 3837
2704 3938
2704 4724
2704 8182
2704 9110
2705 5571
2705 7402
2705 8878
2707 3043
2708 5251
2708 6785
2708 9435
2709 4497
2710 6961
2710 8908
2710 9918
2711 5285
2711 8285
2712 4155
2712 4269
2712 4360
2712 6530
2712 6998
2714 5575
2714 7589
2714 8445
2715 5695
2716 4859
2716 6020
2717 3049
2717 7114
2717 7198
2717 7476
2717 9836
2718 5093
2718 6477
2718 9419
2719 6593
2719 7790
2719 9425
2720 3223
2720 3454
2720 5857
2720 6810
2720 6898
2720 7459
2720 7925
2721 3834
2721 3886
2721 4396
2722 3178
2722 6950
2723 4646
2723 6528
2723 7662
2723 9450
2724 5439
2724 6129
2724 6272
2725 7790
2725 9745
2726 2871
2726 2897
2726 4927
2726 6904
2726 8227
2726 9121
2727 6876
2727 8203
2728 2816
2728 3484
2728 8218
2728 9409
2729 3627
2729 3827
2729 4551
2730 3440
2730 3493
2730 5117
2730 5835
2730 6237
2730 9296
2730 9936
2731 8120
2731 8261
2732 3023
2732 7145
2732 8381
2732 8537
2732 8789
2733 3216
2733 3371
2733 7779
2733 8316
2734 8242
2734 8394
2734 9023
2735 2925
2736 3222
2736 3636
2736 4409
2736 4893
2736 5637
2736 7690
2736 9676
2737 5696
2737 6285
2737 8438
2737 8452
2737 9802
2738 6004
2738 6681
2738 7501
2740 3636
2740 6797
2741 4763
2741 5814
2741 6628
2741 8713
2742 3660
2742 4066
2742 9831
2743 3375
2743 5117
2743 5500
2743 5853
2743 6787
2743 7967
2743 9847
2744 3524
2744 5117
2744 8566
2745 5435
2745 8798
2745 9836
2746 2966
2747 5801
2748 2941
2748 5116
2748 6026
2748 6941
2748 8916
2749 2825
2749 3401
2749 5620
2749 6368
2751 3584
2751 5215
2752 3912
2753 6795
2753 9211
2754 5122
2754 6729
2754 7738
2755 3556
2755 6991
2756 7996
2756 9341
2757 7491
2758 4167
2759 3239
2759 3917
2759 5202
2759 6292
2759 9564
2760 4876
2760 5317
2760 6977
2761 4054
2761 5137
2761 5605
2761 7147
2762 6063
2762 6478
2762 7250
2762 9327
2763 3342
2763 8371
2764 3554
2764 3758
2764 5281
2765 4989
2765 5527
2767 4252
2767 6390
2767 8989
2767 9571
2768 9411
2769 3492
2769 4167
2769 8675
2770 7300
2771 4046
2771 4764
2771 7689
2772 2894
2772 3650
2772 4230
2772 7632
2772 8964
2772 9584
2773 2805
2773 7339
2774 2961
2774 4363
2774 4715
2775 8061
2776 6197
2777 2828
2777 2868
2777 9544
2778 4374
2778 5609
2778 7610
2779 3719
2779 4779
2779 4780
2779 5450
2779 6839
2780 7142
2782 8723
2782 8777
2782 8928
2782 9900
2783 3321
2783 4573
2783 5580
2783 6686
2783 6721
2783 6838
2783 7472
2783 7669
2784 3083
2784 5322
2784 6162
2784 8064
2784 9262
2785 4414
2785 4698
2785 4955
2785 6185
2785 9323
2786 4741
2786 7067
2787 5057
2787 5674
2787 6664
2787 9554
2787 9950
2788 9870
2789 3020
2789 5373
2789 7513
2790 3359
2790 3808
2790 4754
2790 5966
2790 7456
2791 6686
2792 4655
2792 4896
2792 5255
2792 6079
2792 6383
2792 7792
2792 9526
2794 6535
2794 7352
2794 7993
2795 3483
2795 9032
2795 9082
2796 3432
2796 3874
2796 3886
2796 5044
2796 7341
2797 4856
2797 8924
2798 4189
2798 5733
2798 6184
2798 7418
2799 4267
2799 8941
2800 4219
2800 5328
2800 6620
2801 5674
2801 6709
2803 7263
2803 8654
2803 9808
2804 6097
2804 6190
2805 5982
2805 7353
2805 7573
2805 8589
2805 9169
2806 5468
2806 7718
2807 4651
2807 7639
2807 8065
2808 9624
2809 3930
2809 8661
2810 4161
2810 4436
2810 5909
2810 6334
2810 7373
2810 8822
2811 3082
2811 5814
2811 7568
2811 9668
2812 3124
2812 3507
2813 3043
2813 7134
2813 7728
2813 8963
2814 3236
2814 4108
2814 4711
2814 6490
2814 8434
2815 3172
2815 6018
2815 9980
2816 3432
2816 5606
2816 5630
2816 6465
2817 6688
2818 3371
2818 3918
2818 4762
2818 4953
2818 9581
2819 6986
2819 7561
2820 8845
2821 3630
2821 4202
2821 5363
2821 6897
2821 7375
2821 8152
2821 9450
2821 9840
2822 3747
2822 4748
2822 7752
2822 9285
2823 5791
2823 8489
2824 4625
2824 6168
2824 9018
2825 4238
2825 8130
2825 9851
2826 5084
2826 5120
2827 3115
2827 4998
2827 6953
2828 7142
2829 6205
2829 6366
2830 6373
2830 7123
2830 7142
2830 9208
2831 4669
2831 4678
2831 5584
2831 6575
2832 3133
2832 7482
2833 3251
2833 4700
2833 6565
2833 9741
2835 4587
2835 5742
2835 8359
2836 3055
2836 7615
2837 7306
2837 8056
2837 9356
2838 8369
2839 4617
2839 5423
2839 6308
2839 6507
2839 8108
2840 4380
2842 7126
2842 8421
2842 9458
2843 4442
2843 9608
2844 3587
2845 4179
2845 4377
2845 5256
2846 4420
2846 7502
2847 4377
2848 3348
2848 6253
2848 8002
2849 4590
2849 4632
2849 4755
2849 4940
2849 6039
2849 6326
2849 7294
2849 9211
2849 9592
2850 3507
2850 6627
2850 7417
2850 9138
2850 9695
2851 5963
2851 6334
2851 7948
2851 8874
2852 5325
2852 8714
2853 3457
2853 5394
2854 7172
2854 9920
2855 8978
2857 2972
2857 5864
2857 6649
2857 6889
2857 6926
2857 7405
2858 6783
2858 9057
2859 6340
2860 2947
2860 2956
2860 8193
2860 9627
2861 8472
2861 8958
2861 9144
2861 9909
2862 3722
2863 2880
2863 3050
2863 6353
2863 8908
2864 4368
2864 5196
2865 2965
2865 6322
2865 6791
2865 9225
2865 9886
2866 7875
2867 6768
2867 7478
2867 8723
2867 9668
2868 8048
2870 5181
2870 6121
2870 7597
2871 5019
2871 5603
2871 9435
2872 4086
2872 4500
2872 5320
2873 7795
2874 3035
2874 7099
2874 8634
2875 4300
2875 4457
2875 4911
2875 6704
2875 6733
2875 9774
2876 4785
2876 8865
2877 3213
2877 5707
2877 6758
2877 8784
2878 3583
2878 6315
2878 8334
2879 4689
2879 4999
2879 5756
2879 9752
2880 5924
2880 6101
2880 8301
2880 9454
2881 2941
2881 5522
2882 3973
2882 7689
2882 9529
2883 4888
2883 8604
2884 8244
2884 9609
2884 9836
2884 9978
2885 4137
2885 4530
2885 5778
2885 6389
2886 6908
2886 7659
2887 9221
2888 3158
2888 5259
2888 5498
2888 7475
2888 8464
2888 9255
2889 3565
2889 3694
2889 7458
2889 8491
2890 6481
2890 7058
2890 7273
2891 4511
2892 6083
2892 8330
2893 7082
2893 8851
2893 8927
2894 3445
2894 5864
2895 8776
2896 3417
2896 5717
2896 6063
2896 6238
2897 5112
2897 6255
2897 6452
2897 7408
2898 3694
2898 4155
2898 5967
2898 6385
2898 9383
2898 9940
2899 8491
2900 3284
2900 3482
2900 6755
2900 7619
2901 4157
2901 7406
2901 7537
2901 7720
2902 6447
2902 7168
2903 3863
2903 5509
2903 5893
2904 3050
2904 6428
2904 7326
2904 8054
2905 9542
2905 9650
2906 4787
2907 4545
2908 2918
2908 8250
2908 9513
2909 7811
2909 8549
2910 4069
2910 5542
2911 5204
2911 8656
2912 4721
2912 5558
2912 8256
2912 8441
2912 9988
2913 5269
2913 8060
2914 3504
2914 4092
2915 4223
2915 4360
2915 4412
2915 4866
2915 6033
2916 3585
2916 4420
2916 5578
2917 7545
2918 3092
2918 4847
2918 5708
2918 5986
2918 6680
2919 3455
2919 4490
2919 4655
2919 9081
2920 4713
2920 5759
2920 8744
2921 7143
2922 9519
2923 7334
2923 9374
2924 3055
2924 3784
2924 5177
2924 7005
2924 8412
2924 9177
2924 9632
2925 3861
2925 5252
2925 7714
2925 9195
2926 6972
2926 7377
2927 4951
2927 7277
2927 8933
2928 7720
2928 8125
2929 4418
2929 4421
2929 5775
2929 5913
2929 6736
2929 7881
2929 8029
2929 8423
2930 6248
2930 7375
2930 9250
2931 7046
2931 8152
2932 4222
2932 4579
2932 5094
2932 5732
2932 9497
2933 3268
2933 4187
2933 8591
2934 4187
2934 4435
2934 6740
2934 7724
2935 5643
2935 5822
2935 9708
2936 6502
2936 7350
2936 9693
2937 5732
2937 9222
2938 4694
2938 4999
2938 7928
2938 9384
2939 4293
2939 5153
2939 5320
2939 6263
2939 6269
2939 7003
2939 8185
2940 3015
2940 6723
2940 7318
2940 7644
2940 9802
2941 7381
2941 7903
2942 3538
2943 3704
2943 3982
2943 4971
2943 7031
2943 7508
2943 8345
2944 3490
2944 4936
2944 6619
2944 8931
2945 3673
2945 3854
2945 5583
2945 5640
2945 7418
2945 7940
2945 9762
2946 5985
2946 7879
2948 9177
2949 3317
2949 6833
2950 4904
2950 9170
2951 3165
2951 4108
2951 4574
2951 6640
2951 7596
2952 4310
2952 5745
2952 6124
2952 6548
2953 4029
2953 5982
2953 8475
2954 8637
2954 9004
2955 3117
2955 5564
2955 7217
2955 7470
2956 3461
2956 4566
2956 6052
2956 6933
2956 7594
2958 2994
2958 3919
2958 4257
2958 6605
2958 7536
2959 3301
2959 7886
2959 9641
2960 3278
2960 5456
2960 5805
2960 7755
2960 9032
2961 7076
2961 7474
2961 7606
2962 6048
2962 7051
2962 9313
2962 9786
2963 4811
2963 5149
2963 5946
2963 6346
2963 9597
2964 3608
2964 4336
2964 6575
2964 8915
2965 4778
2965 8679
2965 9579
2966 5104
2966 7675
2967 6346
2967 7851
2968 3874
2968 5292
2968 7014
2968 8517
2968 9182
2969 5487
2969 7988
2969 9919
2972 5799
2972 6685
2972 7177
2972 7714
2972 8403
2973 4441
2973 5069
2973 5561
2974 3537
2974 4125
2974 6890
2974 6897
2974 9285
2975 3606
2975 4381
2975 5121
2975 7026
2975 7354
2975 8543
2976 3801
2976 5587
2976 5684
2977 3178
2977 9177
2978 4923
2978 7443
2979 9205
2980 5016
2980 5905
2981 7636
2982 4543
2982 4683
2982 7930
2983 9175
2983 9660
2985 6632
2986 5032
2986 6745
2986 8703
2987 6914
2988 7459
2989 4833
2989 7852
2990 8319
2990 8549
2990 8657
2991 3939
2991 8245
2991 8292
2991 8623
2992 4693
2993 4163
2993 6029
2994 3801
2994 4224
2994 4364
2994 5343
2994 6300
2994 6801
2995 5132
2995 8982
2996 5786
2996 6806
2997 4079
2997 6079
2997 8008
2997 8996
2998 4149
2998 7742
2999 7973
3000 3164
3000 3250
3000 3443
3000 5227
3000 6930
3000 8866
3000 9498
3000 9731
3001 5540
3001 6425
3001 9094
3001 9255
3001 9909
3002 4003
3002 4757
3002 6379
3002 7585
3003 3972
3003 5529
3003 5560
3004 5369
3005 4088
3005 7503
3005 8376
3006 5451
3006 6502
3006 6954
3006 8264
3007 3288
3007 5964
3008 3324
3008 3426
3008 5512
3008 5635
3008 6543
3008 6721
3008 8428
3008 9971
3009 3769
3009 3818
3009 5525
3009 8523
3009 9202
3010 4835
3010 6625
3010 6892
3010 8259
3011 3953
3012 5062
3012 5598
3012 7690
3013 6965
3014 3365
3014 3408
3014 4579
3014 6175
3014 9951
3015 3236
3015 5982
3016 3136
3016 3359
3016 3755
3016 6061
3016 6924
3017 3111
3017 3534
3017 3881
3017 4137
3017 5842
3017 7229
3018 3521
3018 3681
3018 4274
3018 8456
3019 3187
3019 7997
3019 8691
3020 3630
3020 3851
3020 4706
3020 5097
3020 5532
3020 9347
3021 5931
3021 7913
3022 7230
3022 8975
3023 3261
3023 8339
3023 8652
3023 9318
3024 8638
3024 9373
3025 3459
3025 5916
3025 6814
3025 8004
3026 4304
3026 7172
3026 8624
3027 6063
3028 3125
3028 7446
3028 7452
3029 3620
3029 6882
3029 8724
3029 9712
3029 9804
3030 4366
3030 6233
3030 6390
3030 8375
3030 8951
3031 5050
3031 8312
3031 9307
3032 4714
3032 7888
3032 8526
3033 3663
3033 9531
3033 9765
3034 9518
3034 9777
3035 9544
3035 9627
3035 9870
3036 4567
3036 9247
3036 9714
3037 9141
3038 4398
3039 3630
3040 6058
3040 7646
3040 9588
3040 9931
3041 5524
3041 7278
3041 7972
3041 8673
3041 8819
3042 3751
3042 4360
3043 6848
3043 7092
3043 8683
3044 5431
3044 9037
3044 9146
3045 3168
3045 4566
3045 5086
3045 5960
3045 6432
3045 8274
3046 4837
3046 5149
3046 9335
3047 4046
3047 7665
3047 8741
3048 5713
3048 7191
3048 7745
3048 7871
3049 3170
3049 6667
3049 7692
3050 7282
3050 8959
3051 3062
3051 3870
3051 7797
3052 6806
3052 8930
3053 3199
3053 4369
3053 5024
3053 9777
3055 3352
3056 3503
3056 3698
3057 5503
3057 9098
3058 4534
3058 5864
3058 7828
3058 9636
3059 6421
3059 6655
3059 6736
3059 6894
3059 6962
3059 7265
3060 6051
3060 6315
3061 3123
3061 4112
3061 5686
3061 9419
3062 5415
3062 7764
3062 9351
3062 9662
3063 3078
3063 4287
3063 4835
3063 8447
3064 3358
3065 3780
3065 9372
3066 4341
3066 4401
3066 5094
3067 5650
3067 9358
3069 4139
3069 5565
3069 5722
3069 5926
3070 3341
3070 4093
3070 6257
3071 4850
3071 7081
3071 7583
3071 9890
3071 9958
3072 5957
3072 8397
3072 9821
3073 3434
3073 7717
3073 7874
3073 8367
3073 8815
3073 9454
3073 9589
3074 4337
3074 5376
3075 3851
3075 4564
3075 4879
3075 4905
3075 7231
3075 9728
3076 6445
3076 6519
3077 3407
3077 8930
3077 9391
3078 3166
3078 6433
3078 8529
3078 8659
3079 4764
3080 4046
3080 6196
3080 9682
3082 8661
3082 9852
3083 4870
3083 6105
3083 7576
3083 9655
3084 3769
3084 4174
3084 5311
3084 7603
3084 7914
3085 4079
3085 4800
3085 5492
3085 6972
3086 6143
3086 7483
3086 7832
3087 4411
3087 8553
3087 9821
3089 4110
3089 5121
3090 5769
3090 9263
3091 3211
3091 3994
3091 4629
3091 8687
3091 8914
3091 9223
3092 4028
3092 5953
3092 6712
3092 7877
3093 8034
3093 9323
3094 5600
3094 7466
3094 7637
3094 8138
3094 8507
3094 8603
3095 4107
3095 5504
3095 6253
3095 7958
3095 8148
3095 8692
3096 6660
3096 7292
3097 3977
3097 4062
3097 6761
3097 8170
3097 8229
3097 9386
3098 7731
3098 8938
3099 4226
3099 5140
3099 6035
3099 9439
3099 9771
3100 3894
3101 8480
3102 4305
3102 7172
3102 8682
3102 8697
3102 9085
3102 9306
3103 5853
3103 6720
3103 8605
3104 4073
3104 5019
3104 6015
3104 7468
3105 4362
3105 8405
3106 5164
3106 5365
3106 7113
3106 8937
3106 9155
3107 5212
3107 6181
3107 8160
3107 8799
3107 9522
3108 6839
3110 3318
3110 3326
3110 3760
3111 3535
3111 7843
3111 8253
3111 9220
3112 6039
3113 8554
3114 5407
3114 6513
3114 8676
3116 6248
3116 7607
3116 7679
3116 8528
3117 3602
3117 5005
3117 7318
3118 7632
3118 8238
3119 4490
3120 4819
3120 5339
3120 5610
3120 6974
3120 7907
3121 4602
3121 5436
3121 7117
3122 4330
3122 7814
3122 8019
3122 9913
3123 6829
3124 4523
3124 6953
3125 3584
3125 7261
3125 7482
3125 9789
3126 3181
3126 5734
3126 6650
3127 7988
3128 3481
3128 4567
3128 6691
3128 7837
3128 9413
3129 4348
3129 4727
3129 5374
3129 5937
3130 6153
3130 7517
3131 6745
3132 3178
3132 3910
3132 7838
3132 8158
3133 3296
3133 5326
3134 5516
3134 6192
3134 7428
3134 9354
3136 5521
3137 8599
3138 3965
3138 5465
3138 5719
3139 7749
3140 8929
3140 9423
3141 4595
3141 6402
3141 7718
3141 9915
3142 4434
3142 6382
3142 7013
3142 8858
3143 4207
3143 8433
3145 3948
3145 6650
3145 7203
3145 7206
3145 8494
3145 8792
3146 3635
3146 6657
3146 8874
3147 5774
3147 6682
3147 8701
3147 9374
3148 3511
3148 5809
3148 8272
3150 4184
3150 4196
3150 5762
3150 6471
3150 7732
3150 8957
3151 6984
3152 3745
3152 4418
3152 8344
3153 5723
3153 7665
3153 9710
3154 5762
3154 8269
3154 9283
3155 4202
3156 9679
3157 9362
3158 3745
3158 8905
3159 3511
3159 4885
3159 5521
3159 6019
3160 3319
3160 3517
3160 6290
3160 8759
3161 3468
3161 5379
3161 6191
3162 3451
3162 3726
3162 4958
3163 4483
3163 6451
3164 3241
3164 5327
3164 6607
3164 8749
3166 3958
3166 4450
3166 6226
3167 4059
3167 7580
3168 6321
3169 3601
3169 3637
3169 4356
3171 4453
3171 9764
3172 3755
3172 6232
3172 7974
3173 3296
3173 4192
3173 4994
3173 7850
3173 8295
3174 4495
3174 7272
3175 7214
3175 7346
3175 7568
3176 5029
3176 6092
3176 8704
3176 9832
3177 8136
3178 3534
3178 4472
3178 7503
3178 8352
3178 9476
3179 4868
3179 5045
3179 9009
3180 4032
3180 6271
3180 9645
3181 6722
3181 9339
3183 4872
3183 6268
3183 7285
3184 4253
3184 4267
3184 6313
3184 8400
3185 5786
3185 5845
3185 7813
3185 8488
3185 9237
3186 9239
3187 4306
3187 6584
3187 9155
3188 3279
3188 5689
3188 5965
3188 8373
3189 3671
3189 6913
3190 4076
3190 6829
3191 3835
3191 4032
3191 4847
3191 6224
3192 3867
3192 7162
3192 7210
3192 8800
3192 9336
3192 9838
3193 3335
3193 5176
3193 9667
3194 3732
3194 4686
3194 5378
3194 5408
3194 8315
3194 8495
3194 9689
3194 9871
3194 9961
3197 3975
3198 4206
3198 7171
3199 8055
3199 8223
3200 4562
3201 5662
3201 6720
3202 6538
3202 9292
3203 5367
3204 4418
3205 5585
3205 7969
3205 8697
3206 5465
3206 7812
3206 8028
3206 9313
3207 3567
3207 4975
3207 5295
3207 6955
3208 6680
3208 7433
3208 8643
3208 9632
3209 3953
3209 8231
3210 5604
3210 5946
3210 8668
3211 3397
3211 3480
3211 4700
3211 5742
3211 6417
3211 6544
3211 8433
3212 7658
3212 7806
3212 9667
3213 5575
3214 3427
3214 6643
3215 5229
3215 6464
3215 8339
3217 3491
3217 3847
3217 4159
3217 6119
3217 7884
3217 8216
3218 9000
3218 9772
3219 7450
3219 9745
3220 4923
3220 6644
3221 3233
3221 7225
3222 5750
3223 7199
3223 7531
3223 7844
3223 8108
3226 3857
3226 3874
3226 4773
3226 5947
3226 6380
3227 4369
3227 4699
3228 3813
3228 4789
3228 7969
3228 9618
3229 7620
3229 8560
3230 7800
3231 3599
3231 6943
3231 8407
3231 9758
3233 4828
3233 7758
3233 9253
3233 9569
3234 7979
3234 8146
3235 3363
3235 3507
3235 6679
3236 3672
3236 4283
3236 7409
3236 7893
3237 4023
3237 5620
3237 6286
3237 6453
3237 7765
3238 5982
3238 6044
3239 5555
3239 7029
3239 8038
3239 8379
3240 4691
3240 7626
3241 7141
3241 7955
3242 9026
3243 8049
3243 9758
3244 4017
3245 4690
3245 6023
3245 6075
3245 6087
3246 4870
3246 5089
3246 9963
3247 5453
3247 5735
3247 6132
3247 6913
3247 6953
3248 3771
3248 6661
3248 8161
3248 9119
3248 9542
3249 4922
3249 5136
3249 6324
3249 9008
3250 3998
3250 7812
3250 8127
3250 9144
3250 9190
3251 4179
3251 8337
3251 9819
3252 3309
3252 6556
3252 7424
3253 6589
3253 6709
3253 7553
3254 5419
3254 5610
3255 6141
3256 3605
3256 4765
3256 7925
3256 7964
3257 5418
3257 8768
3257 8944
3258 5023
3258 7298
3259 4269
3259 4755
3259 6767
3260 3968
3260 4551
3260 5542
3260 5560
3260 9117
3261 4238
3261 8212
3261 9116
3262 9829
3262 9917
3263 5244
3263 7243
3263 8318
3263 8844
3263 9064
3264 4361
3264 4613
3264 8696
3264 9654
3264 9984
3265 4905
3265 5407
3265 5797
3265 6287
3265 6730
3266 3787
3266 4166
3267 4628
3267 6523
3267 6723
3267 8038
3268 7328
3268 7612
3268 9073
3269 3771
3269 5240
3269 5251
3269 7870
3270 5826
3270 7794
3270 7991
3270 9665
3271 4497
3271 4845
3271 5568
3271 5821
3271 6960
3271 7687
3272 3672
3272 4803
3272 5276
3272 5441
3272 7447
3273 9368
3273 9517
3274 3379
3274 9650
3275 4502
3275 6545
3275 6674
3275 8769
3275 9479
3276 4084
3276 4106
3276 4544
3276 8643
3276 9817
3277 6223
3278 5003
3279 3747
3279 4650
3279 5741
3279 7587
3279 8872
3280 9575
3280 9829
3281 4855
3281 6034
3281 6253
3281 6578
3281 8034
3281 9755
3282 3687
3282 6445
3283 4758
3283 6929
3283 8525
3284 3690
3284 4108
3285 7604
3285 7798
3285 7947
3286 3541
3286 3835
3287 6191
3287 7884
3287 8500
3287 9706
3288 9570
3289 5525
3289 9518
3290 5194
3290 8407
3290 10000
3291 3468
3291 9732
3292 8577
3293 7124
3293 7672
3293 7675
3293 9516
3294 6457
3294 7398
3296 6026
3296 8373
3296 9663
3297 3947
3297 4072
3297 4192
3297 4888
3297 6913
3298 3895
3298 6119
3298 6258
3298 8792
3299 5435
3299 5502
3299 6767
3300 6324
3300 6570
3300 7565
3300 8816
3300 8825
3301 3715
3302 5655
3302 9011
3303 4590
3303 7042
3303 9725
3305 3921
3306 4008
3306 5379
3306 7419
3306 7602
3307 7295
3307 8687
3307 9633
3308 5127
3308 7359
3308 7693
3308 8238
3309 4551
3309 9701
3310 3839
3310 5224
3310 8027
3310 8153
3311 3820
3311 5566
3311 6082
3311 6710
3312 7925
3312 9479
3313 5367
3314 5461
3314 7393
3314 7396
3314 8484
3315 5391
3315 8431
3315 9763
3315 9853
3316 5432
3316 7940
3317 4977
3317 6919
3318 5470
3318 7943
3318 8307
3318 8720
3319 6033
3319 6095
3319 6182
3320 3659
3320 3937
3320 8505
3321 4204
3321 5111
3321 6917
3321 9640
3322 4856
3322 5762
3322 8942
3323 3786
3323 4614
3323 5480
3323 7986
3324 4240
3324 6305
3324 7251
3324 7929
3325 6923
3325 9604
3326 4646
3326 5063
3326 6440
3326 6660
3326 7581
3328 7799
3328 8124
3329 9010
3329 9229
3330 4206
3330 6307
3330 8264
3330 9784
3331 4471
3331 6355
3331 8083
3332 3927
3332 5691
3333 7801
3334 4644
3334 6060
3334 8652
3335 4961
3336 3496
3336 4391
3336 4571
3336 5358
3336 8747
3337 6215
3337 6672
3337 7187
3338 4763
3338 7472
3338 7707
3339 6166
3339 6724
3340 3443
3340 5458
3340 5539
3341 4586
3341 9959
3342 3953
3342 6526
3342 7492
3342 7538
3344 4969
3344 5355
3344 7239
3344 9473
3345 4106
3345 7543
3345 9263
3346 3652
3347 4570
3347 6693
3347 8412
3348 6742
3348 9328
3350 5241
3350 5388
3350 9678
3351 4190
3351 7448
3352 7524
3353 7352
3353 9554
3354 4968
3354 8085
3354 8456
3354 9977
3355 4474
3355 4558
3355 7210
3355 9864
3356 4724
3356 6563
3357 3515
3357 5127
3357 5242
3357 7270
3357 8630
3357 9657
3358 4171
3358 4350
3358 7755
3358 8126
3358 8401
3358 9907
3359 7690
3361 4418
3361 4977
3361 5448
3362 7377
3362 7502
3363 3753
3363 9404
3364 5282
3364 6140
3364 6842
3364 7745
3364 8592
3364 8624
3366 5359
3366 9403
3366 9866
3367 4959
3367 5119
3367 8217
3367 8606
3368 7022
3369 6426
3369 7970
3369 9048
3370 6336
3370 7387
3370 8727
3370 9783
3370 9895
3371 6912
3372 3391
3372 6234
3372 6906
3373 4695
3373 5507
3373 6867
3374 7635
3375 4226
3375 4770
3375 8393
3376 4172
3376 6964
3376 7264
3376 7704
3376 7970
3376 8762
3377 4725
3377 4997
3377 6097
3377 9590
3378 4281
3378 6178
3378 7876
3379 8950
3380 3468
3380 4803
3380 5123
3380 6400
3380 6757
3381 3739
3382 4307
3382 4802
3382 8451
3383 3976
3383 4860
3383 8144
3384 3577
3384 4491
3384 5669
3384 6300
3384 7661
3384 9738
3385 5287
3386 7312
3386 7392
3386 8519
3386 9862
3387 7146
3387 8383
3388 7376
3388 8385
3388 8468
3388 8681
3388 8797
3389 6406
3390 3658
3390 5296
3390 6461
3390 7319
3390 9401
3391 4036
3391 7468
3392 6826
3392 7350
3392 7569
3392 7603
3393 5329
3393 5469
3393 6589
3393 9104
3394 4291
3394 5708
3394 5927
3394 6373
3394 9553
3395 4859
3395 5714
3396 7873
3397 6410
3397 6444
3399 6874
3399 9023
3400 5700
3400 8099
3401 9457
3402 5225
3403 7477
3403 7662
3403 8290
3404 7408
3404 8441
3404 8992
3404 9774
3405 8495
3406 3499
3406 8469
3407 4010
3407 6373
3407 8088
3408 4005
3408 4673
3408 4973
3408 6085
3408 6495
3408 7313
3410 9529
3411 6216
3411 7819
3411 8638
3412 3870
3412 8532
3412 8880
3412 9134
3413 9236
3415 6053
3415 8408
3416 4331
3416 5733
3416 6545
3417 4086
3417 8884
3418 5143
3418 5664
3418 5800
3418 8490
3419 7843
3420 4878
3420 5929
3420 7224
3421 4060
3421 4615
3421 4703
3422 7343
3423 4894
3423 6552
3423 8418
3423 9270
3423 9515
3425 6469
3425 8255
3425 8460
3426 3588
3426 4169
3426 4573
3427 4832
3427 5538
3427 6081
3427 6676
3427 7958
3428 3659
3428 4323
3428 4560
3428 5669
3428 7690
3429 5171
3429 5884
3429 6637
3429 7649
3429 8971
3430 8371
3431 8411
3431 9624
3432 3710
3432 6422
3432 6656
3432 7845
3432 8459
3433 3606
3434 3979
3434 7409
3434 9230
3435 4683
3435 4791
3435 5107
3435 6284
3435 9821
3436 6705
3436 7577
3436 8064
3436 8274
3436 8386
3437 4626
3437 5145
3437 5609
3437 7658
3438 5737
3438 8791
3439 9459
3440 4021
3440 4592
3440 5738
3440 6222
3440 9676
3441 3657
3441 5197
3441 8809
3441 9891
3442 5591
3442 6178
3443 3672
3443 4744
3444 4394
3444 5883
3445 4108
3445 5725
3445 8962
3446 8726
3447 9355
3448 6274
3448 7884
3449 7630
3449 7713
3449 8071
3449 9604
3450 3697
3450 8363
3451 4854
3451 5287
3451 5698
3451 6994
3451 9095
3451 9349
3451 9560
3453 4803
3453 6259
3453 6730
3453 9528
3454 7799
3456 5583
3456 7500
3456 7632
3456 9919
3457 5014
3457 7703
3458 6302
3459 3822
3460 7170
3460 7486
3461 4239
3461 8553
3462 5985
3463 6488
3463 7075
3463 8229
3464 4484
3464 6357
3464 9048
3464 9519
3465 5551
3465 6570
3465 7359
3465 7870
3466 4034
3466 6189
3466 6349
3466 6653
3466 6719
3467 8365
3468 3642
3468 4568
3468 4863
3468 9963
3469 5666
3470 3536
3470 9855
3471 4067
3471 6946
3471 7062
3471 7499
3474 7068
3474 8175
3475 3856
3476 3890
3476 7057
3476 7285
3477 4429
3478 3733
3479 4394
3479 5349
3479 5580
3480 6574
3481 3753
3481 4660
3482 7200
3482 7286
3484 6389
3484 7684
3485 5322
3485 6078
3485 7045
3485 7273
3486 5371
3486 7360
3486 9051
3487 4787
3487 5370
3487 6095
3488 3496
3489 4460
3489 6447
3489 6652
3490 3820
3490 7454
3490 8361
3490 8710
3491 6673
3491 9711
3491 9886
3491 9910
3492 6750
3492 8690
3492 8983
3492 9088
3494 4951
3494 6310
3495 6940
3495 7690
3495 8403
3495 9020
3496 7913
3497 6524
3498 5027
3498 6867
3499 4565
3499 6335
3499 7299
3499 7457
3499 8037
3500 3636
3500 5282
3500 7752
3501 6313
3502 6937
3503 3891
3503 4402
3503 9477
3504 7401
3504 7475
3504 9032
3504 9672
3506 4044
3506 4695
3506 6680
3507 3568
3507 5203
3507 7625
3507 8313
3507 9463
3509 5680
3509 5900
3509 6763
3509 7931
3510 5088
3510 6407
3510 8739
3511 4493
3511 6613
3513 5966
3513 6919
3514 5813
3514 6333
3515 5609
3515 6287
3515 6757
3515 8332
3516 5066
3517 4362
3517 5175
3517 6306
3517 8894
3517 9944
3518 8304
3519 4160
3519 7831
3519 9314
3520 7040
3520 8897
3521 4096
3521 5540
3521 6764
3521 8389
3521 9645
3522 8594
3524 3728
3524 4765
3524 5032
3524 5101
3525 5429
3525 6219
3525 6271
3525 9270
3526 7408
3526 7902
3526 9599
3527 4470
3527 6890
3527 9259
3528 4067
3528 9905
3529 8270
3529 9650
3530 5228
3530 7845
3530 8330
3531 8175
3531 9538
3532 7491
3532 7695
3532 9899
3533 8020
3533 8776
3534 6010
3534 6726
3534 7317
3535 4182
3535 7304
3535 9818
3536 5581
3536 5759
3537 5199
3537 8481
3537 8705
3537 9153
3537 9154
3538 7171
3539 5931
3539 6156
3539 9322
3539 9710
3540 3587
3540 4167
3540 6085
3541 5774
3542 5315
3542 8204
3543 3607
3543 9006
3543 9195
3544 8677
3544 8840
3545 7160
3546 5178
3546 9709
3547 3698
3547 3765
3547 6909
3548 4389
3549 6803
3549 8943
3549 9461
3550 3644
3550 3701
3550 3914
3550 6112
3550 6637
3550 9114
3552 7906
3552 9626
3553 4144
3553 7477
3553 8382
3554 3732
3554 3808
3554 4125
3554 4833
3554 6076
3554 7074
3554 9484
3555 5295
3555 6701
3555 9196
3556 8985
3556 9936
3557 4581
3557 5306
3557 7749
3557 8393
3557 9095
3557 9468
3557 9727
3557 9778
3558 5662
3558 8102
3559 6200
3559 7546
3560 5860
3560 6105
3560 6886
3560 7870
3561 6362
3561 6597
3564 7473
3564 7984
3564 9603
3565 5577
3566 4740
3566 8110
3567 7306
3567 9728
3568 3946
3568 7215
3568 7955
3569 5315
3569 5455
3569 7798
3569 9870
3570 4951
3570 5374
3570 7570
3571 3921
3571 4442
3571 6783
3571 9548
3572 7308
3572 8328
3572 8770
3572 9975
3573 9029
3574 3595
3574 4393
3574 6324
3575 3975
3575 4798
3576 9800
3577 5771
3578 3585
3578 3601
3578 5340
3578 7877
3579 4189
3579 4215
3579 7581
3579 8874
3579 9182
3580 3905
3580 4698
3580 8335
3581 3721
3581 7385
3581 8136
3581 8255
3581 8637
3582 4487
3583 3725
3583 3976
3583 7727
3583 8170
3583 8708
3584 8975
3585 4487
3585 5260
3585 5688
3585 7818
3586 5039
3586 8470
3586 9254
3586 9347
3587 8382
3588 8164
3588 9319
3589 7826
3590 7599
3590 7947
3590 8678
3590 9124
3590 9772
3591 5553
3591 7017
3592 5525
3592 6393
3592 6947
3593 4158
3593 8259
3593 8466
3593 9115
3594 5250
3594 6396
3595 5662
3595 7205
3595 8798
3596 4857
3596 6706
3596 7646
3596 8362
3597 8541
3597 8890
3598 6408
3599 8257
3599 8535
3599 8733
3599 9982
3600 5338
3600 8118
3601 4690
3602 5044
3602 8973
3602 9756
3603 4580
3603 4850
3603 5477
3603 8527
3603 9669
3604 5184
3604 8078
3605 6546
3606 3933
3606 8430
3606 9965
3607 7851
3608 5181
3609 6545
3609 6552
3610 5215
3610 5429
3610 7473
3610 9504
3610 9837
3611 5975
3611 7263
3611 8546
3612 7992
3613 5615
3614 4330
3614 4778
3614 6685
3614 8480
3614 8982
3615 5627
3615 9248
3616 5256
3616 8083
3616 9505
3616 9597
3617 6606
3618 4010
3618 8149
3619 3696
3619 4766
3619 6438
3620 4143
3620 6471
3620 8123
3620 8854
3620 9487
3621 4833
3621 5288
3621 5722
3621 7369
3622 6742
3624 6060
3624 6641
3624 6916
3624 8695
3625 3967
3625 6667
3625 8306
3625 8327
3625 8891
3626 4711
3626 6674
3626 6939
3626 9544
3627 4739
3627 4802
3627 5594
3628 4091
3628 8463
3628 9764
3629 5303
3629 8384
3629 9016
3629 9587
3629 9633
3630 8619
3632 3993
3632 4589
3632 9104
3633 7834
3633 8667
3633 9260
3634 5544
3634 6193
3634 8140
3634 9879
3635 4987
3635 5409
3635 6535
3635 9173
3635 9236
3635 9463
3636 7069
3636 8941
3637 4991
3637 9065
3638 5201
3639 8262
3639 8503
3640 8288
3641 4553
3642 4045
3642 4260
3642 4491
3642 4941
3642 9863
3643 3702
3643 4798
3643 6605
3643 6616
3643 7778
3643 7794
3644 3670
3644 8175
3644 9445
3645 6620
3645 7747
3645 8054
3647 4698
3647 5531
3648 4875
3649 4994
3649 6546
3649 6775
3649 7623
3650 6006
3650 6947
3650 9793
3651 7102
3652 5114
3652 7444
3652 8446
3653 5694
3653 9611
3655 3742
3655 6609
3655 7146
3655 8731
3656 5707
3656 7504
3657 3745
3657 5650
3657 6471
3657 7012
3657 7675
3658 3734
3658 3920
3658 6292
3659 3771
3659 6370
3660 5073
3660 5738
3661 4739
3661 7327
3662 6431
3662 8450
3662 8683
3663 7523
3664 6769
3665 4303
3665 5663
3665 6935
3665 7375
3665 8746
3667 4061
3667 8943
3668 4754
3668 4839
3668 9237
3669 6381
3670 4211
3671 5941
3671 8988
3672 3784
3672 5403
3672 5864
3673 4298
3673 6866
3674 7737
3676 4105
3676 5275
3676 6469
3676 6939
3676 8438
3678 6116
3678 7259
3679 5199
3679 5690
3679 7715
3680 4233
3681 4830
3682 4322
3682 9908
3683 6656
3683 6706
3683 8067
3683 8101
3683 9660
3684 4274
3684 4459
3684 7772
3684 8113
3684 8474
3684 8794
3684 9748
3685 6332
3687 6862
3687 7850
3690 4966
3690 6445
3690 6558
3690 7712
3690 7985
3691 3964
3691 4609
3691 7707
3691 8383
3691 9479
3692 3731
3692 4485
3692 7746
3692 9493
3693 5046
3693 5061
3693 8716
3693 9005
3694 5845
3694 6845
3694 8257
3695 4767
3695 6202
3695 6480
3695 9996
3696 4033
3696 4163
3696 4343
3696 6558
3697 6690
3697 7585
3697 9027
3698 9587
3699 5859
3699 7117
3699 8177
3699 9955
3699 9975
3700 4542
3700 7637
3701 7050
3702 4400
3702 9138
3703 4293
3703 7026
3704 4555
3704 5040
3704 5984
3705 5586
3705 6429
3706 4102
3706 5567
3706 6320
3706 7480
3707 4239
3707 5120
3707 7694
3707 8170
3707 8643
3708 7602
3709 6004
3709 8050
3709 8221
3709 8491
3709 8590
3710 3935
3710 6832
3710 9564
3711 5116
3711 5260
3711 8656
3711 9395
3712 6746
3713 5072
3714 4396
3714 6568
3714 9302
3714 9435
3715 4525
3715 6406
3715 9708
3716 7417
3717 4051
3717 5727
3718 7994
3718 9724
3719 4490
3719 4842
3719 9769
3720 5811
3720 9100
3721 4274
3721 9088
3722 8301
3723 5455
3723 7273
3724 4074
3724 5032
3724 6974
3725 3952
3725 5235
3725 5396
3725 6271
3725 7350
3726 4304
3726 4673
3726 8623
3727 4975
3728 5349
3728 9678
3729 5901
3729 9947
3730 4336
3730 7332
3730 7787
3731 3892
3731 3977
3731 4954
3731 6185
3731 8773
3732 4766
3732 5136
3732 5290
3732 6641
3732 8242
3733 4709
3733 7416
3733 8648
3733 10000
3734 4674
3734 5332
3735 4953
3736 5903
3736 5979
3737 5196
3737 8033
3738 9431
3739 5805
3740 5871
3740 6016
3741 4525
3741 6366
3741 8231
3741 8966
3741 9032
3742 4847
3742 9867
3743 6422
3744 4172
3744 4335
3744 4537
3744 6546
3744 7184
3745 5375
3746 4516
3746 6863
3746 9702
3747 4129
3748 4270
3748 4976
3748 6465
3749 4564
3749 4567
3750 6031
3750 8969
3750 9178
3751 7561
3752 6638
3752 7700
3752 8097
3752 9240
3752 9435
3752 9475
3752 9684
3753 6402
3753 7447
3753 7474
3754 5625
3754 7742
3754 7958
3755 5664
3755 7573
3755 7965
3756 3956
3756 4069
3756 7757
3756 8630
3758 5648
3758 8425
3758 8503
3758 9153
3759 7286
3761 5115
3761 5559
3761 6015
3761 7685
3762 4783
3762 6332
3762 6421
3762 6771
3763 5408
3763 6627
3763 6798
3763 7237
3764 3862
3764 5165
3765 3977
3766 4053
3766 4534
3766 4941
3766 5291
3766 9927
3767 9027
3767 9752
3767 9778
3768 7774
3768 8070
3769 5216
3769 5358
3769 6435
3769 7436
3769 9726
3770 6711
3770 8126
3771 6141
3771 9211
3771 9752
3772 6676
3773 5846
3773 8373
3774 4042
3774 5188
3775 5423
3775 6202
3775 6880
3776 6901
3777 7620
3777 8520
3778 4669
3778 6536
3779 5131
3779 8753
3779 9919
3780 4099
3780 5019
3780 7438
3780 7648
3780 7847
3781 4377
3781 4599
3781 5017
3781 5440
3781 9033
3781 9688
3783 6889
3784 5766
3784 6571
3784 7544
3784 8268
3785 6300
3786 3876
3786 5348
3786 6855
3786 7370
3786 7820
3786 8514
3786 8799
3787 6683
3787 6949
3788 9735
3789 3873
3789 7617
3789 8658
3789 9008
3791 4998
3791 6800
3792 5143
3793 8965
3794 4343
3794 6924
3794 8306
3795 4290
3795 7299
3795 8083
3796 4153
3796 5603
3796 6668
3796 7558
3797 5139
3797 6050
3797 6823
3797 7537
3798 3834
3798 4718
3798 9035
3798 9418
3799 5230
3799 7374
3799 9823
3800 6678
3800 7147
3800 8416
3800 9428
3801 6326
3802 4044
3802 4340
3802 6636
3802 9125
3802 9954
3803 6945
3804 4079
3804 9791
3805 4228
3806 3911
3806 6497
3806 9007
3806 9231
3807 5599
3807 8218
3808 4826
3808 7519
3809 6768
3809 7029
3810 9222
3811 5494
3811 7885
3812 4603
3813 4860
3814 4088
3814 6979
3814 9396
3815 5008
3815 6718
3816 4360
3816 4698
3816 6757
3816 7525
3816 8682
3817 6438
3817 7299
3817 8639
3818 4769
3818 5818
3819 8373
3819 9194
3820 7095
3820 8802
3821 5279
3821 6279
3821 6984
3822 3889
3822 6642
3822 9830
3823 9297
3824 5906
3825 4047
3825 9671
3826 7739
3826 7784
3826 8393
3827 6507
3828 7290
3828 8920
3829 4808
3829 4820
3829 7832
3830 5050
3830 5676
3830 7674
3830 8053
3830 8464
3830 9620
3832 6335
3832 8264
3833 6692
3834 4501
3835 5632
3836 4294
3836 5027
3837 4275
3837 7311
3837 8104
3837 9188
3837 9753
3839 5309
3839 5827
3839 8232
3840 7402
3841 4756
3841 5480
3841 6089
3841 8945
3842 5047
3842 7194
3843 4472
3843 8993
3844 3855
3844 4962
3844 6487
3844 8869
3845 3937
3845 5197
3845 6901
3846 7896
3846 8804
3847 4355
3847 6702
3847 8375
3848 7103
3848 7745
3848 8087
3849 4011
3849 6997
3849 7251
3850 4198
3850 4391
3850 5323
3850 6673
3850 9445
3851 4548
3851 7308
3853 4132
3853 6276
3853 6779
3853 6918
3853 8920
3854 5215
3854 5408
3854 7876
3854 8750
3855 5148
3855 5630
3855 5907
3855 9995
3856 8470
3857 4093
3857 4422
3857 7129
3857 7611
3857 8443
3857 9228
3858 6337
3859 4739
3859 6864
3859 7893
3860 4441
3860 4446
3861 4726
3863 6206
3863 6570
3864 5152
3864 5495
3864 7164
3864 7272
3864 8445
3865 5956
3865 9943
3866 3888
3866 3970
3866 8899
3867 4231
3867 5332
3867 7146
3867 9917
3868 5504
3869 4484
3869 6822
3869 8516
3870 6266
3871 4237
3871 6514
3871 8437
3872 4057
3872 5716
3872 9516
3873 4088
3873 5031
3873 9039
3874 4742
3874 6102
3874 6721
3874 9558
3875 7246
3875 7704
3875 8025
3876 6769
3877 7606
3877 9868
3878 3908
3880 3999
3880 5594
3880 7601
3881 5814
3881 8471
3882 7296
3882 7440
3883 4904
3883 5187
3883 5414
3883 6215
3883 7631
3884 4375
3884 5566
3884 8214
3884 9586
3885 7399
3886 5386
3886 5754
3887 4364
3887 4733
3887 7983
3889 9127
3890 9038
3891 3896
3891 8054
3891 8720
3892 5822
3893 6601
3894 8135
3895 6978
3896 5794
3896 5831
3896 7573
3898 5091
3898 5368
3898 6478
3898 9820
3898 9965
3899 7894
3900 4249
3900 5361
3900 7743
3901 6291
3901 7192
3901 8489
3902 5005
3902 7054
3902 8112
3903 4922
3903 7189
3904 6986
3904 9675
3905 4096
3905 6374
3905 6459
3905 7505
3905 9301
3906 5292
3906 7335
3906 8225
3906 9818
3907 5968
3907 7293
3908 4169
3908 5772
3908 9071
3908 9935
3909 4583
3909 6147
3909 6883
3909 9249
3911 7343
3911 8737
3911 8822
3912 5794
3912 8186
3912 9794
3913 4449
3913 6164
3914 4562
3914 4714
3914 7224
3915 8053
3916 6175
3916 6192
3917 4675
3917 6862
3917 7742
3917 9188
3918 8641
3919 7747
3922 7150
3923 5026
3923 8867
3924 8861
3926 9592
3927 4894
3927 6104
3927 6756
3927 7317
3927 9248
3928 4573
3928 6575
3928 9418
3930 6250
3930 6406
3930 7617
3931 6494
3931 6945
3931 7178
3931 8852
3933 8241
3933 8451
3933 9858
3934 9536
3937 9995
3938 5953
3939 4501
3939 5757
3940 5702
3940 9643
3941 6408
3942 4631
3942 4636
3943 4095
3943 4864
3943 7697
3944 4729
3945 4542
3946 7197
3946 8705
3947 5542
3947 7455
3947 7542
3948 8027
3948 8911
3950 4494
3950 5913
3950 6331
3950 7818
3951 5081
3951 5203
3951 7040
3952 4776
3952 6932
3952 7243
3952 7450
3952 8885
3953 3989
3953 4798
3953 5448
3953 8611
3953 9477
3954 4287
3954 4463
3954 6660
3955 5228
3955 5787
3955 5802
3955 8774
3955 9286
3956 7540
3957 6494
3957 8665
3957 8926
3958 4331
3958 5225
3958 6819
3959 5834
3960 7711
3961 4454
3961 6723
3961 8016
3961 9579
3962 5887
3962 5929
3962 6989
3963 4673
3963 5039
3963 5535
3963 5824
3963 7983
3963 8840
3964 4258
3965 6200
3965 7304
3965 8242
3966 5669
3966 5997
3966 8326
3967 4623
3967 5461
3968 4473
3968 5793
3968 6041
3968 6683
3970 6024
3971 5087
3971 6796
3971 9079
3972 4801
3972 6986
3973 4429
3973 5457
3973 7726
3973 9010
3973 9219
3974 5192
3974 8646
3975 6538
3976 7797
3976 8401
3976 8776
3977 4227
3977 5767
3977 6129
3977 9273
3978 7777
3979 4069
3980 4485
3981 4807
3981 6370
3981 7961
3982 8470
3983 4990
3983 9070
3985 4985
3985 9835
3986 3991
3986 4237
3986 8904
3987 4570
3987 5180
3987 5908
3987 8754
3987 8974
3987 9486
3988 5953
3988 7079
3989 4886
3989 9838
3989 9885
3990 8067
3992 6781
3993 4245
3993 5401
3993 9024
3994 5962
3995 6689
3995 7841
3996 5007
3996 5291
3996 6248
3996 9206
3997 9025
3997 9602
3998 4235
3998 7145
3999 5106
3999 7300
4000 4400
4000 8508
4001 4782
4002 6307
4002 7113
4003 6448
4004 4210
4005 5593
4006 4468
4006 5721
4006 7495
4007 4261
4007 4986
4007 6375
4007 9943
4008 8403
4008 9369
4009 5372
4010 4013
4010 4771
4010 5734
4010 5798
4010 8785
4012 7362
4012 7971
4014 5900
4014 7026
4016 4959
4016 5351
4016 8583
4017 5717
4017 9415
4017 9514
4018 4881
4018 6901
4019 7764
4020 7544
4021 5666
4021 7597
4021 9827
4021 9896
4022 6128
4023 4313
4024 8268
4024 9371
4025 4098
4025 5920
4025 6176
4025 6973
4026 6624
4027 7328
4027 7488
4027 9700
4028 7818
4028 8630
4029 6744
4029 7444
4030 6352
4030 6462
4030 8141
4030 8804
4030 9379
4031 8278
4031 8681
4031 9337
4032 9138
4033 4756
4033 5919
4033 7730
4034 5205
4034 7086
4034 9320
4035 5049
4035 6092
4036 4302
4036 6461
4036 7311
4036 9648
4036 9674
4037 4916
4037 6101
4037 7146
4037 8012
4037 8083
4037 8153
4037 9850
4038 4176
4038 4834
4040 6236
4040 7507
4040 9390
4040 9852
4041 4393
4041 8415
4042 7458
4043 6844
4043 7836
4043 7900
4043 9120
4044 5327
4044 6477
4045 4085
4045 6388
4046 4507
4046 5337
4046 6607
4046 7708
4047 6832
4047 7817
4048 4113
4048 5261
4048 5355
4048 6191
4048 7742
4049 4740
4049 9367
4050 6739
4050 8792
4052 5618
4052 6662
4052 9823
4054 5402
4054 5540
4054 7912
4055 5827
4055 6719
4056 4228
4056 8149
4056 8860
4056 9229
4057 4159
4057 4954
4057 5138
4057 8892
4058 6207
4059 8087
4060 4518
4060 9502
4061 4073
4061 7005
4061 7009
4062 8969
4062 9761
4062 9940
4063 5404
4063 7742
4063 8794
4063 9467
4064 7947
4064 8534
4065 4928
4065 5608
4065 6105
4065 7459
4065 8260
4065 8317
4065 9082
4065 9110
4065 9616
4066 5919
4067 5755
4067 5984
4067 6642
4067 7388
4068 5445
4068 5488
4069 4781
4069 5518
4069 7522
4069 9020
4070 4597
4071 6981
4072 6189
4072 6314
4072 8445
4073 6175
4073 9259
4073 9676
4074 7688
4074 7756
4075 4420
4076 6790
4076 8203
4076 8660
4077 5808
4077 8709
4077 9417
4077 9694
4078 4159
4078 9943
4079 5590
4079 6116
4079 7807
4079 8680
4080 4346
4080 7745
4081 6089
4081 6880
4082 5723
4082 6018
4082 6753
4083 5217
4083 6069
4083 9948
4084 4700
4084 6180
4084 8919
4084 9272
4084 9831
4085 5276
4085 6448
4086 7831
4086 7938
4087 6554
4087 9628
4088 7096
4088 8277
4089 5594
4089 6491
4090 7418
4091 6026
4091 6619
4092 4219
4092 5634
4094 4565
4094 4996
4094 7077
4095 4731
4095 5044
4095 6880
4095 8564
4096 4533
4096 4558
4096 5669
4096 6567
4096 8585
4097 4234
4098 7091
4098 7613
4098 8560
4098 9130
4099 5922
4099 6944
4099 8719
4099 9531
4100 5513
4100 7488
4100 7604
4100 8008
4100 9918
4100 9980
4102 5354
4102 6985
4102 7735
4102 8285
4102 9044
4104 4276
4104 4499
4105 7189
4105 8483
4105 9552
4106 9347
4107 5934
4107 5962
4107 8193
4107 8636
4110 4460
4110 4851
4110 7526
4111 5268
4111 7049
4112 8009
4113 4454
4113 4989
4113 9183
4114 6931
4114 7764
4115 5623
4115 9181
4115 9486
4116 7986
4117 6046
4117 6324
4117 6478
4117 6845
4117 8971
4118 6358
4118 8513
4119 8551
4121 4240
4121 5273
4123 5065
4123 5641
4123 6914
4123 8936
4124 5642
4125 7464
4125 7486
4125 7546
4127 5549
4127 6419
4127 8146
4127 8997
4127 9412
4128 4743
4128 6947
4130 6067
4130 6244
4130 9659
4130 9788
4132 8364
4133 7003
4134 7668
4134 8265
4135 6589
4135 6684
4136 4549
4136 6954
4136 6988
4137 6053
4137 9450
4138 8459
4139 5108
4139 7696
4139 7848
4140 6226
4140 9901
4142 7195
4142 7563
4143 4391
4143 9382
4144 5810
4144 6474
4145 4772
4145 9069
4145 9751
4145 9817
4146 5949
4146 8312
4148 5293
4148 6674
4148 7836
4148 9145
4149 5621
4149 6937
4149 8015
4149 8119
4150 4730
4151 5723
4152 6440
4152 6731
4153 6309
4153 8789
4153 9135
4153 9794
4154 9695
4155 4308
4155 6022
4155 8383
4155 9376
4155 9890
4156 8381
4156 9146
4157 8062
4157 9880
4157 9973
4158 4606
4158 6043
4158 6900
4158 7016
4158 8145
4159 6160
4161 5878
4161 7214
4161 8342
4162 4268
4163 6145
4163 9803
4164 7865
4164 9628
4165 5217
4165 5251
4165 7247
4165 9380
4166 4273
4167 5509
4167 7747
4168 4657
4169 5717
4169 7919
4170 6421
4171 9660
4172 5944
4172 6792
4172 7412
4172 9422
4173 6836
4173 9082
4175 7332
4176 7454
4177 7940
4178 4776
4178 5050
4178 8834
4178 9022
4178 9970
4180 4207
4180 5697
4180 7924
4181 9444
4182 6511
4182 7095
4183 4963
4183 7172
4183 8455
4184 9852
4185 6236
4185 6417
4186 5279
4186 7098
4186 9575
4188 6054
4188 6895
4188 8502
4189 5225
4190 7523
4190 7748
4190 9793
4191 5464
4191 5760
4191 7598
4191 8060
4191 9935
4192 6404
4192 7557
4192 7911
4192 8339
4192 9236
4193 5589
4193 5989
4193 7173
4194 4815
4194 5708
4194 7230
4194 7309
4194 7790
4195 4454
4196 4279
4196 7818
4196 8196
4197 4220
4197 4459
4197 4986
4197 6571
4197 9503
4198 4747
4199 9434
4200 5799
4200 6855
4200 7073
4200 7520
4201 9307
4203 6693
4203 7343
4203 9158
4204 8088
4205 9409
4206 4853
4206 5427
4206 6719
4206 7200
4206 8612
4207 4612
4207 4883
4207 8052
4207 8088
4207 9777
4208 5563
4208 5644
4208 6115
4209 6794
4209 9833
4209 9993
4210 5892
4210 9708
4211 4281
4211 8551
4212 8542
4212 9570
4213 7495
4214 6885
4214 7781
4214 7806
4215 7028
4215 7098
4216 4494
4216 5508
4216 9894
4217 9471
4218 5765
4218 7551
4218 8564
4219 7081
4219 9207
4220 4499
4220 6026
4221 4274
4221 8500
4222 8378
4223 7237
4224 5294
4224 6573
4224 8110
4224 8522
4225 5319
4225 6425
4226 6347
4226 8039
4226 9624
4227 5191
4227 8655
4228 5481
4228 6917
4228 7371
4228 7991
4228 8365
4228 8383
4229 5630
4229 6904
4230 5227
4232 5862
4232 7421
4233 4674
4233 6788
4233 9727
4234 9891
4235 4688
4235 5224
4235 8855
4236 9843
4237 4899
4237 5628
4237 7077
4237 8288
4237 8963
4237 9225
4238 6165
4238 8657
4239 8265
4240 5559
4240 8004
4241 7953
4241 9910
4242 4359
4242 7741
4242 9266
4243 5490
4243 7876
4244 7722
4244 8080
4245 8644
4246 4310
4247 6383
4247 9631
4249 6951
4249 9518
4251 5428
4251 7213
4252 4714
4252 6492
4252 7700
4252 8343
4253 7060
4253 9900
4254 5111
4254 9416
4255 6793
4255 7487
4257 5587
4257 9486
4257 9647
4258 4428
4258 9170
4259 8310
4259 8405
4259 8601
4259 9844
4259 9971
4260 9675
4261 9259
4261 9441
4262 4696
4262 5856
4262 6335
4262 6861
4263 5839
4264 6600
4264 9733
4265 4321
4265 6406
4265 6923
4265 8581
4266 6924
4266 6989
4266 8041
4267 6800
4267 7077
4268 4683
4268 8014
4268 8359
4269 4327
4269 4636
4269 6767
4269 8863
4270 5241
4270 5564
4270 5570
4270 5877
4270 7996
4272 5737
4272 5766
4272 8861
4273 5783
4273 8224
4274 4990
4275 4972
4276 7108
4277 7428
4278 5337
4279 5816
4279 6030
4279 8513
4279 8919
4279 9271
4280 5524
4281 6926
4281 7381
4281 9632
4282 6282
4282 7663
4283 7581
4283 7588
4283 8088
4285 4678
4285 5711
4285 9033
4285 9982
4286 6669
4286 8395
4287 7450
4288 5041
4288 6847
4288 7469
4288 7828
4289 8748
4291 5621
4292 6312
4292 6593
4292 7497
4293 5472
4293 8036
4293 8265
4293 8361
4294 8498
4295 5281
4295 7054
4295 7923
4295 8208
4295 8442
4296 8127
4297 8158
4297 8212
4298 4814
4298 6802
4298 7338
4298 9801
4299 5751
4300 6777
4300 6846
4302 7320
4302 9297
4302 9907
4303 8363
4304 5337
4304 9943
4305 4722
4306 5816
4307 4445
4308 5905
4308 6522
4309 4778
4309 7226
4310 5276
4311 7940
4312 7100
4312 9746
4312 9757
4313 6200
4313 9040
4313 9511
4314 7582
4315 5168
4315 5308
4315 5956
4316 9121
4317 6949
4317 8038
4317 8146
4318 7699
4319 5821
4319 7807
4321 4346
4321 5343
4321 7035
4322 6790
4322 6855
4322 6911
4322 7248
4323 5517
4323 7719
4323 7745
4323 8151
4323 9478
4324 6499
4324 7064
4325 5465
4326 7763
4326 8107
4326 9063
4327 5773
4327 8297
4328 7544
4328 9774
4329 4400
4330 4810
4330 4946
4330 8085
4331 7210
4331 9786
4332 7540
4334 4764
4334 5393
4334 6731
4334 6854
4334 7838
4334 8063
4335 6229
4335 6646
4335 6731
4335 7847
4337 4490
4337 7214
4337 9415
4337 9631
4338 4379
4338 6170
4338 6368
4338 9975
4339 8279
4343 8132
4343 8977
4344 6148
4344 7429
4345 4949
4345 5414
4345 5438
4345 6609
4345 6775
4345 6918
4345 7453
4346 5582
4346 6470
4346 7493
4346 9271
4347 5958
4347 6631
4347 9402
4348 8093
4349 8071
4350 4767
4351 4970
4351 5262
4351 6083
4352 5125
4352 5611
4352 5877
4352 7555
4355 5672
4355 6705
4355 8689
4355 9680
4357 4446
4357 7068
4357 9424
4358 9078
4359 7834
4359 9662
4360 5349
4360 6823
4360 8305
4361 5807
4361 6897
4361 7722
4361 9564
4362 4368
4363 5505
4363 7216
4363 8177
4364 5707
4364 8396
4365 6689
4365 9946
4366 6600
4366 6695
4366 6744
4366 8611
4366 9226
4367 9581
4368 9408
4370 5452
4370 8049
4370 8915
4371 5310
4372 5144
4374 6738
4375 4804
4375 5399
4375 6408
4375 7248
4375 8293
4376 6765
4376 9823
4376 9834
4377 4893
4378 4832
4378 9483
4379 8502
4379 8950
4380 5018
4380 5744
4380 8117
4381 8051
4381 8155
4382 4595
4382 8846
4382 9478
4383 5198
4383 8867
4383 9320
4384 5698
4384 5741
4384 6143
4384 6322
4384 6414
4384 8460
4385 5285
4386 5121
4386 8230
4387 5202
4387 8495
4390 6742
4390 8067
4391 6444
4391 9028
4392 4571
4393 6214
4394 8122
4394 8991
4395 8924
4395 8949
4395 8993
4396 8568
4397 7387
4397 8598
4398 4410
4398 6028
4399 4656
4399 6404
4399 7094
4400 5933
4400 8855
4400 8989
4400 9699
4401 5846
4401 6056
4401 6448
4401 6492
4401 9161
4401 9611
4402 4864
4402 8918
4403 9393
4404 5430
4404 7031
4404 8962
4404 9342
4405 5267
4405 7647
4405 9201
4406 5126
4406 6599
4406 7057
4406 7680
4406 8896
4407 5043
4408 7069
4408 7734
4409 5440
4409 6305
4409 7300
4410 4872
4410 4983
4410 7502
4410 9223
4411 4605
4411 5127
4412 7465
4413 6297
4414 7743
4414 9358
4415 9560
4415 9798
4416 7919
4417 5022
4417 5399
4417 6588
4418 4613
4418 5123
4418 7854
4418 9417
4418 9519
4419 7796
4420 5019
4421 8475
4421 9384
4422 8434
4423 6285
4423 8243
4423 9099
4423 9492
4424 4645
4424 8449
4424 9749
4425 9047
4426 4451
4426 4845
4426 5166
4426 8298
4427 6585
4427 7411
4427 7412
4427 8468
4428 5506
4428 6673
4428 8684
4428 8824
4429 4603
4429 5016
4429 7261
4429 8710
4429 9236
4430 8512
4431 4623
4431 7804
4431 8633
4431 8917
4432 5140
4432 6272
4432 9195
4433 6694
4434 4785
4434 7056
4434 7549
4435 9721
4436 7351
4437 9174
4438 8693
4438 9061
4438 9624
4439 5088
4439 7382
4440 4853
4440 6424
4441 7690
4441 8649
4441 9890
4442 7505
4442 9880
4443 7589
4443 9951
4444 8529
4445 4584
4445 4758
4446 5424
4446 5517
4446 7070
4446 7113
4447 4757
4447 4769
4447 7674
4448 7595
4448 7909
4448 7996
4448 8545
4449 6516
4450 4698
4450 6252
4450 7896
4450 9653
4450 9799
4452 6768
4452 8669
4452 8941
4452 9545
4452 9674
4453 5020
4453 5519
4453 5763
4453 6409
4453 8400
4454 4835
4454 4929
4455 5306
4455 7384
4455 7535
4455 9695
4456 7479
4456 8671
4456 9534
4457 4536
4457 7488
4459 6235
4459 7068
4460 5761
4460 8723
4460 9774
4461 4804
4461 8173
4461 9422
4462 5770
4462 6260
4462 7444
4462 9566
4463 8518
4464 5152
4464 9667
4465 6148
4465 7654
4466 6657
4466 6914
4466 6994
4467 8415
4467 9526
4468 6319
4468 6973
4468 7458
4469 4659
4470 4704
4471 5515
4471 9195
4471 9539
4472 8110
4472 8428
4473 5046
4474 5156
4475 9982
4476 7364
4476 8050
4477 5395
4477 7194
4478 5236
4479 8272
4481 4485
4481 6333
4481 7302
4481 8819
4482 5533
4482 7269
4482 8336
4482 8354
4483 5244
4484 6315
4484 6586
4484 8376
4484 8402
4486 6037
4486 7025
4486 9227
4486 9800
4487 4685
4487 9215
4488 8013
4488 8824
4488 9958
4489 5661
4489 6618
4489 8052
4489 8257
4489 9213
4490 5906
4490 7569
4491 5071
4491 6006
4491 6426
4491 7332
4491 7381
4491 8178
4492 5095
4493 7384
4493 8812
4494 5459
4494 8962
4495 4665
4495 5635
4495 8203
4496 7160
4496 7576
4497 4729
4497 5093
4497 6580
4497 8291
4498 4503
4498 6004
4499 6568
4499 7465
4499 9443
4500 7366
4502 7588
4502 8742
4503 6097
4503 7460
4504 9745
4506 6366
4507 6968
4507 9654
4509 8074
4509 8373
4509 9124
4509 9685
4510 6678
4510 7022
4510 8727
4510 9017
4513 4700
4513 5737
4513 7641
4513 8663
4516 8326
4517 4795
4517 5337
4518 4601
4518 4904
4519 5604
4520 8359
4521 5506
4521 8450
4521 9957
4522 8559
4522 9720
4523 6871
4523 9085
4523 9417
4524 7471
4524 7494
4525 4646
4525 4742
4525 9692
4526 6294
4526 7313
4526 9295
4528 8271
4528 9489
4529 6840
4529 7700
4531 5649
4532 9863
4533 6887
4533 7358
4534 6828
4534 7242
4535 9748
4536 6889
4537 5084
4537 7213
4538 6241
4538 7747
4540 5787
4541 7032
4541 8819
4543 6676
4543 8515
4543 9593
4544 5296
4544 6421
4544 7289
4544 7304
4545 4862
4545 7887
4546 5223
4546 5452
4547 9752
4549 9459
4550 6001
4554 5894
4554 8229
4554 9568
4555 5403
4555 9865
4556 4829
4557 6170
4557 8323
4557 9991
4558 7050
4558 8313
4558 8423
4558 9005
4560 4883
4560 6986
4561 6747
4561 7327
4561 7604
4561 9032
4561 9518
4562 5252
4562 6741
4563 7478
4564 7361
4564 9797
4565 8078
4567 6140
4567 7358
4567 9054
4567 9999
4568 9350
4569 5739
4569 7588
4569 8347
4570 5716
4570 5719
4570 6255
4570 6324
4571 8436
4572 9606
4573 5534
4573 8396
4573 8595
4574 5712
4575 6117
4575 6424
4576 5394
4576 6987
4577 5454
4577 8306
4580 5831
4580 6405
4580 7282
4581 6235
4581 8967
4582 4801
4582 6426
4584 5576
4584 6581
4584 9067
4585 7535
4585 7856
4585 8298
4586 4943
4586 8126
4586 8300
4586 9171
4587 5664
4587 5749
4588 8052
4588 8260
4589 6607
4589 6953
4590 4913
4590 9278
4591 6037
4593 4861
4593 5729
4593 9717
4594 4786
4594 7392
4594 9540
4594 9618
4594 9731
4595 5864
4595 6139
4595 8846
4595 9517
4596 5440
4596 6230
4596 8876
4596 9576
4597 7340
4597 9516
4597 9704
4598 8155
4598 8631
4599 9596
4601 9864
4602 4821
4602 8177
4602 8839
4603 4646
4603 5628
4603 7774
4603 8114
4604 9847
4605 6262
4605 8158
4606 5012
4606 6121
4607 7221
4608 5637
4608 5837
4608 8888
4610 5349
4610 7033
4610 7095
4610 7692
4610 7722
4611 7496
4611 9149
4612 5740
4612 6752
4612 8298
4613 9437
4614 7192
4614 9513
4615 7329
4616 7954
4616 9047
4617 7814
4618 5477
4618 7650
4619 4779
4619 5550
4619 8373
4620 6430
4621 6446
4621 9865
4624 7085
4624 8810
4624 8906
4624 9236
4624 9893
4625 7971
4626 8747
4627 5162
4627 9489
4627 9493
4629 5248
4629 8107
4630 5892
4630 7391
4630 8353
4630 9312
4630 9595
4632 4930
4632 8601
4632 9021
4633 5003
4633 7477
4634 6178
4634 6497
4634 8215
4635 7389
4636 6334
4636 7069
4637 5629
4637 9973
4638 6186
4638 8403
4638 8450
4639 6181
4639 6203
4639 8063
4640 5101
4641 5325
4641 7794
4642 7236
4643 6705
4643 7045
4643 8509
4644 4910
4644 6172
4644 7253
4645 5633
4645 7933
4646 5229
4646 7423
4646 9482
4647 5937
4647 7399
4649 7011
4650 5825
4650 6598
4651 4669
4651 5879
4651 8832
4651 9104
4652 4924
4652 5275
4652 8233
4652 8907
4653 8539
4653 8720
4653 9189
4654 8899
4655 4803
4655 6736
4655 7737
4655 7856
4655 8883
4655 9146
4656 6480
4656 9251
4657 6218
4657 6400
4657 9027
4658 5120
4658 8523
4658 8548
4659 5319
4659 9854
4660 7379
4660 7876
4660 8988
4660 9353
4661 6264
4661 7832
4663 5363
4663 8982
4665 8044
4666 9962
4667 5033
4667 7572
4667 7658
4667 9054
4667 9712
4669 4850
4669 6375
4669 7255
4669 7403
4669 8863
4670 5889
4670 7444
4670 8347
4670 9424
4671 5253
4671 6156
4671 8005
4672 5319
4673 7173
4673 8375
4673 9621
4674 8605
4675 4727
4675 7198
4676 6962
4676 9697
4677 4860
4678 9254
4679 4916
4679 6191
4679 8479
4680 9131
4681 9201
4682 6029
4682 7177
4682 7573
4682 8459
4683 4746
4684 9240
4685 6835
4685 6981
4685 8163
4686 6942
4687 8888
4688 4733
4688 5660
4688 6563
4689 4881
4689 6244
4689 8599
4691 4826
4691 7144
4691 9151
4691 9524
4693 5594
4693 8280
4694 7178
4694 8512
4694 8637
4694 8787
4696 4698
4696 9580
4696 9628
4697 5181
4697 8783
4697 9166
4697 9793
4697 9962
4698 5801
4698 6649
4699 4729
4699 6026
4699 6859
4701 7770
4701 9449
4702 5542
4702 9783
4703 7624
4703 9760
4704 5671
4705 4966
4705 6785
4705 7691
4705 8132
4706 7585
4707 9642
4708 7722
4710 6583
4710 6595
4710 6604
4710 6790
4710 7819
4710 8166
4711 5942
4712 9583
4713 5307
4713 6636
4713 6765
4714 6054
4714 6195
4714 7745
4714 8483
4714 8804
4715 5601
4715 5771
4718 6827
4718 7182
4718 8586
4718 8777
4719 5351
4719 8222
4720 6178
4720 6698
4721 5004
4721 6654
4721 8689
4721 8807
4721 9454
4722 5927
4722 8550
4723 9086
4723 9767
4723 9990
4724 7780
4724 9700
4725 6262
4725 6682
4725 6839
4725 8553
4726 5505
4726 7483
4726 7951
4726 8122
4727 7242
4727 9079
4728 8815
4729 5882
4729 6571
4729 7349
4729 7534
4730 7987
4732 8039
4733 5178
4733 6476
4733 7552
4733 8875
4734 5038
4734 6527
4734 7375
4734 8677
4734 9065
4735 5506
4736 5662
4736 6022
4736 7115
4737 9600
4738 6993
4738 7159
4740 7331
4740 9361
4740 9996
4741 7224
4742 7107
4742 8362
4743 5595
4743 5768
4743 8270
4743 8494
4743 8901
4743 9252
4744 4938
4744 6023
4744 6301
4746 7481
4746 9910
4747 6644
4747 7004
4747 9453
4748 6317
4748 7898
4749 9056
4750 5586
4750 6146
4750 8978
4751 8193
4752 8710
4753 5371
4753 8518
4753 8944
4755 5345
4755 7012
4756 4907
4756 7537
4757 5488
4757 8759
4758 9833
4758 9919
4759 6664
4759 9827
4760 5292
4760 7179
4760 7817
4761 7820
4761 8383
4763 5525
4763 9381
4764 5035
4765 7573
4765 8420
4766 7387
4766 8487
4766 8568
4766 9235
4766 9938
4767 6933
4767 8903
4767 9660
4768 7821
4769 9508
4770 5093
4770 5895
4770 6045
4770 8764
4770 9507
4772 5439
4772 8706
4772 9977
4773 5700
4773 5814
4773 6927
4773 7275
4773 8028
4773 8613
4774 4917
4774 5850
4774 7381
4774 8899
4775 5312
4775 5546
4775 6730
4775 8900
4776 4782
4776 5310
4776 5660
4776 6031
4776 7237
4776 9563
4776 9882
4777 8679
4777 9499
4778 8841
4780 9920
4781 8268
4781 8829
4781 9283
4782 5120
4782 7379
4783 9185
4784 9992
4785 5671
4785 9012
4786 7089
4786 7165
4786 8267
4786 9329
4787 5239
4787 9306
4788 5703
4789 7226
4789 8201
4791 4898
4791 5916
4791 7255
4791 9475
4791 9747
4792 7297
4792 8143
4792 8465
4793 4798
4793 5199
4793 8448
4794 6275
4794 6940
4795 5435
4795 5762
4795 6455
4795 8084
4795 8760
4795 9232
4796 5320
4796 7270
4797 6910
4797 8417
4797 9430
4799 7895
4799 9424
4800 8557
4802 5824
4802 6900
4803 5159
4803 7186
4804 9464
4805 6976
4805 7619
4806 5249
4807 7795
4808 5276
4808 6913
4808 9458
4809 4917
4809 7362
4810 7047
4810 9096
4811 7150
4812 5875
4812 7122
4813 6464
4816 5834
4816 7073
4817 5389
4817 6254
4817 9183
4818 5284
4818 6291
4818 6587
4819 6683
4820 6872
4821 9164
4822 5244
4822 5905
4823 8196
4824 5217
4824 7683
4825 8832
4826 4957
4826 5789
4826 7529
4826 8080
4827 5879
4827 7467
4827 9677
4827 9878
4828 7840
4829 5963
4829 7526
4830 7768
4830 9058
4831 5184
4832 7553
4832 8769
4832 9278
4833 6061
4833 6648
4834 5093
4834 6443
4834 6600
4835 6313
4836 9768
4837 6191
4837 8145
4839 7812
4839 9149
4839 9548
4840 5209
4840 5441
4840 9965
4841 5675
4841 6726
4841 9550
4842 9090
4843 6177
4843 6913
4843 6990
4844 9731
4845 5718
4845 6452
4845 6874
4845 7929
4845 8249
4846 5411
4846 7473
4847 5961
4847 5965
4848 8702
4849 5315
4849 7989
4850 6133
4850 7577
4850 7738
4852 7602
4852 9375
4853 5562
4853 5888
4854 7870
4856 9035
4857 8017
4858 5092
4858 9202
4859 4981
4859 8648
4860 5951
4860 9743
4860 9810
4861 6775
4861 8464
4861 8560
4862 5016
4862 5838
4862 7878
4863 5497
4863 6610
4864 5622
4864 6159
4864 8624
4865 9903
4866 5663
4866 8460
4866 9088
4867 6070
4867 7664
4867 8065
4867 9807
4868 6087
4868 9160
4868 9774
4869 4945
4869 5346
4870 6575
4871 6331
4871 6803
4871 9781
4872 7754
4872 7921
4873 8807
4873 9317
4874 4956
4874 6428
4874 7041
4874 7889
4874 7983
4874 8024
4875 6861
4875 7082
4875 7137
4875 9039
4876 6870
4876 6946
4878 7997
4878 8043
4878 9644
4878 9709
4879 9045
4880 6962
4880 7970
4881 4962
4881 5145
4881 6852
4881 7824
4881 7964
4881 8890
4882 9431
4883 4933
4883 5011
4883 6844
4883 9628
4884 5681
4884 7724
4884 8433
4885 6970
4885 9152
4886 5660
4886 9258
4888 6018
4888 7773
4888 9102
4888 9386
4888 9644
4889 6249
4889 6344
4889 8174
4889 9112
4890 5733
4890 9692
4891 6805
4891 7217
4891 7477
4892 6080
4892 7732
4893 5385
4893 5886
4893 7445
4893 8231
4894 5332
4894 7920
4896 5163
4896 5316
4896 6566
4897 7465
4897 8021
4897 8313
4898 6900
4899 6376
4899 8503
4900 9770
4901 6849
4901 8505
4902 6105
4902 8334
4902 9973
4903 8160
4903 8199
4904 5384
4904 5386
4904 8936
4905 6607
4907 6916
4909 7190
4909 9170
4910 6008
4910 8040
4910 9086
4911 6432
4911 8295
4911 9778
4912 5196
4912 6040
4912 6347
4912 9363
4913 6053
4913 8239
4913 9322
4914 7401
4914 8289
4915 6135
4915 7615
4915 8604
4915 8793
4917 6724
4917 8027
4918 7674
4918 8178
4918 8923
4919 8795
4919 9885
4920 5412
4921 5239
4921 8434
4922 6704
4922 9585
4922 9975
4924 7776
4925 6094
4925 6429
4925 9397
4926 7111
4926 8247
4926 9251
4927 7650
4927 8396
4928 6362
4928 9233
4929 5842
4930 7519
4931 6037
4931 6724
4931 7223
4931 8168
4931 9979
4932 6609
4932 8534
4932 9059
4932 9298
4933 8101
4934 5186
4934 5746
4934 6112
4934 6245
4934 6798
4935 6168
4937 6362
4939 6880
4940 5152
4940 9307
4941 5426
4941 6031
4941 7053
4941 7934
4941 9082
4942 7657
4942 7697
4943 8497
4944 7276
4945 8649
4945 9693
4947 7420
4947 8761
4947 8996
4948 6568
4948 7650
4948 9174
4948 9246
4949 7553
4950 6975
4950 8766
4951 5938
4951 8698
4952 5034
4953 5239
4953 5593
4953 6108
4954 6989
4955 6796
4955 7786
4955 9127
4956 5251
4956 6421
4956 7885
4956 7948
4956 8947
4957 7397
4957 7834
4959 5894
4959 6684
4959 8210
4959 9805
4959 9897
4960 5716
4961 5629
4961 7175
4962 9946
4963 4977
4963 5669
4963 8699
4964 8784
4966 6286
4966 6825
4966 7297
4966 7689
4967 6748
4967 6956
4969 5354
4969 7184
4969 9513
4970 9325
4971 5788
4971 5825
4972 7189
4972 8092
4972 8159
4972 8365
4972 9506
4972 9671
4973 5326
4973 6100
4973 8808
4973 9274
4973 9330
4974 5679
4974 8902
4975 5928
4975 9707
4976 9488
4976 9523
4976 9707
4977 7548
4977 8594
4978 7587
4978 7644
4980 8675
4981 7809
4984 5411
4984 6572
4984 7373
4985 5023
4986 5112
4986 5687
4987 5509
4987 5566
4987 6601
4987 7810
4987 9517
4988 7083
4988 9138
4988 9634
4989 7373
4989 8511
4990 6026
4990 8440
4990 8640
4992 7277
4993 5286
4994 7976
4994 9757
4996 5915
4996 9124
4997 9780
4998 8167
4998 9075
4999 7667
4999 7719
5001 9912
5002 6922
5003 6806
5003 7165
5003 9139
5003 9622
5004 9477
5005 6113
5005 9522
5006 6803
5008 9585
5009 8640
5009 8753
5011 6159
5011 8518
5012 7643
5012 7845
5013 7936
5014 5168
5014 7563
5015 7213
5016 6976
5016 9229
5017 5188
5017 7092
5018 8146
5018 8856
5019 9312
5020 6243
5021 5591
5021 6230
5022 5906
5023 6400
5023 9422
5023 9703
5024 6400
5024 7049
5024 7525
5024 8839
5025 8632
5025 9468
5026 5635
5026 7228
5027 9615
5028 6200
5028 9148
5030 6349
5030 8715
5032 8342
5032 8683
5032 8805
5032 8908
5032 9063
5032 9835
5033 6461
5033 6812
5033 8590
5033 9337
5033 9339
5035 6579
5036 5118
5036 6551
5036 8322
5039 7212
5039 7352
5039 8997
5040 6643
5040 7779
5040 8382
5041 5232
5041 6331
5041 8586
5042 5474
5042 5928
5042 6319
5042 8623
5042 8688
5042 9334
5042 9684
5043 8273
5044 5109
5044 5482
5045 5648
5045 5869
5045 8004
5045 8774
5045 9195
5046 9958
5047 6824
5047 8361
5048 8222
5049 6316
5049 9052
5050 7841
5051 6607
5051 7123
5051 7614
5051 9460
5052 7222
5052 8338
5053 5783
5054 5756
5054 6787
5054 7661
5054 8076
5054 8464
5056 5186
5056 5539
5056 6345
5056 8952
5057 6014
5057 9659
5058 5802
5058 7403
5059 7329
5059 7332
5060 5504
5061 5291
5061 5721
5061 6435
5061 9103
5063 5902
5063 7501
5064 5724
5064 6836
5065 9452
5066 6858
5066 8005
5066 8405
5066 9484
5067 5286
5067 9542
5068 5677
5068 7191
5068 8996
5068 9802
5069 7941
5069 9390
5070 5279
5070 5763
5070 8963
5070 9451
5071 8653
5072 7602
5072 8930
5075 6232
5076 8074
5076 9443
5077 5434
5077 6233
5077 7476
5077 8572
5077 9728
5078 9187
5079 5951
5079 7726
5081 5420
5081 8765
5081 9417
5082 6285
5083 5540
5083 6003
5083 7137
5083 8304
5083 8620
5083 9609
5084 9903
5084 9955
5087 6972
5087 7533
5088 6450
5088 7147
5088 7220
5088 8555
5088 9494
5089 6475
5089 7551
5089 9855
5090 6061
5091 9912
5092 5165
5092 8446
5092 8450
5092 8693
5092 9333
5093 6134
5093 8036
5093 8148
5094 5931
5094 6987
5094 8347
5095 6153
5095 6527
5095 9637
5096 7733
5096 9585
5097 6085
5098 5998
5098 6203
5098 8865
5099 7676
5099 7856
5100 5404
5100 6165
5100 7623
5100 8539
5100 9524
5101 5546
5101 7870
5103 7741
5104 6323
5104 7113
5105 6395
5105 8779
5105 9496
5106 6812
5106 7461
5106 9943
5107 5599
5107 7253
5107 9102
5109 5162
5109 7184
5109 7458
5109 9598
5110 5177
5110 7286
5110 9276
5111 7853
5111 7953
5112 5728
5112 9643
5113 5574
5113 9444
5114 5697
5114 8447
5114 8555
5115 6893
5115 7176
5116 5523
5116 6826
5116 8589
5117 7650
5117 7802
5117 8466
5119 5372
5119 9689
5120 8074
5120 9128
5121 5182
5122 6067
5122 7057
5122 7541
5122 8198
5123 5522
5123 5777
5123 7729
5123 8203
5124 7706
5124 7807
5124 8183
5125 5409
5125 6089
5125 8056
5126 7281
5127 5455
5127 6933
5127 8167
5127 8215
5127 9311
5127 9418
5128 6784
5128 7034
5128 9746
5129 5511
5129 8727
5130 5419
5130 6728
5132 8785
5133 6437
5133 9986
5134 6879
5135 6558
5135 7739
5135 9180
5136 9735
5136 9913
5138 7765
5139 5621
5139 7304
5139 7944
5140 9096
5141 5458
5141 9670
5142 5190
5142 6962
5142 7431
5142 9571
5143 6778
5143 8082
5144 9345
5144 9922
5145 8282
5145 8332
5146 5761
5146 7048
5147 9078
5150 5215
5151 6719
5151 9790
5153 5529
5153 6026
5153 8670
5153 8714
5154 9563
5155 5981
5156 7230
5156 7305
5156 8669
5157 6980
5158 6386
5160 5203
5160 6635
5161 8284
5161 8749
5161 9273
5161 9464
5162 6919
5162 8806
5162 9333
5164 7047
5165 5386
5166 7336
5166 8083
5167 6435
5167 9288
5168 5246
5168 5873
5168 9579
5170 5683
5170 5979
5170 9867
5171 6741
5171 7133
5172 8657
5172 9079
5173 6279
5173 8702
5174 7564
5175 7264
5175 8609
5176 5776
5176 7518
5177 7059
5177 9423
5178 8234
5180 9864
5181 6445
5181 6459
5181 8170
5183 5542
5183 7797
5184 6288
5184 7848
5184 8284
5184 9650
5185 6725
5185 6916
5185 7710
5185 9727
5186 5425
5186 7454
5187 8004
5188 5263
5188 5651
5188 8602
5189 7458
5190 7064
5192 5363
5192 5524
5192 7281
5192 8284
5192 8605
5193 5222
5193 8637
5197 6528
5197 6679
5197 9496
5198 5538
5198 6390
5198 7101
5198 8107
5198 8458
5200 6942
5201 6713
5201 8376
5203 8347
5204 8987
5205 7278
5206 6534
5206 7849
5206 8038
5207 5431
5207 5666
5207 7998
5208 5715
5208 5795
5208 5893
5208 6989
5208 8633
5209 5307
5209 8328
5209 8870
5209 9551
5210 5634
5210 6632
5210 6660
5210 9323
5211 5248
5211 8404
5213 6028
5213 8857
5213 9666
5214 8780
5214 9276
5214 9674
5215 5230
5215 9005
5216 7886
5218 6052
5218 9368
5218 9409
5219 8202
5219 9868
5220 5822
5220 6545
5220 8691
5222 5618
5222 5693
5222 8189
5222 8366
5222 9525
5223 8167
5225 6828
5225 8484
5225 8719
5226 6192
5226 8351
5226 9428
5226 9875
5227 5892
5227 9224
5228 6073
5228 8710
5229 5811
5229 6038
5229 7765
5229 8257
5229 8920
5229 9738
5230 5367
5230 7591
5231 7239
5231 8110
5232 5798
5233 8787
5234 5987
5234 7224
5235 6109
5235 9653
5237 7794
5237 8359
5238 8484
5238 8488
5239 6208
5239 8093
5240 5450
5240 8248
5240 9790
5241 5563
5241 5830
5241 8445
5242 9777
5243 6464
5245 7514
5246 8290
5246 8732
5247 7039
5247 9243
5247 9448
5247 9881
5248 6684
5248 9228
5249 5814
5249 7768
5249 8171
5249 8913
5249 9645
5250 6894
5250 8055
5251 5966
5251 9837
5252 8113
5252 9061
5253 5763
5253 5815
5254 9441
5255 9275
5256 6544
5256 8672
5257 6439
5257 8119
5257 8398
5258 5449
5258 8412
5259 6579
5259 9324
5260 6126
5260 8853
5260 9090
5261 5331
5261 6061
5262 5485
5262 5561
5262 8462
5263 5326
5263 5937
5263 6031
5263 8771
5264 8107
5265 5670
5265 9881
5266 7260
5266 7544
5267 5521
5268 6249
5268 9396
5269 9377
5271 5342
5271 5569
5271 8459
5271 9357
5273 5442
5274 5982
5277 5984
5278 6510
5278 7136
5278 9104
5279 5801
5280 5919
5281 7974
5281 9263
5282 5776
5282 8512
5283 7206
5283 8017
5284 5680
5285 7492
5285 7758
5285 8331
5285 8871
5286 6098
5286 6635
5286 7045
5286 7621
5286 8508
5287 7098
5287 8073
5288 6553
5288 7174
5290 8649
5291 7069
5291 8077
5292 6134
5292 6611
5294 6765
5294 8075
5294 8685
5295 5296
5296 6313
5296 7287
5296 7463
5297 8682
5298 6288
5299 5996
5300 6251
5300 8581
5301 7800
5302 7353
5303 6072
5303 7153
5304 8485
5307 6076
5308 5569
5308 6579
5308 7725
5310 6244
5310 7486
5310 7952
5311 7933
5312 5432
5312 8379
5312 9375
5313 9532
5314 5630
5314 6068
5314 7654
5314 9051
5314 9435
5314 9975
5315 6494
5316 6204
5316 9415
5317 7704
5317 9295
5318 5361
5318 5610
5319 6700
5319 6748
5319 9141
5319 9757
5320 5796
5320 6385
5320 6424
5321 7272
5321 8307
5321 8581
5323 7915
5325 6825
5325 8819
5325 9292
5326 6916
5326 7590
5326 9493
5327 6157
5327 7894
5328 7334
5328 8014
5328 9089
5329 5346
5330 6139
5331 5494
5331 7943
5331 8778
5332 5569
5332 8112
5332 8861
5333 5787
5333 6070
5333 6863
5333 8067
5333 9330
5334 5501
5334 9322
5335 7454
5335 8146
5335 8666
5336 7675
5336 9397
5337 5823
5338 7222
5338 8147
5339 6326
5339 6393
5339 8583
5340 5930
5340 7719
5340 8967
5341 5571
5341 9412
5342 6450
5342 9819
5343 7282
5344 8120
5345 7128
5345 8195
5345 9024
5346 6223
5346 6612
5346 6735
5347 5703
5347 6276
5348 5606
5348 7286
5348 7846
5348 8696
5348 8911
5349 7033
5350 6403
5350 7888
5351 7279
5352 8687
5353 9192
5354 8678
5355 6451
5355 7262
5355 8982
5356 6061
5357 5501
5357 5813
5357 9389
5358 8543
5360 5756
5361 7438
5361 9970
5362 7146
5363 7921
5363 8162
5363 9274
5364 6291
5364 8012
5364 8953
5365 5614
5365 6668
5365 7537
5365 9263
5366 6796
5366 7304
5366 7694
5366 7755
5366 7944
5366 8711
5366 9036
5367 6971
5367 9560
5367 9665
5368 5599
5369 8685
5369 9541
5370 5820
5370 6137
5370 7826
5370 8429
5370 9742
5371 7020
5371 7600
5372 7184
5372 9814
5373 6545
5373 6670
5376 5547
5376 6150
5376 8328
5377 5933
5378 6008
5378 6722
5378 8113
5379 9465
5380 9213
5381 6095
5381 9905
5382 6402
5383 7710
5383 8365
5385 6164
5387 5840
5387 9772
5388 8726
5388 9588
5389 7371
5389 7890
5389 9197
5390 8948
5390 9665
5391 6839
5391 8265
5391 8526
5392 6790
5392 6948
5392 9486
5392 9674
5393 7097
5393 7686
5393 8481
5394 6188
5394 7312
5394 8849
5394 8889
5394 9048
5395 8499
5396 7891
5398 8573
5398 9020
5399 5518
5399 7167
5399 7230
5399 8737
5400 5438
5400 6624
5401 7480
5401 9203
5401 9910
5403 7611
5403 9286
5404 5863
5404 7110
5404 9611
5404 9831
5405 7608
5406 6042
5406 7672
5407 9333
5408 8299
5409 5638
5410 6713
5411 5837
5411 8584
5412 7924
5412 8421
5412 8853
5412 9549
5413 9779
5414 5641
5415 9530
5416 5481
5416 8407
5416 8642
5417 6826
5417 7842
5417 9879
5418 5529
5419 7293
5419 7861
5419 8649
5420 9251
5421 6987
5421 7078
5422 5504
5422 7404
5422 7809
5422 9532
5423 5446
5423 6029
5423 6666
5423 7057
5423 7328
5424 6577
5424 8078
5424 9276
5424 9543
5425 6449
5425 6918
5425 8063
5426 6786
5427 6193
5427 9373
5427 9457
5427 9602
5428 7174
5429 6406
5429 7587
5429 7993
5429 9878
5430 6601
5430 8747
5430 8949
5430 9122
5431 7512
5432 7334
5432 9320
5433 7501
5433 7676
5433 8983
5434 6290
5435 9680
5436 5716
5437 6239
5437 6801
5437 7166
5437 8795
5437 9352
5439 5884
5439 7538
5440 8122
5440 8619
5441 6460
5441 9326
5441 9905
5442 7249
5442 7975
5442 9681
5444 8649
5445 6057
5445 7868
5445 8283
5446 6271
5446 8718
5448 5860
5448 5988
5448 6845
5448 8315
5449 6744
5450 5617
5451 7416
5451 7851
5454 6330
5454 8825
5455 6671
5455 7991
5455 8124
5456 5694
5456 7887
5457 5696
5457 6087
5457 7460
5457 8601
5457 9129
5458 7912
5458 8254
5459 7289
5460 6956
5461 6885
5463 8555
5463 9466
5464 5949
5464 7530
5464 8893
5464 9713
5465 5466
5465 7586
5465 8495
5466 7471
5467 6759
5467 8015
5467 9586
5468 8834
5468 9876
5469 6672
5469 6991
5469 9669
5471 6875
5471 7408
5473 6617
5473 8664
5474 6083
5474 6649
5474 8065
5474 9852
5475 5616
5475 8497
5476 6283
5476 9199
5476 9748
5477 8028
5477 8443
5478 5779
5478 6059
5478 6434
5478 9123
5479 7397
5479 7551
5480 8070
5480 9431
5481 6969
5481 7853
5481 8386
5481 8736
5482 8012
5482 9223
5483 5498
5483 6276
5483 8075
5484 9636
5487 6764
5487 7686
5488 5941
5488 9602
5489 7870
5489 9940
5489 9988
5490 7567
5491 5986
5492 5748
5492 8042
5493 6251
5493 6832
5493 7504
5494 6052
5494 9850
5496 5735
5496 6608
5496 6831
5496 8469
5496 9189
5496 9509
5497 5874
5497 7696
5498 5580
5498 7454
5498 7754
5499 5554
5499 6529
5500 5584
5500 8492
5500 8812
5501 8239
5501 9696
5502 7931
5503 5649
5503 6790
5503 8454
5505 5669
5505 8918
5506 6107
5506 8458
5506 8674
5507 6749
5508 5839
5508 8260
5508 8477
5509 7739
5509 9588
5509 9754
5510 6464
5510 8912
5510 9061
5510 9837
5511 9493
5512 7180
5512 8661
5512 8909
5515 7863
5516 7881
5518 5579
5518 7745
5519 5681
5521 5582
5521 9722
5522 6278
5522 8559
5523 6882
5524 5960
5524 5964
5524 7146
5524 8519
5526 8226
5526 8433
5527 5963
5527 6553
5527 7499
5527 9928
5528 6358
5528 8238
5528 8661
5529 5593
5530 5633
5530 6573
5531 8823
5531 9616
5532 8978
5533 8838
5533 9468
5534 5842
5534 8170
5534 8499
5534 8892
5535 7130
5535 7456
5536 8141
5536 8431
5536 9831
5537 5592
5537 7485
5538 8175
5541 8226
5542 6978
5543 7306
5543 9929
5544 7820
5544 8100
5545 8860
5546 7261
5547 6369
5547 6496
5547 8913
5548 7818
5548 8002
5548 8729
5548 9784
5549 6913
5551 9412
5552 7333
5553 6398
5553 6913
5553 7553
5554 8176
5555 9291
5556 7151
5556 9085
5557 6891
5557 8679
5557 9710
5559 5953
5559 6047
5561 8265
5561 9675
5561 9942
5562 5818
5562 6603
5562 6641
5563 5755
5563 6221
5566 6394
5567 6111
5567 7752
5567 8673
5567 9592
5568 5762
5568 7275
5569 9571
5570 7287
5571 9955
5572 7113
5572 9599
5572 9911
5573 5768
5573 5867
5573 6159
5573 8840
5575 6091
5575 7426
5576 6099
5576 6327
5576 6791
5576 9367
5577 8678
5578 7467
5579 6389
5579 9865
5580 7386
5581 6480
5581 8212
5582 7047
5582 8042
5582 9424
5582 9943
5583 9419
5583 9648
5584 7199
5585 5832
5585 6675
5585 7307
5587 6069
5588 9669
5589 9562
5590 8869
5590 9965
5591 6302
5591 7844
5593 5724
5593 8019
5594 5707
5595 6688
5595 9422
5596 5615
5596 9076
5596 9503
5597 8901
5598 6534
5598 9623
5598 9704
5599 5638
5599 5943
5599 6006
5599 7708
5600 6879
5600 7403
5601 9902
5602 6867
5603 9252
5604 7955
5605 7672
5606 5980
5606 6752
5608 7828
5608 9566
5609 5885
5609 6503
5611 6010
5612 9514
5613 8546
5614 8553
5616 6024
5618 7401
5619 6631
5619 9588
5620 5688
5620 5866
5620 6167
5620 9233
5621 6736
5621 9409
5621 9619
5621 9995
5622 9113
5623 7488
5623 7727
5623 9660
5624 5879
5624 7080
5624 9068
5626 5972
5626 7416
5627 7455
5628 8433
5629 6298
5629 6757
5629 9916
5630 6212
5630 6484
5630 8516
5630 9827
5632 6483
5632 7381
5632 9374
5633 6318
5633 7145
5633 7705
5634 5998
5635 5720
5635 6476
5635 8621
5637 6435
5637 9341
5640 7119
5640 9439
5641 8826
5643 7815
5643 7985
5643 9087
5644 5660
5644 7363
5646 5771
5646 8123
5647 6264
5647 6881
5647 6988
5647 9128
5648 5711
5648 7221
5648 9679
5649 8034
5649 8312
5649 9853
5652 7632
5652 7803
5653 8275
5653 8831
5654 7403
5654 8782
5655 9402
5656 5710
5656 6030
5656 6740
5658 9223
5659 8918
5660 8681
5661 6213
5661 7528
5661 7564
5661 9930
5662 5700
5662 6672
5662 9094
5663 5699
5663 6095
5663 7651
5663 8707
5663 9501
5664 5776
5664 6262
5664 7733
5664 8474
5664 9231
5666 5706
5666 6182
5666 6369
5666 7215
5666 7356
5666 9800
5669 6420
5669 8456
5670 6201
5670 9409
5671 8455
5671 8665
5672 7428
5672 9992
5673 7584
5674 6615
5674 8540
5676 7171
5676 7352
5676 7752
5676 8448
5677 8872
5678 6016
5678 7425
5678 8990
5679 6189
5680 6838
5680 7111
5680 8242
5681 6765
5681 7193
5681 8141
5681 8207
5682 9815
5683 5950
5683 8645
5683 9550
5684 7423
5684 7740
5684 8214
5684 8790
5684 9801
5685 7573
5686 9326
5687 6197
5687 7057
5687 8569
5687 8802
5688 6227
5688 6828
5688 7064
5689 6273
5689 7273
5690 7935
5690 8349
5690 9326
5691 6323
5691 6766
5691 8473
5692 6407
5692 7567
5692 7570
5692 9822
5695 5779
5695 6848
5695 7343
5695 7749
5695 8638
5695 9940
5696 8605
5696 9574
5699 6967
5699 9735
5700 7628
5700 8256
5700 9370
5701 7906
5701 8777
5701 9386
5701 9437
5702 6830
5702 7008
5702 8402
5703 9647
5704 9498
5706 6191
5706 8708
5707 6281
5707 7162
5707 7257
5707 8138
5708 6283
5708 8819
5709 9784
5709 9910
5710 8643
5710 8718
5711 6474
5712 7203
5712 8000
5712 8595
5713 8212
5714 5876
5714 8161
5714 8809
5715 6956
5717 9103
5718 7502
5719 6649
5720 6028
5720 7214
5720 8792
5721 9259
5723 6682
5723 7084
5723 8361
5723 8683
5724 7922
5724 9665
5725 5921
5725 7018
5725 9440
5726 8992
5726 9283
5727 6219
5727 6652
5728 6516
5728 8475
5730 7532
5730 7992
5730 9134
5731 7537
5731 8339
5732 6381
5734 6854
5734 7089
5734 9723
5735 7585
5735 9823
5739 6519
5739 9865
5740 5911
5741 7173
5742 6890
5742 8479
5743 6974
5744 8278
5744 8638
5745 8899
5747 8299
5748 8407
5749 5964
5749 6899
5749 7061
5749 9859
5751 6988
5751 7299
5752 6828
5754 5804
5754 7525
5754 7807
5754 8198
5755 7807
5755 8763
5756 6677
5756 7888
5756 8346
5756 8814
5757 6978
5757 8175
5757 8556
5758 6645
5759 7595
5760 7500
5761 7147
5762 8047
5763 8757
5764 6195
5764 7061
5764 7834
5764 8924
5764 9748
5765 6012
5765 8546
5766 8243
5766 9900
5767 5829
5767 5915
5767 7790
5767 8830
5768 8220
5768 9872
5769 8170
5769 8681
5769 9560
5770 6595
5770 7517
5771 8694
5771 9606
5772 6002
5772 9893
5773 8089
5774 7639
5778 6518
5779 7316
5779 8499
5780 8666
5782 9551
5783 5984
5783 6933
5783 7544
5783 8700
5786 6104
5786 7048
5787 8409
5787 9045
5789 5921
5789 6300
5789 7817
5789 8590
5790 5941
5790 7935
5791 7927
5791 9125
5792 7852
5792 9393
5793 7018
5793 7043
5793 8691
5793 9185
5793 9621
5793 9890
5794 8968
5795 8305
5795 8502
5796 6289
5796 8882
5798 6914
5798 8169
5799 7122
5799 9311
5800 6753
5800 7970
5800 7996
5801 7483
5801 9518
5802 7200
5802 7677
5802 8656
5802 9029
5803 9976
5804 7178
5804 8892
5804 9455
5805 8273
5805 8523
5805 8813
5806 8465
5807 7094
5807 8235
5808 7115
5809 5897
5809 7304
5809 9378
5811 7744
5811 8963
5812 8610
5813 5908
5814 8277
5815 6513
5815 8308
5815 9056
5815 9922
5816 5911
5816 8636
5817 6978
5817 7362
5817 8246
5817 9838
5819 7543
5820 7465
5821 6878
5822 6546
5822 8910
5823 7248
5823 7403
5824 6441
5824 6723
5825 7335
5825 8129
5827 8895
5827 9706
5828 8856
5828 9092
5828 9668
5829 9174
5831 7343
5831 9729
5833 6338
5833 8275
5833 8838
5834 6481
5834 8544
5835 7436
5836 9537
5837 9391
5838 9934
5839 6894
5839 7096
5839 7287
5839 8278
5839 8703
5839 9418
5841 5988
5841 6657
5841 9314
5842 6134
5842 9899
5844 6184
5844 7219
5844 7485
5844 8389
5845 7139
5845 8638
5845 8842
5846 9251
5847 7186
5847 9325
5847 9374
5848 5893
5850 8219
5850 8963
5851 7848
5851 8606
5852 9243
5853 6920
5853 7060
5855 7820
5855 8170
5855 8783
5856 6765
5856 9480
5859 8590
5860 8875
5861 6303
5862 7341
5862 7505
5862 9328
5863 7044
5863 9700
5864 6147
5864 9251
5866 6699
5866 7440
5867 6087
5867 7600
5868 9385
5869 8657
5869 9069
5870 9483
5870 9802
5871 6362
5871 7133
5871 7220
5871 9782
5872 6408
5872 8150
5873 7014
5873 7681
5873 7683
5873 9613
5874 7744
5874 9607
5876 6342
5876 8725
5878 6547
5878 9812
5880 5980
5880 9387
5880 9843
5881 8927
5883 6534
5886 9896
5887 7244
5887 7479
5887 8497
5887 8857
5887 9674
5889 6054
5889 7633
5889 9707
5891 6453
5892 6076
5894 7045
5894 8520
5896 6486
5896 9510
5897 9805
5898 6232
5899 7506
5899 7686
5900 9235
5900 9399
5901 8405
5902 9238
5904 6770
5904 6796
5904 8354
5904 8501
5905 7207
5905 8237
5905 8869
5905 9613
5906 6070
5906 8322
5907 6417
5907 6776
5908 7175
5908 8860
5909 7469
5909 7795
5909 9800
5910 9865
5911 7735
5912 9020
5912 9494
5913 6187
5913 9324
5914 6183
5915 7953
5915 9939
5916 7364
5917 6629
5918 9825
5919 6090
5919 6128
5919 6277
5919 7556
5920 9188
5922 5941
5922 9242
5924 7084
5924 7153
5924 9863
5925 6250
5925 6603
5925 7568
5925 8607
5927 6171
5927 8395
5927 9917
5929 6982
5930 6145
5930 7112
5931 7365
5931 7917
5931 9176
5931 9456
5932 6034
5932 6402
5932 7588
5932 8506
5936 9307
5937 6421
5937 7003
5937 8691
5938 9406
5939 8542
5939 9658
5940 6152
5941 9424
5942 6684
5943 8754
5944 6104
5944 6612
5944 8686
5945 6034
5945 6774
5945 8743
5945 9411
5945 9843
5946 6252
5946 8104
5946 9527
5947 8310
5947 9079
5947 9530
5947 9544
5950 7601
5950 8642
5951 9136
5952 6952
5952 7874
5953 8958
5954 7668
5954 8936
5957 8246
5957 9888
5958 7559
5959 6965
5959 8123
5959 9896
5960 7552
5960 8895
5961 9870
5962 7240
5963 7247
5964 6298
5965 7821
5965 9640
5967 6525
5967 6812
5967 7400
5967 8170
5967 9688
5968 7418
5968 8996
5969 6462
5969 7226
5970 8312
5970 9358
5970 9413
5971 9620
5971 9657
5971 9757
5972 6570
5972 7019
5972 7407
5972 8898
5972 9331
5972 9344
5973 6927
5973 6951
5974 9482
5976 5996
5976 6157
5977 6152
5977 7667
5979 9817
5980 8312
5981 7485
5982 7507
5983 7310
5984 7184
5984 7298
5985 7390
5985 7952
5985 8297
5986 6833
5986 7014
5987 7944
5987 9912
5989 8504
5989 8643
5989 9478
5990 7777
5991 9415
5992 7398
5992 7830
5993 8226
5994 6357
5994 7368
5994 9359
5995 9235
5995 9702
5997 8013
5999 6725
5999 8360
6000 7674
6003 8229
6005 6306
6006 7155
6007 8704
6008 8711
6009 8292
6009 8379
6010 6289
6010 7093
6011 6305
6011 6779
6011 7566
6011 8998
6012 6135
6012 7331
6012 7546
6012 9197
6012 9420
6013 7929
6013 9576
6014 6821
6014 7824
6014 9627
6016 7670
6017 6999
6017 7571
6017 7954
6018 7426
6018 8845
6019 6263
6019 7934
6019 8930
6019 9012
6020 7708
6021 7602
6023 6402
6024 7277
6025 7867
6025 8231
6025 8429
6026 8799
6027 6114
6027 6159
6027 8552
6027 9102
6028 8140
6029 9131
6030 7262
6030 8308
6030 8705
6031 6551
6031 7274
6031 7287
6033 6745
6033 8619
6034 6988
6034 7674
6034 9296
6035 8127
6036 7483
6037 7643
6037 9779
6038 6247
6040 8892
6041 6446
6042 6386
6043 8905
6044 8124
6046 8444
6047 7535
6047 7683
6047 8825
6047 9988
6048 6756
6048 7126
6048 9083
6048 9292
6050 7980
6050 9319
6050 9783
6050 9925
6051 6645
6051 9669
6052 7677
6052 9487
6052 9782
6054 9101
6054 9280
6056 7112
6056 7724
6057 6096
6057 7456
6057 7556
6057 8654
6057 9197
6058 7231
6058 7400
6059 6593
6059 7033
6059 7329
6059 8631
6059 9190
6060 7608
6062 9040
6063 6282
6063 7010
6063 7241
6063 9655
6064 9045
6065 6319
6065 8416
6067 9173
6069 6366
6071 6365
6071 6609
6072 7144
6072 7488
6074 6149
6074 7882
6074 8739
6075 9209
6076 8307
6077 9320
6077 9442
6078 6185
6078 8696
6081 6082
6081 6432
6081 7118
6083 8743
6084 8718
6085 8989
6087 7042
6087 8587
6088 6768
6088 9702
6088 9827
6089 7531
6090 7085
6090 7607
6090 8649
6090 9598
6091 8840
6091 9918
6092 6666
6092 9625
6093 7481
6094 8588
6097 9192
6098 6294
6099 6967
6099 7059
6099 8006
6101 6571
6101 6809
6101 7075
6102 8166
6102 9604
6103 7209
6103 7309
6103 7714
6103 8058
6104 6154
6104 7149
6105 6932
6105 7059
6105 8212
6106 6425
6106 9563
6107 6343
6107 6639
6108 8638
6108 8842
6108 9350
6109 7978
6110 7157
6110 7548
6111 9227
6111 9347
6111 9595
6113 6388
6114 8360
6114 8393
6114 8989
6115 7716
6116 8493
6116 9157
6117 7155
6117 9108
6118 6783
6120 9211
6120 9214
6122 6792
6122 7677
6123 6350
6123 9288
6124 7233
6125 7405
6125 7979
6126 6159
6126 7464
6126 9808
6128 6618
6128 9758
6129 8801
6130 8210
6130 9770
6131 9821
6133 6552
6133 6859
6133 8458
6134 7287
6134 8809
6134 9754
6135 8424
6135 8554
6136 8275
6136 8350
6136 8787
6136 8814
6136 9730
6137 7336
6137 8971
6139 9037
6139 9348
6140 8467
6140 9543
6141 9069
6141 9715
6142 9950
6145 7441
6147 6327
6147 8306
6148 7474
6148 8489
6148 8697
6148 9186
6151 6939
6151 8969
6151 9458
6152 7672
6153 7900
6153 8007
6154 6608
6154 8204
6154 8943
6155 7562
6156 7322
6156 7876
6156 8817
6158 6168
6158 6801
6158 6809
6159 7601
6160 7009
6160 7794
6162 7652
6163 7087
6163 7239
6164 9339
6165 8701
6166 7490
6167 6612
6167 8165
6168 7674
6170 8490
6171 7549
6171 7777
6172 6198
6172 8524
6174 6741
6175 8545
6175 8769
6175 9434
6176 9815
6177 6479
6177 9652
6179 8030
6180 7330
6180 9301
6181 6247
6182 6985
6182 7546
6182 9609
6183 7388
6183 8051
6184 7364
6185 7579
6186 6650
6186 8348
6187 7449
6189 7647
6191 8848
6192 7568
6192 9822
6193 7050
6194 6508
6195 8577
6196 6267
6196 8008
6196 9210
6198 8402
6198 8458
6199 6673
6200 6201
6200 8890
6202 7593
6203 9074
6204 7012
6205 6984
6205 7509
6205 9384
6205 9688
6206 6467
6206 8156
6207 6816
6207 7992
6207 8766
6209 7437
6211 7433
6211 7890
6211 7963
6211 8399
6211 8780
6212 8596
6212 8720
6213 6967
6214 7154
6215 9811
6217 6687
6218 6551
6221 6441
6221 7009
6221 7568
6221 8039
6221 8429
6222 8002
6222 8049
6223 7495
6223 7857
6224 9137
6225 9836
6226 7819
6226 8498
6228 7264
6229 6793
6229 7047
6229 9436
6230 6842
6230 6885
6230 7771
6230 8931
6230 9336
6231 7405
6232 7503
6232 8675
6233 8940
6233 9737
6235 6321
6235 7342
6236 7898
6236 8658
6237 6924
6237 8365
6237 8448
6237 9808
6238 6361
6238 6743
6238 9265
6239 9644
6240 9219
6241 8904
6241 9178
6242 8709
6243 6393
6243 7051
6243 9648
6244 6664
6244 7774
6245 7333
6246 6694
6246 7846
6247 8786
6247 9729
6248 7299
6248 8695
6249 6709
6249 7817
6250 8156
6251 7000
6251 8202
6253 7224
6253 8265
6256 8852
6256 9068
6257 8629
6258 6829
6260 6581
6263 7653
6264 6748
6264 7689
6267 9043
6268 6454
6268 6917
6268 7410
6270 6796
6270 8757
6272 9230
6273 6999
6273 7466
6275 9154
6276 7335
6276 7990
6278 8531
6279 9025
6280 7546
6280 8608
6282 9460
6284 7056
6285 8398
6285 8762
6285 9634
6287 6499
6288 8619
6288 8703
6288 9821
6289 6462
6289 7642
6289 7852
6289 9648
6290 7950
6290 9426
6290 9484
6291 8786
6291 9295
6292 7258
6292 8472
6293 9625
6294 8828
6295 6800
6296 7991
6297 8591
6297 9460
6298 7449
6298 7757
6298 8067
6298 9253
6298 9904
6299 6495
6299 8557
6300 6441
6300 8520
6300 9802
6300 9878
6301 9473
6303 7946
6304 7544
6305 7962
6305 8055
6306 8506
6307 7300
6307 9121
6308 7884
6310 9359
6311 8666
6312 6503
6312 7060
6312 8789
6313 9702
6314 8672
6315 6462
6315 6657
6315 9227
6316 6852
6316 9978
6317 8940
6318 9540
6322 8723
6323 9553
6324 9279
6325 7217
6325 9056
6326 9514
6326 9890
6327 7218
6328 7085
6328 7841
6328 8920
6328 9364
6328 9580
6330 7403
6331 8084
6331 8296
6332 7816
6332 8933
6333 9212
6335 6346
6335 8140
6336 7075
6336 7644
6337 7924
6337 9315
6340 7925
6340 8241
6341 8336
6342 8219
6342 8787
6343 8269
6344 8362
6345 7594
6346 6576
6346 7377
6346 8431
6347 6905
6347 8683
6347 9675
6348 9385
6349 7381
6349 7851
6349 8424
6349 9860
6350 7966
6350 9582
6350 9786
6352 7459
6352 9522
6353 7605
6353 8949
6354 7159
6354 7647
6354 9041
6357 6901
6358 7129
6358 7924
6359 7707
6359 8185
6360 6839
6360 7203
6360 7239
6360 8866
6361 6716
6361 7530
6362 7707
6362 7970
6362 8354
6364 9023
6365 6871
6365 7012
6366 6402
6366 7907
6366 9095
6366 9139
6367 7076
6367 7604
6369 6615
6369 8175
6370 8342
6372 8140
6374 8735
6380 9703
6381 6788
6382 7747
6382 9492
6382 9804
6383 7878
6383 8318
6384 7136
6384 9647
6385 7321
6385 8979
6386 6467
6386 7110
6387 7030
6387 9048
6388 6511
6388 9462
6389 7296
6390 6697
6390 9784
6392 8884
6392 9128
6393 8548
6393 9551
6395 8172
6396 6415
6397 6631
6398 8381
6398 9943
6399 7115
6399 8128
6400 8464
6401 9222
6402 6758
6402 8815
6402 9660
6403 9023
6405 8512
6406 7665
6406 8445
6406 8983
6407 7065
6407 8027
6407 9937
6408 9988
6410 9296
6412 7010
6414 8100
6415 7217
6415 7489
6416 6881
6416 8822
6416 9462
6417 9256
6418 7042
6418 7832
6418 9250
6418 9919
6419 7316
6419 8607
6420 9733
6421 8561
6421 8894
6421 9532
6421 9898
6422 6728
6422 7804
6422 9298
6422 9851
6423 7618
6424 9040
6425 8845
6427 8747
6428 9605
6428 9752
6428 9842
6429 7939
6429 9667
6431 7563
6431 7905
6431 9215
6431 9371
6431 9990
6434 7922
6434 9834
6436 7115
6436 8248
6436 9015
6437 8783
6437 9129
6438 6523
6440 8192
6441 7478
6443 8092
6445 9650
6445 9848
6446 6651
6446 9000
6447 7771
6447 8392
6447 9703
6448 9323
6450 9853
6451 8596
6451 9433
6454 6848
6454 7200
6454 7761
6457 6803
6457 7058
6457 8715
6457 9768
6458 6582
6458 6687
6458 8494
6459 9118
6460 6799
6460 7017
6460 7173
6460 7527
6460 9201
6463 8460
6463 9636
6464 8864
6464 9403
6465 8701
6467 6823
6467 8653
6469 8113
6470 6842
6470 8634
6471 6968
6471 8599
6471 9716
6472 9305
6473 7084
6474 9401
6476 7197
6476 7509
6477 8274
6477 9190
6478 7785
6478 8828
6478 8868
6480 9287
6482 8198
6482 8656
6484 6967
6484 8232
6484 8976
6484 9761
6484 9852
6485 8195
6485 9989
6486 6738
6486 9349
6487 8458
6487 8705
6488 8710
6488 9561
6488 9568
6488 9983
6489 8148
6489 9442
6489 9601
6490 8792
6491 8884
6492 7207
6493 7091
6493 8775
6493 9245
6494 7507
6497 9267
6498 8797
6498 9415
6499 9860
6500 8597
6500 9002
6502 7452
6502 9654
6503 9696
6504 6848
6505 6938
6505 7776
6505 8312
6505 9953
6506 7737
6507 9652
6508 7628
6508 7673
6508 8668
6510 8348
6510 9490
6511 7983
6511 9472
6511 9605
6512 8637
6513 8852
6513 8856
6515 7423
6515 9578
6515 9645
6520 9307
6521 6558
6521 6607
6523 7081
6524 9153
6524 9597
6525 9013
6527 8319
6528 6747
6528 7426
6528 8676
6528 9201
6528 9284
6529 7741
6531 9940
6532 7905
6532 9144
6532 9662
6533 7857
6533 8013
6533 9091
6534 6968
6534 8802
6535 8312
6536 7865
6537 6785
6538 6990
6538 9285
6539 9571
6542 6980
6542 7374
6542 9224
6545 6566
6545 9283
6547 9817
6548 7628
6548 8766
6548 8850
6549 6554
6549 6779
6550 6895
6550 8168
6550 8545
6550 9194
6551 7492
6551 7674
6551 9240
6552 8385
6552 8480
6553 7222
6553 9474
6554 9343
6555 6994
6555 7256
6555 7619
6555 7959
6555 9312
6555 9443
6556 7958
6556 8461
6556 8783
6556 9308
6559 6706
6559 7580
6562 6602
6563 7510
6564 9103
6565 8371
6568 8807
6569 7049
6569 9906
6570 6938
6570 7613
6570 8998
6571 7860
6574 8624
6575 7612
6575 8023
6575 8727
6577 8001
6577 9508
6578 9961
6579 7557
6580 7691
6580 8435
6580 9774
6581 6954
6581 9805
6582 8276
6584 6765
6584 8754
6585 8507
6585 9939
6586 9930
6588 7752
6589 6860
6589 7777
6589 8821
6590 7067
6592 7389
6592 8280
6592 8322
6593 8032
6593 8707
6594 8362
6594 9663
6596 7588
6598 7973
6599 7411
6599 7630
6599 9855
6601 7227
6601 7305
6601 9572
6604 8128
6605 9163
6606 6945
6608 7590
6608 7697
6608 8050
6609 8197
6610 8288
6611 7180
6611 7829
6611 9535
6613 8263
6613 8482
6614 9789
6614 9838
6615 8585
6615 8603
6616 9309
6617 8576
6617 9271
6617 9294
6618 9304
6618 9750
6620 8141
6621 7819
6621 7952
6621 8736
6622 7318
6622 8543
6624 7365
6624 7573
6624 8463
6626 7257
6627 9422
6631 7823
6631 9326
6631 9487
6632 8245
6632 8768
6633 8677
6634 7264
6636 8413
6636 8897
6637 9986
6639 6960
6639 7738
6641 6711
6642 9451
6643 7602
6643 8139
6644 9840
6645 7097
6645 8629
6647 7291
6647 7671
6647 8991
6648 8674
6648 9031
6649 9032
6650 9286
6650 9507
6651 7688
6651 7979
6653 7703
6653 8449
6655 7264
6655 9040
6657 9865
6658 6745
6660 8986
6662 6959
6662 9828
6663 7484
6663 9906
6664 7807
6665 7839
6666 8058
6666 9325
6667 9585
6668 9870
6669 8653
6669 9444
6670 8143
6671 7761
6672 7021
6673 6695
6674 9340
6675 8770
6675 8828
6675 8985
6676 7938
6676 9711
6677 7502
6677 7925
6678 9448
6680 8115
6680 8859
6680 9882
6681 9035
6681 9487
6682 6889
6684 7980
6684 8529
6685 8877
6685 9961
6686 9173
6686 9759
6687 8836
6687 9525
6688 8684
6689 8465
6689 9671
6690 8132
6690 8580
6691 8675
6692 6784
6692 7027
6692 7074
6692 8107
6693 6720
6693 9374
6693 9505
6694 8466
6695 8897
6696 6918
6697 8839
6698 6946
6699 6914
6699 8888
6700 8561
6700 8608
6701 8244
6701 8746
6701 9815
6703 7242
6703 8055
6704 7710
6704 8563
6705 8094
6706 7078
6706 7672
6706 9561
6707 9996
6708 8206
6708 8861
6709 7522
6709 7649
6710 7133
6710 9834
6711 7823
6711 8822
6712 7019
6712 7373
6713 7133
6714 6860
6717 6887
6718 8703
6720 6924
6722 8428
6724 9075
6725 6953
6725 6978
6726 8192
6728 6926
6728 7644
6730 9617
6731 8993
6731 9905
6732 7203
6732 8270
6733 7748
6733 8387
6735 7066
6736 7989
6736 9224
6737 8258
6738 8284
6738 8349
6738 8637
6739 8269
6739 8889
6740 7371
6740 8634
6740 9182
6743 7880
6743 9083
6744 9153
6745 8068
6746 8426
6746 9044
6747 7996
6747 9294
6748 7429
6748 7640
6748 9813
6749 7335
6749 9218
6750 9888
6751 9613
6752 7631
6753 7133
6754 9726
6755 8032
6755 8755
6755 8791
6757 7815
6757 7983
6757 8229
6757 9399
6759 8553
6761 9016
6762 9842
6764 9292
6764 9513
6764 9635
6766 7078
6766 7286
6766 7426
6768 8412
6768 9118
6768 9857
6769 6785
6769 7853
6770 7062
6770 9178
6770 9759
6771 7486
6771 9054
6772 7698
6772 7921
6772 8126
6772 9234
6776 9473
6777 8366
6777 8818
6777 9683
6779 7306
6779 7853
6780 7285
6780 7855
6780 8598
6780 9106
6780 9508
6781 9302
6781 9352
6782 9631
6783 9424
6784 8871
6785 7139
6785 7691
6785 8675
6786 6821
6786 9455
6787 6916
6787 9104
6788 8186
6789 9693
6789 9827
6790 7331
6790 7612
6791 8583
6792 9110
6794 7351
6794 9280
6794 9521
6796 8516
6797 7648
6797 8641
6798 7498
6798 8301
6798 9287
6799 8177
6800 8545
6801 8890
6802 8741
6802 9503
6803 9342
6804 7602
6804 7897
6805 8189
6805 8444
6806 9939
6807 7366
6808 7476
6808 7684
6808 9316
6808 9654
6809 8593
6809 9736
6810 7944
6810 8847
6811 6973
6812 8269
6813 6822
6813 9311
6815 8991
6815 9581
6816 8394
6817 7552
6817 8110
6817 8497
6819 9501
6819 9525
6820 7356
6820 7662
6820 9205
6824 7901
6824 8572
6824 9876
6826 9341
6826 9971
6829 6917
6830 8464
6833 8880
6834 9028
6835 9422
6837 9686
6838 6896
6838 8197
6838 8965
6839 7599
6844 8649
6844 9148
6845 8211
6848 9799
6849 8372
6852 8851
6853 8112
6854 7389
6855 8801
6855 9582
6856 7767
6859 7441
6859 7734
6860 7596
6860 9912
6861 9926
6863 7888
6865 9506
6866 7334
6868 6965
6869 8329
6870 7252
6872 7212
6872 7329
6872 8697
6872 8901
6872 9140
6873 8732
6878 7313
6880 7583
6880 9439
6881 8906
6882 8693
6882 9663
6884 7360
6886 6889
6886 9277
6887 8001
6887 9475
6888 8399
6888 8594
6888 9942
6890 9561
6891 7209
6892 8896
6892 9390
6892 9580
6892 9819
6893 7618
6893 7936
6894 7901
6895 8514
6895 9711
6896 7017
6896 9856
6898 7995
6899 8707
6901 7414
6902 7883
6903 8304
6903 9361
6904 9605
6906 7228
6906 9786
6907 7204
6911 7278
6911 9079
6914 6937
6917 7072
6917 9575
6918 7516
6918 7994
6918 8270
6919 8931
6920 8019
6925 8200
6926 8514
6926 9765
6927 8811
6930 9283
6932 6956
6932 8315
6932 9644
6935 8408
6936 7620
6936 7790
6937 8184
6937 9151
6938 9288
6940 7083
6940 7155
6940 8441
6941 7725
6942 8741
6943 9036
6943 9415
6944 9042
6945 8686
6947 7838
6948 9061
6949 9281
6950 7900
6951 7098
6951 8324
6951 9484
6952 7804
6952 9632
6953 9162
6954 8251
6954 9984
6958 8678
6959 9291
6959 9293
6960 8605
6960 9473
6961 7055
6961 7817
6962 7780
6962 8712
6965 7436
6965 9446
6967 8005
6968 7844
6968 9392
6972 7123
6974 8873
6978 8626
6978 8639
6978 9152
6979 7163
6981 7958
6982 8192
6982 8314
6984 7246
6984 7736
6985 7832
6985 8360
6986 7552
6988 8353
6988 9836
6990 9049
6990 9202
6991 9938
6991 9990
6992 8021
6993 9282
6994 7323
6995 7081
6995 9350
6996 8153
7000 8747
7000 9658
7001 7796
7001 7878
7001 8939
7001 9280
7002 8220
7002 8432
7002 9912
7003 8873
7003 9173
7003 9867
7004 8071
7006 7230
7006 8384
7006 9405
7007 8422
7008 8016
7008 9408
7013 9537
7015 9168
7015 9220
7017 7725
7017 8970
7019 8886
7020 9836
7021 7115
7022 7335
7022 8853
7022 9077
7022 9128
7022 9811
7025 7281
7025 7410
7026 7396
7027 7503
7027 9716
7029 7917
7029 9832
7030 8160
7030 9908
7031 8638
7034 8658
7035 7541
7035 8462
7036 8072
7036 9928
7037 7528
7037 7834
7039 9010
7040 9373
7040 9608
7041 7676
7041 9530
7041 9620
7045 7107
7045 9114
7045 9772
7049 9968
7051 7265
7051 8379
7051 9032
7052 8532
7053 7133
7053 9801
7056 7667
7056 8586
7057 7340
7057 8280
7059 7483
7060 8947
7060 9048
7060 9501
7061 8363
7064 8355
7065 9744
7067 7464
7068 8869
7070 8229
7072 9388
7074 7795
7074 9020
7075 7688
7075 8674
7077 7649
7077 8904
7078 7265
7078 7802
7079 8579
7080 8072
7080 8394
7080 8653
7082 9374
7083 8795
7083 9780
7089 8188
7091 8990
7091 9392
7091 9436
7092 8562
7092 9220
7094 7776
7095 9207
7096 7482
7096 7941
7097 8880
7098 7343
7098 8718
7099 8751
7100 8097
7100 8663
7101 9924
7103 7772
7103 7922
7103 9301
7104 7571
7104 7951
7104 8769
7104 9937
7107 7970
7108 8332
7109 9768
7111 9304
7111 9462
7111 9540
7112 9893
7116 7163
7116 9947
7118 8394
7119 7268
7120 7681
7121 8070
7122 9069
7123 9619
7124 8946
7125 8384
7125 9540
7125 9874
7125 9930
7126 8171
7126 9371
7126 9442
7127 7629
7128 9043
7134 7734
7135 7144
7135 8744
7137 7920
7137 9036
7139 7345
7139 7736
7139 9339
7139 9612
7139 9643
7141 7292
7141 7368
7141 8698
7142 9297
7143 8235
7143 9203
7144 7690
7147 7474
7147 8083
7147 9014
7147 9908
7148 9683
7149 8662
7151 7609
7153 7873
7154 7906
7154 9366
7155 8134
7155 8428
7155 8626
7156 8426
7158 9510
7159 7924
7160 8136
7160 9703
7163 7546
7163 8819
7163 9698
7164 7719
7164 8908
7165 8944
7166 7916
7166 9643
7168 8413
7172 8489
7172 9404
7173 7399
7177 8231
7178 7225
7178 7895
7178 7943
7178 9406
7179 7254
7179 7663
7179 8465
7179 9793
7180 8400
7183 7747
7183 9119
7183 9370
7184 7707
7185 7599
7185 8637
7185 9209
7185 9375
7186 8370
7186 9210
7187 7894
7188 7326
7189 7540
7191 9551
7193 8544
7193 9548
7193 9624
7193 9937
7197 8876
7198 8663
7200 9788
7200 9951
7202 8293
7203 8377
7204 9451
7205 8987
7207 8963
7208 8891
7209 9578
7211 8661
7214 8923
7216 8136
7218 7815
7218 8473
7218 9597
7220 9147
7221 9190
7223 7507
7225 7244
7225 7294
7225 7486
7225 8293
7228 7238
7228 7398
7228 8134
7228 8797
7228 9139
7230 7781
7231 9333
7232 7794
7234 8009
7234 8702
7234 9473
7235 7748
7236 8129
7236 8861
7237 7674
7237 8207
7238 7929
7238 7967
7238 8716
7241 8174
7241 9055
7244 7629
7246 7318
7246 8707
7246 9913
7251 7565
7252 8921
7253 7878
7253 9025
7253 9076
7253 9591
7255 9169
7256 7329
7257 8566
7258 7864
7259 8074
7260 9867
7261 8895
7262 8618
7263 7393
7264 7863
7265 7508
7265 8732
7266 9295
7267 7754
7267 9737
7271 7774
7272 8430
7273 7293
7273 9296
7278 7292
7278 7662
7279 9455
7280 8054
7280 9011
7280 9509
7280 9559
7281 7646
7281 9809
7282 7752
7283 8415
7283 9320
7283 9771
7285 7294
7285 8266
7286 8788
7286 9296
7289 7818
7290 8881
7290 9350
7291 7319
7291 8298
7292 9660
7292 9688
7293 8990
7294 8157
7295 8490
7295 9999
7296 8868
7297 7808
7297 8675
7297 9373
7299 8856
7299 9823
7300 8467
7301 7620
7302 8218
7304 8366
7306 8437
7306 8752
7306 8838
7306 8915
7306 9986
7308 7600
7309 8427
7309 9624
7311 8393
7311 8873
7313 8763
7315 8905
7315 9770
7316 7670
7317 9133
7318 8735
7319 9994
7322 7458
7322 9521
7324 7773
7327 9358
7328 9177
7331 9247
7332 8111
7332 9267
7332 9474
7334 7939
7334 8917
7335 8319
7335 8577
7339 7641
7339 7698
7340 8187
7341 7755
7341 9304
7341 9477
7342 7893
7342 9649
7343 8280
7343 8382
7343 9248
7344 8714
7345 8719
7345 9595
7346 7675
7346 8565
7346 9529
7346 9684
7347 7576
7348 9002
7351 8809
7351 8857
7351 9405
7351 9853
7352 7719
7352 8109
7352 9621
7352 9824
7354 8279
7354 8433
7355 7638
7356 8348
7356 9006
7356 9289
7357 8914
7357 9074
7357 9507
7361 8287
7361 9054
7363 8916
7364 8596
7365 8421
7365 8996
7367 7436
7369 9845
7371 7408
7372 9994
7374 9049
7375 8735
7375 9808
7378 8137
7379 8897
7379 9369
7379 9688
7380 7406
7380 8470
7380 8822
7381 9054
7381 9387
7382 9063
7383 8679
7386 8198
7386 8348
7387 9730
7390 8858
7390 9728
7391 8231
7391 8857
7392 9260
7393 7481
7395 8584
7396 7998
7396 8326
7398 9346
7399 7767
7401 8828
7402 7843
7403 8117
7404 9501
7405 9930
7408 9664
7409 9872
7412 7756
7413 9511
7414 8852
7415 8470
7416 7759
7417 8704
7418 8271
7419 8439
7419 8510
7421 8670
7422 9273
7422 9879
7425 9865
7427 9327
7429 7982
7429 8779
7430 7506
7430 8311
7431 7594
7431 8993
7433 8893
7435 7808
7436 7791
7437 7571
7437 8521
7438 7565
7442 9251
7443 9600
7444 8657
7446 7740
7447 8148
7447 8768
7451 7903
7451 9848
7452 8691
7452 8890
7453 9686
7454 7613
7455 7681
7455 9770
7456 9955
7457 8769
7458 8138
7458 8761
7459 9414
7460 9677
7461 8342
7461 9858
7462 8144
7462 9924
7463 9922
7464 8309
7464 8490
7464 9220
7465 9719
7466 8089
7468 7690
7469 7694
7470 8991
7470 9747
7471 9259
7472 8740
7472 9173
7474 9435
7474 9798
7475 7759
7477 8193
7478 8340
7479 9409
7482 9088
7484 9041
7485 8722
7489 9906
7491 7981
7492 8785
7493 7678
7494 8484
7495 9054
7498 7751
7498 8445
7501 8826
7501 9427
7503 9125
7505 8112
7505 8556
7506 8915
7507 9069
7508 7556
7510 8384
7512 7568
7512 8131
7512 9431
7514 7805
7514 8677
7514 9407
7515 8497
7515 8576
7515 8975
7516 8314
7516 8702
7517 9909
7519 8661
7521 8273
7521 9972
7522 8421
7522 9958
7523 8642
7523 9374
7524 7579
7526 7549
7527 8890
7530 7610
7531 8490
7531 9261
7533 9191
7534 9862
7535 9110
7536 9526
7537 8246
7537 8262
7537 8523
7538 9867
7539 7965
7539 8241
7539 9888
7540 9010
7540 9660
7541 7543
7541 8546
7541 9807
7544 8066
7544 8106
7544 8836
7544 8907
7544 9987
7545 9322
7547 9173
7548 9578
7549 8376
7550 9543
7551 9464
7553 9129
7553 9591
7554 9084
7554 9240
7559 9221
7560 7882
7563 7611
7565 8422
7567 7867
7570 8096
7571 7782
7571 8433
7572 8027
7572 8096
7573 8195
7575 9140
7575 9632
7576 7822
7576 8195
7576 8527
7577 9335
7578 8910
7578 9127
7579 8318
7579 8799
7579 9459
7579 9847
7579 9892
7581 9819
7582 8639
7583 7923
7586 8208
7586 8587
7586 9237
7588 9638
7589 9799
7590 7903
7591 7723
7592 9119
7592 9386
7595 8175
7596 7731
7596 8572
7596 9646
7598 8565
7598 8961
7598 9515
7599 8310
7599 9692
7600 9568
7603 8061
7604 9136
7605 9090
7606 7987
7606 9048
7608 9477
7608 9673
7611 8918
7612 7861
7613 9343
7614 7942
7614 9671
7616 7820
7616 9610
7618 7896
7618 9595
7619 8572
7621 8774
7622 8420
7625 8277
7625 8294
7626 8173
7627 7975
7627 8236
7629 7727
7630 9672
7631 9460
7632 7836
7633 9146
7634 9714
7634 9838
7634 9863
7635 9098
7635 9115
7636 8124
7637 9604
7638 7945
7639 9167
7639 9761
7645 8074
7645 8567
7645 9275
7646 8804
7648 8625
7648 8857
7651 7661
7651 8865
7652 8811
7653 8137
7654 9550
7654 9826
7655 8327
7655 9783
7656 8848
7656 9447
7656 9612
7657 8382
7657 9776
7658 8057
7658 8934
7661 8244
7661 9550
7661 9609
7662 7675
7663 8688
7664 9165
7664 9320
7665 9021
7665 9541
7666 9211
7667 8575
7667 9719
7670 8304
7671 7877
7671 8993
7672 7795
7673 8782
7674 9708
7675 7700
7677 8055
7678 9633
7679 8334
7679 8583
7682 9730
7683 9144
7683 9169
7685 9878
7686 8947
7686 9647
7686 9699
7686 9942
7688 8716
7689 7915
7689 9674
7691 8931
7691 9523
7693 7891
7693 7901
7695 8298
7695 8678
7695 9724
7698 8603
7698 9336
7698 9358
7699 8935
7699 9147
7700 9914
7701 8498
7702 9786
7703 9303
7705 9252
7708 7827
7708 8335
7708 8608
7711 8591
7711 9009
7712 7739
7713 8772
7714 9701
7715 7960
7716 9916
7718 9932
7720 8409
7720 9067
7720 9866
7721 8560
7721 9378
7722 9372
7723 7771
7723 8553
7726 8887
7726 9043
7729 8086
7729 8621
7729 9191
7734 9823
7738 8161
7738 8808
7741 8659
7743 7837
7744 8069
7744 8931
7745 9205
7746 8676
7747 7907
7747 8527
7747 8611
7747 9547
7753 9372
7754 8021
7754 8234
7754 8469
7761 8119
7761 8467
7762 8563
7762 9159
7762 9899
7765 9027
7767 9377
7768 9855
7769 7973
7773 8586
7776 8321
7777 8015
7777 8211
7777 9501
7778 7881
7781 8709
7783 8406
7783 8695
7784 8589
7785 8083
7786 7880
7787 9479
7788 8068
7788 8199
7789 7929
7789 9459
7793 9010
7793 9956
7794 7795
7794 8566
7795 8207
7796 8500
7796 9528
7797 8176
7799 8843
7801 9444
7803 9825
7804 7935
7804 9910
7805 9067
7806 9714
7807 8437
7810 9789
7810 9941
7811 8273
7813 8550
7814 9692
7818 8679
7820 8650
7822 8677
7823 7846
7824 9956
7825 8298
7825 9308
7825 9630
7828 9261
7828 9319
7829 9964
7830 7912
7830 7943
7831 8634
7834 9896
7835 9152
7837 9837
7839 8349
7841 9475
7844 8848
7846 8210
7847 8099
7849 8809
7851 8128
7855 8822
7855 9231
7857 8682
7857 9170
7858 8097
7859 8418
7860 7886
7864 8056
7864 8975
7867 8664
7867 9164
7867 9923
7868 9123
7869 8848
7869 9348
7870 9733
7870 9957
7871 9996
7873 9688
7875 9809
7877 8612
7878 9795
7881 9269
7882 8354
7884 8339
7886 8146
7886 8988
7886 9986
7887 8155
7888 7974
7888 8994
7888 9736
7889 8896
7892 9755
7893 9221
7894 9659
7895 8144
7896 8667
7896 9064
7897 8534
7897 9624
7898 8829
7899 9219
7899 9233
7900 8225
7900 9781
7901 9693
7902 9503
7902 9673
7902 9821
7903 7967
7905 8169
7907 7951
7907 7976
7907 8269
7907 8991
7909 8797
7910 9171
7912 8653
7912 9398
7913 8780
7915 8348
7915 8355
7915 8444
7915 9154
7917 8270
7917 9876
7919 9047
7920 8642
7921 9336
7921 9956
7922 9136
7923 8574
7924 9220
7925 8814
7925 9788
7926 8776
7927 9370
7928 8946
7928 9466
7928 9810
7931 9061
7932 8023
7932 8812
7933 8985
7934 9421
7937 9139
7937 9768
7939 9632
7939 9822
7941 8064
7941 9470
7943 8184
7943 9693
7944 9158
7948 8213
7949 8904
7949 9521
7950 8933
7951 8053
7951 8759
7952 9121
7952 9700
7954 8858
7955 9052
7955 9688
7956 8544
7956 9859
7956 9911
7957 8860
7961 9801
7962 9886
7964 9885
7965 8663
7965 9817
7966 9693
7966 9758
7969 8017
7969 9918
7973 9028
7974 9441
7976 8849
7978 8381
7978 8512
7978 9605
7979 8642
7979 8928
7979 9195
7980 8728
7980 8842
7981 8173
7982 8109
7982 8427
7982 9448
7983 8633
7984 9842
7985 9466
7986 8087
7986 8371
7986 9010
7987 9829
7989 8388
7989 8641
7989 9875
7991 9044
7992 9597
7992 9883
7992 9958
7994 9670
7996 9334
7997 8776
7997 9416
8000 8408
8000 8573
8003 8747
8003 9463
8004 9055
8005 8390
8005 9128
8006 9405
8007 8553
8008 9839
8009 8531
8012 9254
8014 8945
8016 9041
8018 9995
8022 8977
8022 9398
8022 9656
8023 8961
8024 8799
8026 8430
8026 8509
8028 9331
8029 8300
8029 8502
8029 8912
8032 9192
8036 8861
8036 9825
8038 8589
8038 9775
8039 8803
8040 9213
8041 9949
8042 9852
8044 8610
8044 8962
8045 8278
8045 9148
8046 8168
8046 8978
8049 8104
8050 9140
8051 9036
8051 9230
8053 8242
8053 8333
8053 9550
8056 9677
8057 9480
8058 8914
8058 9876
8060 8540
8060 9694
8062 8975
8063 9141
8064 8485
8067 8451
8070 8303
8071 9117
8071 9617
8072 9538
8074 9428
8076 9168
8076 9743
8080 9096
8080 9474
8081 9478
8081 9673
8088 8787
8092 8735
8093 9523
8096 9705
8097 8243
8097 9149
8098 8656
8099 9174
8099 9488
8100 9044
8102 9097
8103 8712
8103 9177
8105 9945
8109 9341
8110 9319
8113 9468
8118 9814
8119 9029
8119 9653
8119 9809
8126 8490
8128 9313
8130 9371
8132 9316
8133 9263
8134 9082
8134 9949
8138 8478
8138 9633
8138 9728
8140 8925
8141 9229
8145 9613
8145 9919
8146 9425
8149 8654
8150 9212
8150 9520
8151 9643
8152 9688
8153 8429
8153 9618
8156 8908
8157 8447
8159 8503
8159 8534
8159 9862
8162 9153
8162 9745
8163 8360
8165 8252
8171 8594
8171 9243
8172 9081
8174 8440
8174 9269
8175 9657
8176 8955
8178 8543
8178 9309
8179 9066
8179 9606
8180 8719
8180 8989
8182 8572
8182 9742
8183 9018
8183 9218
8183 9918
8184 9173
8184 9320
8186 9391
8188 9453
8191 8692
8191 9700
8193 8500
8193 8874
8193 8935
8193 9133
8196 8754
8198 9496
8198 9905
8199 8985
8199 9489
8200 8500
8205 9261
8207 8854
8209 8605
8212 8756
8212 8933
8215 9089
8216 8443
8216 9863
8220 8893
8222 8331
8223 9011
8226 8969
8226 9019
8227 9137
8228 8500
8228 8946
8231 8384
8232 8288
8232 8472
8233 8753
8234 8474
8235 8948
8235 9793
8236 9344
8236 9859
8237 8401
8237 8635
8237 8746
8238 8443
8241 8325
8241 8635
8241 9382
8243 8917
8245 8506
8246 8340
8246 9667
8246 9744
8247 8518
8251 8386
8252 9471
8254 8702
8254 8731
8255 8649
8256 8506
8257 8389
8257 8461
8257 8842
8257 9375
8257 9473
8257 9756
8259 9350
8260 9701
8261 8723
8262 8833
8266 8353
8269 8828
8269 9315
8269 9511
8272 9071
8274 9798
8278 9402
8279 9603
8280 8316
8280 8974
8281 8511
8281 8974
8282 8603
8287 9336
8289 8364
8292 9264
8293 9305
8295 8923
8302 9234
8304 8455
8304 9013
8304 9578
8305 8735
8308 8449
8312 8340
8312 9532
8315 8455
8316 8532
8317 8390
8317 9064
8318 9752
8319 8484
8319 9571
8319 9866
8320 8877
8320 8963
8320 9005
8321 8693
8322 9307
8323 8886
8323 9129
8324 8379
8329 8738
8329 9614
8330 8988
8332 8348
8333 9124
8334 8661
8336 8373
8338 8698
8338 8832
8338 9087
8345 8737
8345 9713
8346 9908
8347 9650
8349 8954
8349 9922
8353 8954
8354 9000
8354 9078
8355 8363
8358 9653
8359 9959
8360 9508
8361 8887
8364 9242
8364 9275
8365 8635
8368 9162
8370 9572
8371 8838
8377 8593
8377 8926
8377 9296
8378 8958
8381 8450
8381 9900
8381 9925
8383 9438
8383 9473
8385 8622
8385 8946
8385 9050
8386 8415
8386 9590
8389 9729
8391 8701
8391 9794
8393 9252
8394 9136
8394 9201
8394 9413
8397 9609
8398 9594
8400 8998
8401 8486
8402 9127
8405 9157
8408 9548
8409 9009
8410 8973
8412 9324
8414 9395
8415 9913
8417 8864
8417 9277
8419 8475
8419 9811
8420 8763
8420 9855
8420 9958
8424 8675
8425 8725
8425 9567
8426 9220
8427 8588
8428 9521
8430 9174
8431 8849
8434 9506
8434 9507
8435 8738
8443 8594
8445 8650
8446 9864
8447 9491
8449 8551
8449 8676
8449 9292
8452 9921
8453 8896
8454 8840
8454 8919
8460 8559
8461 9306
8461 9859
8462 9865
8464 8486
8469 9680
8470 9123
8478 9210
8479 8567
8480 9473
8484 8700
8486 8716
8489 9471
8489 9988
8492 9392
8495 8589
8495 9126
8495 9710
8496 8536
8501 9755
8504 8720
8507 9735
8508 9441
8509 8882
8511 8735
8513 9646
8514 9729
8517 9252
8518 9479
8518 9858
8520 9067
8520 9209
8520 9366
8520 9410
8520 9537
8522 8593
8522 9596
8522 9747
8523 8534
8524 9461
8525 8805
8525 9285
8529 8545
8530 9546
8531 9259
8532 9831
8533 9164
8535 9902
8535 9975
8536 8541
8537 8972
8540 8705
8540 9320
8544 8985
8544 9458
8544 9636
8544 9824
8545 9395
8545 9739
8548 8905
8548 9726
8550 8829
8552 9597
8553 8858
8553 9664
8555 9142
8559 8968
8559 9879
8561 8759
8561 9828
8563 9472
8566 8620
8567 9221
8570 9432
8576 9486
8578 9576
8579 9679
8581 9115
8582 8900
8582 9209
8583 8876
8584 9233
8587 9180
8588 8883
8590 9081
8591 8879
8598 8951
8598 9514
8599 9301
8599 9450
8601 9175
8603 9575
8603 9645
8604 9583
8609 9865
8610 9348
8612 9413
8618 8747
8618 9481
8619 9960
8621 9447
8621 9751
8621 9860
8625 8802
8629 8879
8629 8907
8630 9620
8631 8766
8631 8978
8631 9591
8634 9515
8635 9665
8636 9568
8638 9595
8639 8940
8643 9727
8649 8943
8651 9863
8655 8779
8655 9310
8655 9353
8657 9459
8658 9256
8659 9402
8660 9794
8663 8996
8663 9201
8666 8768
8667 9007
8667 9376
8669 9676
8670 9492
8670 9953
8671 9127
8672 9802
8675 9001
8676 8826
8678 8822
8682 8993
8683 9381
8684 9874
8685 9156
8688 9269
8688 9808
8689 8858
8689 9308
8689 9543
8691 8891
8691 9603
8693 9292
8693 9377
8698 9338
8698 9706
8703 9404
8705 8950
8709 9747
8713 8956
8717 9106
8724 9433
8725 9084
8726 9040
8729 9105
8734 9471
8735 9960
8737 9961
8738 8879
8739 9569
8740 8968
8740 9853
8747 8825
8749 9823
8753 8900
8757 9736
8758 9994
8760 9707
8761 9579
8763 9964
8764 8768
8764 9118
8764 9954
8767 9353
8769 9657
8772 9031
8772 9043
8773 9276
8775 8914
8775 9917
8776 9515
8778 9758
8779 9222
8780 8820
8784 9149
8784 9245
8787 9214
8787 9524
8788 9442
8789 9477
8790 8824
8792 9491
8793 9135
8794 9333
8795 9302
8796 8800
8804 9123
8804 9864
8805 9579
8807 8852
8808 9910
8810 9421
8811 9527
8813 9080
8814 9710
8814 9829
8817 9812
8818 9653
8823 9811
8825 9376
8828 9991
8830 9775
8832 9441
8839 9535
8839 9738
8846 9016
8848 9582
8854 9817
8856 8938
8860 8892
8866 8872
8866 9024
8867 9722
8868 9489
8872 9598
8872 9916
8874 8916
8875 9603
8876 9380
8878 9370
8878 9716
8883 9356
8883 9427
8884 9443
8887 9229
8887 9998
8888 9423
8889 9041
8890 9455
8890 9658
8892 9566
8896 9774
8897 9056
8898 9810
8904 9020
8904 9984
8909 9340
8909 9380
8910 9369
8916 9440
8918 9333
8922 8983
8924 9800
8931 8972
8933 9113
8942 9183
8943 9201
8945 9439
8946 9210
8947 9227
8947 9477
8950 9792
8952 8999
8952 9903
8955 9745
8959 9058
8964 9230
8973 9254
8973 9388
8974 9645
8980 9267
8980 9783
8981 9763
8984 9990
8985 9262
8986 9511
8986 9952
8991 9608
8991 9620
8992 9170
8996 9031
8998 9995
8999 9054
9000 9731
9003 9803
9005 9229
9006 9534
9013 9086
9017 9744
9018 9295
9020 9481
9020 9622
9023 9704
9026 9867
9026 9874
9028 9594
9028 9600
9030 9299
9030 9745
9038 9370
9043 9132
9043 9266
9044 9959
9049 9728
9050 9729
9058 9693
9058 9859
9064 9975
9065 9274
9069 9244
9072 9321
9074 9582
9074 9717
9077 9737
9078 9284
9084 9507
9085 9117
9086 9540
9087 9257
9092 9318
9097 9264
9099 9645
9101 9584
9101 9766
9103 9612
9103 9724
9106 9923
9110 9755
9120 9439
9122 9758
9124 9729
9125 9535
9129 9600
9133 9730
9137 9432
9139 9427
9145 9163
9161 9703
9165 9634
9177 9400
9177 9868
9180 9720
9181 9640
9181 9902
9195 9616
9198 9357
9198 9403
9202 9306
9203 9600
9205 9892
9209 9819
9212 9696
9216 9392
9217 9458
9221 9363
9221 9715
9222 9526
9223 9749
9224 9743
9224 9878
9235 9652
9240 9555
9241 9523
9241 9879
9249 9316
9250 9939
9253 9618
9260 9877
9263 9369
9265 9541
9267 9739
9268 9270
9268 9372
9274 9436
9279 9871
9280 9550
9281 9550
9282 9580
9282 9684
9283 9752
9288 9698
9293 9527
9302 9705
9302 9772
9303 9711
9305 9552
9310 9400
9312 9339
9317 9439
9320 9941
9339 9378
9342 9955
9343 9607
9344 9929
9345 9447
9351 9402
9352 9960
9353 9980
9365 9528
9366 9634
9367 9596
9370 9387
9378 9567
9379 9945
9392 9819
9394 9892
9399 9810
9407 9882
9408 9449
9417 9588
9417 9917
9425 9574
9428 9481
9429 9702
9441 9525
9445 9811
9453 9803
9456 9571
9457 9521
9460 9817
9462 9794
9463 9481
9467 9841
9468 9604
9474 9922
9484 9521
9488 9880
9495 9978
9500 9746
9512 9825
9513 9916
9514 9818
9518 9755
9524 9526
9526 9815
9529 9724
9533 9585
9554 9845
9563 9868
9564 9906
9565 9624
9576 9767
9579 9978
9586 9948
9587 9864
9595 9772
9599 9666
9612 9969
9633 9989
9639 9739
9645 9720
9646 9902
9654 9740
9675 9869
9681 9844
9693 9990
9703 9742
9706 9930
9719 9889
9741 9978
9747 9764
9754 9937
9755 9909
9801 9977
9802 9954
9816 9829
9818 9938
9838 9978
9852 9950
9857 9970
9876 9881
9889 9983
9914 9987
