20000 40000
1 3636
1 5419
1 13910
1 14488
2 8783
2 11462
2 11509
3 548
3 6268
3 6916
4 3295
4 7034
4 7893
4 10253
4 14619
4 15005
4 19890
5 2405
5 16320
6 2896
6 5649
6 12562
6 13289
6 16915
6 17237
6 17664
6 18949
7 1649
7 4180
7 18312
8 2797
8 6386
8 8138
8 10029
9 2364
9 3239
9 4250
9 6242
10 3205
10 16432
10 17804
11 1808
11 3990
11 8919
11 12116
11 14672
11 17635
11 17971
12 14518
12 15019
12 16126
13 1001
13 2092
13 18842
14 7227
14 11382
14 12035
14 12328
14 15575
14 18633
14 18674
15 2737
15 4231
15 9616
15 11361
15 11506
15 14244
16 7343
16 12365
17 7799
17 15371
18 5390
18 7554
18 9205
18 11187
18 15542
18 17025
19 1998
19 4406
20 5741
20 9009
20 11779
20 14944
20 19430
21 9997
22 6700
22 14385
22 18553
23 58
23 740
23 3599
23 8046
23 9047
23 14616
24 1561
24 9058
24 16765
25 2693
25 4502
25 5602
25 12296
25 15121
25 16269
26 11445
27 9766
27 14714
28 758
28 2718
28 5340
28 12952
28 13157
29 2284
29 3472
29 8169
29 8386
29 17824
30 1000
30 7954
30 10808
30 14668
30 17556
31 2131
31 6509
31 8062
31 11882
31 16258
32 1751
32 2935
32 3495
32 3602
32 14093
33 4383
33 15779
33 17268
33 19036
34 8342
35 1212
35 1907
35 4007
35 4675
35 16510
35 18217
35 19716
36 1407
36 2231
36 2950
36 8348
36 10448
36 12046
36 16896
36 17140
36 18932
36 19904
37 1584
37 3548
37 12344
37 14243
38 7994
38 8366
38 13010
38 19429
39 6807
39 7719
39 16518
40 1225
40 1817
40 5549
41 11431
41 17405
41 19577
42 3471
42 17236
42 17923
43 3165
43 6907
43 16316
44 367
44 4341
44 6551
44 8644
44 11258
45 7996
45 8929
45 9341
45 14019
46 1827
46 2135
46 5458
46 8287
46 9942
46 15846
47 3686
47 3745
47 9141
47 10387
47 11516
47 14476
48 3474
48 5230
48 19491
49 2126
49 4385
49 14109
50 11949
50 16422
51 10382
51 15508
52 8420
52 9020
52 17489
53 4260
53 11560
53 12446
53 15260
54 6506
54 7193
54 9136
54 13303
54 17010
55 3918
55 16173
56 3894
56 3981
56 4036
57 2996
57 6024
57 9569
57 14887
57 17090
57 18109
58 1724
58 2471
58 2552
58 8765
58 9309
58 19655
58 19912
59 702
59 5189
59 5407
59 5753
59 12984
59 14053
60 901
60 19676
61 13542
62 2355
62 4289
62 8676
62 13993
62 14540
63 3070
63 7830
63 10874
63 15050
63 17968
63 18546
63 19419
64 5811
64 6631
64 12375
64 13268
64 18526
65 1581
65 4963
65 6071
65 9046
65 10020
65 11502
65 15897
65 16939
65 17806
65 19104
66 4215
66 6942
66 14344
67 15190
68 6608
68 10160
68 13753
68 14289
69 6719
69 6754
69 7713
69 9020
69 15210
70 4120
70 11895
70 14398
70 19246
71 1457
71 4131
72 3129
72 4633
72 19014
73 2298
73 5829
74 8005
74 10381
74 12647
74 13359
75 10844
75 19863
76 11899
76 14221
77 2434
77 4120
77 5700
77 8994
77 11259
77 13412
77 14980
77 15085
78 7806
78 14666
78 18884
78 19058
79 453
79 2072
79 2279
79 19667
80 4134
80 7444
80 11036
81 1421
81 2169
81 9203
82 10369
82 16659
82 19465
83 5408
83 14127
83 14996
83 18301
84 6866
84 7160
84 10157
84 13350
85 10878
85 11412
85 12102
85 17333
86 1000
86 2199
86 17531
86 19866
87 7097
87 8181
87 9536
87 15843
87 18964
88 5402
88 11047
88 15396
89 3715
89 10096
89 16582
90 18139
90 18517
91 1802
91 2177
91 6409
91 7228
91 8799
91 10459
91 12774
92 2556
92 6589
92 9530
92 11008
92 11417
92 11707
92 12582
92 16620
93 1206
93 4058
93 4471
93 6575
93 9360
94 3839
94 8376
94 18205
95 9593
95 14972
96 10301
96 15673
97 3178
97 4122
97 17430
98 4797
98 5065
98 11102
99 5271
99 6811
99 9844
99 13600
99 18686
100 3410
100 5258
100 6210
100 6970
100 9822
100 17352
100 19174
102 10885
102 13536
102 14180
103 1845
103 2568
103 12929
103 15011
103 18305
104 12184
104 17905
105 2191
105 10086
105 10242
106 1629
106 4505
106 8020
106 8591
106 9766
107 3437
108 3905
108 3930
108 4908
108 7407
108 8480
108 11790
108 11876
109 2681
109 3536
109 3787
109 7079
109 10796
109 16947
109 18604
110 2098
110 8098
110 17769
110 18459
111 5401
111 10658
111 13735
111 14126
111 15397
111 17427
111 18798
112 3034
112 4995
112 6683
112 14571
112 15345
112 17118
112 17623
112 18303
113 695
113 7643
113 13678
114 1359
114 1387
114 7134
114 9423
114 17700
115 2928
115 4364
115 17797
115 17868
116 3169
116 7885
116 8187
116 17189
118 8060
118 11518
118 17281
119 6311
119 12468
119 18837
120 10180
120 16436
120 18013
120 18886
121 178
121 8517
121 8766
121 12647
121 16166
121 16580
122 8520
122 9532
122 9996
122 13580
122 18718
122 19784
123 438
123 1164
123 6347
124 2363
124 8212
124 11012
124 13039
125 9106
125 12320
126 7859
126 17536
126 17542
126 18505
127 5789
128 1207
128 2462
128 5406
128 7547
128 7931
128 8312
128 13069
128 13356
128 17635
129 508
129 4686
129 11292
129 13704
129 14295
130 3232
130 7920
130 9873
130 12512
130 13610
130 15108
130 16446
130 19642
131 5041
131 6448
131 6901
131 7740
131 17792
132 16603
133 4788
133 5937
133 13536
134 2678
134 6371
134 7858
135 2363
135 7679
135 7756
135 18003
136 697
136 1799
137 4777
137 5413
137 11594
137 15438
137 19065
138 6138
138 7710
138 8144
138 11518
139 1444
139 3544
139 8795
139 14167
140 4159
140 12692
140 13676
140 14985
140 15549
140 16574
141 11072
141 11477
141 12440
142 3912
143 7314
143 11034
143 14158
143 15909
143 16407
143 17443
144 2668
145 4221
145 16484
147 674
147 1783
147 6957
147 12850
147 14681
148 1013
148 6301
148 8131
148 8481
148 12283
148 16203
149 3581
149 6117
149 7703
149 8688
149 11147
149 13936
149 15397
150 1950
150 5656
150 5998
150 18760
151 4530
151 10605
151 14173
152 4082
152 8587
152 13257
152 14294
153 6335
153 18950
154 1759
154 5229
155 4248
155 4683
155 10746
156 15859
156 15964
156 17479
156 19836
157 918
157 2255
157 2656
157 13098
157 17289
158 5299
158 10559
158 13838
158 16346
159 16110
159 17843
159 19276
160 733
160 1080
160 3643
160 4611
160 13920
160 15139
160 15399
160 16527
161 7103
162 1869
162 5873
162 18059
162 19414
163 2229
163 4394
163 5989
163 6130
163 13378
163 14055
163 15864
164 8944
164 15736
164 15746
165 191
165 458
165 564
165 14520
165 19811
166 2294
166 17614
166 17960
167 2883
167 6665
167 7828
167 9898
167 16095
168 2379
168 5813
168 9004
168 11683
168 16305
168 16925
169 14664
169 16560
170 3085
170 9046
170 18198
171 1377
171 1821
171 1976
171 2378
171 3024
171 4085
171 10937
171 11222
171 14546
171 17823
172 1924
172 8737
172 12406
172 15164
173 3039
173 3820
173 7503
173 11813
173 12540
173 18341
174 3514
174 6189
174 8672
174 13090
174 14267
174 14804
174 15276
174 16438
174 17086
175 4320
175 5169
175 7330
175 10064
175 18265
175 18478
176 3593
176 13832
176 16339
176 17169
177 5935
177 9434
177 9799
177 11574
177 12927
177 15459
177 16317
178 673
178 13461
179 7697
179 11268
180 8774
180 11554
180 14255
180 14393
181 607
181 2297
181 3878
181 4600
181 18172
182 2218
182 2599
182 5373
182 15300
183 7793
183 8253
183 9427
183 16114
184 313
184 7698
184 7727
184 8385
184 12652
184 17940
185 3248
185 11816
185 18318
186 1241
186 2345
186 3259
186 4183
186 18109
187 7860
187 9885
187 12945
187 19548
188 1986
188 5568
188 12311
188 13838
188 14279
189 464
190 2280
190 5227
190 15496
190 15759
190 18245
191 228
191 2420
191 5864
191 13312
191 15427
191 18137
192 1026
192 7506
192 8995
192 14290
192 18025
193 5145
193 12946
195 11069
196 14418
196 14783
196 14881
196 17399
196 18907
197 2784
197 12994
198 2732
198 3393
198 8590
198 11513
198 15236
198 18147
199 1709
199 7203
199 10669
199 12746
199 13347
200 5578
200 7394
200 7867
200 9939
200 10784
200 14572
201 3890
201 6612
201 8745
201 10453
201 14526
201 18724
202 5113
202 7148
202 7163
202 9698
203 8000
203 8124
203 15829
203 15848
203 16107
204 2702
204 10465
204 10656
204 17221
204 18677
205 1083
205 2951
206 3280
207 3826
207 6638
207 9100
207 19211
208 2926
209 7361
209 10872
209 17450
210 1386
210 5811
210 11826
210 15226
210 17927
210 19374
211 3329
211 10103
211 19957
212 423
212 5398
212 17647
212 19790
213 4155
213 7592
213 12481
213 16801
213 17039
213 18416
214 3330
214 3829
214 5475
214 7981
214 8961
214 11374
214 12545
214 16105
214 16206
214 19116
214 19919
215 3052
215 4718
215 12567
216 834
216 3461
216 4096
216 10049
216 11952
217 11857
218 2151
218 2647
218 3387
218 12496
218 19628
219 4783
219 10240
219 15639
220 5616
220 17987
221 1622
221 6774
221 12974
221 13532
222 1572
222 6182
222 10987
222 11695
222 16320
223 884
223 2370
223 2519
223 2580
223 2811
223 3464
223 5036
223 6055
223 6517
223 10014
223 11893
223 19956
224 8306
224 11284
224 13362
224 14619
224 14663
224 15754
225 6511
225 12027
226 17513
227 1819
227 2681
227 8033
227 13269
228 3562
228 14282
228 14469
229 901
229 2899
229 16489
230 6379
230 9855
230 13365
230 17606
231 19377
231 19470
231 19554
232 4347
232 6229
232 9186
232 13614
232 13619
232 14159
233 2468
233 13518
234 5516
234 15197
234 19845
235 6675
235 10796
235 17387
236 280
236 2479
236 3650
236 11045
236 17912
237 1222
237 8243
237 12941
237 19145
238 6221
238 10965
238 13333
238 14021
239 1058
239 4828
239 12222
239 15760
239 16999
239 19204
240 4737
240 7484
240 12365
240 15345
241 3899
241 18547
243 1288
243 11962
243 16926
244 7370
244 14398
244 14400
245 571
245 715
245 2876
245 3882
245 9188
246 7596
246 8674
246 9219
246 16851
247 1350
247 2981
247 10188
247 12571
248 4046
248 6846
248 9552
248 14698
248 17885
248 18779
249 3532
249 6143
249 11087
249 13903
249 18886
250 455
250 7642
250 8050
250 13489
250 15152
250 17299
251 1486
251 11044
251 16383
252 3387
252 10285
252 15674
252 17119
252 17889
253 3380
253 6490
253 10926
253 19340
254 3014
254 7569
254 9245
254 9735
254 13446
254 13460
255 1967
255 2506
255 10839
255 11570
255 13364
255 15973
256 4416
256 15017
256 17898
257 6640
257 9127
257 15048
258 16113
258 18766
259 6102
259 12440
259 15057
260 7747
260 11233
260 16742
261 9347
261 19950
262 6055
263 6061
263 10755
263 11730
263 17442
264 1419
264 4899
264 14480
264 14551
265 3719
265 7092
265 8874
265 14240
265 14708
265 18172
265 19178
266 8421
266 14730
267 5885
267 15897
267 18219
267 19042
268 2020
268 9057
268 9110
269 2056
269 3826
269 4473
269 9096
269 16045
270 4249
270 8400
270 13210
270 14329
270 19556
271 5499
271 8019
272 2125
272 3766
273 6744
273 7002
273 16098
273 17168
273 18324
273 19256
273 19403
274 17366
275 11236
276 5024
276 8645
276 9873
276 10743
276 18215
276 19246
276 19897
277 15870
278 4905
278 4982
278 16417
278 19038
279 1705
279 14742
279 15158
279 15999
279 16856
280 6870
280 7014
280 8533
280 15012
281 5289
281 10757
281 14659
281 15389
282 1970
282 3742
282 6042
282 7734
282 9041
282 12785
283 2255
283 8265
283 10160
283 12363
284 1814
284 5013
284 6930
284 11172
284 12850
284 19926
285 4833
285 8072
286 3492
286 5254
286 13643
286 13742
286 15451
287 16926
288 741
289 2893
290 7280
290 8319
290 12808
291 3505
291 5484
291 6628
291 7509
291 12001
291 13706
291 13945
291 19114
292 2584
292 8993
292 12317
292 17737
293 620
293 927
293 5274
293 7151
293 16860
293 18588
294 693
294 5488
294 6127
294 10717
294 12356
294 17364
294 18270
295 1268
295 13560
295 17155
295 19206
296 16801
297 7235
297 9948
297 11855
297 19460
298 470
298 3287
298 6475
298 10570
298 10738
298 14045
299 12384
300 4168
300 5571
300 8920
301 6988
301 16153
302 474
302 3249
302 8257
302 8625
302 9042
302 13984
302 14427
302 16132
302 19042
303 18375
304 1545
304 6394
304 7525
304 12354
304 17415
304 17656
304 18562
304 19614
305 12419
306 6905
306 14137
306 15532
306 16279
306 16479
306 18652
307 384
307 18614
308 1819
308 11555
308 13192
308 17028
308 18088
308 18998
309 4083
309 18233
310 6715
310 10828
310 15762
310 17057
311 1284
311 5270
311 10562
311 15716
312 15364
312 19455
313 3293
313 4202
313 6179
313 17987
314 6066
314 11403
314 12936
314 14693
315 608
315 5089
315 10757
315 14411
316 5996
316 9371
316 10111
316 14506
316 14818
316 18399
317 373
317 2324
317 4502
317 10335
317 12969
317 13714
317 15327
318 658
318 6508
318 8068
318 8894
318 13087
318 17297
318 17650
319 5053
319 15135
319 17410
320 2439
320 8642
321 5239
321 5966
321 18057
322 2282
322 3872
322 6770
322 7446
322 13828
322 15452
322 16630
323 7058
323 11756
323 17144
323 17935
323 18618
324 5993
324 9583
324 10603
324 12847
324 13757
324 13959
324 18236
325 1202
325 2706
325 6033
325 18557
326 2845
326 13540
326 17035
327 7400
328 388
328 1365
328 3350
328 4783
328 12187
328 13674
329 8670
329 9697
329 9781
329 11124
329 13774
330 9936
330 13910
330 14277
330 17016
330 17037
331 3707
331 4319
331 13513
331 17293
331 18215
331 19480
332 3123
332 19867
333 1767
333 7558
333 8651
333 9512
334 1777
334 8284
335 14544
335 17817
336 2677
337 8319
337 11255
337 17632
338 2278
338 12008
338 12580
338 17883
338 18962
339 5131
339 9330
340 1631
340 2102
340 11467
340 11516
341 4186
341 12220
341 14412
342 4228
342 8856
342 10884
343 1216
343 11253
343 18652
344 891
344 9385
344 10282
345 2761
345 2764
345 8143
345 8990
345 10507
345 14000
345 17369
346 19072
347 8425
347 10568
347 15691
347 18238
347 18774
348 3562
348 3985
348 14480
349 6951
349 7670
349 8603
349 8937
349 10790
350 3208
350 3227
350 14318
350 19178
351 9812
351 11043
351 13193
352 2868
352 5436
352 7651
352 9125
353 3564
353 4841
353 12154
353 15736
354 4747
354 11604
355 9874
355 18753
356 12002
356 14377
356 14796
357 2041
357 8347
357 10327
357 12875
357 12887
357 12922
359 5939
359 11496
360 2663
360 7191
360 9277
360 11201
360 15209
361 1093
361 1741
361 13346
361 16334
361 19994
362 2414
362 2819
362 2906
362 4261
362 4382
362 9252
362 16017
362 19798
363 6773
363 9650
363 10043
363 14646
364 2586
364 12828
364 19494
365 4242
365 6299
365 13579
365 16394
365 17039
365 18884
366 3154
366 6661
366 16688
367 1019
367 1809
367 9840
367 13485
367 15727
367 16100
367 17467
368 6481
368 12077
369 896
369 9835
369 19448
370 4530
370 9497
370 12007
370 18672
370 18963
371 7496
371 11123
371 18950
372 4151
372 4623
372 7024
372 11685
373 4073
373 8568
374 3895
374 4201
374 4630
374 7903
374 9063
374 9778
374 18690
375 5739
375 10457
375 13576
375 18525
376 3110
376 3116
376 3612
376 9334
376 9997
376 10374
377 1409
377 6086
377 8258
377 16700
377 19130
378 2596
378 4579
378 9047
378 12597
378 15661
379 6520
379 17238
379 17502
379 18277
380 5455
380 9016
380 19725
381 5379
381 13260
381 13493
381 13532
381 16486
381 17823
381 18660
382 10064
382 13016
382 14351
382 14385
382 17787
382 19274
383 2850
383 5052
383 9895
383 9904
383 12480
383 13232
384 8809
384 9914
384 11936
384 14780
384 17777
385 2696
385 5608
386 8117
386 9318
386 9915
386 12961
386 13873
386 17240
387 3864
387 6397
387 9200
387 13474
388 5634
388 7106
388 8322
388 13182
388 15526
388 17232
388 19025
389 5003
389 11219
389 11578
389 11796
389 12697
390 1140
390 1432
390 2179
390 7697
390 9604
390 13755
390 14668
391 5025
391 10759
391 13573
391 17250
392 9860
393 1366
393 3646
393 4595
394 15449
395 5031
395 7475
395 11733
395 13938
395 15351
396 1277
396 4136
396 4593
396 12972
396 13342
396 17282
397 8322
397 10507
397 12550
397 15750
398 5513
398 13377
399 5383
399 5954
399 7159
399 9133
399 12118
399 12886
399 14321
400 6284
400 13532
400 14413
401 6803
401 7606
401 7853
401 12996
401 13170
402 1638
402 17052
403 547
403 990
403 9613
403 11746
403 19209
404 2466
404 3750
404 4107
404 8124
404 12842
404 17873
404 18293
405 1592
405 4200
405 6201
405 8532
405 11365
405 13094
406 1987
406 5054
406 5963
406 7323
406 7399
406 13381
406 13760
406 15007
406 18579
407 9426
407 10922
407 16860
408 2840
408 15036
408 15258
408 16437
408 17093
409 5911
409 11253
409 14294
409 14321
410 3881
410 6123
410 6150
410 16953
411 2038
411 2315
411 10358
411 11923
411 16434
411 18218
412 5893
413 8761
413 10715
413 14531
413 14713
413 19020
415 1471
415 2877
415 5402
415 5743
415 9319
415 11683
415 11760
415 13469
415 13855
415 14326
416 7158
416 8548
416 10689
416 13170
416 13915
416 14446
416 14588
416 16620
416 17147
416 17906
417 4834
417 9183
417 9574
417 12182
417 15131
417 19500
418 14781
419 7706
419 8945
419 10778
420 3798
420 8828
420 11701
420 13523
421 10671
421 13610
422 6029
422 7750
423 1929
423 8807
423 12230
423 18209
423 18920
424 10883
424 15056
425 967
425 15382
425 16850
426 3978
426 14238
427 850
427 4189
427 9935
427 10884
427 11167
427 18068
428 2747
428 7753
428 10255
428 11476
428 19315
429 8066
430 5916
430 13891
431 1132
431 8084
431 17964
432 2803
432 4244
432 4771
432 10726
433 11013
433 15097
434 7374
434 9939
434 11200
435 8671
435 10123
435 16538
436 2345
436 10232
437 477
437 1536
437 3739
437 5389
437 8312
437 9966
437 11734
437 14111
438 2120
438 4891
438 5250
438 9714
438 14183
438 15514
438 19867
439 6058
439 16147
439 18598
440 1353
440 6849
440 12203
441 6987
441 12073
441 15808
441 16749
441 19667
442 1085
442 2058
442 4944
442 8648
442 9022
442 13004
443 1802
443 8285
443 12282
443 12809
443 19580
444 2238
444 10072
444 18448
444 19181
445 7365
445 9513
445 14695
445 15870
446 2089
446 3826
446 7003
446 9727
446 12853
447 3142
447 10120
447 16813
448 4737
448 8498
449 10364
449 19540
450 2715
450 5077
450 10352
450 18198
451 3006
451 11965
451 13244
451 16411
452 1201
452 2698
453 2236
453 12025
454 4900
454 4911
454 12632
454 16067
454 19798
455 4926
455 12662
455 15179
456 19181
457 4356
457 4596
457 14524
458 1499
458 8383
458 16106
458 18867
459 17965
460 3898
460 9708
460 12386
460 15780
461 1052
461 5236
461 5768
461 13022
461 15302
461 16657
461 18628
461 19147
462 1602
462 3642
462 4602
462 6281
462 10094
462 15853
463 702
463 4670
463 14127
463 17098
466 5552
466 8472
467 2418
467 4702
467 5310
467 9041
467 13277
468 3937
468 5887
468 6958
468 9253
468 10454
468 12636
468 15985
469 5627
469 6763
469 9451
469 11920
469 16430
470 2196
470 4131
470 12030
470 16198
471 12389
471 13344
472 4560
472 6505
472 16886
473 985
473 4871
473 18092
474 2862
474 5141
474 7436
474 7801
474 13529
475 812
475 12341
475 12409
475 13613
476 3442
476 16646
476 19593
477 2314
477 5798
477 8312
477 14543
477 15867
478 7562
478 7857
478 15247
478 15695
478 19773
479 9696
479 9967
479 14470
480 963
482 916
482 1307
482 5599
482 8314
482 8846
482 9399
482 10444
482 15864
482 18179
482 18478
483 3856
483 13768
484 9158
484 14104
484 17640
485 10017
485 19348
486 2099
486 4791
486 10897
486 16994
487 1927
487 5062
487 5677
487 8269
487 9027
487 9512
487 11090
487 19334
488 8345
488 12166
489 1184
489 12651
489 15729
490 7393
490 9019
490 9685
490 12003
491 16146
492 5039
492 14399
492 14412
493 2472
493 3086
493 6554
494 5014
494 10061
494 18583
495 4302
495 10863
495 17796
496 3948
496 18352
497 8720
497 8914
497 9363
497 12495
497 12575
497 14632
497 18782
498 8967
498 10103
498 10221
498 14612
498 16904
499 12069
499 17645
500 5398
500 5791
500 6902
500 11344
500 12922
500 12964
501 4662
501 5425
501 5921
501 6115
501 14323
501 16393
502 703
502 1575
502 10598
502 12637
502 14139
502 16326
503 4949
503 4975
503 6830
503 9608
503 16997
504 14243
504 14488
504 17790
504 19232
505 7255
505 8027
505 8668
505 10532
505 11173
505 13298
506 7793
506 8316
506 12008
506 13100
506 14258
507 3591
507 8518
507 8752
507 15594
508 10787
508 13074
508 16372
508 18169
508 18749
508 19381
509 5240
509 5426
509 5911
509 8698
509 12723
509 16535
509 16820
510 2381
510 11533
511 8220
511 13113
511 13926
512 1702
512 13908
513 2566
513 5511
513 7084
513 7514
514 2827
514 3051
514 7516
514 17466
514 19682
515 5193
515 12422
515 15832
516 959
516 7868
516 12126
516 16936
517 9963
518 1720
518 3998
518 5873
518 10236
518 15311
518 18813
519 2981
519 3613
519 3659
519 8284
519 13525
519 15032
519 18069
519 18451
520 2725
520 4189
520 10615
521 2143
521 11529
521 17165
521 19968
522 1564
522 6743
522 7079
522 8433
522 18026
523 7025
523 17238
524 4276
524 16110
524 17467
525 14049
525 19207
526 4045
526 5572
526 6422
526 7129
526 8643
526 10283
526 13531
527 2423
527 2740
527 4005
527 4196
527 4361
527 11119
527 14865
527 17570
528 5476
528 6358
528 9576
528 14294
529 3068
529 4214
529 7063
529 9260
529 16360
529 18609
530 3708
530 6539
530 7506
531 1569
531 2261
531 5372
531 9855
533 1914
533 9897
533 10748
533 14846
533 18339
534 8269
534 9478
535 4019
535 14136
536 1028
536 3367
536 9828
536 18923
537 709
537 13749
538 6284
538 10920
538 15218
538 15386
539 1194
539 3132
539 3682
540 19822
541 2010
541 10252
541 16422
541 16886
541 16986
542 7781
542 8797
543 4683
543 10032
543 11068
543 11756
543 13545
544 1502
544 7544
544 9456
544 10404
544 10706
544 16387
545 2343
545 3427
545 5751
545 11039
546 2564
546 14750
548 3287
548 10202
549 15337
549 16230
549 17900
550 7299
550 13489
550 18077
551 2386
551 8822
551 16326
552 7266
553 3256
553 3358
553 11374
553 17065
554 5632
554 13366
554 19488
555 4852
555 5651
555 9616
556 872
556 6700
556 6936
556 13445
556 15459
556 16480
557 11202
557 12635
558 8591
558 10697
558 14788
559 2624
559 6845
559 12044
559 15238
559 19148
560 1550
560 3781
560 4567
560 9657
560 11182
560 17178
560 17502
561 2702
562 9392
562 11831
562 15730
562 18353
562 18682
563 13726
563 13919
563 15504
563 17716
564 4549
564 4608
564 4760
564 12716
564 16517
564 18564
565 5580
565 5702
566 6436
566 13125
566 14322
567 764
567 7480
567 7993
567 9385
567 17369
568 3077
568 14285
568 15380
568 18085
568 18905
568 19990
569 6663
569 6968
570 2211
570 6666
570 10213
570 13673
570 13795
570 14520
571 7670
571 7703
571 12669
572 5303
572 8885
572 10166
572 11253
572 12547
572 14682
572 16094
573 17066
574 8505
575 3208
575 6412
575 6777
575 18195
576 11836
576 16054
576 17472
577 2112
577 8164
577 9086
577 10238
577 11905
577 13322
578 15988
579 1599
579 1784
579 7256
579 7578
579 13074
579 13410
579 17046
580 890
580 4973
580 19605
581 3450
581 3850
581 4355
581 16811
581 17291
581 19619
582 767
582 2300
582 7697
582 11854
582 13733
582 14562
582 16040
583 6271
584 1142
584 2446
584 6097
584 7195
584 9419
584 10394
584 10621
584 18539
585 1168
585 7257
585 10589
585 11159
585 12190
585 12509
585 15537
585 17635
586 3302
586 4707
586 4818
586 11825
586 17090
586 19637
587 6377
587 6651
587 11956
587 11991
588 6470
588 9680
588 9910
588 10503
589 11873
589 16636
589 18818
589 19053
590 4538
590 7528
590 9501
590 14731
591 3212
591 6282
591 13240
591 18053
592 19812
593 6952
593 7842
593 12607
594 2393
595 3059
595 5639
595 7841
595 18415
596 1054
596 8320
596 13095
596 13609
596 19721
597 1510
597 10605
597 18252
597 18337
598 3193
598 3759
598 6600
598 12613
598 19535
599 2557
599 6228
599 7000
599 8335
599 9681
599 18169
600 1866
600 3441
600 4635
601 1900
601 4480
601 13263
601 17773
601 19252
602 2055
602 3147
602 8833
602 14856
602 15998
603 1014
603 7743
603 10356
603 12190
604 1634
604 10247
604 11334
605 1413
605 7762
605 7839
605 7997
605 8713
605 12661
605 17437
605 19775
606 4896
606 17565
606 17914
607 6731
607 16009
608 1030
608 11042
608 13594
608 16875
608 17824
608 17925
608 18325
609 2236
609 8555
609 14565
610 14720
610 16096
610 16215
610 16819
610 18304
611 6180
611 6892
611 8983
611 14542
611 17526
612 1904
612 6933
612 7009
612 7974
612 18717
613 817
613 6002
613 7324
613 8043
613 17961
613 19292
614 1258
614 3738
614 6091
614 12964
614 12969
614 13261
615 3701
615 4488
615 5778
615 13440
616 1480
616 17575
617 1592
617 7183
617 9361
617 12753
619 5830
619 6112
619 12208
620 7887
620 8269
620 14922
620 17573
621 14692
622 5451
622 5660
622 8539
622 10198
622 11937
622 19655
622 19757
623 639
623 1380
623 3025
623 6104
623 6994
623 7414
623 13965
623 18581
624 8207
624 19994
625 11898
625 14160
626 7608
626 9180
626 14938
627 5808
627 14807
627 17145
627 18115
628 1947
628 2811
628 3377
628 4251
628 5586
628 8372
628 10015
628 10088
628 13758
628 19501
629 5342
629 6006
629 16833
629 18420
629 19507
630 2403
630 7181
630 7217
630 12865
631 916
631 2729
631 9075
631 10509
631 14495
631 15911
632 2336
632 7981
632 13129
633 9375
633 14968
633 17054
633 19413
633 19719
633 19883
634 4591
634 13295
634 17040
634 18446
635 1697
635 2487
635 3394
635 4807
635 6344
635 13782
635 17542
636 5617
636 11781
636 12425
637 3154
637 16975
637 18960
638 10592
638 14617
638 17051
638 17200
638 17548
639 5399
639 11600
640 2839
640 3971
640 6992
640 12036
640 12511
640 19242
641 3982
641 4368
641 11570
641 16592
641 19784
641 19896
642 6592
642 6639
642 7579
643 8961
643 15135
643 17128
644 8307
645 1084
645 2457
645 5321
645 7624
645 14738
646 663
646 2859
646 4051
646 6155
646 7716
646 8755
646 9204
646 17000
646 19376
646 19596
647 1136
647 2713
647 4698
647 6176
647 10752
647 16638
648 10630
648 13334
649 2394
649 2838
649 18517
650 1182
650 2496
650 5278
650 6818
650 8753
650 8942
650 10921
650 13504
651 5487
651 8264
651 14536
652 3835
652 4607
652 4652
652 6007
652 7898
652 12477
652 16857
653 5181
653 5873
653 8997
653 14936
653 15960
653 16800
653 19590
654 876
654 10377
654 14069
654 15613
655 3537
655 15658
655 18194
656 1503
656 13265
656 15176
656 17098
656 18067
657 1111
657 6060
657 6474
657 6844
657 13363
657 15463
658 918
658 2644
658 9351
658 10845
658 11765
659 4313
659 5308
659 10242
660 8551
660 8892
660 14176
660 17215
661 3269
661 5603
661 10156
661 12605
661 19033
662 8667
662 12158
663 4168
663 4194
663 6591
663 8502
663 9049
663 10837
663 17159
664 5966
664 6540
664 17317
664 19679
665 5452
665 7444
665 18799
665 19385
666 6584
666 13971
666 15769
667 7119
667 18489
667 19985
668 3087
668 4723
668 7382
668 14426
668 16539
668 18533
668 18843
668 19467
669 9635
669 12090
669 12925
669 19431
669 19785
670 13502
671 10559
671 15027
671 16956
671 18836
672 2171
672 6275
672 8177
672 9482
672 17132
672 17459
673 4262
673 4734
673 19994
674 713
674 5027
674 5690
675 10308
676 847
676 2955
676 5900
676 11181
676 14819
676 18688
677 1714
677 2005
677 5508
678 2263
678 2834
678 7870
678 8359
678 11114
678 14586
678 19471
679 5860
679 13647
679 18590
680 1969
680 2347
680 5130
680 13185
681 6304
681 8821
681 11571
681 18158
682 8166
682 8485
682 10882
682 16630
683 3034
684 1239
684 11424
684 18772
685 3639
685 8177
685 15575
685 17161
685 19142
686 6423
686 9339
686 18524
687 4101
687 4483
687 9363
687 15376
687 19008
688 9048
688 15305
689 12103
689 17122
689 18666
689 19891
690 1488
690 4574
690 5358
690 8098
690 9711
690 11050
690 17658
691 5752
691 6155
691 8157
691 10172
691 16831
691 17369
692 2478
692 2530
692 14652
692 18161
693 19110
693 19783
694 6214
694 10343
695 10568
696 15274
696 19482
697 3918
697 13522
697 19326
697 19665
698 1052
698 5703
698 6453
698 15397
698 15785
699 9005
699 11533
699 12641
699 15794
699 18359
700 3034
700 3063
700 6135
700 8469
700 12179
700 17991
701 2568
701 15579
701 18148
701 19093
702 9973
702 10357
704 3297
704 4524
704 11747
704 12064
704 14299
704 16750
705 3890
705 4271
705 5106
705 9193
705 16708
706 6170
706 9926
707 3468
707 9340
707 13413
707 14366
707 18714
707 19388
708 3219
708 8215
708 9260
708 15493
709 3032
709 6574
709 13672
709 15400
710 1747
710 4575
710 5161
710 17569
711 1449
712 1952
712 7293
712 8563
712 13201
712 15336
712 19268
713 2897
713 9673
713 12894
713 15928
713 18435
714 3643
714 5805
714 11465
714 17689
714 18349
715 1198
715 8062
715 10901
715 17761
716 2149
716 4538
716 12015
716 13852
716 17699
716 18633
717 15667
717 15715
717 16434
717 19660
718 3614
718 5794
718 9314
718 13999
719 5297
720 7000
720 9807
720 10400
720 19441
721 17462
721 19230
722 4426
722 6474
722 11516
723 4418
723 4481
723 14300
723 15571
723 16475
723 18969
724 13450
724 18619
724 19862
725 1664
726 2543
726 15197
726 16222
726 18119
727 794
727 11998
727 18265
727 19971
728 1003
728 1619
728 4391
728 15418
729 1973
729 3853
729 9697
729 12253
730 2666
730 5271
731 2971
731 10297
731 12739
731 13558
731 14335
732 7204
732 16547
733 5020
733 11507
733 13692
733 17101
734 3098
734 6391
734 16192
735 2638
735 9927
735 10661
736 6965
736 13224
737 9616
737 9799
737 13236
737 19856
738 1134
738 2149
738 10235
738 11107
738 11177
738 14023
739 6348
739 10964
739 11560
739 14542
739 15097
739 15335
740 7157
740 15552
741 1484
741 10295
741 11795
741 14027
741 17357
742 5258
742 7156
742 9079
742 11698
742 12079
742 15009
743 8154
743 11239
743 12863
743 15710
744 1363
744 3086
744 4267
744 8310
744 8783
744 9938
744 15675
745 14481
746 10171
747 8643
747 17988
748 2007
748 4510
748 6604
748 16281
748 18553
749 16178
749 17803
750 3282
750 6217
751 4635
751 6680
751 14910
751 16893
752 2768
752 11184
752 11937
752 12080
753 8255
753 13509
753 17616
753 18269
754 16087
755 5271
755 18757
756 2219
756 4600
756 4827
756 7820
756 8308
756 11884
757 810
757 9781
757 19354
758 7694
759 990
759 7140
759 13659
759 18824
759 19043
760 5223
760 11543
760 11630
760 12592
761 1783
761 4666
762 1109
762 1523
762 10761
762 14434
763 13540
763 15858
763 19250
764 3828
764 6439
764 11839
764 19340
765 891
765 1204
765 7485
765 11939
765 18307
765 18359
765 18594
766 1712
766 3377
766 15556
767 10228
767 11604
768 1679
768 16996
768 18629
769 9325
769 18284
770 5116
770 9199
770 11894
770 14234
770 14809
771 6745
771 10453
771 11275
771 13083
772 4315
772 4326
772 4850
772 7808
772 8891
772 15757
773 2898
773 5261
773 7005
773 7886
773 8642
773 13606
774 8529
774 11876
774 18087
775 8697
776 1236
776 1824
776 3502
776 7811
776 8270
777 867
777 6863
777 7203
777 13993
777 16485
777 18245
778 4001
778 14133
778 16429
779 4198
779 12462
779 15126
779 18557
780 12383
780 12790
780 18303
781 3529
781 4633
781 8028
781 9894
781 14890
782 10980
782 16536
782 18888
783 4944
783 5661
783 13083
784 1458
784 9138
784 10793
784 13936
784 14209
784 19246
784 19543
784 19866
785 1604
785 5415
785 16090
785 16707
785 19866
786 16016
787 2783
787 5575
787 9815
787 9861
787 15473
788 2849
788 4192
788 6901
788 7187
788 17914
788 17988
788 18581
788 19121
788 19311
788 19695
789 3168
789 5219
789 6163
789 7804
789 11181
789 11723
789 13818
790 17336
791 1322
791 3784
791 6251
791 6765
791 6815
791 12753
791 17953
792 7966
792 14005
793 7624
793 19423
794 3825
794 6562
794 7967
794 8631
794 13146
795 8795
795 10731
795 11167
795 12759
795 14662
796 6459
796 8038
796 12991
797 4514
797 9623
797 19915
798 3811
798 6487
798 8700
798 10875
798 19066
799 3883
799 8176
799 11291
799 11780
799 12839
799 17096
799 19732
800 4736
801 15973
802 1883
802 6068
802 11265
802 14466
802 16459
802 19444
802 19447
803 19928
804 1453
804 1803
804 1817
804 2855
804 8251
804 11006
804 17128
804 19293
805 5885
805 6305
805 17959
806 897
806 2401
806 6374
806 10660
806 11055
807 10043
807 11018
807 13090
808 7316
808 7928
808 9353
808 18174
809 3691
809 11135
809 13283
809 18219
810 4370
810 13752
811 4268
811 4776
811 5377
811 12814
811 14472
811 16219
812 1022
812 2374
812 6745
812 8376
812 13783
813 7096
813 7148
813 8809
814 2300
814 4234
814 4569
814 6112
814 10296
814 14863
814 17061
815 2705
815 5355
815 5950
815 7547
815 13203
815 16655
816 2527
816 3416
816 13261
816 16560
816 16642
816 17474
816 17684
817 1872
817 6689
818 1908
819 5859
819 12158
819 15082
820 1614
820 3598
820 3768
820 9463
820 16630
821 11534
821 19923
822 5889
822 6143
822 7541
822 8203
822 9387
822 14134
823 3000
823 5593
823 6057
823 16292
824 2399
824 4712
824 8424
824 12303
824 19859
825 7700
825 10215
825 10966
825 16348
825 17231
826 7083
826 11020
826 13053
826 19240
827 5515
827 8767
827 12430
827 13553
827 15412
827 19532
828 6890
828 7362
828 7688
828 13654
828 16648
829 1953
829 3325
829 5828
829 6612
829 11539
830 3682
830 3956
830 9297
830 9646
830 15100
832 6151
832 11103
833 12907
833 19364
834 12652
834 13106
834 14152
835 1435
835 6193
835 18607
835 18905
835 19877
836 6344
836 7616
836 11859
837 10220
838 4671
838 7356
838 8344
838 13385
838 14092
838 19274
839 1844
839 6454
839 6789
839 16484
840 3098
840 4126
840 6585
840 9133
840 19327
841 1280
841 9309
842 1414
842 2615
842 9706
842 14271
843 8100
843 9369
843 14231
844 9410
844 10712
844 12488
844 14819
844 15958
844 16321
844 17036
845 2791
845 7132
845 8185
845 8713
845 9114
845 13958
846 2299
846 14502
847 2552
847 5323
847 5820
847 16226
848 3239
848 4117
848 4591
848 5895
848 6357
849 11950
849 11991
849 17174
850 5886
850 6127
850 12422
850 14507
850 14537
851 5521
852 2985
852 6464
852 9683
852 13707
853 1974
853 6262
853 7936
853 12237
853 13113
853 14581
853 16811
855 7191
855 8221
855 11761
856 3897
856 8657
856 10594
856 10634
856 19648
857 1418
857 2858
857 12192
857 17336
858 6258
858 7026
858 11385
858 17602
858 19687
859 1646
859 6934
860 3157
860 3713
860 3927
860 8922
860 10777
860 11094
860 15166
861 5401
861 8236
861 13722
861 17743
861 18661
862 13359
863 3457
863 4186
863 10863
863 14759
863 15468
863 15840
864 6628
864 8749
864 10843
864 13389
864 16369
864 16854
864 17372
865 11778
866 5668
866 6471
866 16083
866 19084
867 3506
867 8202
867 11476
867 12531
868 15200
868 15412
868 15699
868 17314
868 18204
868 19974
869 3999
869 4846
869 10925
869 13248
870 8557
870 12761
872 10991
872 15785
872 17521
873 4616
873 10852
873 16513
874 8369
874 13298
874 18003
875 2793
876 6118
876 11976
876 15798
876 19654
877 4940
877 11177
877 12012
878 9780
878 11947
878 15347
879 5286
879 6871
879 15468
880 6569
880 9846
880 12655
880 14549
880 19467
881 12028
881 18807
882 5039
882 18835
883 2636
884 9386
884 11254
885 962
885 3055
885 10478
885 13331
886 6704
886 13380
887 4459
887 5260
887 19895
888 3214
888 3472
888 4332
888 6647
888 15953
889 1360
890 2083
890 4408
890 5644
890 10386
890 17622
891 1671
891 1967
891 7379
891 15994
892 8537
892 9119
892 11579
892 15980
892 17889
892 19777
893 1625
893 3486
893 5806
893 12984
893 14223
893 17480
894 1085
894 9263
894 13514
895 3369
895 15533
895 17340
895 18387
896 1543
896 3507
896 4904
896 5639
896 6621
896 7816
896 10074
896 15339
896 17493
896 18854
897 17299
898 3562
898 4708
898 6721
898 9113
898 13864
898 14958
899 6940
899 10475
900 2711
900 7212
900 15324
901 4114
901 5334
901 7452
901 18689
901 19545
902 938
902 1020
902 3315
903 10515
903 12669
903 17783
904 10009
904 15558
905 12387
905 13952
906 11777
906 12518
906 15089
907 7353
907 8020
907 10885
907 15999
907 19716
909 5210
909 7806
909 9303
909 10106
909 12921
909 16399
909 19793
910 6513
910 14374
910 14717
910 16731
910 16963
911 3352
911 10899
911 10952
911 12461
911 18172
912 4922
912 8689
912 13688
912 15882
912 16822
914 9736
914 10239
914 11278
914 13683
914 14081
914 15177
914 16114
915 6643
915 6882
916 19205
917 1112
917 2312
917 2567
917 4407
917 19500
918 1198
918 2690
918 6132
918 11718
919 1383
919 3547
919 3755
919 15656
920 5242
920 19323
921 16676
922 2339
922 4012
922 9863
922 15487
922 17290
922 19511
923 7308
923 11045
923 12402
923 16416
924 1123
924 2419
924 13471
924 16827
924 17848
925 931
925 1581
925 7817
925 10958
925 19758
926 11366
927 7911
927 11535
927 18392
928 2407
928 3407
928 3546
928 7431
928 13115
928 13242
928 15872
928 17893
928 17951
928 18604
928 18613
929 1038
929 3778
929 5688
929 8554
929 9132
929 9498
929 10186
929 10378
929 16946
929 18087
930 2799
930 13039
930 16674
930 18270
931 1153
931 10390
932 4612
932 9335
932 9786
932 16010
932 18293
932 19954
933 18949
934 1176
934 2233
934 3577
934 16901
935 2671
935 14702
936 2874
936 3401
936 4998
936 9543
936 11757
936 13661
937 11492
937 18842
938 8286
938 9770
938 11813
938 15052
939 3347
939 10135
939 15801
940 7593
940 11068
940 13183
941 3820
941 8528
941 10976
941 15766
941 17965
941 19843
942 1057
943 13374
944 3261
944 7558
944 8661
944 10759
944 11231
944 15558
945 9752
945 9872
945 10478
945 16204
945 19135
946 4890
946 6700
946 8973
946 11161
946 13722
946 18384
947 10504
948 4177
948 19895
949 1524
949 2936
950 13000
950 14944
950 15818
951 12686
951 14238
952 4541
952 8161
952 9462
952 11732
952 15204
952 16833
952 18351
952 19502
953 2229
953 19269
954 997
954 11946
954 12585
955 2733
955 11187
955 12507
955 14154
956 12532
956 14179
956 16739
956 19899
957 5483
957 8667
957 10537
957 16763
958 1644
958 5390
958 16308
958 19227
959 2856
959 8687
959 16872
960 1212
960 6449
960 6926
960 7054
960 7076
961 9794
961 10907
961 18016
962 13594
963 3231
963 7815
963 8194
964 5859
964 7385
964 8262
964 11946
964 15734
964 17673
965 1611
965 1920
965 2632
965 4098
965 6505
965 8866
965 18069
966 3944
966 8798
967 3868
967 16319
968 5458
968 12836
969 2548
969 7598
969 8000
969 10548
969 15580
970 9570
970 13547
970 14439
970 18941
971 1099
971 3249
971 4870
971 4880
971 15468
971 15877
971 17902
972 4428
972 6143
972 9340
972 9576
972 11867
972 13357
972 14586
973 7001
973 8667
973 9976
973 16121
973 17660
974 13389
974 16010
975 11159
975 11868
976 1637
976 15853
977 2871
977 3915
977 10511
977 18427
978 5338
978 5530
978 6335
978 14181
978 14563
979 4906
979 7313
979 7916
979 10009
979 12486
979 16910
980 11652
981 2615
981 6433
981 10428
982 16556
983 17467
984 1807
984 7535
984 10719
984 12256
985 12192
985 19164
985 19884
986 1503
986 4206
986 8165
986 8845
986 9834
987 6771
987 13643
987 13707
987 14609
988 8252
988 18443
989 3519
989 3822
989 7212
989 10851
989 16604
990 1444
990 2174
991 11242
991 16577
991 17019
992 6142
992 6594
992 8149
992 14151
993 2323
993 2858
993 4167
993 6917
993 9682
993 19713
994 2776
994 6687
995 1183
995 1773
995 7380
995 7934
995 12300
996 17930
997 6595
997 8476
997 14060
998 3696
998 7206
998 10579
998 10905
998 11738
998 17783
998 19313
998 19747
999 7244
1000 16268
1001 1003
1001 2436
1001 10260
1001 19206
1002 1087
1002 6068
1002 6551
1002 6751
1002 9221
1002 13808
1002 18837
1003 4990
1003 10023
1003 14849
1003 16131
1004 10797
1004 14327
1004 15280
1005 5036
1005 6745
1005 7801
1006 3936
1006 4611
1006 8154
1006 9626
1006 11793
1006 17234
1006 17431
1006 19867
1007 18953
1008 3847
1008 10310
1008 11428
1009 8608
1009 15380
1009 16049
1009 18335
1009 18675
1010 2369
1010 10591
1010 18397
1011 4901
1011 6190
1011 10525
1012 3811
1012 17435
1013 2088
1013 3707
1013 6077
1013 7798
1013 10186
1014 1311
1014 7670
1014 8396
1015 11634
1016 1882
1016 3181
1016 7658
1016 9520
1017 5326
1017 5940
1018 1835
1018 11590
1019 1799
1019 4124
1019 6097
1020 3008
1020 12727
1021 10283
1021 11005
1021 14186
1021 18514
1022 3090
1022 3851
1022 4851
1022 18965
1022 19799
1023 5328
1023 7093
1023 16928
1024 3296
1024 8396
1024 12722
1025 6551
1025 12947
1025 17551
1026 4433
1026 14235
1026 17578
1026 18873
1027 1725
1027 3941
1028 17224
1029 5853
1029 12906
1029 16951
1030 10872
1031 6062
1031 9659
1032 13140
1032 17677
1032 18181
1032 19437
1033 18734
1034 2094
1034 13446
1034 18800
1035 6894
1035 12513
1035 19880
1037 2612
1037 6128
1037 12355
1037 15261
1037 18374
1038 6363
1039 3839
1039 4615
1039 10580
1039 11006
1039 13357
1039 17286
1040 9338
1040 12496
1040 16920
1041 2677
1041 4999
1041 9156
1041 15209
1042 3976
1042 7045
1042 8921
1042 9889
1043 10505
1043 17713
1044 6261
1044 13145
1044 18017
1045 1069
1045 5834
1045 9698
1045 12009
1045 17165
1045 17721
1045 19979
1046 18451
1047 10002
1047 17709
1048 12232
1048 15605
1049 3724
1050 1814
1050 7386
1050 8962
1050 10337
1051 5588
1051 12001
1051 14397
1051 15997
1051 16858
1051 18770
1051 18878
1051 19361
1052 18850
1052 19599
1053 4456
1053 5950
1053 7589
1054 1536
1054 5386
1054 8998
1054 9504
1054 16408
1055 3299
1055 4790
1055 7243
1055 10479
1055 16307
1055 18433
1055 18552
1056 3268
1056 3427
1056 10019
1056 18607
1057 1832
1057 4723
1057 6789
1057 14466
1057 17386
1057 19441
1058 1197
1058 16795
1059 9770
1059 14187
1059 15020
1059 16622
1059 18477
1060 7041
1060 12476
1060 15511
1060 16818
1061 7490
1061 8198
1062 1735
1062 7591
1062 8134
1062 9360
1062 11755
1063 4674
1063 5428
1063 12120
1063 17229
1063 19707
1064 4269
1064 7488
1064 9180
1064 12051
1064 14090
1065 1598
1065 6467
1065 9789
1065 14930
1065 16332
1066 5123
1066 12019
1066 19955
1067 12513
1067 17285
1068 2576
1068 8065
1068 10123
1068 11054
1068 13153
1069 6287
1069 6846
1069 8368
1069 9723
1069 12988
1069 18751
1069 18810
1070 6152
1071 6330
1071 6586
1071 9644
1071 13685
1071 16913
1072 8089
1072 15342
1072 18421
1073 3148
1073 13758
1073 17580
1073 17713
1074 5481
1074 5656
1074 6448
1074 16244
1075 1192
1075 9195
1075 14032
1075 15006
1076 2189
1076 3642
1076 10532
1076 17173
1077 1936
1077 8557
1077 8585
1077 12585
1077 15168
1078 13444
1078 15571
1078 16548
1078 17142
1078 19137
1079 3098
1079 9543
1079 10963
1079 15432
1079 15711
1079 18343
1079 18701
1080 1950
1080 16602
1080 18543
1081 16765
1082 1089
1082 6096
1082 12875
1082 17897
1083 12147
1084 1121
1084 8889
1084 9246
1084 15511
1084 16119
1084 18136
1084 18392
1085 10693
1085 11308
1086 2946
1086 4447
1086 8251
1086 10648
1087 1124
1087 3376
1087 5338
1088 6477
1088 8711
1088 15663
1089 4307
1089 4928
1089 13114
1089 16951
1090 2211
1090 14965
1090 15384
1091 19823
1092 15725
1093 7045
1094 6173
1094 11865
1094 11967
1094 12707
1094 18792
1095 7937
1095 16446
1096 4428
1096 7191
1097 4214
1097 10511
1097 13720
1097 14496
1097 15732
1098 4387
1098 11465
1098 12040
1098 19110
1098 19545
1099 1340
1099 4535
1099 6676
1099 10483
1099 11473
1099 14291
1099 19310
1100 1613
1101 7196
1101 13022
1102 2990
1102 3539
1102 7062
1103 8405
1103 9160
1103 13935
1103 14957
1105 7918
1105 17106
1105 18233
1106 1868
1106 11601
1106 12052
1106 17291
1107 4860
1107 6944
1107 16288
1108 1803
1108 2530
1108 16294
1108 18236
1109 14213
1110 4699
1110 5961
1110 9930
1110 10884
1110 11360
1110 13730
1110 14262
1110 16469
1111 1721
1111 5398
1111 6247
1111 16201
1112 9342
1112 9798
1112 19398
1113 3300
1113 13632
1114 3938
1114 9300
1114 14974
1115 3319
1115 4838
1115 4956
1115 10770
1115 15144
1115 16536
1115 17799
1116 5419
1116 15617
1117 5402
1118 6764
1118 11786
1118 13864
1119 1667
1119 2965
1119 13578
1120 3247
1120 3885
1121 2472
1121 5133
1121 10062
1122 8549
1122 9425
1122 15083
1123 15112
1123 16609
1124 3657
1124 4343
1124 10482
1124 13112
1124 15772
1124 17489
1124 18416
1125 3377
1125 5539
1125 6263
1125 7877
1125 10306
1125 16305
1126 8551
1126 10952
1126 11361
1126 19085
1127 6009
1127 8106
1127 15693
1127 17477
1127 17807
1128 6449
1129 4549
1129 10479
1129 15598
1130 1497
1130 4642
1130 6788
1130 11167
1130 12093
1130 13339
1130 13895
1130 17482
1130 19411
1131 19517
1132 4712
1132 5397
1132 12263
1132 15273
1133 10684
1133 13118
1133 17131
1133 18386
1134 7616
1134 8945
1134 10194
1134 11006
1134 15692
1135 2623
1135 11018
1135 16595
1135 17418
1136 10908
1136 13966
1137 4491
1137 15332
1137 19360
1138 6893
1138 13053
1139 5633
1139 5942
1139 10516
1140 2391
1140 10031
1140 15545
1140 17397
1141 3447
1141 5723
1141 10252
1141 11854
1141 18141
1142 3176
1142 6161
1142 8778
1142 14615
1142 16075
1143 12568
1143 12657
1143 19640
1143 19823
1143 19945
1144 5137
1145 3514
1145 10062
1145 10363
1145 11229
1146 1227
1146 3236
1146 11158
1146 15647
1146 18297
1147 7595
1147 12704
1147 15446
1147 16536
1148 2783
1148 5703
1148 9081
1148 9974
1148 12757
1148 13454
1148 13865
1150 2634
1150 12373
1150 19038
1151 2158
1151 4303
1151 4800
1151 6317
1152 2048
1152 2513
1152 8442
1152 10581
1152 12895
1152 13646
1152 15332
1152 17889
1152 18966
1153 2022
1153 8222
1153 11642
1153 17784
1154 7548
1154 16575
1154 17236
1155 16755
1155 17285
1157 3395
1157 4295
1157 17547
1158 13867
1158 19125
1158 19579
1158 19706
1158 19903
1159 13282
1159 14039
1159 19562
1160 3133
1160 4910
1160 14600
1160 16433
1160 18131
1161 2892
1161 6365
1161 7116
1161 15784
1161 17099
1161 18290
1161 18604
1161 19347
1162 3086
1162 8339
1163 6830
1163 12098
1163 16649
1163 19699
1164 3146
1164 9461
1164 9542
1164 12339
1164 17008
1164 17668
1164 18383
1166 1321
1166 7517
1166 11821
1166 15188
1167 4821
1167 5228
1167 6348
1168 4923
1168 6622
1168 11140
1168 11772
1168 17534
1169 2384
1169 11173
1170 3163
1170 5009
1170 5944
1170 6571
1170 11772
1171 1310
1171 14228
1171 17826
1172 9267
1172 11886
1172 17048
1174 3163
1174 8175
1174 13941
1174 14389
1174 17281
1175 4854
1175 8585
1175 10324
1176 4807
1176 8764
1176 14155
1176 17727
1177 5821
1177 10743
1177 10989
1177 12700
1177 13574
1177 16194
1177 17067
1178 15384
1178 17411
1178 17912
1179 4262
1179 17706
1180 1765
1180 9130
1180 9743
1180 13383
1180 17306
1181 7296
1181 13834
1181 19544
1182 1452
1182 1888
1182 9440
1182 10956
1182 11457
1182 14459
1182 14734
1182 15302
1183 5945
1183 13732
1183 13947
1183 14379
1183 16096
1183 17299
1184 1318
1184 8603
1184 15510
1184 17274
1184 18460
1185 3462
1185 9540
1185 17445
1185 17591
1185 18913
1186 1865
1186 6059
1186 8048
1186 11982
1186 15751
1187 12590
1187 17906
1187 18865
1188 4790
1188 6128
1188 13866
1188 15663
1188 19985
1189 4916
1189 8064
1189 12675
1189 18541
1189 19895
1190 19947
1191 4577
1191 17330
1192 1260
1192 16561
1192 18244
1193 18560
1193 19691
1194 9177
1194 12262
1194 12520
1194 17650
1194 18256
1195 5260
1195 6549
1195 16220
1196 4304
1196 5448
1196 6465
1196 9316
1197 9386
1197 9557
1198 2223
1198 3341
1198 16793
1199 3559
1199 3688
1199 6295
1199 9037
1199 14932
1200 1767
1200 12984
1200 16781
1200 19171
1201 5799
1201 6267
1201 9625
1202 6393
1202 6548
1202 10680
1202 13027
1202 13934
1202 15628
1203 6127
1203 8145
1203 10229
1203 11759
1203 11818
1204 5610
1204 6306
1204 6556
1204 9430
1204 9559
1205 2754
1205 4128
1205 4277
1205 4893
1205 5900
1205 10961
1205 11965
1205 13282
1205 17309
1206 2269
1206 2753
1206 3689
1206 11979
1206 12834
1206 19371
1207 2213
1207 2312
1207 3902
1207 9525
1207 9892
1207 14741
1207 17341
1207 17516
1207 18180
1208 13580
1209 3700
1209 9887
1209 12092
1210 8368
1210 11972
1210 17359
1210 18702
1211 1911
1211 2310
1211 12733
1212 4414
1212 9324
1212 10018
1214 2313
1214 2972
1214 8430
1214 9491
1214 14690
1214 14693
1214 18668
1215 1513
1215 6379
1215 6489
1216 3420
1216 4601
1216 4962
1216 6647
1216 15965
1217 7990
1217 9852
1217 11377
1217 11977
1217 12538
1217 13427
1217 19250
1218 2132
1218 14409
1220 3611
1220 5042
1220 6007
1220 10653
1220 14972
1221 5572
1221 7848
1221 8126
1221 11175
1221 14970
1221 19521
1222 6323
1222 7073
1222 11238
1222 15848
1223 5217
1223 6038
1223 10022
1223 13587
1223 14736
1223 15708
1223 18448
1224 1637
1224 6474
1224 9796
1224 9908
1224 11671
1225 2890
1225 8395
1225 8477
1225 9538
1225 19055
1226 11995
1226 12180
1226 17723
1226 19213
1227 4515
1227 5543
1227 11539
1227 12302
1227 18597
1227 19945
1228 5191
1228 8557
1228 15883
1228 18328
1229 4013
1229 8728
1229 18388
1230 8331
1230 8744
1230 9964
1230 15731
1230 18709
1231 6205
1231 11228
1232 17128
1233 10994
1233 11198
1233 16314
1234 5359
1234 19313
1234 19543
1235 1288
1235 3038
1235 6964
1235 7196
1235 9331
1235 10092
1236 5871
1236 14616
1236 16097
1236 16881
1237 2904
1237 9748
1237 10606
1237 17191
1237 18899
1237 19006
1238 8127
1238 13023
1238 13691
1238 14729
1238 17678
1239 2732
1239 6664
1239 6958
1239 7935
1239 9335
1239 10131
1239 12649
1239 15808
1240 7624
1240 9779
1240 12280
1240 12837
1241 17923
1242 7275
1242 7743
1242 14026
1242 14697
1243 1285
1243 10126
1244 2219
1244 2242
1244 19165
1245 8378
1245 9754
1245 11536
1246 6107
1246 14399
1247 8420
1247 16805
1247 18099
1247 18445
1247 19987
1248 6804
1248 10957
1248 11179
1248 12733
1249 2450
1249 3444
1249 6595
1249 7301
1249 8704
1249 11268
1250 1558
1250 4164
1250 16759
1250 17041
1250 18515
1251 2407
1251 9106
1251 11293
1252 2599
1252 6036
1252 6159
1252 11227
1252 12383
1252 14351
1252 14902
1252 15533
1253 10209
1253 10870
1253 12917
1254 11417
1254 12055
1255 3393
1255 7441
1255 7718
1255 9591
1255 9853
1255 12644
1255 15903
1256 1480
1256 1740
1256 2307
1256 4243
1256 4679
1256 7839
1256 10312
1256 16133
1257 1314
1257 6068
1257 6819
1257 9860
1257 17043
1257 17672
1257 18687
1257 19927
1259 6343
1259 15743
1259 17561
1260 2265
1260 4327
1260 5184
1261 5084
1261 12586
1261 12785
1262 8187
1262 8809
1262 9174
1262 16727
1263 4703
1263 5431
1263 10007
1263 12139
1264 1402
1264 3647
1264 5710
1264 15200
1265 2686
1265 3346
1265 3716
1265 7391
1265 18427
1266 4249
1266 4339
1266 6952
1266 7485
1266 8997
1266 9605
1266 14082
1266 15332
1266 17073
1266 19075
1267 17581
1268 1284
1268 4026
1268 12782
1269 5218
1269 6431
1269 8141
1269 8717
1270 13769
1270 14024
1270 16854
1270 17970
1270 19450
1271 15775
1271 16380
1271 16759
1272 5341
1272 7086
1272 8919
1272 15641
1272 18385
1273 18898
1274 1850
1274 3907
1275 18056
1275 18969
1276 5797
1277 3310
1277 3663
1277 5009
1277 10545
1277 18980
1278 3310
1278 11706
1278 19424
1279 1583
1279 14533
1280 5202
1281 7012
1281 9318
1281 11529
1281 11574
1281 15967
1282 7529
1282 12810
1282 13238
1282 14349
1282 17742
1282 18383
1282 18662
1283 2490
1283 3218
1283 9442
1283 12051
1284 3960
1284 4078
1284 5866
1284 6088
1284 14174
1285 4882
1285 13834
1286 15202
1286 17179
1286 17427
1286 17677
1287 3811
1287 3998
1287 6701
1287 10270
1287 14867
1287 18692
1288 5530
1289 8173
1289 12296
1289 15717
1289 17447
1289 18911
1290 6579
1290 11800
1290 14054
1290 19953
1291 3171
1291 16536
1291 19161
1292 9974
1292 13375
1292 13703
1292 14962
1292 16192
1292 18233
1292 19202
1292 19408
1293 2673
1293 9899
1293 18395
1293 18891
1294 9618
1294 18941
1295 4315
1295 5528
1295 10300
1295 10751
1295 12207
1295 13612
1295 17303
1296 5450
1296 13202
1296 17847
1297 2774
1297 2811
1297 8139
1297 14272
1298 12909
1298 17113
1299 6646
1299 8376
1300 15878
1301 3658
1301 8479
1301 15253
1302 10339
1302 15803
1302 19947
1303 7829
1303 13567
1304 2174
1304 2682
1304 5965
1304 6145
1304 8577
1304 12319
1304 17380
1304 17610
1304 18453
1305 15710
1305 17054
1306 5057
1306 8671
1306 11487
1306 14982
1306 15483
1307 4934
1307 10022
1307 18886
1308 1828
1308 7278
1308 9256
1308 10947
1308 12447
1308 15230
1308 15730
1308 16283
1309 3756
1309 5793
1309 10775
1309 13636
1310 3385
1310 5053
1310 5728
1310 7157
1310 7179
1310 9977
1310 19589
1311 6354
1311 7424
1311 17946
1312 6451
1312 6893
1312 15106
1312 17809
1313 2479
1313 7305
1313 14974
1314 5146
1314 16305
1314 17284
1315 5322
1315 8664
1315 10308
1315 14102
1315 18778
1316 3455
1316 15263
1317 2587
1317 6543
1317 8442
1318 8481
1319 2404
1319 3556
1319 10123
1319 10905
1319 11431
1319 15665
1320 2033
1320 9020
1320 12585
1320 16158
1320 16419
1321 1620
1321 4359
1321 5970
1321 9442
1321 12483
1321 16020
1322 11984
1323 4026
1323 9495
1323 9497
1323 10165
1323 15154
1324 17216
1324 18800
1324 19788
1325 2670
1325 4982
1325 15893
1326 1624
1326 6470
1326 16768
1326 19961
1327 6767
1327 18643
1328 1611
1328 8038
1328 11771
1329 7576
1329 11683
1329 15246
1330 5078
1330 9532
1331 3876
1331 4707
1331 4847
1331 6029
1331 14755
1331 16926
1332 3062
1332 8295
1332 8691
1332 11063
1332 14431
1332 16682
1332 17918
1333 1795
1333 6758
1333 12588
1333 12640
1333 14544
1333 19129
1333 19368
1334 8497
1334 18504
1335 7064
1335 10962
1335 13238
1336 4503
1336 5155
1336 6401
1336 9644
1337 10443
1337 15682
1338 1420
1338 7155
1338 13484
1338 14760
1338 15353
1339 7062
1339 9052
1339 17654
1341 12729
1341 15437
1342 3075
1342 15330
1342 16774
1342 17965
1343 6261
1343 8555
1343 8635
1343 11160
1343 12201
1344 9618
1344 11837
1344 12102
1344 12429
1344 14049
1344 18990
1345 1780
1345 8509
1345 14557
1345 18087
1346 2618
1346 4288
1346 5210
1346 5904
1346 11903
1346 14243
1346 19536
1347 1458
1347 6584
1347 6905
1347 9540
1347 11055
1347 11271
1347 12229
1347 14468
1347 17612
1348 4376
1348 9056
1348 9807
1349 14495
1349 15482
1350 10107
1350 17859
1350 17950
1350 19001
1351 3205
1351 10677
1352 1415
1352 1518
1352 6199
1352 8848
1352 11025
1352 17584
1352 19452
1353 2917
1353 4656
1353 8911
1353 10235
1353 11862
1354 14343
1355 4702
1355 11702
1355 17460
1356 3259
1356 7758
1356 7839
1356 12953
1356 15755
1356 16520
1357 6182
1357 10165
1357 11455
1358 4437
1358 11888
1358 17725
1358 18889
1359 10382
1359 12259
1359 17665
1360 7537
1360 17551
1360 17950
1361 6154
1361 12120
1361 13114
1362 7210
1362 12661
1363 2748
1363 10123
1363 11197
1363 14474
1364 8890
1364 10264
1364 18110
1365 11446
1365 14010
1365 15355
1365 16346
1366 9912
1366 13590
1366 19239
1367 5744
1367 7507
1367 17566
1368 7138
1368 13997
1369 2794
1369 8103
1369 12883
1369 17266
1369 17665
1370 19019
1371 7669
1371 8335
1371 18375
1372 5318
1372 5583
1372 11647
1373 6932
1373 7965
1373 8979
1373 9603
1373 14143
1373 18631
1373 19533
1374 3597
1374 12807
1375 1975
1375 2455
1375 10902
1375 14047
1375 17463
1377 5015
1377 7573
1377 8131
1377 9650
1377 13347
1377 13780
1378 5930
1378 7844
1379 10507
1379 15683
1379 17460
1380 1622
1380 4001
1380 7930
1380 8553
1380 10035
1381 8551
1381 11189
1382 2135
1382 8105
1382 19787
1383 2196
1383 4913
1383 5088
1383 7309
1383 7936
1383 16325
1384 7648
1384 14682
1385 9817
1386 11801
1386 11881
1386 16812
1387 15352
1388 2894
1388 6148
1389 3703
1389 6840
1389 8541
1389 10993
1389 13744
1389 15965
1390 2638
1390 12816
1391 6593
1391 12106
1391 16763
1392 6844
1392 9698
1393 7415
1393 10144
1393 11980
1395 2572
1395 3817
1395 11856
1396 2644
1396 10721
1397 14632
1397 16165
1397 17478
1398 3335
1398 10489
1398 14189
1398 15278
1399 8209
1399 12872
1400 4297
1400 9182
1400 13502
1400 16430
1401 7015
1401 11375
1401 13472
1401 13812
1401 15254
1401 18228
1403 3542
1403 6491
1403 15725
1404 10965
1405 4721
1405 13394
1405 17974
1405 18877
1406 1494
1406 2840
1406 6361
1406 17979
1407 8419
1407 8798
1407 16187
1407 16530
1407 18909
1408 2744
1408 5874
1408 7868
1408 9134
1408 9766
1409 6693
1409 13222
1409 13703
1410 1699
1410 16389
1410 16708
1411 13041
1411 13667
1411 16916
1412 1970
1412 13348
1413 14202
1414 2081
1414 4908
1414 5556
1414 9009
1414 14052
1414 15998
1415 5308
1415 16330
1415 16913
1416 3348
1416 5629
1416 10416
1416 14643
1416 15550
1417 2828
1417 17051
1417 19031
1418 15019
1419 3640
1419 3878
1419 12599
1419 15210
1419 16183
1419 16945
1420 12285
1420 15022
1420 15305
1421 1571
1421 5379
1421 11333
1421 19574
1422 4297
1422 5767
1422 6416
1422 7319
1422 8580
1422 9400
1422 13086
1422 17635
1422 18146
1423 3144
1423 12104
1423 13270
1423 14702
1424 2285
1424 9337
1424 9758
1424 12936
1424 14280
1424 17383
1425 1680
1425 9658
1425 9813
1425 12177
1425 13682
1425 16683
1426 5076
1426 12496
1426 12716
1426 15320
1426 16399
1427 2518
1427 2885
1427 16817
1427 18585
1428 2504
1428 2676
1428 3390
1428 13228
1429 8615
1429 9980
1429 11876
1429 14071
1430 2221
1430 3101
1430 4845
1430 5912
1430 17957
1431 7217
1431 8830
1431 10397
1431 15898
1432 9988
1432 17953
1432 18981
1433 4543
1433 7477
1433 12173
1433 19518
1434 6711
1434 7373
1434 17004
1434 18238
1435 4185
1435 4522
1435 11648
1435 12517
1436 2623
1436 9260
1436 10124
1436 17677
1437 6471
1437 7071
1437 7744
1437 10608
1437 16588
1438 14535
1438 16832
1439 2981
1440 1705
1440 9203
1440 17836
1440 19031
1441 10756
1441 13350
1441 15835
1441 19133
1442 1552
1442 5711
1442 6987
1442 10829
1442 15747
1443 2948
1443 14711
1443 18908
1444 2325
1444 2429
1444 10448
1444 10763
1444 11356
1445 4352
1445 11279
1445 19419
1446 1657
1446 2326
1446 4115
1446 6956
1446 15750
1446 18166
1446 18169
1447 1928
1447 5804
1447 7396
1447 9696
1447 16356
1447 17381
1448 7162
1448 12204
1448 16397
1449 10133
1449 11215
1449 13420
1450 3973
1450 8654
1450 16328
1451 7486
1451 16929
1452 9326
1452 17652
1453 7427
1453 9408
1453 14118
1453 15206
1454 3067
1454 5740
1454 10199
1454 17566
1455 1552
1455 6634
1456 5485
1456 16284
1456 18673
1457 1746
1457 5366
1457 8769
1457 10002
1457 10233
1457 11204
1457 11508
1457 14713
1457 15445
1458 2504
1458 6247
1458 6335
1459 2105
1459 3402
1459 4857
1459 8962
1459 15209
1460 3120
1460 5930
1460 6942
1460 12420
1462 3048
1462 4154
1462 5670
1462 9203
1462 17928
1462 18978
1463 4420
1463 10809
1464 3467
1464 5797
1464 11732
1464 18116
1465 3074
1465 6193
1465 12064
1465 13907
1465 15935
1466 10290
1466 18321
1467 9972
1467 10652
1467 17680
1468 6993
1468 13788
1468 14539
1469 6568
1470 3864
1470 6728
1470 7747
1470 9485
1470 9649
1470 15704
1471 1852
1471 2408
1471 2966
1471 7569
1471 16349
1472 5457
1472 10067
1472 13955
1473 9107
1473 18294
1474 7449
1474 9766
1474 12747
1474 13724
1475 4660
1475 7396
1475 15783
1476 2008
1476 10931
1477 5369
1477 7256
1477 7852
1477 11974
1477 13396
1477 18349
1477 19826
1478 5193
1478 6916
1478 13612
1478 14095
1479 3438
1479 4595
1479 5305
1479 6029
1479 8427
1479 10410
1479 11391
1479 13569
1480 5062
1480 5811
1480 6022
1480 11763
1481 1733
1481 10940
1481 15932
1482 11983
1483 8146
1483 12095
1483 16230
1483 16657
1484 2408
1484 2736
1484 14140
1484 18723
1485 13782
1486 12940
1486 13608
1486 14430
1486 17684
1487 8241
1487 8607
1487 14056
1487 15589
1487 18493
1487 18700
1488 4603
1488 10155
1488 10962
1488 11367
1488 12885
1489 7675
1489 11783
1489 18110
1490 3060
1490 3864
1490 11482
1490 16149
1490 18144
1491 5664
1491 18351
1492 4103
1492 6784
1492 8840
1492 14231
1492 17335
1493 10786
1493 13707
1493 19012
1494 4769
1495 17055
1496 6009
1496 8038
1496 8388
1496 10088
1497 4343
1497 12083
1497 14106
1497 14345
1498 1716
1498 2809
1499 6882
1499 14583
1499 18001
1500 6048
1500 13590
1500 19632
1501 6650
1501 7656
1502 6931
1502 8820
1502 13801
1502 14298
1502 15603
1503 2332
1503 3990
1503 5068
1503 9078
1503 13261
1503 16081
1503 17902
1504 1524
1504 4906
1504 5190
1504 18474
1505 7253
1505 17590
1506 4106
1506 8396
1506 9840
1507 4073
1507 7011
1507 18485
1508 2506
1509 4756
1509 15227
1509 18482
1510 17406
1510 18101
1511 11434
1511 11970
1511 12412
1511 13989
1512 10507
1512 12224
1512 15810
1512 19577
1512 19656
1513 1766
1514 3877
1514 5244
1514 13096
1516 3878
1516 4330
1516 6320
1516 11276
1516 15392
1517 4882
1517 5527
1517 7162
1517 9347
1517 9491
1517 15253
1518 4403
1518 10409
1518 12580
1519 5985
1519 15866
1520 4004
1520 8144
1520 18696
1521 1769
1521 7547
1521 11877
1521 14537
1521 18692
1522 6707
1522 7588
1522 9990
1522 10307
1522 16225
1522 16827
1523 5742
1523 10421
1524 2958
1524 4976
1524 5467
1524 15059
1524 18116
1525 2547
1525 2752
1525 6135
1526 2915
1526 6104
1526 6707
1526 7418
1526 12213
1527 2802
1527 4843
1527 5020
1527 13456
1528 3535
1528 9651
1528 9986
1528 12139
1528 16847
1529 4463
1529 5003
1529 7803
1529 8114
1529 9642
1529 17974
1530 14565
1530 14573
1530 18537
1530 19155
1531 6663
1531 12954
1531 15475
1532 4527
1533 14578
1534 7489
1534 11132
1535 6746
1535 7169
1535 9304
1535 10749
1536 5546
1536 9778
1536 18254
1537 2350
1537 5102
1537 14602
1537 16447
1538 4449
1538 14441
1538 15647
1538 16199
1538 16210
1538 19414
1539 8018
1539 8881
1540 2528
1540 4763
1540 5206
1540 10659
1540 10882
1540 19910
1541 2052
1541 2890
1541 5750
1541 5916
1541 7160
1542 6600
1542 14693
1543 3628
1543 5266
1543 10187
1543 15817
1543 19096
1544 2695
1544 6082
1544 7882
1544 15858
1544 16068
1545 6700
1545 11268
1545 15089
1545 17061
1545 18560
1546 2130
1546 2329
1546 13742
1547 3169
1547 6776
1547 9170
1547 9297
1547 12911
1547 13029
1548 18815
1548 19149
1549 6614
1549 6879
1549 19147
1551 19250
1552 4433
1552 4485
1552 5509
1552 19672
1553 3240
1553 6529
1553 9183
1553 9692
1554 1730
1554 8789
1554 11570
1554 18918
1555 11366
1555 11496
1555 12623
1556 2838
1556 9433
1556 10603
1556 12788
1556 18461
1557 19399
1558 10811
1558 13358
1558 14620
1559 2125
1559 10829
1559 17017
1559 19192
1560 3009
1560 6163
1560 12656
1561 12761
1562 3450
1562 4773
1562 5157
1563 1719
1563 4025
1563 12698
1563 15530
1564 4272
1564 8029
1564 11305
1564 12264
1564 14173
1564 15690
1565 2617
1565 5028
1565 6132
1565 11146
1565 12340
1566 15503
1566 15766
1567 1659
1567 4600
1567 11007
1568 13008
1569 2778
1569 4979
1569 10448
1569 15619
1569 17180
1570 2194
1570 2807
1570 4794
1570 6056
1570 15439
1571 1744
1571 2158
1571 5173
1571 10761
1571 15325
1572 9506
1572 15604
1573 12065
1574 2029
1574 5927
1574 7516
1574 10779
1574 14044
1574 14307
1574 19239
1575 9314
1575 13787
1575 14513
1576 4645
1576 5036
1576 7993
1576 16600
1577 4986
1577 9423
1577 12446
1577 17860
1577 19212
1578 1709
1578 5180
1579 3355
1579 8147
1579 11439
1579 11517
1579 13574
1579 16316
1580 5362
1580 7972
1581 2127
1581 15897
1582 12196
1582 14997
1582 18634
1583 8243
1583 11427
1583 12366
1583 15708
1583 19112
1584 2450
1584 6470
1584 6870
1584 10506
1584 10984
1584 15661
1585 3096
1585 4808
1585 6081
1585 6724
1585 10850
1586 2664
1586 8398
1586 16004
1586 17485
1586 17535
1586 19628
1587 3259
1587 3834
1587 4283
1587 8674
1587 10309
1588 2014
1588 3287
1588 5505
1588 10391
1589 2798
1589 6565
1589 8343
1589 14538
1590 10913
1591 2147
1591 4972
1591 9325
1591 16500
1591 17484
1591 18294
1592 1861
1592 7975
1592 9176
1592 11136
1592 13321
1592 19814
1593 7208
1594 5618
1594 6098
1594 7845
1594 7912
1594 11867
1594 16841
1595 2171
1595 11096
1595 18972
1596 16444
1597 4228
1597 15071
1598 13419
1598 14104
1599 3218
1599 10401
1600 2534
1600 8002
1600 14098
1601 3871
1601 6361
1601 10845
1601 11957
1601 16098
1603 2263
1603 14748
1604 2395
1604 6939
1604 15534
1605 4935
1605 9870
1605 11967
1606 13301
1607 2346
1607 4169
1607 4886
1607 4887
1607 6441
1607 11501
1607 15172
1607 16174
1607 18404
1608 2674
1608 3411
1608 3670
1608 6368
1608 7903
1608 17682
1608 17992
1609 2576
1609 6568
1609 11788
1610 2072
1610 6585
1610 7562
1611 9784
1611 12076
1611 12467
1611 18540
1612 1950
1612 2077
1612 3442
1612 15908
1612 19243
1613 7815
1614 4232
1614 14912
1614 17597
1616 1757
1616 4341
1616 8608
1616 10139
1617 2907
1617 15537
1617 19803
1618 14751
1618 16250
1619 8741
1619 8759
1619 9090
1619 9230
1619 15869
1619 17756
1619 18764
1619 19079
1619 19290
1620 3679
1620 6785
1620 8972
1620 10984
1621 7416
1621 7558
1621 10127
1622 9598
1622 9607
1622 15911
1623 9406
1623 12997
1623 16125
1624 16002
1624 16362
1624 18769
1625 5920
1625 11307
1625 17265
1625 17704
1626 12759
1627 10118
1627 11822
1628 8172
1628 18990
1629 8167
1629 11869
1629 12420
1630 1945
1630 12750
1630 12855
1630 19586
1631 3077
1631 3757
1632 1933
1632 3132
1632 5082
1632 5307
1632 8988
1632 12858
1633 4138
1633 6744
1633 12980
1634 2015
1634 4128
1634 11456
1634 18445
1635 1863
1635 4416
1635 17914
1636 6080
1636 7281
1637 14717
1637 17105
1637 19221
1637 19668
1638 5547
1638 8835
1638 10091
1638 18615
1639 2858
1639 5278
1639 10446
1640 4103
1640 14879
1641 3932
1641 5360
1641 6359
1641 18337
1642 15895
1642 18249
1643 5018
1643 5685
1643 10394
1643 11078
1643 12495
1644 6901
1645 5939
1645 8658
1645 8776
1645 10563
1645 15667
1646 4096
1646 9793
1646 11520
1646 17011
1647 1752
1647 17074
1647 19159
1648 4482
1648 4973
1648 9439
1649 3922
1649 11294
1650 4125
1650 6159
1650 8519
1650 18910
1651 2318
1651 3362
1651 4060
1651 4972
1651 7083
1652 10446
1652 13252
1652 18622
1653 10093
1654 3653
1654 9248
1654 14594
1654 14658
1654 19915
1655 12131
1655 14758
1656 1699
1656 5962
1656 8559
1656 11976
1656 14686
1656 17252
1656 17365
1657 11653
1657 14694
1657 19126
1659 9633
1659 12975
1659 13302
1660 5476
1660 11063
1660 18249
1661 1935
1661 8073
1661 16268
1662 2555
1662 6073
1662 6381
1662 17825
1662 19528
1663 3340
1663 12662
1663 13735
1664 3214
1664 5061
1664 9247
1664 13116
1664 19887
1665 2911
1665 10303
1665 10332
1665 11441
1665 13192
1665 15714
1665 15833
1666 5811
1666 13163
1666 17835
1667 1717
1667 18466
1667 19523
1668 3120
1668 9939
1668 11278
1669 12908
1669 19970
1670 10020
1670 11369
1670 12308
1670 17663
1671 7610
1672 5859
1672 8922
1672 13088
1672 15470
1673 5892
1673 6416
1673 14080
1673 16054
1673 17770
1673 18639
1674 7800
1674 15078
1675 9322
1675 13587
1676 1702
1676 3188
1676 3268
1676 13706
1676 15280
1676 16566
1676 17090
1676 18117
1677 12635
1678 14028
1679 15752
1679 16158
1679 17518
1679 17568
1679 18363
1680 3551
1680 5235
1680 18506
1680 19560
1681 3607
1681 3826
1681 4267
1681 6305
1681 16926
1682 3035
1682 9918
1682 13211
1683 2301
1683 10506
1683 15782
1683 16536
1683 18191
1683 19999
1684 2430
1684 4023
1684 6144
1684 7347
1684 11505
1684 18176
1684 18227
1685 5852
1685 9081
1685 11695
1686 4399
1686 7644
1686 13418
1686 15146
1686 15668
1686 19559
1687 2616
1687 7356
1687 7872
1687 11091
1688 9590
1688 9856
1688 11443
1688 11608
1688 11750
1688 15857
1688 18702
1689 8084
1689 10348
1689 15387
1689 18057
1690 3707
1690 5962
1690 8301
1690 10451
1690 15555
1691 3267
1691 3283
1691 4157
1691 5446
1691 12974
1691 16206
1692 4244
1692 7725
1692 19101
1693 6423
1693 7784
1693 11958
1693 13730
1694 1834
1694 4101
1694 19513
1695 4275
1695 5417
1695 8402
1695 12347
1695 14021
1696 4513
1696 12671
1697 3270
1697 9375
1697 10529
1697 11175
1697 15905
1698 5482
1698 6095
1698 7960
1698 9169
1698 14180
1699 2260
1699 9230
1700 7006
1700 11313
1700 14589
1701 6793
1701 9953
1701 12054
1701 14871
1701 19086
1702 4450
1702 8111
1702 10008
1702 13585
1702 18855
1703 4517
1703 7157
1703 7549
1703 8936
1703 12402
1703 15115
1704 7076
1704 8162
1704 9681
1704 15278
1704 18133
1705 2163
1705 3416
1705 10194
1705 11164
1705 15910
1705 17607
1706 3881
1706 4851
1706 6478
1706 12006
1706 16282
1706 16367
1706 16951
1707 11144
1708 3244
1708 4541
1708 7336
1708 9950
1708 15093
1709 2215
1709 4801
1709 8131
1709 17858
1711 5146
1711 19138
1712 6759
1712 13715
1712 15373
1712 16146
1712 18431
1713 1743
1713 2944
1713 12429
1713 16808
1714 3921
1714 18025
1714 18226
1714 19134
1715 10095
1715 11944
1715 18118
1716 4181
1716 10756
1716 14121
1716 14967
1717 7384
1717 12384
1718 7502
1718 14779
1718 15129
1719 8750
1719 13085
1719 15361
1720 10338
1720 12580
1721 14732
1722 1827
1722 7177
1722 15437
1722 18948
1723 4702
1723 15249
1723 19472
1724 8916
1724 13283
1724 15373
1724 18045
1725 2068
1725 5752
1725 6134
1725 13288
1725 13815
1725 16259
1726 2663
1726 14804
1727 4455
1727 7122
1727 9641
1727 14361
1727 19395
1727 19940
1728 2823
1728 5958
1728 11083
1728 13384
1728 13656
1728 18022
1729 4928
1729 6514
1729 14895
1729 19179
1730 5430
1730 7770
1730 13080
1730 19610
1731 1983
1731 4110
1731 7295
1731 10127
1731 12943
1731 18767
1731 18860
1733 3544
1733 9338
1733 11061
1734 2230
1734 6520
1734 11635
1734 11684
1734 13173
1734 19090
1735 1810
1735 3274
1735 8649
1735 9336
1735 10240
1735 17802
1736 6344
1736 11365
1736 16169
1737 3238
1737 3711
1737 6012
1737 10216
1738 4340
1738 4740
1738 6786
1738 11143
1738 11251
1738 16700
1739 4593
1739 11995
1740 5601
1740 6566
1740 17062
1741 6975
1741 9706
1742 14123
1743 10038
1743 13896
1743 16264
1744 6155
1744 10348
1744 13256
1744 17964
1745 6591
1745 7987
1745 17678
1746 1896
1746 6727
1746 12615
1746 17518
1747 9417
1747 9740
1747 16004
1747 17005
1747 17766
1748 4994
1748 13014
1748 17427
1749 2987
1749 5834
1750 2259
1750 12944
1750 15861
1750 18870
1751 6073
1751 6934
1751 19419
1752 4287
1752 5108
1752 8106
1752 15501
1753 2339
1753 7641
1753 8238
1753 9063
1753 18855
1754 9219
1754 11353
1754 13235
1754 13376
1754 15662
1755 10066
1755 13699
1755 13800
1755 16991
1756 4251
1756 15423
1757 14310
1757 17957
1758 6831
1758 6976
1758 10993
1760 3133
1760 7656
1760 14903
1760 16117
1760 17883
1760 19530
1761 1902
1761 4691
1761 4873
1761 14904
1762 1854
1762 3480
1762 8588
1762 11245
1762 14792
1763 7818
1763 12746
1763 15391
1763 19476
1763 19891
1764 2468
1764 5299
1764 6572
1764 19781
1765 13614
1766 6970
1766 9827
1766 13530
1766 18430
1767 1793
1767 3705
1767 5972
1767 12681
1767 14568
1768 4273
1768 18320
1769 2071
1769 2925
1769 10596
1769 10657
1769 10910
1769 16557
1770 6485
1770 13308
1770 14756
1770 16401
1771 1879
1771 15582
1771 18205
1772 6021
1772 6403
1772 7259
1772 13636
1773 6352
1773 8942
1773 13904
1773 15146
1774 9214
1774 12918
1775 7375
1775 10357
1775 12541
1776 4737
1777 2741
1777 4290
1777 5900
1777 10355
1777 11629
1777 13015
1777 15542
1778 11229
1778 18307
1779 6940
1779 8579
1779 8789
1780 5806
1780 6661
1780 13750
1781 2108
1781 4770
1781 8116
1781 10030
1781 13026
1781 17135
1782 3680
1782 5816
1782 9190
1782 14181
1782 14327
1783 5480
1783 7209
1783 11452
1783 11923
1784 8069
1784 15037
1785 13430
1786 6116
1786 6987
1786 13691
1786 14320
1786 17937
1787 3032
1787 3603
1787 5115
1788 2174
1788 2572
1788 9688
1788 11431
1788 16401
1789 3125
1789 17474
1790 2423
1790 6217
1791 9575
1791 11513
1791 12820
1791 13444
1791 16059
1792 5061
1792 5320
1792 14516
1793 12816
1793 14028
1793 16572
1794 11590
1794 11718
1794 12566
1794 17188
1795 2464
1795 13256
1795 13632
1795 18546
1796 12873
1796 16343
1797 13620
1797 14237
1797 14921
1798 8080
1798 14725
1798 19156
1798 19921
1799 3538
1799 9423
1800 2940
1800 3366
1800 13166
1800 13813
1801 10092
1801 10539
1801 13900
1802 3605
1802 5427
1802 9243
1802 11834
1803 5651
1803 13179
1803 17189
1804 3401
1804 7251
1804 7522
1804 10656
1804 12135
1804 19258
1805 2162
1805 5166
1805 19444
1806 2377
1806 2538
1806 3344
1806 5319
1806 6190
1806 13062
1806 14778
1806 18989
1807 2395
1807 11982
1807 14249
1808 3371
1808 4273
1808 4974
1808 14505
1808 19547
1809 5161
1809 7724
1809 15208
1809 19472
1810 2978
1810 3571
1810 11067
1810 12172
1810 12720
1810 18064
1811 6861
1811 7576
1811 8982
1811 9326
1812 11442
1813 9399
1813 13065
1813 16347
1814 13996
1814 18987
1815 10272
1815 11302
1815 17278
1816 11614
1816 13617
1817 9011
1817 9813
1817 16731
1818 3481
1818 5593
1818 10273
1818 10388
1818 16193
1818 16678
1818 17167
1819 1854
1819 10970
1819 19429
1820 5476
1820 14569
1820 14795
1820 19402
1821 4333
1821 10267
1821 10498
1821 12158
1821 13306
1821 15275
1822 2855
1822 6846
1822 7080
1823 2529
1823 5649
1823 6135
1823 10498
1823 11960
1824 13639
1824 15278
1824 15405
1824 15792
1824 17918
1824 19986
1825 1993
1825 6960
1825 10245
1825 10347
1825 19713
1826 8485
1826 15538
1826 17441
1827 12615
1827 13402
1827 15261
1828 7271
1828 12624
1829 3418
1829 6738
1829 6806
1829 17105
1829 17469
1830 9910
1830 15454
1831 3009
1831 8126
1831 13384
1831 15983
1832 2231
1832 4546
1832 6805
1832 13164
1833 5203
1833 9922
1833 10494
1833 10923
1834 9269
1834 12097
1835 4700
1835 9171
1835 9646
1835 11238
1835 16253
1835 18035
1837 3776
1837 3824
1837 4804
1837 11671
1837 14374
1837 17886
1837 19508
1838 6110
1839 17616
1839 18535
1840 2127
1840 13207
1841 10988
1841 14360
1843 5014
1843 16266
1844 3039
1844 5876
1844 16145
1845 5707
1845 8643
1845 14053
1846 12087
1846 13409
1846 18685
1846 18830
1847 2293
1847 2869
1847 5438
1848 5876
1848 6759
1848 16321
1848 17014
1849 1871
1849 3365
1849 6058
1849 11502
1850 7875
1851 4214
1851 9740
1852 3692
1852 14845
1853 4751
1853 6537
1853 10527
1853 12489
1853 13522
1853 13893
1853 16357
1853 19060
1854 6577
1854 8469
1854 16664
1855 12470
1855 15633
1856 4789
1856 6086
1856 6724
1856 9075
1856 18373
1857 3798
1857 4201
1857 8255
1857 8417
1858 2865
1858 4125
1858 6592
1858 19620
1859 14315
1859 17283
1860 5534
1860 9261
1860 9352
1860 10606
1860 11054
1860 12313
1860 13922
1860 14959
1860 18552
1861 5604
1861 12921
1862 2984
1862 4424
1862 17625
1862 19590
1863 2282
1863 11062
1863 16216
1864 1897
1864 6790
1864 7252
1864 16378
1865 2981
1865 7652
1865 7859
1865 13165
1865 15985
1866 2051
1866 2240
1866 8368
1866 16728
1866 17637
1866 18978
1867 2795
1867 10027
1867 12567
1867 13144
1867 14527
1867 15302
1867 19001
1868 12630
1868 16876
1868 19398
1869 5853
1869 11577
1870 2717
1870 16819
1871 13928
1871 17055
1872 7689
1872 8240
1873 15958
1874 8439
1875 12482
1876 2306
1876 9909
1876 13642
1877 5724
1877 12479
1877 13981
1878 10300
1878 11024
1878 13235
1878 14534
1878 15000
1878 17151
1879 2450
1879 3619
1879 15317
1880 2331
1880 9887
1880 11678
1880 12800
1880 15027
1881 12361
1881 14394
1881 15348
1881 19876
1883 1901
1883 3580
1883 5170
1883 5223
1883 7573
1883 7716
1883 8649
1883 10205
1884 3943
1884 6482
1884 7372
1884 16479
1884 18783
1885 2120
1885 6995
1885 15001
1885 17748
1885 18382
1885 19286
1886 3470
1886 7992
1886 13870
1886 16883
1887 3520
1888 2337
1888 6785
1888 7315
1888 9469
1888 11879
1888 13779
1889 5127
1889 8514
1890 3871
1890 7365
1890 9149
1890 15573
1891 14640
1891 15798
1892 3710
1892 10465
1892 12765
1892 19268
1893 19435
1894 2353
1895 3723
1895 4711
1895 5418
1895 9270
1895 11700
1896 3188
1896 6891
1896 7655
1896 16224
1896 16337
1897 4514
1897 6052
1897 9612
1897 12211
1898 5589
1898 8941
1898 16422
1898 16980
1898 17152
1898 17220
1898 18445
1898 19065
1899 2451
1899 5435
1899 7642
1899 10510
1899 11167
1900 4328
1900 17743
1900 19208
1901 15745
1901 16029
1901 16236
1902 2467
1902 11922
1902 17212
1903 14057
1904 10089
1904 14523
1904 14710
1904 14864
1904 19542
1905 3582
1905 7686
1905 8591
1905 15936
1905 16892
1906 5851
1906 13301
1906 14904
1907 14993
1907 17436
1907 17900
1908 5377
1909 2547
1909 6550
1909 8309
1909 11404
1909 16795
1909 19750
1910 2563
1910 3019
1910 5793
1910 8723
1910 8807
1910 17111
1911 2243
1911 5841
1911 10665
1911 19391
1912 7582
1912 9202
1912 17874
1912 18337
1912 19586
1913 5831
1913 8052
1913 18202
1914 8553
1914 12569
1914 12711
1914 16751
1914 17321
1915 1962
1916 5151
1916 11492
1917 6345
1917 15180
1918 11322
1918 12317
1918 13135
1918 16488
1919 6217
1919 8358
1919 9604
1919 10335
1919 12460
1919 13863
1919 14292
1919 19707
1920 7792
1920 15810
1920 16736
1921 4131
1921 15586
1921 19099
1922 6556
1922 12509
1922 13760
1922 19558
1923 3067
1923 6290
1924 6410
1925 4063
1925 11642
1925 14038
1926 2034
1926 2484
1926 18756
1926 19111
1927 5604
1927 7244
1928 2338
1928 6226
1928 6262
1928 9308
1928 9631
1928 15285
1929 5004
1929 13766
1929 16079
1930 2955
1930 3260
1930 3866
1930 9499
1930 12479
1930 15743
1931 2629
1931 4740
1931 5422
1931 15570
1932 3164
1932 3687
1932 14219
1933 3074
1933 5150
1933 8097
1933 8407
1933 10300
1933 17424
1934 6433
1934 17841
1935 4602
1935 6852
1935 7169
1935 15194
1936 5865
1936 9906
1936 11933
1936 15191
1937 7076
1937 11401
1937 13981
1937 17082
1938 3645
1938 7847
1939 11527
1939 12186
1939 13528
1939 14236
1939 18074
1940 2194
1940 9573
1940 13788
1941 18108
1942 12223
1942 15564
1943 11760
1943 14562
1944 2279
1944 10026
1944 13414
1944 17039
1944 17307
1945 4437
1945 13578
1945 13920
1945 15224
1945 15464
1945 17833
1945 19884
1946 2224
1946 3562
1946 11250
1946 18726
1946 19861
1947 1983
1947 14638
1947 15751
1947 16557
1947 18026
1948 4235
1948 9961
1948 11539
1948 15318
1949 9349
1949 19140
1950 6907
1950 19067
1951 6904
1951 13725
1952 5505
1952 19386
1953 3752
1953 4866
1953 11621
1953 13419
1953 15356
1953 15735
1955 2089
1955 2436
1955 11711
1955 14895
1956 2836
1956 3445
1956 3667
1956 6062
1956 9461
1956 9798
1956 12253
1956 13282
1957 9712
1957 11955
1957 16844
1958 5350
1958 12491
1958 15474
1959 4661
1959 5294
1959 7222
1959 7684
1960 2585
1960 4554
1960 12588
1960 18116
1960 18509
1961 6202
1961 8415
1961 9120
1961 13087
1962 14747
1962 15569
1962 16943
1962 19266
1963 4686
1963 5928
1963 6926
1963 9964
1963 17907
1964 2853
1964 6297
1964 15193
1965 2387
1965 3751
1965 10338
1965 13055
1965 19614
1966 9113
1966 12023
1966 14139
1966 14496
1967 3577
1967 5801
1967 10282
1967 12822
1967 13001
1968 12799
1969 7666
1969 11124
1969 18704
1970 5940
1970 10519
1970 10847
1970 17256
1971 11844
1971 15555
1971 17905
1971 18735
1972 8029
1972 8910
1972 9134
1973 4642
1973 5506
1973 10298
1973 12889
1974 5982
1975 2979
1975 3309
1975 6070
1975 12962
1975 16132
1977 6566
1977 8049
1977 10499
1977 15108
1977 18823
1978 7688
1978 13536
1979 3625
1979 11136
1979 12140
1979 16031
1980 8611
1980 10363
1980 13381
1980 17603
1980 18040
1981 5112
1981 18649
1982 4119
1982 10100
1982 14214
1982 15307
1983 5529
1983 5855
1983 16116
1984 5768
1984 10714
1985 6481
1985 12384
1986 7373
1986 10758
1986 14734
1986 15069
1987 5787
1987 9244
1988 4681
1988 18815
1989 4752
1989 8500
1989 10954
1989 13663
1989 19739
1990 7941
1990 12867
1991 4050
1991 4525
1991 6947
1991 7220
1991 11092
1991 15294
1991 18142
1992 2337
1992 4766
1992 7151
1992 13155
1993 2745
1993 5876
1993 12226
1993 13616
1993 14594
1993 19983
1994 6026
1994 6075
1994 9653
1995 2553
1995 5666
1995 8984
1996 2410
1996 4291
1996 5110
1996 14125
1996 14638
1996 15858
1997 5524
1997 6946
1997 15787
1998 7409
1998 7818
1998 17967
1999 7229
1999 8733
1999 10214
1999 18935
2000 10614
2000 13542
2000 17136
2000 17672
2001 7765
2001 13794
2001 15404
2001 15682
2001 17952
2002 4721
2002 11163
2002 15543
2002 17435
2002 19009
2003 2404
2003 7063
2003 9318
2004 4589
2004 5719
2004 16230
2004 18479
2004 18626
2005 4279
2005 8201
2005 12680
2006 2285
2006 5763
2006 6213
2006 7553
2006 18661
2007 3480
2007 8030
2007 11634
2007 15628
2008 5203
2008 9488
2008 10201
2009 4730
2009 14742
2010 2043
2010 8651
2010 12686
2011 16678
2011 17996
2012 9768
2012 11242
2012 15659
2012 18920
2012 19844
2013 6213
2013 9516
2013 11446
2013 14332
2014 4590
2014 14388
2015 3215
2015 4215
2015 12079
2016 10593
2016 15732
2017 3717
2017 14326
2017 15787
2018 13586
2020 6242
2021 6944
2021 9631
2021 10349
2021 10803
2021 16236
2022 2842
2022 11186
2022 12103
2022 12926
2022 16924
2023 3124
2023 5440
2023 15990
2024 2365
2024 8908
2024 12188
2024 13736
2024 17685
2025 3879
2025 4522
2025 12473
2025 12803
2025 17685
2026 4930
2026 10170
2026 14740
2027 7866
2027 11302
2028 17528
2028 18452
2028 18507
2029 3466
2029 4772
2029 6087
2029 6718
2029 7217
2030 11802
2030 18603
2031 8041
2031 14680
2032 2686
2032 5248
2032 11291
2032 16579
2033 9985
2033 13904
2033 17724
2034 5917
2034 10364
2034 15475
2034 17958
2035 4119
2035 5152
2035 16875
2036 7326
2036 16693
2036 17369
2036 19814
2037 3069
2037 11108
2037 11652
2037 17034
2038 13595
2038 14010
2038 14035
2038 14661
2039 7142
2039 17879
2039 19774
2040 6119
2040 8154
2040 16317
2041 5710
2041 7472
2042 6822
2042 6952
2042 7423
2042 7664
2042 17251
2043 2208
2043 6296
2043 7175
2043 8415
2043 11174
2043 14635
2043 18830
2044 7904
2044 11342
2044 11937
2044 13877
2045 3793
2045 8315
2045 12398
2046 8837
2046 12383
2046 16621
2047 3701
2047 13775
2049 2637
2049 7742
2049 18902
2049 19833
2050 4349
2050 5842
2050 9894
2051 4754
2051 10036
2051 16289
2051 18329
2052 6486
2052 7682
2052 10084
2053 9229
2053 14058
2054 3470
2054 4151
2054 6674
2054 10169
2054 10657
2055 10847
2055 12080
2055 14542
2055 19134
2056 3835
2056 16138
2057 8016
2057 10854
2057 13038
2057 15084
2057 15101
2058 2886
2058 5126
2058 5252
2058 6046
2058 8310
2058 9305
2059 8975
2059 11440
2059 12770
2059 19022
2060 10864
2060 17930
2060 19576
2061 5649
2061 6641
2061 9801
2061 16707
2062 2891
2062 5543
2062 11135
2062 11368
2062 18068
2063 6369
2063 15306
2064 4998
2064 15264
2064 17249
2064 17838
2064 19363
2065 3948
2065 6842
2065 15616
2065 17785
2065 18422
2065 19229
2066 7696
2066 16062
2066 17234
2066 18555
2066 18761
2067 3341
2067 5384
2067 5398
2067 10172
2067 10465
2067 13245
2067 14141
2067 15387
2068 2134
2068 5330
2068 12530
2068 19022
2069 4567
2069 12130
2069 14369
2069 14474
2069 17602
2070 6059
2070 8675
2070 13156
2070 16836
2071 6676
2071 10726
2071 13999
2071 15903
2071 19265
2072 5147
2072 7469
2072 11147
2072 12170
2072 13491
2073 7090
2073 10157
2073 18078
2074 8115
2074 12005
2074 14323
2075 3638
2075 10371
2075 13201
2075 16612
2075 19977
2076 3620
2076 6978
2076 8922
2076 16098
2076 19416
2077 12332
2077 19191
2077 19614
2078 10154
2078 15900
2078 16556
2078 16723
2078 17366
2079 3511
2079 6586
2079 19447
2080 8612
2080 18073
2081 3257
2081 6736
2081 6759
2081 8330
2081 12044
2081 13320
2081 15647
2082 6217
2082 8512
2082 10718
2083 7474
2083 10724
2083 11274
2083 16543
2084 6331
2084 14741
2084 16525
2085 14826
2085 19476
2086 3315
2087 4150
2087 13064
2088 16033
2089 7578
2089 11906
2089 16541
2089 17121
2089 19186
2089 19434
2090 6034
2090 10572
2090 15370
2090 19024
2090 19621
2092 4446
2092 15447
2093 4344
2093 4514
2093 5705
2093 18648
2094 2637
2094 3318
2094 4160
2094 9576
2094 12259
2094 15632
2094 16830
2095 6787
2095 12564
2095 14178
2095 14392
2095 19040
2096 3227
2096 11235
2096 16859
2096 18070
2097 4419
2097 8117
2097 8780
2097 17158
2097 18842
2098 3299
2098 11700
2098 15114
2098 19392
2099 7581
2099 8504
2099 8597
2099 8974
2099 15843
2100 9593
2100 12046
2100 13119
2101 8380
2102 5929
2102 9331
2103 4463
2103 6005
2103 11702
2103 16530
2103 18594
2104 6658
2104 7999
2104 8754
2104 9419
2104 10664
2105 9286
2105 9493
2105 18153
2105 18606
2105 19664
2106 8262
2106 11723
2106 17848
2108 2371
2108 6887
2108 7388
2108 12137
2109 9760
2109 11336
2109 11355
2109 14805
2110 7238
2110 11932
2110 15074
2110 15574
2111 5653
2111 8600
2111 11618
2111 14230
2112 5584
2112 6049
2113 13281
2113 16836
2113 19614
2113 19819
2114 5502
2114 10594
2114 10815
2115 10128
2116 2511
2116 17020
2117 4094
2117 4318
2117 6741
2117 7590
2117 14044
2117 17927
2118 7170
2118 9754
2118 11355
2119 3247
2119 5831
2120 4576
2120 17751
2120 17907
2121 2769
2121 6642
2121 11646
2121 18055
2121 18846
2122 2154
2122 6860
2122 7970
2122 16473
2122 16974
2123 4508
2123 6507
2123 11118
2123 12091
2123 14929
2124 17830
2125 3099
2125 9020
2125 12803
2126 3510
2126 4854
2126 8143
2126 9176
2126 10618
2126 19760
2127 3821
2127 4631
2127 19662
2128 4260
2128 7100
2128 9931
2128 12561
2128 16966
2129 3126
2129 6495
2129 13643
2130 19683
2131 4978
2131 7349
2132 5694
2132 8340
2133 17383
2133 19151
2134 2464
2134 3198
2134 6544
2134 8045
2134 10990
2134 13470
2134 17981
2135 2426
2135 2869
2135 6105
2136 3837
2136 11578
2136 13912
2137 11289
2137 14526
2137 16013
2137 18617
2137 19449
2137 19761
2138 2390
2138 6334
2138 11509
2139 2779
2139 18244
2139 18366
2140 5108
2140 9925
2140 12227
2141 14187
2141 16073
2141 18389
2142 9598
2142 11214
2142 12143
2142 16641
2143 6789
2143 8344
2143 12530
2143 14188
2143 15077
2145 2378
2145 5634
2145 11432
2145 11559
2145 18749
2146 19794
2147 2234
2147 7733
2147 12664
2148 2441
2148 6766
2148 16088
2149 4416
2149 9051
2149 15495
2149 18007
2150 8647
2150 10763
2150 18803
2151 4812
2151 14859
2151 16877
2151 17335
2152 7129
2152 11189
2152 17212
2153 16024
2153 17488
2153 18802
2154 15160
2154 16689
2155 4985
2155 6092
2155 11432
2155 13562
2155 17160
2156 5233
2156 6162
2156 11504
2157 10330
2157 13764
2158 2456
2158 9869
2158 11695
2158 12544
2158 14600
2158 14814
2159 13957
2160 4076
2160 6567
2160 13492
2160 17819
2160 18773
2161 4571
2161 10070
2161 10562
2161 12525
2161 16934
2162 3447
2162 10897
2162 11378
2162 12966
2162 17940
2163 7808
2163 9377
2164 8969
2164 12659
2164 13852
2165 15321
2165 16068
2166 3399
2166 6390
2166 9114
2166 9938
2166 11348
2166 12419
2166 12600
2167 8260
2167 11118
2167 15667
2167 18383
2167 18827
2168 13375
2169 5585
2169 7103
2169 10873
2169 15670
2170 9954
2170 17863
2171 2675
2171 12715
2171 14118
2172 9276
2172 11504
2172 16342
2172 18251
2172 18334
2172 18645
2172 18694
2173 4400
2173 4730
2173 11580
2173 18505
2174 2513
2175 9866
2175 13071
2175 14167
2175 14397
2175 17847
2175 17995
2175 19403
2176 3186
2176 4556
2176 9583
2176 18515
2177 13430
2177 14984
2177 18506
2177 18762
2178 2656
2178 2675
2178 4767
2178 9021
2178 12160
2178 16830
2178 18650
2179 3526
2179 12349
2179 16449
2179 17289
2180 2718
2180 7308
2180 12723
2180 13320
2180 15916
2180 18074
2181 4829
2181 10694
2181 12672
2182 4527
2182 5547
2182 6845
2182 7475
2182 11300
2182 11374
2182 15687
2183 9231
2183 15173
2183 15451
2183 19942
2184 4595
2184 17504
2185 7903
2186 5786
2186 7367
2186 17931
2186 19079
2187 7681
2187 8075
2187 8216
2187 9188
2187 18698
2188 3009
2188 10659
2188 17556
2189 5529
2189 5693
2189 11287
2189 12256
2189 13720
2189 14887
2189 18237
2190 5622
2190 7551
2190 19515
2190 19679
2191 6603
2191 7689
2191 14633
2192 10109
2192 10167
2192 10546
2193 3715
2193 7121
2194 5734
2194 10372
2194 12935
2194 13192
2195 10900
2196 2928
2196 3232
2196 14003
2196 17771
2196 19837
2197 2255
2197 8090
2197 8395
2197 10667
2198 4812
2198 10100
2198 12825
2199 3169
2199 3194
2199 5627
2199 8932
2199 19083
2200 5233
2200 12939
2200 15345
2201 3720
2201 14143
2202 7865
2202 10714
2202 13588
2203 8925
2203 8951
2203 11003
2203 12014
2203 16557
2204 9866
2205 2414
2205 5022
2205 6666
2206 2601
2206 6722
2206 8791
2206 12535
2206 17587
2206 19571
2207 7238
2207 16268
2209 5361
2209 5861
2209 9973
2210 6391
2210 8206
2210 11892
2210 13361
2210 15620
2211 2922
2211 8077
2211 10989
2211 17611
2211 17696
2212 3005
2212 13219
2212 13894
2212 17690
2213 19934
2214 7183
2214 7206
2214 11926
2214 19284
2215 5469
2215 16158
2216 2316
2216 9583
2216 15669
2217 2294
2217 2721
2217 19663
2218 3151
2218 6344
2218 9023
2218 11845
2219 3832
2219 14148
2219 19093
2221 4763
2221 13140
2221 14925
2221 15622
2221 19863
2222 6186
2222 10122
2222 12174
2222 15660
2222 17753
2222 19992
2223 5344
2224 2921
2224 8275
2224 11376
2224 12336
2225 7336
2225 9374
2225 11269
2225 13432
2225 15481
2225 18385
2226 9958
2226 16189
2227 5743
2227 10572
2227 11723
2227 12020
2227 14005
2228 2671
2228 7638
2228 9144
2228 9435
2228 11077
2228 12185
2228 14166
2229 8116
2229 10688
2229 16960
2229 19505
2230 11740
2230 13942
2230 15261
2230 18460
2231 3834
2231 6906
2231 10054
2232 6781
2232 10307
2232 19211
2233 11098
2234 2547
2234 12436
2234 16175
2234 17844
2234 18002
2235 5169
2235 9053
2235 10541
2235 10624
2235 11005
2235 11129
2235 13017
2236 4985
2236 5401
2236 8688
2236 11605
2236 12631
2236 16217
2237 12735
2238 2406
2238 2692
2238 12165
2238 12178
2239 4593
2239 11728
2239 16113
2239 19709
2240 2759
2240 7545
2240 9102
2240 10971
2240 16305
2240 18409
2241 9117
2241 12409
2241 15134
2242 17777
2242 17814
2243 5112
2243 8472
2243 14092
2244 7445
2244 18884
2244 19395
2245 6766
2246 7829
2246 11844
2247 8331
2247 16907
2247 17275
2247 19939
2248 3382
2248 4526
2248 15271
2249 3453
2249 17911
2249 18413
2250 4454
2250 5153
2250 12454
2250 14894
2251 7575
2251 8643
2251 9458
2252 10390
2252 15165
2253 17138
2254 3032
2254 7769
2254 13454
2254 15571
2255 9996
2255 11598
2255 18889
2256 6530
2256 8676
2256 9357
2256 10134
2258 6587
2258 8234
2259 9195
2260 4795
2260 7782
2260 9472
2260 10449
2261 2728
2261 8346
2261 14624
2262 4266
2262 19462
2263 10538
2264 4757
2264 8887
2264 15796
2264 16635
2264 18435
2265 6489
2265 15620
2265 16470
2265 17078
2266 12615
2267 8988
2267 13426
2268 6720
2268 7730
2268 8928
2269 4134
2269 4397
2269 9576
2270 6498
2270 8334
2270 13162
2270 19686
2271 7217
2271 10129
2271 11857
2271 12549
2271 18047
2272 3844
2272 3998
2272 7241
2272 8188
2272 9470
2272 17021
2273 14998
2273 17881
2273 19452
2274 3456
2274 16856
2275 2496
2275 13072
2275 18272
2276 5834
2276 8756
2276 9456
2276 9601
2276 11029
2276 15011
2277 2524
2277 2921
2277 11201
2277 13391
2277 19663
2278 3075
2278 5546
2278 7659
2278 12325
2278 13891
2278 19515
2279 4307
2279 13857
2279 16077
2279 17049
2279 19569
2280 12367
2280 12608
2281 7701
2281 15458
2282 3690
2282 10253
2283 10552
2283 16005
2283 16601
2283 17002
2284 3286
2284 7719
2284 9819
2285 16925
2286 4950
2286 8138
2286 10029
2286 15204
2287 3571
2287 17569
2287 19160
2288 3479
2288 12282
2289 14565
2290 3125
2290 6673
2290 15862
2291 3926
2291 4866
2291 6376
2291 7930
2291 14959
2291 17442
2292 18523
2293 4312
2293 11843
2293 16925
2296 3730
2296 6372
2296 8413
2296 10299
2297 7155
2297 7405
2297 11159
2297 19130
2298 3390
2298 3719
2298 5027
2298 11416
2298 17981
2299 3947
2299 8370
2299 9349
2300 10661
2300 10837
2300 12067
2300 17441
2301 3151
2301 5908
2301 17552
2301 19253
2302 2827
2302 3823
2302 7184
2302 8914
2302 9979
2302 18768
2303 4240
2303 10693
2303 14972
2303 17610
2303 17722
2304 2709
2304 4098
2304 7652
2304 16305
2305 3537
2305 18654
2306 12428
2306 16616
2307 6194
2307 6744
2307 16259
2308 4329
2309 2452
2309 8867
2309 10085
2309 13443
2309 14055
2309 15072
2309 18168
2310 5430
2310 10195
2311 3883
2311 8246
2311 12399
2311 12511
2312 2654
2312 16293
2313 8789
2313 13157
2313 19287
2314 5416
2314 6683
2314 15840
2314 17838
2315 3526
2315 11522
2315 12917
2316 2657
2316 3631
2316 8005
2316 10350
2316 14334
2316 15199
2316 16919
2316 17488
2317 4207
2317 8309
2317 10899
2317 11537
2317 13502
2317 14275
2317 15962
2317 16420
2317 18132
2317 18307
2319 4071
2319 12936
2319 18175
2319 19416
2320 4469
2320 14975
2320 16861
2320 18657
2321 2380
2321 3421
2321 5690
2321 8946
2321 18064
2321 19408
2322 5268
2322 14124
2323 2358
2323 9804
2323 11560
2323 15704
2323 16704
2324 6293
2324 15732
2324 17848
2325 6100
2325 7714
2325 8324
2325 8340
2326 10497
2326 13107
2326 17007
2327 10617
2327 16772
2327 19473
2328 8790
2328 14872
2328 17694
2328 18358
2329 2510
2329 6848
2329 9112
2330 6392
2330 12277
2330 13341
2330 16899
2330 17137
2331 13277
2331 14459
2331 14913
2331 15552
2331 18261
2331 19006
2332 10816
2332 14965
2333 6431
2333 13515
2334 6394
2334 13200
2334 14794
2334 15964
2335 3119
2335 3972
2335 4793
2335 12671
2336 5689
2336 18287
2337 5330
2337 6652
2337 12468
2337 14606
2337 15657
2337 15890
2337 19557
2338 3759
2338 7372
2338 11047
2338 13969
2338 14351
2338 14983
2339 6011
2339 15332
2340 2997
2340 17065
2340 18530
2341 3378
2341 5418
2341 6807
2341 11195
2341 11769
2342 8007
2342 13129
2342 14607
2343 11204
2344 6789
2344 9837
2344 10102
2344 17149
2344 18926
2345 10462
2345 14684
2345 19332
2346 5204
2346 6903
2346 8900
2346 11694
2347 3552
2347 4408
2347 5667
2347 6403
2347 12569
2347 17626
2348 5815
2350 7151
2350 15186
2350 19776
2351 2482
2351 3949
2351 6782
2351 7844
2351 10395
2351 17327
2351 17646
2352 3319
2352 4150
2353 9776
2353 15066
2353 15588
2353 18291
2354 7675
2354 10954
2354 18474
2355 5470
2355 12749
2355 17232
2356 3587
2356 4918
2356 17262
2357 4860
2357 6585
2357 13732
2357 16343
2358 13400
2358 14590
2358 15058
2359 7385
2359 8232
2359 18632
2360 3870
2360 4487
2360 9975
2360 12133
2361 3102
2361 4664
2361 6210
2361 10888
2361 18794
2362 6293
2362 16836
2362 19008
2362 19845
2363 6426
2363 17029
2364 8774
2364 16204
2365 7206
2365 16583
2365 18505
2366 3547
2366 4126
2366 12920
2366 15989
2366 18926
2367 2452
2367 3791
2367 14079
2367 15454
2367 18540
2368 5604
2368 7286
2368 7450
2368 10284
2368 10647
2368 11178
2368 15283
2368 15478
2368 19479
2369 4793
2369 6890
2369 7013
2369 9518
2369 19033
2369 19620
2370 4976
2370 6369
2370 9638
2370 15917
2370 19076
2371 8589
2371 11872
2372 2766
2372 9023
2372 9141
2372 9387
2372 10125
2373 3604
2373 7452
2373 13290
2373 17029
2374 2843
2374 6384
2374 7356
2374 7779
2374 8952
2374 9638
2374 9670
2375 6123
2375 8501
2375 16148
2376 3077
2376 6696
2376 13899
2376 16183
2377 9473
2378 6884
2378 6906
2378 15231
2379 12385
2379 13364
2380 6186
2380 16848
2380 16939
2381 3728
2381 7085
2381 7692
2381 8868
2381 9291
2381 16262
2382 3551
2382 12437
2383 3846
2383 15031
2383 17962
2384 2465
2384 5930
2384 11785
2384 12228
2385 9500
2385 12591
2385 17291
2385 18557
2386 12267
2387 3100
2387 7840
2387 8104
2387 17415
2388 3588
2388 6005
2388 7964
2388 13159
2388 13705
2389 3607
2389 12544
2390 3344
2390 4085
2390 13413
2390 14655
2390 14946
2391 3636
2391 6793
2391 8084
2391 12486
2393 6322
2393 7894
2393 14842
2393 16802
2393 18821
2394 6139
2394 8570
2394 10365
2394 14523
2394 14735
2395 17054
2396 10156
2396 12703
2396 17357
2396 17843
2396 19633
2397 2968
2397 5004
2397 5921
2397 13693
2398 18470
2399 8990
2399 16119
2399 16160
2400 3611
2400 5834
2400 12986
2401 13956
2401 18094
2403 6993
2403 10475
2403 17030
2404 5265
2404 10463
2404 11273
2404 16283
2405 9532
2405 13686
2405 19499
2406 5205
2406 10032
2406 11972
2407 4256
2407 4960
2407 12367
2407 13726
2407 14476
2408 9658
2408 9799
2408 12523
2409 6262
2410 12897
2410 14419
2410 15744
2411 16038
2412 2504
2412 4085
2412 6022
2412 7951
2412 9609
2412 9687
2412 16704
2413 8279
2413 15714
2413 18011
2413 19507
2414 9232
2415 3136
2415 3408
2415 6016
2415 7256
2415 7686
2415 10060
2415 16380
2415 18022
2416 4924
2416 10633
2416 19519
2416 19824
2417 16197
2417 18219
2418 13866
2418 14544
2418 17507
2418 18749
2419 9150
2419 16364
2420 6887
2420 13634
2420 15421
2421 14753
2421 15085
2421 18337
2422 6961
2422 8513
2422 13609
2422 17755
2423 3171
2423 6305
2423 6481
2423 10178
2423 15234
2424 3051
2424 10499
2424 15785
2425 7821
2425 13911
2425 17916
2426 3691
2426 6521
2426 6569
2426 6725
2426 9342
2426 12705
2426 13070
2426 13277
2427 13265
2428 4720
2428 8509
2428 10943
2429 7370
2429 10647
2429 17072
2430 6161
2430 7507
2430 8089
2430 11568
2430 14260
2430 17952
2431 4967
2431 5489
2431 7438
2431 15181
2431 17873
2431 18157
2432 3136
2432 3464
2432 6819
2432 14594
2433 10317
2433 11004
2433 14859
2433 14965
2433 18102
2434 3669
2434 6388
2434 11023
2434 19056
2435 4943
2435 13203
2435 17995
2436 8776
2436 9271
2436 10823
2437 3542
2437 4020
2437 9546
2437 14087
2438 11138
2438 11432
2438 16295
2438 18399
2439 19030
2440 7145
2440 9130
2440 18288
2441 13286
2441 18317
2441 18924
2442 7225
2442 9186
2442 12759
2443 4357
2443 17221
2444 11147
2444 12556
2444 16132
2444 19577
2445 7806
2445 17162
2445 18657
2446 4146
2446 9057
2446 14255
2446 17241
2446 17406
2447 8918
2447 19571
2447 19852
2448 6598
2448 8997
2448 9851
2448 11801
2448 15020
2449 14527
2450 2846
2450 7902
2451 9157
2451 18897
2452 4287
2452 4770
2452 6618
2452 7189
2452 7755
2452 19846
2453 10100
2453 11322
2453 16145
2453 16428
2454 3183
2454 5091
2454 10220
2455 14578
2455 18004
2456 3420
2456 10139
2456 11631
2457 2959
2457 7958
2457 9374
2457 15879
2457 19483
2458 2620
2458 7901
2458 10721
2458 17832
2459 11002
2459 11884
2459 14139
2459 14344
2459 17427
2460 4651
2460 7439
2460 12875
2461 3191
2461 4457
2461 7677
2462 5848
2462 8004
2462 8245
2462 14419
2462 15572
2462 16085
2463 6195
2463 18063
2464 12005
2464 12041
2464 14967
2464 19599
2465 14069
2465 14770
2466 7633
2466 12463
2467 5543
2467 6950
2467 9974
2467 19630
2468 8217
2468 11931
2468 15265
2468 18767
2469 3089
2469 5004
2469 6137
2469 10119
2469 11023
2469 19707
2470 5606
2470 6595
2470 15807
2471 8665
2471 10896
2471 16924
2472 11232
2472 14341
2473 2706
2473 3513
2473 8979
2473 9026
2473 13207
2473 15624
2474 10431
2474 11924
2475 3234
2475 8396
2476 12170
2477 3455
2477 15669
2477 16673
2478 7637
2478 11191
2478 18250
2479 6311
2479 16807
2479 18859
2480 3662
2480 5658
2480 9965
2480 10118
2481 3269
2481 3544
2481 4437
2481 4968
2481 10364
2481 19784
2482 5186
2482 9630
2482 10978
2482 11502
2482 13316
2482 14096
2482 15074
2482 16228
2483 4566
2483 7376
2483 15591
2483 16118
2484 13249
2484 16521
2485 4102
2485 6465
2485 8050
2485 8197
2485 19033
2486 7974
2486 11687
2487 4128
2487 4919
2487 12109
2487 13162
2488 6522
2488 10074
2488 15595
2488 16106
2489 12411
2489 14923
2489 19325
2490 2543
2491 7919
2491 15025
2491 17405
2493 4200
2493 10030
2493 12436
2493 14091
2494 5773
2494 14466
2494 19906
2495 6004
2495 6507
2495 9122
2495 11820
2495 14272
2495 14601
2495 15852
2496 7785
2496 8463
2496 13843
2496 18510
2497 4408
2497 8682
2497 16851
2498 3199
2498 9212
2498 12002
2498 14669
2498 15276
2498 16414
2498 17125
2499 4276
2499 9952
2500 6696
2500 10400
2500 12897
2501 7077
2501 13084
2501 14270
2501 14902
2501 16841
2502 10011
2502 11700
2502 16653
2503 9500
2503 10528
2503 17397
2503 18606
2503 19957
2504 7992
2504 9606
2504 13589
2504 16057
2504 18684
2505 3765
2505 4985
2505 17980
2506 2720
2506 5455
2506 15760
2507 7971
2507 14837
2507 15360
2508 6885
2508 10239
2508 14574
2508 15641
2509 16396
2510 4852
2510 9801
2510 10946
2510 11354
2511 5723
2511 6649
2511 7625
2511 8374
2512 3492
2512 4127
2512 17599
2513 13195
2513 14267
2513 14583
2513 17770
2514 4307
2514 4477
2514 5291
2514 8956
2514 12173
2514 14240
2515 3634
2515 5559
2515 8366
2515 8460
2515 8949
2515 9561
2515 14222
2516 4244
2516 13159
2517 5638
2517 6521
2517 7246
2517 13818
2517 14183
2518 4261
2518 4508
2518 8027
2519 3568
2519 4190
2519 11012
2519 16134
2520 4963
2520 8169
2520 11691
2520 14131
2521 5398
2521 11426
2521 17281
2521 19230
2522 2803
2522 9120
2522 19295
2523 3383
2523 6465
2523 16662
2523 19974
2524 2978
2524 5206
2524 14554
2525 3937
2525 4997
2526 3457
2526 9531
2527 7032
2527 9317
2527 15457
2527 16948
2527 19197
2528 8488
2528 9552
2528 17161
2530 3211
2530 9713
2530 12309
2530 12321
2531 10742
2531 13565
2531 14714
2532 8326
2532 19103
2533 4408
2533 14879
2533 19271
2534 5728
2534 6915
2534 9707
2534 12328
2534 15486
2534 18350
2535 5763
2535 5951
2535 7458
2535 12167
2535 16075
2536 15814
2536 18204
2536 18816
2537 4154
2537 14378
2537 19174
2537 19941
2538 8202
2538 8737
2539 5612
2539 6439
2539 13630
2540 11084
2540 19971
2541 3659
2541 5116
2541 10094
2541 10153
2541 10319
2541 17660
2541 18255
2541 18947
2542 6325
2543 3179
2543 9235
2543 9756
2543 14600
2544 6965
2544 11175
2544 16852
2545 5034
2545 7516
2545 8898
2546 8704
2546 9900
2546 17400
2546 18826
2547 3448
2547 9353
2547 16558
2548 6945
2548 8183
2548 10653
2548 12884
2548 19958
2549 3381
2549 9905
2549 19373
2549 19898
2550 13413
2551 9318
2551 14451
2551 14633
2551 15438
2551 16082
2552 3924
2552 6859
2552 15616
2552 17610
2552 18591
2553 3438
2553 10866
2553 12562
2553 14213
2553 14911
2553 18142
2553 19232
2554 5684
2554 9093
2554 9197
2554 12965
2554 14553
2554 16751
2554 17251
2555 6081
2555 6282
2555 6776
2555 7281
2555 16925
2556 4660
2556 14896
2556 15161
2557 5074
2557 12189
2558 7155
2558 10122
2559 3204
2559 6482
2559 12331
2559 17644
2559 19898
2560 16761
2561 12454
2561 14895
2562 5925
2562 9082
2562 13599
2562 18711
2563 3257
2563 5311
2563 7731
2563 7866
2563 10884
2563 11137
2563 12178
2564 3187
2564 9242
2564 10177
2564 12398
2564 18435
2564 18709
2565 2765
2565 5880
2565 6129
2565 10165
2565 13057
2565 18943
2566 3752
2566 4644
2566 10836
2566 13652
2566 16044
2567 5041
2567 7681
2567 7852
2567 17857
2568 3651
2568 4999
2568 11633
2568 12974
2568 13222
2568 19792
2569 9623
2569 12752
2570 10481
2570 11323
2570 13659
2570 19862
2571 3464
2571 17842
2572 6744
2572 9215
2572 15511
2572 19169
2573 5048
2574 7170
2574 18223
2575 4484
2575 5287
2575 6855
2576 4046
2576 6208
2576 6616
2576 12504
2576 17424
2577 3062
2577 9181
2577 11733
2577 11906
2577 14716
2578 5619
2578 6591
2578 11361
2578 17216
2579 7890
2579 17276
2579 18282
2580 3086
2580 10530
2580 12760
2580 13389
2580 13865
2580 16246
2580 19181
2580 19340
2581 8838
2581 14687
2582 6837
2582 13962
2582 14771
2583 10895
2583 12423
2583 14464
2584 2662
2584 12751
2584 13323
2584 16581
2584 19941
2585 3838
2585 7007
2585 7250
2585 9070
2585 9345
2585 13112
2585 14080
2585 19163
2586 6406
2586 10784
2586 17602
2587 6144
2587 9293
2587 11334
2587 15266
2588 15095
2589 3733
2590 9965
2590 19998
2591 7320
2591 7960
2591 10034
2591 12274
2591 15775
2591 16070
2591 18641
2592 4763
2592 7393
2592 7667
2592 10202
2592 12606
2592 13039
2592 15609
2592 16720
2592 19727
2593 3222
2593 10812
2593 13134
2593 13462
2593 15822
2593 17215
2593 17711
2593 18924
2594 4651
2594 13528
2594 19703
2595 8743
2595 10313
2595 11086
2595 13502
2596 7761
2597 5322
2597 6256
2597 7619
2597 9948
2597 10633
2598 2733
2598 8810
2598 10251
2598 11677
2598 13869
2599 8365
2599 8593
2599 14093
2600 9288
2601 4996
2601 5281
2601 6846
2601 6909
2602 9654
2602 9705
2602 17102
2602 17360
2602 18149
2603 2986
2603 5284
2603 6697
2603 9914
2603 17456
2603 18701
2604 4121
2604 11081
2605 14061
2606 2724
2606 10189
2606 11170
2606 13463
2607 18801
2608 5141
2608 9947
2609 3414
2610 14134
2611 2899
2611 11047
2611 19447
2612 6188
2612 8485
2612 10908
2612 12551
2612 16394
2612 17181
2613 4604
2613 6031
2613 10602
2613 12229
2614 2709
2614 7798
2614 16885
2615 4360
2615 15668
2615 19570
2616 3145
2616 7096
2616 9971
2616 10155
2616 10532
2616 12263
2616 13253
2617 3647
2617 5687
2617 8687
2617 16494
2618 4670
2618 8760
2618 16966
2618 17954
2619 4161
2619 10556
2619 10774
2619 18365
2619 19764
2620 2758
2620 12150
2620 13706
2621 4803
2621 5420
2621 14433
2621 16379
2622 3182
2622 7599
2622 7745
2622 14617
2623 3072
2623 6563
2623 8854
2623 11482
2623 16413
2623 17256
2624 3290
2624 6323
2624 16887
2624 17347
2624 17809
2625 3425
2625 13541
2625 18646
2626 2783
2626 4226
2626 7003
2626 13372
2626 14713
2627 3789
2627 6505
2628 3313
2628 6143
2628 7934
2628 9800
2628 12812
2629 5228
2629 19690
2630 3161
2630 4423
2630 5959
2630 7059
2630 15834
2631 3780
2631 8872
2631 14556
2632 11342
2632 11896
2632 17889
2633 5916
2633 10424
2633 16096
2634 10003
2634 11126
2634 12486
2635 5424
2635 11140
2635 12824
2635 19447
2636 3292
2636 5204
2636 15823
2636 16584
2636 16653
2637 6301
2637 14773
2637 18087
2638 15051
2638 16748
2639 3360
2639 8252
2639 10074
2639 10194
2639 15041
2640 4692
2640 5362
2640 11796
2640 13215
2640 13922
2640 19730
2641 8660
2641 14052
2641 19393
2642 7680
2642 15427
2642 15605
2643 6692
2643 9600
2643 19112
2644 7386
2644 10123
2644 13620
2644 18065
2645 7415
2645 7833
2645 11825
2646 8164
2646 10353
2647 5007
2647 9159
2647 14479
2648 3869
2648 11159
2648 11917
2649 8075
2649 8873
2649 9102
2649 15062
2650 5694
2650 15385
2650 17408
2651 3820
2651 8343
2651 12433
2651 17534
2652 4762
2652 10004
2652 10120
2652 10200
2652 15958
2653 4672
2653 9887
2653 10610
2653 13024
2653 15923
2653 19735
2654 2897
2654 3339
2654 8791
2654 19200
2654 19647
2655 2663
2655 3549
2655 4317
2655 5535
2655 7016
2655 9194
2655 11663
2655 11935
2655 13478
2655 15787
2655 16178
2655 19600
2655 19843
2656 10887
2657 7746
2657 13073
2657 18315
2658 3096
2658 8185
2658 12911
2659 5103
2659 7018
2659 18334
2660 3671
2660 18987
2661 4355
2661 4787
2661 8072
2661 8740
2661 9133
2661 16112
2661 18103
2662 15086
2662 19074
2663 3251
2663 7261
2663 7652
2663 7934
2663 16788
2663 18051
2663 18891
2664 5133
2664 12183
2665 13148
2666 7255
2666 11071
2666 13688
2666 14427
2667 3092
2667 7688
2667 9950
2668 3442
2668 3444
2668 12467
2668 16720
2669 3286
2669 9057
2669 12386
2670 5364
2670 5719
2670 10670
2670 11512
2670 12352
2670 16415
2671 4555
2671 9318
2671 11619
2671 14255
2671 15349
2671 19311
2671 19614
2672 15106
2673 8699
2674 6942
2674 7636
2674 15628
2675 3252
2675 4422
2675 9591
2675 9893
2675 15184
2676 9074
2676 15946
2677 12463
2677 13486
2678 3918
2678 4957
2678 10980
2679 16640
2679 17867
2679 18676
2680 4780
2680 12117
2680 17699
2681 13344
2682 8648
2684 3319
2684 8500
2684 18517
2685 4645
2685 5052
2685 16948
2685 19207
2686 4284
2686 14414
2687 3841
2687 7045
2687 13475
2687 13660
2687 19253
2688 14618
2688 15165
2689 9651
2689 16884
2689 17812
2690 7888
2690 8401
2690 11865
2690 14910
2690 18282
2691 5369
2691 5808
2691 8670
2691 15379
2691 18387
2692 6960
2692 12413
2692 16067
2692 19586
2693 9412
2693 13121
2694 6945
2694 9926
2695 5617
2695 6211
2695 8117
2695 9696
2695 14301
2695 17911
2696 5148
2697 12748
2697 14785
2697 19343
2697 19891
2698 2756
2698 3500
2698 4032
2698 4043
2698 12093
2698 12608
2698 14013
2699 11726
2699 11830
2699 17602
2699 19481
2700 7915
2700 8208
2700 8752
2701 3675
2701 5375
2702 10874
2702 12940
2703 8786
2703 12408
2703 19898
2704 3946
2704 6085
2704 6282
2704 13868
2705 14712
2705 17403
2706 10918
2706 13272
2706 15614
2706 16232
2706 16710
2707 3789
2707 4326
2707 16172
2707 16592
2708 2963
2708 13893
2709 3107
2709 5397
2709 8303
2710 4776
2710 9760
2710 10968
2710 11739
2710 11918
2710 13964
2711 3914
2711 13067
2712 4142
2712 6539
2712 12317
2712 17195
2713 5199
2713 8263
2713 17690
2714 4419
2714 4849
2714 6147
2714 17387
2715 13476
2715 17686
2715 19368
2716 3529
2716 16059
2717 5014
2717 9766
2717 14391
2719 3508
2719 9047
2719 12701
2719 13654
2719 15189
2719 19964
2720 6135
2720 14227
2720 16395
2721 5215
2721 12012
2721 17201
2721 17497
2722 6863
2722 11558
2722 12761
2722 13753
2723 11667
2723 12921
2723 16290
2723 18087
2724 3493
2724 9482
2724 16475
2725 12106
2725 12582
2726 3428
2726 5646
2726 17903
2727 8874
2727 9403
2727 19752
2728 4614
2728 9659
2728 10086
2728 13627
2728 15252
2728 18154
2729 5756
2729 11416
2729 16844
2730 4814
2730 8284
2730 13480
2730 16072
2731 16094
2731 16328
2731 16558
2732 7589
2732 10736
2732 13482
2733 3575
2733 7221
2733 8457
2733 14196
2733 14519
2733 15412
2733 18759
2734 8049
2734 10778
2734 14703
2734 16213
2735 7016
2735 7901
2735 9543
2735 10070
2736 5473
2736 19381
2737 11513
2737 14673
2737 14861
2737 16002
2737 17547
2739 10990
2739 14003
2739 16007
2739 16985
2740 2756
2740 5777
2741 9829
2741 13954
2741 14187
2741 16231
2741 16306
2741 18243
2742 5824
2742 7843
2742 16491
2742 19437
2743 4381
2743 8303
2743 11118
2743 13944
2744 5974
2744 8233
2745 8335
2745 15439
2746 2953
2746 6727
2746 7154
2746 7848
2746 13296
2746 18157
2747 4393
2747 9226
2747 9366
2747 19307
2748 5381
2748 13220
2749 10107
2750 5453
2750 7698
2751 13551
2751 14484
2751 16459
2751 16971
2752 12059
2752 16740
2752 19780
2753 12017
2754 3247
2754 4783
2754 9773
2754 12953
2754 13653
2754 14275
2755 7053
2755 12165
2755 12170
2755 18116
2756 16436
2756 18314
2756 18960
2757 5207
2757 9870
2757 19648
2758 9024
2758 13031
2759 7441
2759 10022
2759 11649
2760 2766
2760 10534
2760 11930
2761 4453
2761 5439
2761 14550
2761 14770
2762 3003
2762 3029
2762 9269
2762 14479
2763 5172
2763 8764
2763 10160
2763 12651
2764 10628
2764 11414
2764 17210
2765 4140
2765 7923
2766 4084
2766 6387
2767 3339
2767 3360
2767 12630
2767 14635
2768 6756
2768 17505
2769 3465
2769 8718
2769 9601
2769 19949
2770 4315
2770 11051
2770 11562
2770 11591
2771 6171
2771 6625
2771 8449
2771 12202
2771 13574
2771 17958
2771 19044
2772 5335
2772 11760
2772 16101
2773 11759
2773 12369
2773 17332
2774 6637
2774 7887
2775 4068
2775 10021
2775 10535
2775 12041
2775 16422
2775 17503
2776 13375
2776 18548
2776 19897
2777 4141
2777 4580
2777 12091
2777 12392
2777 16808
2778 14495
2779 9234
2779 16112
2779 18685
2779 18779
2780 4832
2780 9678
2780 16858
2780 17012
2780 19072
2781 13512
2782 6554
2782 8958
2782 18066
2783 2796
2783 9045
2783 11003
2783 12407
2783 17654
2784 14067
2784 16840
2784 18619
2785 7553
2785 11353
2785 17183
2785 18089
2785 18455
2785 18627
2786 4177
2786 15155
2787 3364
2787 4309
2787 6805
2787 10662
2788 3859
2788 6104
2788 6953
2788 9278
2788 13694
2788 15842
2789 4925
2789 6418
2789 8594
2790 5464
2790 5765
2790 9985
2790 10607
2791 4357
2791 5799
2792 6844
2792 11633
2792 18481
2793 8656
2793 11340
2793 19215
2794 3735
2794 7252
2794 8941
2794 12446
2794 13981
2794 14503
2794 19175
2795 5872
2795 6724
2795 10058
2795 11608
2795 15765
2795 16164
2796 6879
2797 5069
2797 8219
2797 9370
2797 14365
2797 19427
2798 3520
2798 7306
2799 12186
2799 17740
2800 9012
2800 11818
2800 12386
2800 18065
2801 4988
2801 12499
2801 17451
2802 5405
2802 7057
2802 12441
2803 5213
2803 12653
2803 14803
2803 16240
2804 3996
2804 4867
2804 8283
2804 15868
2804 18952
2805 4188
2806 3570
2806 8925
2806 14831
2806 19161
2806 19592
2807 7301
2807 9636
2807 16426
2807 19156
2808 3902
2808 13882
2808 18475
2809 17617
2810 11909
2810 15370
2811 6476
2811 17207
2812 4579
2812 11433
2812 16054
2812 16093
2812 17196
2812 19499
2813 4351
2813 8263
2813 11175
2813 11900
2813 17121
2813 19850
2814 9415
2814 11937
2814 12693
2814 16510
2814 17431
2815 6342
2815 16961
2815 18661
2816 4126
2816 5537
2816 8531
2817 6640
2817 7268
2817 11187
2818 4171
2819 6103
2819 9164
2819 12222
2819 13583
2819 13779
2819 14209
2819 17251
2819 17810
2819 18272
2820 14908
2821 9151
2821 13559
2821 18611
2821 19190
2822 3007
2822 7502
2822 13002
2822 13474
2822 15465
2822 17726
2823 5661
2823 7031
2823 7594
2823 16472
2823 19774
2824 3681
2824 9195
2825 3217
2826 3551
2826 6006
2826 7950
2826 19738
2827 5776
2827 18282
2827 18378
2828 7492
2828 16673
2829 9161
2829 13252
2829 18623
2829 19692
2830 4607
2830 16729
2831 6568
2831 12022
2831 13134
2831 15787
2831 16817
2831 18076
2832 2945
2833 13467
2833 16040
2834 3902
2834 4365
2834 11168
2834 15833
2834 17248
2835 5699
2835 10883
2835 12861
2835 19805
2836 10079
2836 12676
2836 13424
2836 13783
2836 19904
2837 8869
2837 10807
2837 14252
2837 16373
2837 18812
2838 5593
2838 16844
2839 3656
2839 8753
2839 9322
2839 17504
2840 3370
2840 10908
2841 15396
2841 18906
2842 6221
2842 6259
2842 7818
2843 6352
2843 8612
2843 16767
2844 10238
2844 10710
2844 11351
2844 11807
2845 3253
2845 9689
2846 2888
2846 8361
2846 12174
2847 3105
2847 12065
2847 15759
2848 11424
2849 7088
2849 12012
2850 8473
2850 18748
2851 6217
2851 17857
2852 5087
2852 9466
2852 16648
2852 17684
2853 12897
2855 6802
2855 13226
2856 4233
2856 7068
2856 9858
2856 11301
2856 15596
2856 19207
2857 5455
2857 7331
2857 8486
2857 13551
2857 16521
2857 17553
2857 19980
2858 5600
2858 17101
2858 18708
2858 19637
2859 7364
2859 9922
2859 12121
2859 15360
2860 6096
2861 12701
2861 15748
2862 7268
2862 10423
2862 13978
2862 17617
2863 8123
2863 9636
2863 11879
2863 11913
2864 6361
2864 8854
2865 5574
2865 7943
2865 8052
2865 18932
2866 5508
2866 9068
2867 17833
2867 19522
2868 17713
2869 4773
2869 15389
2870 4307
2870 8300
2870 14614
2871 18505
2871 18870
2873 9191
2874 7584
2874 7596
2874 8072
2874 10762
2874 15944
2875 13222
2875 19991
2876 9134
2876 14654
2876 15856
2876 16615
2877 3537
2878 4464
2878 7276
2878 13969
2878 17483
2878 18408
2878 19233
2879 16266
2879 19027
2880 3494
2880 5871
2880 6312
2880 7145
2881 11912
2881 13103
2881 18353
2882 11236
2884 10909
2884 13077
2884 14610
2884 17060
2884 19004
2885 6332
2885 19962
2886 9651
2886 14395
2886 15736
2886 18213
2886 19837
2887 9963
2887 11231
2887 12283
2887 17088
2887 19432
2887 19863
2888 6513
2888 7876
2888 7906
2888 10587
2888 16768
2888 17891
2888 18686
2889 4481
2889 9107
2889 11735
2889 14094
2889 15600
2890 11279
2890 14588
2891 4032
2891 8566
2891 9752
2891 19783
2892 5604
2892 10770
2892 18722
2893 11826
2893 13036
2893 14435
2894 10817
2894 19219
2895 4228
2895 5370
2895 7110
2895 19837
2896 5442
2896 6064
2897 15393
2897 16289
2897 19244
2898 11860
2898 16196
2898 16955
2899 10100
2900 6195
2900 9876
2900 13744
2901 3719
2901 7701
2901 8632
2901 9164
2902 9899
2902 11983
2902 16023
2902 18198
2902 19005
2903 8710
2903 10525
2903 19473
2904 5702
2904 8195
2904 14593
2904 19906
2905 3497
2905 18519
2906 4182
2906 14731
2906 16048
2906 16570
2906 19088
2907 5775
2909 11908
2909 15066
2909 15156
2910 11850
2910 16928
2910 19028
2911 4444
2911 11839
2912 4842
2912 11003
2913 5080
2913 7520
2913 7803
2913 10150
2913 12770
2914 5889
2914 17705
2914 18979
2915 2970
2916 5195
2916 8626
2916 19932
2917 12749
2917 15639
2917 17520
2917 19116
2917 19306
2918 3917
2918 4862
2918 6616
2918 17098
2918 18267
2919 3037
2919 9009
2920 4174
2920 4694
2920 6577
2920 6892
2920 7997
2920 9918
2920 12376
2920 16836
2920 18762
2920 19704
2921 12707
2921 14180
2921 17646
2921 17658
2922 9775
2922 11695
2923 12687
2923 12978
2923 18295
2924 6473
2924 6883
2925 3167
2925 9712
2925 13100
2926 3478
2926 5836
2926 7953
2926 16418
2927 10462
2928 9812
2928 11158
2929 15010
2930 6940
2930 12882
2931 5698
2931 9688
2931 10883
2931 13967
2932 4969
2932 8650
2932 13195
2933 8286
2933 9105
2933 15608
2934 5095
2934 7377
2934 8877
2935 3559
2935 4204
2935 7481
2935 11944
2935 13866
2935 15138
2935 19187
2936 4961
2936 9856
2936 11386
2936 11480
2936 17141
2937 11674
2937 19666
2938 3799
2938 7675
2938 8753
2938 12684
2939 8341
2939 8974
2939 18455
2941 12459
2942 17229
2942 18473
2943 3526
2943 10416
2943 16898
2943 18302
2944 5221
2944 7372
2944 12049
2945 3750
2945 6131
2945 7828
2945 10805
2945 11544
2945 14979
2945 17364
2945 19554
2946 3766
2946 13351
2946 15969
2946 18367
2946 19271
2947 3235
2947 4202
2947 17678
2948 7090
2948 10494
2948 12366
2949 13954
2949 14229
2950 8716
2950 19835
2951 4263
2951 4500
2951 9564
2951 9645
2951 12806
2951 14783
2952 4351
2952 8408
2952 10461
2953 9843
2953 11723
2953 17753
2954 8067
2954 14226
2954 18078
2954 18207
2955 14336
2956 7997
2956 8337
2956 17161
2957 8832
2957 12936
2957 17318
2958 11578
2959 5043
2959 5716
2959 6837
2960 4357
2960 4458
2961 6880
2961 10707
2961 13938
2962 3352
2962 8479
2962 14548
2962 14598
2962 15661
2962 18722
2963 3242
2963 4886
2963 5175
2963 10164
2963 11463
2963 12526
2963 19216
2964 6361
2964 13683
2964 16608
2964 17590
2965 5990
2965 10548
2965 12508
2965 14686
2965 17765
2966 3750
2966 7198
2966 7997
2966 11087
2966 15986
2967 5333
2967 7061
2967 19801
2968 18631
2969 3332
2969 4250
2969 15485
2969 15841
2969 16230
2969 17132
2970 10099
2970 13655
2970 18724
2971 3713
2972 5280
2972 8753
2972 11279
2972 15631
2973 4822
2973 6938
2973 16064
2973 19475
2974 15594
2975 5430
2975 16218
2975 18960
2976 6362
2976 9726
2976 16671
2976 17595
2977 3731
2977 5742
2977 15524
2977 15790
2978 9728
2979 5048
2979 5431
2979 5572
2979 9659
2980 7581
2980 8854
2981 5024
2981 7558
2981 8258
2982 4044
2982 4532
2983 7457
2983 9723
2984 4513
2984 9715
2984 16658
2985 4347
2985 4749
2985 9239
2985 15282
2985 15654
2985 16715
2986 3651
2986 7748
2986 17393
2986 19080
2987 6895
2987 17553
2987 18410
2988 5649
2988 10270
2988 11502
2988 19818
2989 5092
2989 7872
2989 9604
2989 15215
2989 17113
2990 10177
2990 12868
2990 16073
2990 18299
2990 18831
2991 7525
2992 16242
2992 17329
2992 19477
2993 5187
2993 8687
2994 6023
2995 9694
2995 16936
2996 4709
2996 12856
2996 18217
2996 19233
2997 17515
2998 5430
2998 9482
2998 13321
2998 18809
2998 19037
2999 12995
2999 13240
2999 13833
2999 14541
3001 11600
3001 12175
3001 14919
3001 17013
3001 17026
3002 12453
3002 17234
3003 4132
3003 8932
3003 12777
3003 15455
3003 18887
3004 6342
3004 14019
3004 15219
3005 11852
3006 3388
3006 3720
3006 4805
3006 9383
3006 10792
3006 12136
3006 15665
3007 4261
3007 9357
3007 13230
3007 18950
3007 19229
3008 8591
3008 9157
3008 11475
3008 12100
3008 19947
3009 7918
3009 10554
3009 13681
3009 17155
3010 7246
3010 13593
3010 16007
3011 5918
3011 10165
3011 16720
3012 9169
3012 11336
3012 19769
3013 10673
3014 4724
3014 4961
3014 9985
3015 10637
3015 12185
3015 16598
3016 4269
3016 8915
3016 14370
3016 17655
3017 16373
3019 4603
3019 8617
3019 10297
3019 12176
3019 13157
3019 14720
3019 16331
3019 19685
3020 5091
3020 10154
3020 11301
3020 12807
3020 13343
3020 14441
3020 14784
3021 4017
3021 12441
3021 12951
3021 13254
3022 12433
3022 15171
3022 18244
3022 19767
3023 7342
3023 11410
3023 11729
3024 9319
3024 11142
3024 14495
3025 6753
3025 8032
3025 10304
3025 10700
3025 12625
3025 15281
3026 8490
3026 10412
3026 16399
3027 13922
3027 16373
3027 18715
3028 3075
3028 7263
3028 7496
3028 18251
3028 18526
3029 4271
3030 9887
3030 9930
3030 15604
3031 11840
3031 17706
3031 18131
3031 18991
3032 9205
3032 19932
3033 6033
3033 8757
3033 9018
3033 13691
3033 15560
3034 8900
3034 17592
3034 18432
3035 6689
3035 14985
3035 18597
3036 4318
3036 9486
3036 15343
3036 16058
3036 17451
3036 19923
3037 4122
3038 6692
3038 9386
3038 11201
3038 16827
3039 8337
3039 10243
3039 16176
3040 8893
3040 11090
3040 11243
3040 11368
3040 14820
3041 3365
3041 4572
3041 7041
3041 8470
3041 10935
3041 15323
3042 5438
3042 13056
3043 3884
3043 14000
3043 19133
3044 10102
3044 10827
3044 11422
3044 19336
3045 3284
3045 6159
3045 12435
3046 8163
3047 7295
3047 9712
3047 10425
3047 16479
3047 17594
3048 4432
3048 5255
3048 17203
3048 19179
3049 8267
3049 10257
3049 17107
3049 17121
3049 17683
3050 9822
3050 14427
3050 14598
3050 16979
3051 4869
3051 10878
3051 11506
3051 15731
3052 4885
3052 7399
3052 11478
3052 16795
3053 3962
3053 5756
3053 9868
3053 14642
3053 18217
3053 18398
3054 7963
3054 14599
3055 6211
3055 19179
3055 19614
3056 4286
3056 5528
3056 15173
3056 17024
3057 3776
3057 7613
3058 5842
3058 12287
3058 14318
3058 16341
3058 16412
3058 18636
3059 7489
3059 9434
3059 10756
3059 14173
3059 18276
3060 5847
3060 11027
3060 12725
3061 4820
3061 6481
3061 8179
3061 8962
3061 12630
3061 12681
3061 13076
3061 19506
3062 4109
3062 8953
3062 19551
3063 6782
3063 13172
3063 18439
3064 6954
3064 7837
3064 8581
3064 11996
3064 13712
3064 16090
3064 19437
3065 9784
3065 10305
3065 16876
3066 4377
3066 7799
3066 11170
3066 14359
3067 7982
3067 9502
3067 17631
3068 4095
3068 15476
3068 16328
3068 19996
3069 15177
3069 17059
3070 12926
3071 9743
3071 9975
3071 15247
3072 6941
3072 17507
3073 17381
3074 3987
3074 8502
3074 18470
3075 15173
3076 12296
3076 13869
3076 15680
3076 15809
3076 16331
3077 3207
3077 5882
3077 13149
3077 16257
3077 16530
3077 17470
3078 3134
3078 3651
3078 7979
3078 14797
3078 17178
3079 3774
3079 3846
3079 9278
3079 17220
3080 3367
3080 4688
3080 6346
3080 8806
3080 12844
3080 13227
3080 17978
3081 7967
3081 8727
3081 9532
3081 12278
3081 12482
3081 13818
3081 19436
3082 3546
3082 8097
3082 9400
3082 15105
3083 6438
3083 8987
3083 9097
3083 17260
3084 13864
3084 14444
3084 14626
3085 6090
3085 19355
3086 3674
3086 5489
3086 10855
3086 16411
3087 12445
3087 16678
3088 12614
3088 12631
3088 13884
3088 14725
3088 15118
3089 3673
3089 19960
3090 3818
3090 8606
3090 12893
3090 17377
3091 9097
3091 10459
3091 16291
3091 18175
3092 4820
3092 5544
3092 17380
3092 18719
3093 6255
3093 6721
3093 7453
3093 12209
3093 13427
3093 16778
3093 18169
3093 19702
3094 15550
3095 8487
3095 14051
3095 14970
3096 6375
3096 7173
3096 9733
3096 10749
3096 16571
3096 19706
3097 3105
3097 12341
3098 7887
3098 12272
3098 13867
3099 6015
3099 8650
3099 11407
3100 4281
3100 5825
3100 13809
3101 10324
3101 17855
3101 18782
3102 9993
3102 15443
3103 5162
3103 5408
3103 17219
3103 18369
3104 4862
3104 5674
3105 4425
3105 19131
3106 3157
3106 5483
3106 7269
3106 10249
3106 17121
3107 3387
3107 5108
3107 17421
3108 3478
3108 3951
3108 6888
3108 7266
3108 8121
3108 15848
3108 16722
3109 9251
3109 12419
3109 17028
3109 18301
3110 11361
3111 10722
3112 3395
3112 5007
3112 18082
3113 7382
3113 9148
3113 10468
3114 13165
3115 5535
3115 11790
3115 18752
3116 8164
3116 8270
3117 3131
3117 6091
3117 7438
3117 8824
3117 13172
3117 13492
3118 11311
3118 15275
3118 18544
3119 5654
3119 11234
3119 13711
3119 14465
3119 19413
3120 3258
3120 3309
3120 4922
3120 5801
3120 9088
3120 16077
3120 17326
3120 19027
3121 3924
3121 5518
3121 6725
3121 7596
3121 10281
3122 3478
3122 4258
3122 5593
3122 9889
3122 10284
3122 10963
3122 11504
3122 12054
3122 14037
3122 15122
3123 3557
3123 6400
3123 10084
3123 13852
3123 18986
3124 7760
3124 11489
3124 13353
3124 15638
3124 16578
3125 3314
3125 7712
3125 15397
3126 5115
3126 7016
3126 11399
3126 14453
3126 15127
3126 15331
3127 6769
3127 14197
3127 14940
3128 18862
3129 4826
3129 6475
3129 6630
3129 7472
3129 11112
3129 14276
3129 16245
3130 5081
3130 7093
3130 11535
3130 13388
3131 11532
3131 14139
3131 14919
3131 17925
3132 3833
3132 4488
3133 4624
3133 5091
3133 12834
3134 5183
3134 14088
3134 14970
3134 18900
3135 3543
3135 11529
3135 14106
3136 4428
3136 15708
3137 13134
3138 4645
3138 5275
3138 9676
3138 10598
3138 17011
3138 18584
3138 18639
3138 19573
3139 12560
3139 16127
3140 5375
3140 8501
3140 11453
3141 3599
3141 4508
3141 7450
3141 7850
3141 7872
3141 8555
3141 10941
3142 5260
3142 12938
3142 16054
3143 6500
3143 10329
3143 13745
3143 14692
3144 4646
3144 5271
3144 7367
3144 15429
3144 15662
3144 17490
3145 5670
3145 7104
3145 10595
3145 12369
3145 15419
3145 16746
3145 17072
3145 18066
3146 13257
3146 13931
3146 19661
3147 8461
3147 10623
3147 15626
3147 16897
3148 8226
3148 9451
3148 10124
3148 12090
3148 12460
3148 18822
3149 4708
3149 5662
3149 6679
3149 14596
3150 6711
3150 6927
3150 10495
3150 18000
3151 5986
3151 7197
3152 7944
3152 9253
3152 9505
3152 11228
3153 8452
3153 15572
3154 7011
3155 12062
3155 18179
3156 16412
3156 16878
3157 9457
3157 14794
3158 3783
3158 5939
3158 9228
3158 13011
3158 18738
3158 18948
3159 7697
3159 10843
3159 10946
3159 15138
3160 4312
3160 8288
3160 11458
3160 18900
3161 3980
3161 9761
3161 11096
3161 14956
3162 11891
3162 13360
3162 17465
3163 5495
3163 6394
3163 9076
3163 19195
3164 5366
3164 6421
3164 8103
3164 10223
3165 10959
3165 16501
3166 5692
3166 12001
3166 17425
3167 8184
3167 14307
3167 15606
3167 16580
3168 8942
3168 12965
3168 16248
3168 16409
3168 17243
3168 19146
3169 5959
3169 11010
3169 12006
3169 18566
3170 3531
3170 4958
3170 9492
3170 12304
3171 5768
3171 8293
3172 3280
3172 7329
3172 7611
3172 12050
3172 14367
3172 16079
3173 4422
3173 7825
3173 14547
3174 8621
3174 11143
3175 6652
3175 7548
3175 10842
3175 17331
3176 9090
3176 12335
3176 14999
3177 3479
3177 12232
3177 12453
3177 19885
3178 9066
3178 11856
3178 12327
3178 12541
3178 16460
3179 6459
3179 7475
3180 4594
3180 17554
3181 3404
3181 8009
3181 18814
3182 3681
3182 5253
3182 13934
3183 7344
3183 13773
3183 15855
3183 16908
3183 17414
3183 18040
3184 4076
3184 4368
3184 12774
3185 10073
3185 12142
3185 12360
3185 14267
3185 17263
3186 3730
3186 5947
3186 16366
3187 5621
3187 5637
3187 8991
3187 10009
3188 7286
3188 8951
3188 16215
3188 17637
3189 12165
3189 13363
3189 13979
3189 15375
3189 19633
3190 6417
3190 13820
3190 16280
3191 10312
3191 10664
3191 13883
3191 18321
3191 19494
3192 4629
3192 8082
3192 16416
3192 17037
3193 9947
3193 11585
3193 15344
3194 6944
3194 17703
3194 18801
3195 9147
3195 19043
3196 16910
3197 5499
3197 8050
3197 8188
3197 8522
3197 8717
3197 14817
3197 14969
3197 18200
3197 19982
3198 7048
3198 13986
3198 16731
3199 8426
3199 13515
3200 5349
3200 11172
3200 12573
3201 6064
3201 12539
3201 15940
3201 17479
3201 18566
3202 7617
3202 16582
3202 18306
3203 5422
3203 8049
3203 8361
3203 10423
3203 14869
3203 15452
3203 16601
3204 8643
3205 3457
3205 7084
3205 10410
3205 15530
3205 18852
3205 19165
3206 6048
3206 12754
3207 7442
3207 16475
3207 18977
3208 16371
3209 6041
3209 7712
3210 7633
3210 8845
3210 14485
3210 18343
3211 11354
3212 4895
3212 5777
3212 5799
3212 8433
3213 3384
3213 6441
3213 9528
3213 17856
3214 3722
3214 5301
3214 8049
3214 19054
3214 19685
3215 3958
3215 14487
3215 17753
3215 19587
3216 6371
3216 6615
3216 11014
3216 11596
3216 14029
3216 14851
3216 15810
3217 6447
3217 7827
3217 9360
3217 11458
3217 12718
3217 14020
3217 14175
3217 17527
3218 14441
3218 14614
3218 17408
3219 10510
3219 10901
3219 15224
3219 15254
3220 6751
3220 9074
3221 3952
3221 4852
3221 8480
3221 12131
3221 17591
3221 17658
3221 18155
3222 7520
3222 8243
3223 5152
3223 9513
3223 11123
3224 10394
3224 16988
3225 6773
3225 7157
3225 10872
3226 7219
3226 9482
3226 9571
3227 6203
3227 8424
3227 11297
3227 12191
3227 12898
3227 15147
3227 18419
3228 5537
3228 6269
3228 10400
3228 18571
3229 9448
3229 10526
3229 16092
3230 9314
3230 12112
3230 12581
3230 19341
3230 19926
3231 4411
3231 13781
3231 16953
3232 10445
3232 11584
3232 15044
3232 16863
3233 5854
3233 6170
3233 11068
3233 13472
3233 15756
3233 18539
3234 11304
3234 11375
3235 16588
3236 6356
3236 7977
3236 16391
3236 16748
3236 17390
3236 18022
3236 19146
3237 7520
3237 10228
3237 13101
3237 13378
3237 18048
3237 19450
3239 7082
3239 11610
3239 16664
3240 7578
3240 10980
3240 12225
3241 12761
3241 17914
3242 15856
3243 8360
3243 12137
3243 13500
3244 4158
3244 4473
3244 14220
3244 17390
3245 9670
3245 14718
3245 17733
3245 17760
3246 8478
3246 13973
3247 6833
3247 17286
3248 4080
3248 6392
3248 16430
3248 17820
3249 5367
3250 8131
3250 14997
3250 17357
3250 18750
3251 3734
3251 6822
3251 14943
3251 19011
3252 10240
3252 12570
3253 5281
3253 16387
3254 14180
3255 9739
3255 19223
3256 5417
3256 6768
3256 11363
3257 12014
3257 15749
3257 18745
3257 18768
3257 18970
3258 13299
3260 7232
3260 11775
3260 12563
3260 14939
3260 16953
3260 17023
3260 17567
3261 5032
3261 7389
3261 19556
3262 3504
3262 10026
3262 11388
3262 12195
3262 12353
3262 12859
3262 14285
3263 4298
3263 12580
3264 7060
3264 15750
3265 3321
3265 4554
3265 6583
3265 9508
3265 11595
3265 14530
3265 16266
3265 17532
3265 18815
3265 18999
3265 19010
3266 11741
3266 16189
3267 4101
3267 6295
3267 8599
3267 8840
3267 9393
3267 9405
3268 17897
3269 7930
3269 11676
3270 10561
3270 13557
3270 14455
3271 17345
3271 17419
3271 18596
3272 11490
3273 5029
3273 6981
3273 14497
3274 4703
3274 11773
3274 11796
3274 13754
3274 14173
3274 18506
3275 7699
3275 8752
3275 18074
3275 18964
3276 4312
3276 6944
3276 7409
3276 7546
3276 9483
3276 13573
3277 7329
3277 11298
3277 18028
3278 6540
3278 14051
3278 15494
3278 16554
3278 18406
3278 18481
3278 18500
3279 3428
3279 5093
3279 12434
3280 6269
3280 11664
3280 19379
3281 10667
3281 13558
3281 14271
3281 14333
3281 19938
3282 6558
3282 17641
3283 17343
3283 19682
3284 9941
3284 10438
3284 17678
3285 4123
3285 6048
3285 7616
3285 11775
3285 18884
3285 19502
3286 15060
3286 18954
3286 19382
3287 7410
3287 11224
3287 13001
3287 15118
3287 18267
3288 4761
3288 8903
3288 14328
3288 19048
3289 8142
3289 14306
3289 17608
3290 3491
3290 4356
3290 8851
3291 3530
3291 4821
3291 5321
3291 12398
3291 15599
3293 10559
3293 11813
3293 12990
3293 13030
3294 11696
3295 4849
3295 13545
3295 18396
3296 6599
3296 13755
3296 17739
3297 5351
3297 6920
3297 16108
3297 17835
3298 6870
3298 17430
3298 17531
3298 18767
3299 7546
3299 16523
3299 19450
3300 4704
3300 6433
3300 12010
3301 3922
3301 11207
3301 15107
3301 15801
3301 19287
3302 9375
3302 11170
3302 13755
3302 16861
3303 4663
3303 7973
3303 17541
3304 5208
3305 4801
3305 9903
3305 14260
3306 6645
3306 7112
3306 8357
3306 10726
3306 13016
3306 17938
3307 4002
3307 4075
3307 14317
3307 16238
3307 16899
3308 16958
3309 10732
3309 19461
3310 4518
3310 12232
3310 18425
3311 11668
3311 16160
3311 16963
3311 19868
3312 4102
3312 18034
3314 7757
3315 4763
3315 10624
3316 6453
3316 16318
3316 18747
3316 19323
3317 3955
3317 13561
3318 10643
3319 6605
3319 8527
3319 9478
3319 14231
3319 17872
3320 13972
3320 18756
3321 16422
3321 17471
3321 18556
3322 11763
3322 12171
3322 15216
3322 15675
3322 16170
3322 18164
3322 18350
3323 4323
3323 8350
3323 13907
3323 15066
3324 3430
3324 9445
3324 13252
3324 13436
3324 18320
3325 4593
3325 9373
3325 12021
3325 13438
3325 19663
3326 3329
3326 7291
3326 8981
3327 15988
3327 18199
3327 19796
3328 12706
3329 9229
3329 13562
3330 18987
3331 15804
3331 19535
3332 12049
3332 12226
3332 13987
3332 16757
3333 6393
3333 10557
3334 5248
3334 8779
3334 12103
3334 12387
3336 4659
3336 15565
3337 3348
3337 6161
3337 11679
3337 16422
3338 6814
3338 7361
3338 10596
3338 16821
3339 9529
3339 10310
3340 12629
3340 12795
3340 14682
3341 7823
3341 9088
3341 9381
3341 13638
3341 14866
3341 16821
3341 17877
3342 3607
3342 4852
3342 11636
3342 17962
3343 12510
3343 13129
3343 16576
3344 7291
3344 8373
3344 10707
3345 4616
3345 4999
3345 10762
3345 15779
3346 5325
3346 9249
3346 10987
3346 19090
3346 19423
3347 12327
3348 10281
3348 11462
3349 14914
3349 16701
3349 18371
3349 19298
3350 4475
3350 12071
3350 17117
3351 5386
3351 15069
3352 9746
3353 12868
3354 6205
3354 11460
3355 15422
3356 9594
3356 10865
3356 11789
3356 12865
3356 14157
3356 17661
3356 18186
3357 5470
3357 11742
3357 12640
3358 4521
3358 11659
3358 12998
3358 15609
3359 7812
3359 10101
3359 13921
3359 19726
3360 9277
3360 17529
3360 17979
3361 4103
3361 5465
3361 8353
3361 9461
3361 9761
3361 9826
3361 14139
3362 9247
3362 10852
3362 13520
3362 14957
3362 19879
3364 15245
3364 15551
3365 4098
3365 8474
3365 10657
3365 13357
3365 13965
3365 15351
3365 16676
3366 10187
3366 13053
3366 15980
3366 16202
3367 8534
3367 9730
3368 15602
3368 15677
3368 16133
3368 16887
3368 17583
3369 11365
3369 18840
3370 5157
3370 8977
3371 17354
3371 19050
3372 11786
3372 14267
3373 8881
3373 8883
3373 15466
3374 5195
3374 19852
3375 14658
3376 13245
3376 16469
3377 5054
3377 8654
3378 4072
3378 6754
3378 8755
3378 9828
3378 11032
3378 13473
3378 17918
3379 3571
3379 6984
3379 7973
3379 13199
3380 8758
3380 15130
3380 16538
3381 6518
3381 6612
3381 8660
3381 18844
3381 18851
3382 6109
3382 7974
3382 10147
3382 10869
3382 14950
3382 16731
3383 4813
3383 9054
3383 9454
3383 9983
3383 12631
3383 18239
3384 8232
3385 5221
3385 9852
3385 18212
3385 19669
3386 6163
3386 6627
3386 18504
3387 4199
3387 11409
3387 18830
3387 19877
3388 8407
3388 11127
3388 11361
3388 17765
3388 18692
3388 18761
3388 19969
3389 4574
3389 12004
3389 16383
3389 16472
3389 19438
3389 19625
3390 11115
3390 16690
3390 19587
3390 19654
3391 5059
3391 11143
3391 12222
3391 13860
3391 15329
3391 16434
3392 6341
3392 14918
3392 19037
3393 5130
3393 13055
3393 13556
3393 17548
3394 5083
3394 9743
3396 13712
3396 14423
3396 15225
3397 17854
3398 6953
3398 13003
3398 14980
3399 8281
3399 8388
3399 9035
3399 12598
3399 19157
3400 6442
3400 15468
3401 9491
3401 10786
3401 10829
3401 12060
3401 12973
3401 16380
3402 3815
3402 8160
3402 15868
3402 18165
3402 19650
3403 4830
3404 8072
3404 12210
3404 15746
3405 12272
3405 18409
3405 19155
3406 4392
3406 5844
3406 6504
3406 12232
3407 5572
3407 13098
3407 15739
3408 8293
3408 19055
3409 6010
3409 7770
3409 12355
3409 12433
3409 18194
3410 14082
3410 18779
3411 5004
3411 6180
3411 6911
3411 13715
3411 18304
3412 4119
3412 11725
3412 11950
3413 11524
3413 13116
3414 6407
3414 18335
3415 4559
3415 7582
3416 4384
3416 10374
3416 16329
3417 4572
3417 13999
3418 13167
3418 13602
3418 19617
3419 5683
3419 9002
3419 17420
3420 3452
3420 4115
3420 4530
3420 10842
3420 15321
3421 9093
3421 18165
3422 7475
3422 9143
3422 9354
3422 11939
3422 17673
3423 9283
3423 10671
3423 12464
3423 14767
3423 18104
3424 4145
3424 4855
3424 7301
3424 11722
3424 15442
3424 18392
3425 3997
3425 6727
3425 8200
3425 9228
3425 16096
3426 8903
3426 16290
3427 12952
3427 13674
3427 17190
3428 9279
3428 16939
3428 18162
3429 4353
3429 4415
3429 8100
3429 10872
3429 11005
3429 17269
3429 17918
3431 3544
3431 9747
3431 13748
3432 7832
3432 8702
3432 10594
3432 10597
3432 15552
3432 19465
3433 4233
3433 12444
3433 15649
3433 18116
3434 8532
3434 12778
3436 5771
3436 10410
3436 14870
3436 14893
3436 18740
3437 4201
3437 8008
3437 9328
3437 12596
3438 4709
3438 11578
3439 10245
3440 4374
3440 14821
3441 3826
3441 9878
3441 13509
3442 4511
3442 5100
3442 8474
3442 14348
3443 4978
3443 5719
3443 6870
3443 7681
3443 11125
3443 16287
3443 19444
3444 3838
3445 4878
3445 7141
3445 8456
3446 5678
3446 9522
3446 9640
3446 11481
3446 13120
3446 15588
3447 9866
3447 11727
3447 12332
3447 13581
3447 14618
3448 5069
3448 13095
3448 13218
3448 19266
3449 6387
3449 11714
3449 18535
3449 19697
3450 5408
3450 11603
3452 7391
3452 8775
3452 15549
3453 3478
3453 4110
3453 7536
3453 14022
3453 14716
3453 17031
3454 5039
3454 5329
3454 5681
3454 10103
3454 10639
3454 11833
3454 15543
3455 14982
3455 16548
3455 16873
3456 5475
3456 6474
3456 13984
3456 15874
3457 7725
3457 10476
3457 15493
3458 5824
3458 5947
3458 11063
3458 12142
3460 4017
3460 9166
3460 10332
3460 12724
3460 15303
3460 16055
3460 16285
3461 12555
3461 14753
3462 4540
3462 9646
3462 16930
3463 7401
3463 8608
3464 3492
3464 5783
3464 15203
3464 19841
3465 5022
3465 7825
3465 8756
3466 16241
3467 6605
3467 7261
3467 16207
3467 17240
3467 19260
3468 5227
3468 12025
3468 16972
3470 12630
3471 15466
3472 9824
3472 13859
3472 13924
3473 7869
3473 8025
3473 19316
3474 4330
3474 5558
3474 7624
3474 10835
3474 12792
3474 19696
3475 5071
3475 7639
3475 8336
3476 5628
3476 18931
3476 18934
3477 4634
3477 12215
3477 19501
3478 7352
3478 11867
3478 12717
3478 12978
3478 13313
3479 4859
3479 8960
3479 11994
3480 5019
3480 6533
3480 13699
3480 17799
3480 17890
3480 19911
3481 8990
3481 17949
3481 18660
3482 3698
3482 4580
3482 14191
3482 19352
3483 7315
3483 13127
3483 16878
3484 6402
3484 18792
3485 11601
3485 12074
3485 18065
3486 4417
3486 4810
3486 7370
3486 15465
3487 6376
3487 9522
3487 18399
3488 10729
3488 13873
3488 14911
3490 13663
3490 13918
3491 4361
3491 7921
3491 9705
3491 13681
3492 10753
3492 14688
3493 8325
3493 13108
3493 13967
3493 17821
3493 18981
3494 7439
3494 9931
3494 14407
3494 14608
3494 19260
3495 4962
3495 6426
3495 7633
3495 11235
3495 11573
3495 17180
3495 17798
3496 8172
3496 8589
3496 13584
3496 18382
3497 18573
3498 6737
3498 9121
3498 12086
3498 13987
3498 15307
3498 19990
3499 9130
3499 10972
3499 14050
3499 17664
3499 19714
3501 5305
3501 11470
3502 7585
3503 4924
3503 14476
3503 19703
3504 6870
3504 7669
3504 13002
3504 14802
3504 17605
3505 11301
3505 19659
3507 5826
3507 8752
3507 9732
3507 9951
3507 10343
3507 12415
3507 17776
3508 13233
3508 16045
3509 6342
3509 6659
3509 15249
3510 7631
3510 13804
3510 15699
3511 7267
3511 7320
3511 15248
3511 17349
3512 6614
3512 10590
3512 16363
3512 18208
3513 7045
3513 10514
3513 12169
3513 15501
3513 19169
3514 5265
3514 5789
3514 11076
3514 11647
3515 3771
3515 4210
3515 4221
3515 12961
3516 7238
3516 13633
3516 17446
3516 18628
3516 19829
3517 3603
3517 9490
3517 9916
3517 17545
3517 18701
3518 7377
3518 8184
3518 14440
3518 16648
3518 17212
3518 18648
3519 3983
3519 9356
3519 9366
3519 16871
3520 6300
3520 8528
3520 8803
3520 9148
3520 11518
3520 16242
3520 19707
3521 8296
3521 14960
3521 15135
3521 18264
3521 19477
3522 14814
3523 4833
3523 6360
3523 6636
3523 10649
3523 12994
3523 18252
3524 7985
3524 12754
3524 15236
3524 17098
3524 17223
3524 18734
3525 8795
3525 10589
3526 8930
3526 14545
3527 8031
3527 8662
3527 10504
3527 13684
3527 16112
3528 9241
3528 17928
3529 17162
3529 18422
3530 11630
3530 14667
3532 5928
3532 15336
3532 19418
3533 5325
3533 12869
3533 14899
3533 18784
3533 19840
3534 3654
3534 5051
3534 5625
3534 6957
3534 11135
3534 15703
3534 16743
3535 6648
3535 14053
3535 15710
3535 17181
3535 19039
3536 4430
3536 9721
3537 9774
3537 11902
3537 12886
3538 4354
3538 6633
3538 10580
3538 14502
3538 19530
3539 5730
3539 7508
3539 7569
3539 10130
3539 18148
3540 13783
3543 5869
3543 7945
3543 18183
3544 6808
3544 8554
3544 11223
3544 15097
3544 17830
3545 13606
3545 17354
3547 6214
3547 10640
3547 13534
3547 13860
3548 7676
3548 13016
3548 14243
3549 4074
3549 5220
3549 11350
3549 12532
3549 17035
3549 17710
3550 4005
3550 7893
3550 11249
3550 13075
3550 14582
3550 19585
3551 8048
3552 3999
3552 7176
3552 10318
3552 10543
3552 10600
3552 13298
3552 16660
3552 18592
3552 18777
3553 12115
3554 6061
3554 14703
3554 16672
3554 18149
3555 9815
3556 12547
3557 11200
3557 14143
3557 19566
3558 4467
3558 15119
3559 7919
3559 8989
3559 11357
3559 17677
3560 6417
3560 9858
3560 10592
3561 8902
3561 15214
3561 15764
3562 4833
3562 11956
3562 18035
3562 19318
3563 4882
3563 6990
3564 6100
3564 7117
3564 9122
3564 12409
3564 17866
3565 7952
3566 6105
3566 12053
3568 10745
3568 15705
3569 4266
3569 8454
3569 11412
3569 17934
3569 19775
3570 7755
3570 9469
3570 11750
3570 12978
3570 14642
3570 16029
3571 8939
3571 12074
3571 14307
3572 3959
3572 5102
3572 9392
3572 10947
3572 11227
3572 19477
3573 4670
3573 15538
3573 16488
3574 8626
3574 9065
3574 16772
3575 4296
3575 7065
3575 7341
3575 8453
3576 7694
3576 13678
3576 14509
3576 19068
3577 12609
3577 17688
3577 18798
3577 18927
3577 19284
3578 12857
3578 18283
3580 5854
3580 8125
3580 9561
3580 15220
3580 15771
3581 13215
3581 15834
3581 18929
3582 8166
3582 17246
3582 17380
3583 9983
3583 13654
3583 19691
3584 5310
3584 7491
3584 12898
3585 6809
3585 11214
3586 11199
3586 15183
3587 4678
3587 6675
3587 7128
3587 7357
3587 8907
3587 15669
3588 14403
3588 15187
3588 18659
3589 5356
3589 16409
3589 16952
3590 6321
3590 15513
3590 18398
3590 18976
3591 13534
3591 16426
3592 3821
3592 8153
3592 13176
3592 13502
3592 14636
3593 8390
3593 9886
3593 10263
3594 5659
3594 9424
3594 11521
3594 11612
3594 11679
3594 13129
3594 16331
3594 18443
3596 5256
3596 5569
3596 7981
3596 9753
3596 13400
3596 15644
3596 16061
3596 18651
3597 4342
3597 6036
3597 19209
3597 19802
3598 5653
3598 5663
3598 7607
3598 8954
3598 11128
3599 12525
3599 14879
3599 14923
3600 8255
3600 9060
3600 9215
3600 11436
3600 12295
3600 13282
3600 17079
3601 4456
3601 13222
3601 15587
3601 16049
3601 16817
3601 17806
3602 13012
3602 13350
3602 14750
3603 4479
3603 6376
3603 19291
3604 6451
3604 14377
3604 18330
3605 13751
3605 17314
3606 4744
3606 7961
3606 11224
3606 12196
3606 14359
3606 16595
3607 4574
3607 8883
3607 15598
3607 15600
3607 16001
3609 10371
3609 12030
3610 4123
3611 5899
3611 9726
3611 10488
3612 8736
3612 8748
3612 8816
3612 12678
3612 17377
3613 6617
3613 11690
3613 13589
3614 5354
3614 12961
3614 17216
3614 17642
3615 11881
3615 19991
3616 6393
3616 9026
3616 9582
3616 11745
3616 15484
3617 4128
3617 9086
3617 13286
3617 19313
3618 4018
3618 4870
3618 7463
3619 4720
3619 16705
3620 17311
3621 6909
3621 7740
3621 8341
3621 9005
3621 10159
3621 15773
3622 6110
3622 13867
3622 16604
3623 4316
3623 4328
3623 12351
3623 15741
3624 5443
3624 7640
3624 16967
3625 5854
3625 7800
3625 9438
3625 19607
3626 4549
3626 8003
3626 9242
3626 13300
3626 17765
3627 4245
3627 7475
3627 10814
3627 12186
3627 15134
3628 7206
3629 9092
3629 15114
3629 16590
3629 19390
3630 4549
3630 5190
3630 10002
3630 10021
3630 16919
3631 8752
3631 15146
3632 10064
3632 11178
3632 15610
3633 8923
3634 7306
3634 10886
3634 10975
3634 12673
3634 13062
3634 18238
3635 14098
3635 15147
3635 16253
3635 17355
3636 13723
3636 16846
3637 11104
3637 16520
3639 5329
3639 7537
3639 9367
3639 12845
3639 12919
3639 16580
3640 6835
3640 9605
3640 17987
3640 19954
3641 3714
3641 7987
3641 18913
3641 19555
3642 18806
3642 19002
3642 19440
3643 14261
3643 16845
3643 19169
3643 19627
3644 10130
3644 18319
3645 4873
3645 9365
3645 9737
3645 13322
3646 8897
3646 9717
3648 10309
3649 12543
3649 15191
3649 19253
3650 3781
3650 5699
3650 8197
3650 18400
3651 6892
3651 10401
3651 15620
3652 5096
3652 6076
3652 6692
3652 9334
3653 13675
3654 14036
3654 16532
3654 17448
3655 4755
3655 9567
3655 12052
3655 12938
3655 17877
3656 14125
3656 14987
3656 15243
3657 9162
3657 13901
3657 14068
3657 19543
3658 12874
3658 18044
3659 3908
3659 9997
3659 14315
3659 15974
3659 19464
3660 7334
3660 15596
3660 15725
3660 16260
3660 16658
3661 5249
3661 7170
3661 11520
3661 18635
3661 19885
3662 4024
3662 5978
3662 8745
3662 15420
3663 7379
3663 8814
3663 15067
3664 4236
3664 11421
3664 18338
3665 7171
3665 13961
3666 6284
3666 6454
3666 7074
3666 13269
3666 17500
3667 9699
3667 14053
3668 16877
3668 18312
3669 5331
3669 10490
3669 12078
3669 14551
3669 16789
3669 16968
3669 17876
3670 16051
3671 4641
3671 11156
3671 11234
3671 13478
3672 7213
3672 15595
3672 16871
3672 19893
3673 4525
3673 10634
3673 11428
3673 15709
3673 16178
3673 18896
3674 6737
3674 14109
3675 4766
3675 7066
3675 9771
3675 13153
3675 13155
3675 13326
3675 17249
3675 17916
3676 5910
3676 10286
3676 11198
3676 13217
3676 14055
3677 4500
3677 6404
3677 15291
3677 17483
3677 18341
3677 19847
3679 3989
3679 14095
3679 14615
3680 16756
3681 5954
3681 18090
3682 3977
3682 7918
3682 9640
3682 12162
3682 13733
3682 18808
3683 7863
3683 11789
3683 16044
3684 3804
3684 9331
3684 17963
3685 8784
3685 18412
3686 7503
3686 11766
3686 15664
3687 5059
3687 12866
3687 13344
3687 18776
3687 19678
3688 14067
3688 14876
3688 17243
3688 17740
3688 19704
3689 4338
3689 5491
3689 7084
3689 15228
3689 18023
3689 19816
3690 4584
3690 5187
3690 9096
3690 12462
3690 13739
3691 5431
3691 8558
3691 11322
3691 12019
3691 16040
3691 19241
3692 7145
3693 10722
3693 12502
3693 13961
3693 18228
3694 4449
3694 6393
3694 16518
3694 19179
3695 11284
3696 13305
3696 16263
3696 18602
3696 18659
3696 19907
3697 4937
3697 9220
3697 15041
3697 16152
3698 5259
3698 13891
3698 18009
3699 7262
3699 9797
3699 19950
3700 4571
3700 5733
3700 6674
3700 11698
3700 12351
3700 13814
3701 15891
3701 16801
3701 16900
3702 6542
3702 10309
3702 10354
3702 12678
3703 4780
3703 5139
3703 7057
3703 7384
3703 8703
3704 6372
3704 7450
3704 17137
3704 18303
3704 19072
3705 4103
3705 5667
3705 7436
3705 19682
3705 19980
3706 7525
3706 12406
3706 14964
3707 10186
3707 10815
3707 11415
3707 16356
3708 11469
3709 15802
3709 15909
3709 18065
3710 14604
3711 4675
3711 13877
3711 18158
3712 7728
3712 8262
3712 13180
3712 16224
3712 17924
3712 18800
3712 19288
3713 5017
3713 8602
3713 13490
3713 13503
3713 15830
3714 7527
3714 8459
3714 10868
3714 13541
3714 19981
3715 11156
3716 9497
3716 9516
3717 8783
3717 11249
3718 11232
3719 9115
3719 12266
3719 13769
3719 17176
3720 15099
3721 10855
3721 16703
3721 17777
3722 6580
3722 8946
3722 9309
3722 12810
3723 4457
3723 11148
3724 4465
3724 6282
3724 6605
3724 12131
3724 13332
3724 15661
3724 18379
3725 7501
3725 15238
3726 6650
3726 11136
3726 18784
3727 7291
3727 7598
3727 13011
3727 14041
3727 17731
3727 19179
3728 13742
3729 4679
3729 5268
3729 8036
3729 18260
3729 18570
3730 10397
3730 11214
3730 11915
3730 14932
3730 16129
3731 5790
3731 6538
3731 7471
3731 9968
3731 12319
3731 13178
3731 15756
3731 17118
3732 14524
3732 14854
3732 15168
3732 18089
3733 7020
3733 9551
3733 10196
3733 13846
3734 5794
3734 7901
3735 4478
3735 8396
3735 13660
3735 17919
3737 5007
3737 10376
3737 12142
3737 14456
3737 17185
3738 10294
3738 17979
3739 6751
3739 12425
3740 10129
3740 15150
3741 8059
3741 11579
3741 15486
3741 19943
3742 8973
3742 14838
3743 5338
3743 16985
3743 18441
3744 5781
3744 8871
3744 10086
3744 13778
3744 16558
3745 8370
3745 9915
3745 11898
3745 15143
3745 17903
3746 11079
3746 14391
3747 8922
3747 11930
3747 16535
3747 18573
3748 6362
3748 7487
3748 10433
3748 15873
3748 18563
3749 13919
3750 4142
3750 9153
3750 10639
3750 17840
3751 4936
3752 12295
3753 4748
3753 15103
3754 13851
3754 14929
3754 18861
3755 11282
3755 13217
3755 14480
3756 11293
3756 12127
3756 17212
3757 6395
3757 6885
3757 8181
3757 11276
3757 15669
3757 18161
3758 8034
3758 14609
3759 3965
3759 7141
3759 8170
3759 19629
3760 3971
3760 5781
3760 16793
3760 19531
3762 5397
3762 12126
3762 14881
3764 10378
3764 16326
3765 15157
3765 17822
3766 6289
3767 14363
3767 18811
3768 9340
3768 10151
3768 14132
3769 5720
3769 11070
3769 18746
3770 16094
3770 16966
3770 18931
3771 11489
3771 15683
3771 17995
3773 13816
3773 17942
3774 6148
3774 11150
3774 11198
3774 15274
3774 19108
3775 4061
3775 5145
3775 8622
3775 11117
3775 16518
3775 16866
3775 18736
3776 6445
3776 7793
3776 9602
3776 17763
3776 19522
3777 9542
3777 12559
3777 12582
3778 7295
3778 13839
3778 16660
3778 17226
3779 17401
3779 19132
3779 19832
3780 13834
3780 14278
3780 17932
3780 19491
3781 6188
3781 13248
3781 16641
3782 6322
3782 10654
3782 11046
3782 11804
3782 16629
3782 19602
3783 16230
3783 19508
3784 5780
3784 6286
3784 9174
3784 10996
3784 17917
3785 4480
3785 9437
3785 10600
3786 6773
3786 15079
3786 15953
3787 5687
3787 11845
3787 14397
3788 9945
3788 16998
3789 4430
3789 4926
3789 9244
3789 11114
3789 12479
3789 18273
3790 5206
3790 9093
3790 11791
3791 12329
3791 12516
3791 17016
3791 19949
3792 6793
3792 7169
3792 13800
3792 17339
3792 18175
3793 8991
3793 12257
3794 5410
3794 10053
3794 15207
3794 16350
3795 9245
3795 19915
3796 8547
3797 7872
3797 11801
3797 14398
3797 16618
3797 17506
3797 18340
3798 6701
3798 6817
3798 7771
3798 8085
3798 13759
3798 14866
3798 16659
3798 16971
3798 18582
3799 15626
3799 16974
3800 5425
3800 7723
3800 18555
3800 19167
3800 19970
3801 17467
3802 5555
3802 6305
3802 12891
3802 14062
3802 14733
3803 11663
3803 16754
3803 17508
3804 11812
3804 14592
3805 6440
3805 11257
3805 11813
3805 13853
3805 16192
3805 19064
3806 4275
3806 4703
3806 8415
3806 11422
3806 11428
3806 17106
3806 19818
3806 19923
3807 4831
3807 6502
3807 7494
3807 9374
3807 10339
3807 10824
3807 16792
3807 19712
3808 6139
3808 9557
3808 15652
3809 10472
3810 7187
3810 8234
3810 10020
3810 16851
3812 8100
3812 13037
3812 15481
3812 16375
3813 7567
3813 9085
3813 11434
3813 16694
3813 19369
3814 13003
3814 17563
3814 17932
3815 10165
3815 10260
3816 6608
3816 9458
3816 10244
3816 15652
3816 16370
3817 4286
3817 4951
3817 19755
3818 9734
3818 15621
3818 18018
3819 14703
3820 13750
3821 5419
3821 5881
3821 6512
3821 12057
3821 12803
3821 18684
3822 4732
3822 16041
3823 9025
3823 11868
3823 14741
3823 17045
3823 18798
3824 15018
3825 6315
3825 7665
3825 8775
3825 9659
3825 10518
3825 11175
3825 12110
3825 14252
3826 18393
3826 19325
3828 14809
3828 16705
3828 18421
3829 16357
3829 19129
3830 5590
3830 7332
3830 13202
3830 17732
3831 9082
3831 18622
3832 10924
3832 19173
3833 16393
3834 18964
3835 17852
3836 4073
3836 6218
3836 9481
3836 10892
3836 15738
3837 6579
3837 7135
3837 7560
3837 8240
3838 4364
3838 9948
3838 19140
3839 8922
3839 9918
3839 11235
3840 9270
3840 14361
3840 17181
3841 8553
3841 15423
3841 16211
3841 17098
3842 14831
3842 17951
3843 10810
3843 13059
3843 13423
3844 7036
3844 8162
3844 17415
3845 17519
3846 5175
3846 19294
3846 19887
3847 10898
3847 16115
3848 9007
3848 15290
3849 4689
3849 5320
3849 7212
3849 10606
3850 5329
3850 5918
3850 7525
3850 8252
3850 10063
3850 12698
3850 18048
3850 18600
3851 12886
3852 7293
3854 5955
3854 6437
3854 11414
3854 18074
3854 18884
3855 17620
3856 8793
3856 9551
3857 11729
3857 18229
3858 7702
3858 14457
3858 16895
3858 18977
3858 19713
3859 17401
3860 4652
3860 7920
3860 8673
3860 11732
3861 5488
3861 7813
3861 17297
3861 18708
3861 18823
3862 7039
3862 16010
3863 8582
3864 6830
3864 7980
3864 8458
3864 12195
3864 13375
3864 19486
3865 9701
3865 10194
3865 13782
3865 16163
3865 16863
3865 19051
3865 19083
3866 11267
3866 16312
3867 7951
3867 10096
3867 17938
3868 4535
3868 5601
3868 9670
3868 16553
3868 17412
3869 4644
3869 14454
3869 17787
3869 19343
3870 4377
3870 5747
3870 7268
3870 7355
3870 7356
3870 9530
3870 15207
3871 5110
3871 14556
3871 16767
3871 17541
3872 17166
3873 12475
3873 18977
3873 19884
3874 12207
3874 14808
3875 3895
3875 8809
3875 10449
3876 10165
3876 13617
3876 14352
3876 16684
3877 10678
3878 7087
3878 7471
3878 8433
3878 8480
3878 8802
3879 5495
3879 9284
3879 12905
3879 14668
3879 16484
3880 9486
3880 9497
3880 19193
3881 11704
3881 17848
3882 5330
3882 7258
3882 7688
3882 17230
3882 18735
3882 19278
3883 8234
3883 10385
3883 11886
3883 12561
3883 16069
3883 16961
3883 17178
3883 17415
3884 5360
3884 7978
3884 11848
3884 16294
3885 6018
3885 9328
3886 8551
3886 8654
3886 15048
3887 15014
3888 9650
3888 19570
3889 12111
3890 13069
3890 17517
3891 11265
3891 18543
3892 4602
3892 9353
3893 9489
3893 17222
3894 7965
3894 10513
3894 16069
3895 7367
3895 7562
3895 8077
3895 19058
3896 5814
3896 7481
3896 9776
3896 11035
3896 17799
3897 3971
3897 11625
3897 12638
3897 12742
3897 17362
3898 8436
3898 11034
3898 19691
3899 4079
3899 4222
3899 10860
3899 18803
3900 10165
3900 18056
3900 18760
3901 9611
3901 10559
3901 14616
3901 15721
3902 7605
3902 8500
3902 10587
3902 17535
3903 14167
3903 18786
3904 11231
3904 11507
3904 18182
3905 8565
3905 19919
3906 5878
3906 18709
3907 5958
3907 6021
3907 15957
3908 8401
3908 8585
3908 12440
3909 4456
3909 7402
3909 13808
3909 14968
3909 16389
3909 18108
3909 19259
3910 15647
3910 18475
3910 18887
3910 19366
3911 9336
3911 9737
3912 12343
3912 17141
3913 13109
3913 17096
3914 5658
3914 8804
3914 11835
3915 11732
3915 17878
3915 19874
3916 5025
3916 17071
3916 17201
3916 19168
3918 5715
3918 10006
3918 17261
3919 8239
3919 18984
3920 6059
3921 7579
3921 12600
3922 12800
3922 15510
3923 8480
3923 8772
3923 12345
3924 5463
3924 9637
3926 5890
3926 15763
3926 18651
3927 12271
3927 16112
3927 18701
3928 8416
3928 9326
3928 15048
3929 3996
3929 10787
3929 16317
3929 17371
3929 17611
3930 5772
3930 12397
3931 5450
3931 5844
3931 8071
3932 11537
3932 19108
3934 4013
3934 5672
3934 9638
3934 12522
3934 13720
3934 14520
3934 15649
3934 16238
3934 18957
3934 19437
3935 8906
3935 12819
3936 4653
3936 5515
3936 6272
3936 10725
3937 5018
3937 9035
3937 16606
3937 18070
3938 4887
3938 12655
3939 4485
3939 6747
3939 8913
3939 14760
3939 17715
3940 10460
3940 11655
3940 12257
3940 15082
3940 15303
3941 14076
3941 17358
3942 4251
3942 7592
3942 14751
3942 19541
3943 4344
3943 14255
3943 16044
3943 16980
3944 8766
3944 12883
3944 13195
3944 19334
3945 8161
3945 10048
3945 12810
3945 14620
3946 4382
3946 4438
3946 13781
3947 4858
3947 9560
3947 10112
3947 11872
3947 12537
3947 16703
3948 5280
3948 12085
3948 14360
3949 4846
3949 9247
3949 13020
3949 13441
3949 14672
3949 15261
3950 4165
3950 9858
3950 11343
3951 13026
3952 18408
3952 19270
3953 15610
3953 19939
3954 4497
3954 19086
3954 19710
3955 4963
3955 5696
3955 7986
3956 8429
3956 11118
3956 12284
3956 17944
3957 12611
3957 13238
3958 12022
3958 12852
3958 18702
3959 6725
3959 14742
3959 15009
3961 6432
3962 4152
3962 9198
3963 4739
3963 7233
3963 9531
3964 13224
3964 15926
3965 5553
3965 6439
3965 11250
3965 14562
3966 6319
3966 13858
3966 13910
3966 18765
3966 19760
3967 9913
3967 16899
3967 17701
3968 4171
3968 4417
3968 6027
3968 12807
3968 19951
3969 6339
3969 18559
3970 11309
3970 14266
3970 15440
3970 16786
3971 4323
3971 7281
3971 7444
3971 11225
3971 18988
3971 19083
3972 5556
3972 10459
3972 13987
3973 16559
3973 17950
3974 5759
3974 6233
3974 6253
3974 10832
3975 6287
3976 6894
3977 7747
3977 13232
3977 14680
3977 14801
3977 18486
3978 18223
3979 8335
3979 12885
3980 5013
3980 5503
3980 5847
3980 13389
3980 19785
3981 19357
3981 19709
3982 4756
3982 5864
3982 11111
3982 18376
3983 5228
3983 6006
3983 7677
3983 16536
3983 19588
3984 5015
3984 7659
3984 12772
3984 13162
3985 5770
3986 6799
3986 17613
3987 18848
3988 7360
3988 11508
3988 16557
3990 6061
3990 6861
3990 18264
3991 7562
3991 12402
3991 12557
3991 13702
3991 18850
3992 7344
3992 12813
3992 13394
3992 15282
3992 19415
3993 8127
3993 15799
3993 18344
3994 13276
3994 13514
3994 16243
3995 10824
3995 13852
3996 19010
3997 5628
3997 16287
3997 19359
3998 10637
3998 14204
3999 12582
3999 17286
4000 6187
4000 6353
4000 11705
4000 12824
4000 12967
4000 14625
4000 17230
4000 17826
4000 18035
4001 4752
4001 6978
4002 10318
4002 11980
4002 12032
4002 12805
4003 13024
4004 4693
4005 4741
4005 10786
4005 13960
4005 17209
4005 18002
4006 18403
4006 19828
4007 5564
4007 11809
4007 15321
4007 18750
4008 10244
4008 13020
4009 16076
4009 19047
4010 7535
4010 19313
4011 15487
4012 9342
4012 15904
4013 16803
4014 7742
4014 10167
4015 4492
4015 4564
4015 8130
4015 10724
4015 12056
4016 11704
4016 19997
4017 14934
4018 7757
4018 8551
4018 9223
4018 12034
4018 16055
4019 9517
4019 18905
4020 8920
4020 15328
4020 18279
4021 4177
4021 13128
4022 7152
4022 14682
4022 16015
4022 16135
4023 4431
4023 6858
4023 8017
4023 18179
4023 19883
4024 7355
4024 16123
4025 12392
4025 14883
4025 17841
4026 7842
4026 9128
4026 10189
4026 12759
4026 14787
4026 16641
4027 6464
4027 8497
4027 8541
4027 11790
4027 17832
4027 18896
4029 6082
4029 13683
4030 10939
4030 19588
4032 4209
4032 4276
4032 9769
4032 11081
4033 9360
4033 15239
4033 15763
4033 18983
4033 19932
4035 4132
4035 7556
4035 16054
4035 17309
4035 19851
4036 17520
4036 17528
4036 18208
4037 6772
4037 9895
4038 7406
4038 14635
4038 14982
4039 5474
4039 15872
4039 17006
4040 16558
4041 4425
4041 7022
4041 11712
4042 7480
4042 10942
4042 14850
4042 17494
4043 8845
4043 9100
4043 11100
4043 15770
4044 10986
4044 11254
4044 14935
4044 16529
4045 7074
4046 6227
4046 8363
4046 8431
4046 19698
4047 4476
4047 6661
4047 19475
4049 13091
4049 16434
4050 6718
4050 12901
4050 13017
4050 13147
4050 13232
4051 6693
4051 16352
4052 5156
4052 5273
4052 13814
4052 15558
4053 6974
4053 7254
4053 7994
4053 15460
4053 16755
4054 6613
4054 9998
4055 5373
4055 7359
4055 7601
4055 11519
4055 15857
4055 17357
4056 10191
4056 10468
4056 16448
4057 8359
4057 10487
4057 18364
4058 11871
4058 12487
4058 15973
4058 16492
4058 17052
4058 19043
4058 19826
4059 5543
4059 8631
4059 9177
4060 11418
4060 17621
4060 18081
4061 9587
4061 12303
4061 13059
4061 16647
4061 19873
4062 5693
4062 7859
4063 6181
4063 6483
4063 6946
4064 7363
4065 5459
4065 8109
4065 8318
4065 10439
4065 16413
4066 8629
4066 15862
4067 5425
4067 17322
4067 18131
4067 19626
4068 10509
4068 10820
4068 16897
4069 4619
4069 7594
4069 11822
4069 15198
4069 19288
4070 6132
4070 19101
4071 11580
4071 12198
4071 13981
4071 16222
4072 7938
4072 8571
4072 8632
4072 10506
4072 11738
4072 12886
4073 4382
4073 5570
4073 12814
4074 8904
4075 7407
4075 8894
4075 9122
4075 16825
4075 18725
4076 6277
4076 11603
4077 9914
4077 13213
4077 17134
4078 5618
4078 8608
4078 14003
4079 6635
4079 8119
4079 11171
4079 12632
4079 15851
4080 10013
4080 10573
4080 17905
4080 19024
4081 12145
4081 13255
4082 6656
4083 9544
4085 7847
4085 9387
4086 6255
4086 13996
4086 16782
4087 7934
4087 9973
4087 12380
4087 16111
4087 19364
4088 6811
4088 15559
4089 13101
4089 15225
4089 16417
4090 7187
4090 12842
4090 13082
4091 9991
4091 14668
4091 17929
4091 18002
4091 19443
4092 8068
4092 10584
4092 17379
4093 5619
4093 10727
4094 7794
4094 7825
4094 8493
4094 8544
4094 9261
4094 16090
4095 7234
4095 9431
4095 15883
4095 16251
4095 16705
4095 19696
4096 8537
4097 4291
4097 4861
4097 10185
4097 10611
4097 11079
4098 5223
4099 6628
4099 8883
4099 15009
4099 18967
4100 8602
4100 12911
4100 14329
4101 4267
4101 4936
4102 17869
4103 5181
4103 14654
4103 15425
4103 16754
4103 19927
4104 7686
4104 7859
4104 9161
4104 11391
4104 14028
4104 18646
4104 19309
4105 14759
4105 18045
4106 7343
4107 12231
4108 15487
4109 7142
4109 11808
4109 13296
4109 15977
4110 5584
4110 6432
4110 10593
4112 5123
4113 6209
4113 14683
4113 15358
4113 18566
4114 5859
4114 16004
4115 4391
4115 5371
4115 9648
4115 9793
4115 12530
4115 13484
4116 10731
4116 16448
4116 19449
4117 5154
4117 6620
4117 11455
4118 19336
4119 6755
4119 10711
4119 11618
4119 12897
4119 16277
4119 18740
4119 19247
4120 6897
4120 12253
4120 12579
4120 15541
4120 15869
4121 6708
4122 10133
4122 11399
4122 11725
4122 14277
4123 4415
4123 7475
4123 11473
4124 8941
4124 9237
4125 16920
4126 6328
4126 7439
4126 17813
4127 10824
4127 11677
4127 14446
4127 14721
4128 9340
4128 11933
4128 13839
4129 8443
4129 12041
4129 15704
4130 7280
4130 14750
4130 17736
4131 19092
4132 10051
4132 15623
4133 5368
4133 10548
4133 10605
4133 12913
4133 19808
4134 18197
4135 12901
4136 9318
4136 10803
4136 18686
4137 12052
4137 13343
4137 16143
4137 19155
4137 19813
4138 4318
4138 6231
4138 8063
4138 11414
4138 12746
4138 19080
4139 5348
4139 7342
4139 9321
4139 11775
4139 12624
4139 14324
4139 18956
4139 19568
4140 12403
4140 13657
4140 16199
4140 16893
4141 5364
4141 9675
4141 11242
4141 11252
4141 18204
4142 9506
4142 11250
4143 4619
4143 15697
4143 17090
4144 15032
4144 15602
4144 19730
4145 5614
4145 11409
4145 11772
4145 15904
4145 19501
4146 14395
4146 14526
4147 4332
4147 4491
4147 9079
4147 9117
4147 12389
4148 4489
4148 11193
4148 16279
4148 17488
4149 11345
4149 12651
4149 12887
4149 18537
4149 19162
4150 15469
4150 18904
4150 19346
4151 6620
4151 13132
4151 14299
4151 15715
4152 8912
4152 13738
4153 8904
4153 19435
4154 4375
4154 9477
4154 12036
4154 15855
4155 5296
4155 6475
4155 6961
4155 13958
4155 15507
4156 13042
4156 17088
4156 18078
4157 12714
4157 19936
4158 4988
4158 7454
4158 8629
4159 6352
4159 9795
4159 11915
4159 14674
4160 10885
4160 19380
4161 6628
4161 11943
4161 14573
4161 19291
4161 19302
4162 7636
4162 13655
4162 17403
4162 18576
4163 4547
4163 5601
4163 10001
4163 10554
4163 16078
4163 16744
4164 5363
4164 8684
4165 4352
4165 15115
4166 4286
4166 11851
4166 18625
4166 19155
4167 13724
4167 16739
4168 5576
4168 7559
4168 7785
4168 19007
4169 5446
4169 9327
4169 10236
4169 12346
4169 13118
4169 13721
4170 19947
4171 6410
4171 6647
4171 11820
4171 12266
4171 17252
4172 18959
4173 8217
4173 14950
4173 17178
4174 5088
4174 5525
4174 6013
4174 12446
4174 18010
4174 18837
4175 8744
4175 18947
4176 5980
4176 6212
4176 7766
4176 11414
4176 12614
4176 17428
4176 18841
4176 19187
4176 19979
4177 18341
4177 19093
4178 9258
4180 6274
4181 7569
4181 8637
4181 12431
4182 13348
4182 19050
4183 11416
4184 7485
4184 13566
4184 18440
4185 7093
4185 13650
4185 16741
4186 6059
4186 17603
4186 19953
4187 10358
4187 13081
4187 14893
4187 17592
4187 18144
4188 8678
4188 17383
4189 12082
4189 13463
4190 4194
4190 5872
4190 11383
4191 7351
4191 7994
4191 9106
4191 10511
4191 18480
4192 7645
4192 9448
4192 15722
4192 18167
4193 7407
4193 8839
4193 12779
4194 8929
4194 10432
4194 10792
4194 13148
4195 4827
4195 9893
4195 16893
4195 19959
4196 4824
4196 7781
4196 8367
4196 17405
4197 9192
4197 12758
4197 16251
4197 19407
4198 7836
4198 11196
4198 12238
4198 17747
4198 18896
4199 4420
4199 8728
4199 10523
4199 13976
4199 14238
4199 19163
4200 13803
4200 16834
4200 18216
4201 14885
4201 18400
4202 19392
4203 4468
4203 5495
4203 12276
4203 19140
4204 8837
4204 9242
4204 15214
4204 15262
4205 6531
4205 6627
4205 7861
4205 14848
4205 17565
4206 8045
4206 14190
4207 10802
4207 10890
4207 17787
4208 7880
4208 11438
4208 11706
4208 13473
4209 6780
4209 16525
4209 17327
4210 7568
4210 19976
4211 6089
4211 6958
4211 12034
4211 13409
4212 6262
4212 11275
4212 14731
4212 15310
4212 16252
4212 18073
4213 8916
4214 5431
4214 7407
4214 11279
4215 10889
4215 13674
4216 13377
4216 16133
4217 16704
4219 10709
4219 11911
4219 14762
4219 14947
4219 19284
4220 6999
4220 19758
4221 5476
4221 5636
4221 7900
4221 17616
4221 18327
4222 4340
4222 7773
4222 8110
4222 8961
4222 12993
4222 16701
4223 8480
4223 11054
4223 11336
4223 19918
4224 11555
4224 15726
4224 17169
4224 18827
4224 19440
4226 13451
4226 17267
4227 5300
4227 7368
4227 9462
4227 13368
4227 14351
4228 5321
4228 6986
4228 10999
4228 13869
4228 14235
4228 14376
4228 15849
4228 17796
4228 19203
4229 5197
4229 8958
4229 15201
4230 8178
4230 8853
4231 8123
4231 12668
4231 16970
4232 5806
4232 14258
4232 19946
4233 12022
4233 19709
4234 9144
4234 10518
4234 11721
4234 15989
4234 16927
4234 17885
4235 5695
4235 6776
4235 10197
4235 11899
4235 14501
4236 10834
4236 16528
4236 16692
4236 18102
4237 5253
4237 12601
4237 16254
4237 18504
4237 19492
4238 7771
4239 5760
4239 9990
4239 10127
4239 11513
4239 17828
4240 6285
4240 9817
4240 9960
4241 6362
4241 14941
4242 4759
4242 14507
4242 17163
4243 6586
4243 7909
4244 6151
4244 11277
4244 16627
4245 5549
4245 18927
4246 8469
4246 9273
4246 11896
4246 18062
4246 18398
4247 6744
4247 11313
4247 12657
4248 8435
4248 8955
4248 14050
4248 19312
4249 5225
4250 4867
4250 9898
4250 10034
4250 13256
4250 17376
4251 7812
4251 10745
4251 12248
4251 19969
4252 4728
4253 4263
4253 9645
4253 10103
4253 12415
4254 4535
4254 7214
4254 8673
4254 12388
4255 4286
4255 7182
4255 13065
4255 15276
4255 16832
4256 10234
4256 15677
4256 16956
4256 17164
4256 19037
4257 10285
4257 17907
4258 4736
4258 5330
4258 5941
4258 12234
4258 14461
4258 15433
4258 18523
4259 4519
4259 4704
4259 5946
4259 10020
4259 19574
4260 6148
4260 10713
4260 12965
4260 13633
4260 19397
4261 13312
4262 7594
4262 16512
4263 4490
4263 11948
4263 13833
4264 13321
4264 19399
4265 5033
4265 9322
4265 10190
4265 12274
4265 12597
4265 12760
4265 16233
4266 7235
4266 15297
4268 6093
4268 14091
4270 19197
4271 7794
4271 7848
4271 10643
4271 12600
4271 15143
4271 16972
4273 5930
4273 12841
4273 18819
4274 6938
4274 7709
4274 8471
4274 12247
4274 16385
4275 12781
4276 13341
4276 19056
4277 7052
4277 7456
4277 8053
4277 8765
4277 10378
4277 12346
4277 14448
4278 10173
4278 14183
4278 16885
4278 18478
4278 19720
4278 19860
4279 5620
4279 8201
4279 18741
4280 7422
4280 9775
4281 4339
4281 6746
4281 7373
4281 10855
4281 14537
4281 19216
4282 6519
4282 7828
4282 8790
4282 13636
4282 15396
4282 18036
4283 12307
4283 16514
4283 16854
4283 18292
4284 4352
4284 4651
4284 13076
4284 14480
4284 19646
4285 5273
4285 5935
4285 15648
4285 16475
4286 6292
4286 7658
4286 11879
4287 7724
4287 14518
4288 7777
4288 11647
4289 11819
4289 14785
4289 19662
4290 6526
4291 15919
4292 9657
4292 14591
4292 16130
4292 18283
4293 19337
4294 9450
4294 10672
4294 13862
4294 15442
4295 4540
4295 12555
4296 4510
4296 11189
4296 13545
4296 16040
4297 7705
4297 8993
4297 9255
4297 14460
4297 17631
4297 19313
4297 19855
4299 7805
4299 9090
4299 17081
4299 19157
4300 8025
4300 10016
4300 13864
4300 14640
4301 11000
4302 9740
4303 11232
4304 10017
4304 11170
4304 11660
4304 12530
4305 8148
4305 13322
4305 14122
4305 15260
4305 17928
4306 18952
4307 4399
4307 5303
4307 10695
4307 15522
4308 7928
4308 13079
4309 14171
4309 16650
4309 16740
4310 7205
4310 13335
4310 15202
4310 16051
4311 9807
4311 18338
4312 5332
4312 5726
4312 10326
4312 17170
4313 13674
4314 4696
4314 19221
4315 13023
4315 17395
4315 18170
4316 6564
4316 8772
4316 14615
4316 15287
4316 15581
4316 17377
4317 4716
4317 5634
4317 11309
4318 5108
4318 10484
4318 11213
4318 14778
4319 10580
4319 13750
4319 17828
4320 16598
4320 18872
4321 12792
4321 14351
4321 15130
4321 17205
4321 19814
4322 9751
4322 11030
4322 16337
4322 16808
4322 18266
4323 12414
4323 13981
4324 9928
4324 12151
4325 16210
4326 5726
4326 6275
4326 10085
4326 11321
4327 10625
4328 12247
4328 17532
4329 7546
4329 12043
4329 17290
4329 18378
4330 15396
4331 17711
4331 18668
4331 19408
4332 6410
4332 12035
4332 18791
4333 6941
4333 8508
4333 11172
4333 13307
4333 18994
4334 8147
4334 10926
4334 19437
4335 10543
4335 11591
4335 15295
4335 15938
4336 8734
4336 8871
4336 13811
4337 16940
4337 18209
4337 18285
4338 5248
4338 7194
4338 13508
4338 15877
4338 16237
4338 17827
4338 18179
4339 17519
4340 5215
4340 6489
4340 8981
4340 12182
4341 16011
4342 7596
4342 9163
4342 10555
4342 15809
4342 17661
4343 7907
4343 11350
4344 5410
4344 5526
4345 6855
4345 12374
4345 18827
4346 5909
4346 6256
4346 10117
4347 11674
4348 9793
4348 11869
4348 14686
4348 18189
4349 16790
4350 7557
4350 10032
4350 10771
4350 15501
4350 16022
4351 13570
4353 14374
4353 15997
4354 5248
4354 11977
4354 13625
4354 18447
4355 15073
4355 16712
4355 19818
4356 4389
4356 6874
4356 9066
4356 10046
4356 11891
4357 5204
4357 5406
4357 9248
4357 11221
4357 15310
4358 9104
4358 10971
4358 12707
4358 15689
4359 9305
4359 10084
4359 13237
4359 14484
4359 18461
4360 15772
4360 16090
4361 9281
4361 12579
4361 16047
4362 4574
4362 12187
4362 19609
4362 19818
4363 6377
4364 5873
4364 10060
4364 13405
4364 13460
4364 16333
4365 13304
4365 17348
4366 18055
4367 12638
4367 18941
4368 12790
4368 13786
4369 13594
4369 16733
4370 11784
4370 12975
4370 14405
4371 5564
4371 11854
4372 6877
4372 7927
4372 9996
4372 10322
4372 11994
4373 6878
4373 15213
4374 13958
4374 15262
4374 15701
4374 16680
4374 19235
4375 12131
4376 4478
4376 7991
4376 8851
4376 12271
4376 13719
4376 14720
4377 4647
4377 5448
4377 6917
4377 15921
4377 16494
4377 18056
4378 6816
4378 10467
4378 10626
4378 14222
4378 16731
4380 11191
4380 16377
4380 17749
4381 10648
4381 12089
4381 16854
4382 14233
4382 18414
4383 16728
4384 4470
4384 6355
4384 6444
4384 14780
4384 18509
4385 11330
4385 17581
4386 8240
4386 10622
4386 12344
4386 16773
4386 19790
4387 8203
4387 18478
4388 12250
4388 16088
4389 5584
4389 8790
4389 9437
4389 13255
4389 14785
4391 8038
4391 19337
4392 14675
4393 10822
4393 12056
4393 13553
4393 15719
4394 5126
4394 15630
4394 18479
4395 7952
4395 13721
4395 14537
4396 7144
4396 9154
4396 16028
4396 17317
4396 19582
4397 5590
4397 8550
4397 17401
4398 18277
4399 5447
4399 7555
4400 15257
4400 17619
4400 18490
4401 11492
4401 12680
4401 14735
4402 14554
4402 19170
4402 19177
4402 19274
4403 9211
4403 13309
4403 14101
4404 7407
4404 11890
4404 14252
4405 12166
4405 13055
4405 14790
4406 6131
4406 7307
4406 11040
4406 18212
4407 8842
4407 9423
4408 8319
4408 9287
4409 16092
4409 17014
4410 6871
4410 10570
4410 16942
4411 13432
4411 16754
4411 17238
4412 9559
4412 11110
4412 13357
4412 19575
4413 15369
4413 17963
4414 14163
4415 8348
4415 11308
4415 19450
4416 11253
4416 14279
4416 17892
4417 12122
4418 12115
4419 6716
4419 10438
4419 11507
4419 14456
4420 7100
4420 8684
4420 10810
4420 11092
4420 13863
4421 13179
4421 14250
4421 15374
4421 16431
4422 9059
4422 10127
4422 10823
4423 16448
4424 4812
4424 5298
4424 6696
4424 11893
4425 14739
4426 7795
4426 13152
4426 15314
4427 6359
4427 10969
4427 18531
4428 9235
4428 9534
4428 10218
4428 11050
4428 13547
4429 8442
4429 11672
4429 15316
4430 6739
4430 11537
4430 11620
4430 11922
4430 13987
4430 16246
4430 18103
4431 15727
4431 16395
4432 19132
4432 19384
4432 19584
4433 6443
4433 7604
4433 13118
4433 15038
4433 15352
4433 15708
4433 17370
4433 19800
4434 4619
4435 13587
4436 7398
4436 18814
4437 4539
4437 4556
4437 10026
4437 12482
4437 12836
4437 15977
4438 6029
4438 8222
4438 15073
4438 15486
4439 6409
4439 10067
4439 14136
4439 17648
4439 19721
4440 5182
4440 12333
4440 12473
4440 19784
4441 4925
4441 16015
4442 5385
4442 7365
4442 16453
4443 7664
4443 18189
4444 4910
4444 5954
4444 8934
4444 9331
4444 13172
4444 17859
4445 5429
4445 15275
4445 16210
4445 18031
4446 10126
4446 18044
4446 19287
4447 7318
4448 6450
4448 15300
4448 16548
4449 11016
4449 17305
4451 7833
4451 8590
4451 9867
4452 7033
4453 12120
4453 18833
4454 7778
4454 8721
4454 18259
4455 6116
4455 8098
4455 8905
4455 15086
4455 19542
4456 4560
4456 8641
4456 12797
4457 10911
4458 4512
4458 11683
4458 14384
4458 14658
4458 15487
4459 6807
4459 8469
4459 10748
4459 12165
4459 17812
4460 18318
4462 4586
4462 6051
4462 7750
4462 17067
4463 5120
4463 7003
4463 8054
4463 12568
4463 14098
4463 15804
4463 18678
4463 18693
4464 19504
4465 9208
4465 10654
4465 14527
4466 7473
4466 14951
4466 15246
4467 12470
4467 15170
4467 15600
4468 5654
4468 6199
4468 6303
4468 14433
4469 17970
4469 18524
4470 6118
4470 16176
4470 19890
4471 15847
4472 4518
4472 5673
4472 6817
4474 5642
4474 6532
4474 12403
4474 12956
4474 18591
4475 11562
4475 13736
4475 18289
4476 15043
4476 19588
4478 8686
4478 11941
4478 14587
4478 17202
4479 9020
4479 9097
4479 12063
4479 17714
4479 18741
4480 5739
4480 6996
4480 11595
4480 13166
4480 14378
4480 14576
4480 14704
4481 13534
4481 18728
4482 7999
4482 9856
4482 17184
4482 17257
4482 18880
4483 4563
4483 17663
4484 8427
4484 10245
4484 17166
4485 7012
4485 9554
4486 7096
4486 14650
4486 19526
4487 8804
4487 10383
4487 16163
4488 4764
4488 12777
4488 17055
4488 19519
4489 15507
4489 15789
4489 17201
4490 5615
4490 8514
4491 9278
4491 10772
4491 12735
4491 13833
4491 16727
4491 17990
4492 19662
4493 6592
4493 16322
4493 16514
4494 6341
4494 19889
4495 4559
4495 6026
4495 7265
4495 10253
4495 13118
4495 13484
4496 11328
4496 13662
4496 15273
4496 16314
4497 4505
4497 8383
4497 12511
4497 13275
4498 11730
4498 13599
4498 17612
4498 19364
4499 7409
4499 13407
4499 17078
4500 6423
4500 7100
4500 9226
4500 17466
4501 5678
4501 7085
4501 13567
4502 5044
4502 7639
4502 10238
4502 12316
4502 13635
4502 17242
4503 14567
4503 16534
4503 18739
4504 10603
4504 13305
4505 9543
4505 12049
4505 12310
4505 13587
4505 15672
4505 19509
4506 13924
4506 18969
4506 19247
4507 7340
4508 8651
4508 13238
4508 18318
4509 4806
4509 8524
4509 14767
4510 5736
4511 8081
4511 10975
4511 15591
4512 15488
4513 7565
4513 8519
4513 9132
4514 5643
4514 6076
4514 6353
4514 9764
4514 15873
4514 17286
4514 17794
4515 9146
4515 9448
4515 10584
4515 11313
4515 13249
4516 6175
4516 15751
4518 12076
4519 5890
4519 12598
4519 16785
4520 15728
4520 16442
4520 16964
4521 9538
4521 13092
4521 15793
4522 7476
4522 11287
4522 13468
4523 8312
4523 9007
4523 16533
4524 13551
4524 14616
4524 17032
4524 19849
4525 12835
4525 13693
4525 16604
4525 19865
4526 9883
4526 18420
4527 6288
4527 6693
4527 7712
4527 9231
4527 11215
4527 11878
4527 15433
4528 5571
4528 6210
4528 10644
4528 13832
4529 6335
4529 13870
4529 19920
4531 7529
4531 9105
4532 4891
4532 5895
4532 11149
4532 17932
4532 19157
4533 10302
4533 12423
4533 19132
4533 19305
4534 10399
4534 18488
4535 18754
4536 6192
4536 10721
4536 12511
4536 14022
4537 6625
4537 6932
4537 9209
4537 10947
4537 12642
4537 13034
4537 15804
4537 16785
4537 18544
4538 6891
4539 10408
4539 13467
4540 8398
4541 10483
4541 12171
4541 15536
4541 16606
4541 18203
4541 18613
4542 9127
4542 10112
4542 12323
4542 12749
4542 19284
4543 5684
4543 6969
4543 7945
4543 16763
4545 12651
4545 15570
4546 11016
4546 19315
4547 9977
4547 10822
4548 7131
4548 7387
4548 16491
4549 6833
4549 10671
4549 12805
4549 14788
4550 14420
4550 15533
4550 15558
4550 16897
4551 11591
4551 13743
4551 13903
4552 8519
4552 11964
4552 12373
4552 13420
4552 15393
4552 17260
4552 17842
4553 6124
4553 6813
4553 10745
4553 11018
4554 16645
4554 17843
4555 7330
4555 8871
4555 16533
4556 4862
4556 4931
4556 7262
4556 8807
4556 13589
4557 4919
4557 6404
4557 10628
4557 19326
4558 5700
4558 8054
4558 11190
4558 17270
4560 15832
4560 18253
4561 16180
4562 11530
4562 13693
4563 11786
4563 13219
4563 14919
4563 15193
4563 16502
4563 16606
4563 17274
4563 18174
4564 9066
4564 9159
4564 16730
4564 16878
4565 8993
4565 9365
4565 11332
4565 17205
4566 5359
4566 6003
4566 8715
4566 9489
4567 7023
4567 15596
4568 8898
4568 9829
4568 13337
4568 18564
4569 6804
4569 17674
4569 19293
4570 4858
4570 7145
4570 16641
4571 11439
4572 4683
4572 10376
4573 7301
4573 10290
4573 12549
4573 15804
4573 19708
4574 4789
4574 7890
4574 11445
4574 13766
4575 5308
4575 5902
4576 15404
4581 5500
4581 7589
4581 11808
4581 16354
4581 17603
4582 8315
4582 8638
4583 11311
4583 14943
4584 13342
4585 9312
4585 19176
4586 5607
4586 13420
4586 16317
4587 5807
4587 11148
4587 11271
4587 14321
4587 17869
4588 19161
4589 8857
4589 12435
4590 5468
4590 15949
4590 17581
4591 9543
4591 13845
4591 14795
4592 9302
4592 12934
4592 15393
4592 17573
4593 4961
4593 7642
4594 15052
4594 18319
4595 6549
4595 7425
4595 12993
4595 13807
4595 14686
4595 17949
4596 7958
4596 10438
4597 10156
4597 11897
4597 13099
4598 4723
4598 6550
4598 8534
4598 18587
4598 18938
4599 5637
4599 7274
4599 9322
4599 9883
4599 17045
4600 6604
4600 14572
4601 6963
4601 9792
4602 6928
4602 16814
4602 17973
4603 11621
4603 12490
4603 15488
4604 6892
4604 11367
4604 17321
4605 8790
4605 8955
4605 18301
4606 15645
4606 17149
4606 17745
4607 13680
4607 14781
4607 15330
4607 18146
4608 18277
4608 18459
4608 18711
4609 12864
4609 14774
4609 15888
4610 7060
4610 7225
4610 9458
4611 10914
4611 14217
4611 17756
4612 10755
4613 5507
4613 12182
4614 18467
4614 19750
4615 12968
4615 15263
4616 11070
4616 15066
4617 5299
4617 7208
4617 11175
4617 12029
4617 18575
4618 6695
4618 14019
4618 16471
4618 17890
4619 7601
4619 11290
4619 11329
4620 7031
4620 13117
4620 18813
4621 10301
4621 11412
4621 12282
4622 5713
4622 11982
4623 18409
4624 4937
4624 5010
4624 9528
4624 18110
4625 8724
4625 11108
4625 11282
4625 15956
4626 7710
4626 16547
4626 18117
4627 6867
4627 16832
4628 6315
4628 7936
4628 17083
4628 18732
4630 7174
4630 8632
4630 11686
4630 15211
4630 18846
4631 12145
4632 7040
4632 8872
4632 16504
4633 18171
4634 16949
4634 17243
4635 11340
4636 7484
4637 10000
4637 14362
4637 14900
4638 8020
4638 10685
4638 16877
4639 7203
4639 19454
4640 5713
4640 6109
4640 9933
4640 12576
4641 5270
4641 7702
4641 9442
4641 11721
4642 7797
4642 7855
4642 12368
4642 15221
4642 16090
4642 17517
4643 15842
4643 17532
4644 9601
4644 14320
4645 7368
4646 15224
4646 17813
4647 5132
4647 8018
4647 8257
4647 19689
4648 6789
4649 13431
4649 17626
4650 19551
4651 8181
4651 16518
4652 6363
4652 11899
4653 6970
4653 13065
4653 18882
4654 5974
4654 6228
4654 7055
4654 14620
4654 15710
4655 11376
4655 14267
4656 11090
4657 4779
4657 9528
4657 13443
4657 15792
4657 16764
4657 17859
4657 17897
4657 18898
4658 6761
4658 10454
4659 9583
4660 8811
4660 10004
4660 19118
4661 4673
4661 7257
4662 7407
4662 13378
4662 15364
4662 18309
4664 8872
4664 10407
4664 11092
4664 13472
4664 14773
4664 19058
4665 6483
4665 10684
4665 11762
4666 4763
4666 8120
4666 10998
4666 13243
4667 12286
4667 15627
4667 18446
4667 19106
4668 6639
4668 12841
4668 19208
4669 6211
4669 8191
4669 8621
4669 11446
4670 11505
4670 11666
4670 15198
4671 14923
4672 17050
4673 14018
4673 19036
4675 7452
4675 9462
4675 16432
4675 16498
4675 18367
4676 6676
4676 11133
4676 13136
4676 16712
4677 14039
4677 19934
4678 10564
4679 8535
4679 13206
4679 14965
4680 5915
4680 10503
4680 17000
4681 12504
4681 12751
4681 13623
4681 17008
4682 11916
4682 14300
4683 14828
4684 9021
4684 11814
4685 17857
4686 12513
4687 8460
4687 8856
4687 18362
4688 6881
4688 10613
4688 17779
4689 9178
4689 10504
4689 19829
4690 11364
4690 12485
4690 18818
4691 5462
4691 8507
4691 11729
4691 13150
4691 16165
4691 18941
4692 5443
4692 7758
4692 14174
4692 15224
4692 15315
4692 15425
4692 15544
4692 18676
4694 4897
4694 9830
4694 11388
4694 13302
4694 13361
4694 14711
4695 10223
4695 11035
4697 6779
4697 10719
4697 10989
4697 11268
4697 19148
4698 6221
4698 14652
4698 15417
4698 16151
4698 17759
4699 10397
4699 12232
4699 14771
4701 12605
4701 16625
4701 19163
4701 19214
4702 6487
4702 9992
4702 16378
4702 18611
4702 19671
4703 8075
4703 8786
4703 9187
4703 10822
4703 12544
4703 15828
4704 7571
4704 16458
4704 18263
4705 6756
4705 13765
4705 17302
4706 5633
4706 7297
4706 11408
4706 16719
4707 4855
4708 6086
4708 6319
4708 7500
4708 8980
4708 9453
4708 13229
4709 6461
4709 11370
4709 12580
4710 5450
4710 11626
4711 8081
4711 12581
4712 19332
4713 6336
4713 9052
4713 10673
4714 8003
4714 10185
4714 10243
4714 12143
4714 19355
4715 7681
4715 8639
4715 9649
4715 13129
4715 19715
4717 6802
4717 12099
4718 4835
4718 9329
4718 18514
4719 8662
4719 10718
4720 9250
4720 16100
4721 5580
4721 7187
4721 11206
4721 19580
4722 13741
4722 13757
4723 7413
4723 10705
4723 14804
4723 17381
4723 18578
4724 10549
4724 13551
4725 6785
4725 6933
4725 7086
4725 8902
4726 5649
4726 16780
4726 18957
4727 8973
4727 16547
4727 19377
4728 8149
4728 13011
4728 14685
4729 16406
4730 10436
4730 19274
4731 14452
4732 8923
4732 9882
4732 12182
4732 17678
4732 17813
4733 7357
4734 12311
4735 10539
4736 6581
4736 11412
4737 12254
4737 14929
4738 10425
4738 15045
4739 15676
4739 18404
4740 13752
4740 19859
4741 6120
4741 10086
4741 10707
4742 5083
4742 8198
4742 12414
4742 13127
4742 14138
4743 7002
4743 9127
4743 10789
4743 14450
4743 17583
4744 15863
4744 19683
4744 19761
4744 19762
4744 19872
4745 7506
4745 9418
4745 15017
4745 16161
4746 8225
4746 12796
4747 5931
4747 9035
4747 11883
4747 16307
4747 17222
4747 18733
4748 6676
4749 6578
4749 17936
4749 19340
4750 8472
4750 16335
4750 19905
4751 15107
4752 12562
4753 9070
4753 10707
4753 14248
4754 17019
4754 17823
4755 15379
4755 15399
4756 6245
4756 6527
4756 16743
4756 18629
4757 12260
4757 17838
4758 12507
4758 13096
4758 13712
4758 17825
4759 9092
4759 9153
4759 9316
4760 8325
4760 8438
4760 9464
4760 15691
4760 16137
4760 17572
4761 5789
4761 16746
4761 19320
4762 8538
4762 10446
4762 13717
4763 14715
4763 18242
4764 5448
4764 8143
4764 11200
4765 13664
4765 14607
4765 17772
4766 6498
4766 6919
4766 8916
4766 12447
4766 12608
4766 13000
4767 6438
4767 7899
4767 9048
4767 13542
4768 8165
4770 5146
4770 19524
4771 19303
4772 11932
4772 18114
4773 7390
4773 12145
4774 5687
4774 9194
4774 9918
4774 14482
4774 19061
4774 19493
4775 6040
4775 6243
4775 10818
4775 14476
4775 15470
4776 5635
4776 7957
4776 8930
4776 12547
4777 6883
4777 13199
4777 18453
4777 19282
4778 6497
4778 8796
4778 9531
4778 10396
4778 12429
4778 18853
4780 11429
4780 12742
4780 13410
4781 9963
4781 16806
4781 17090
4781 18291
4782 8790
4782 9178
4782 10611
4782 10679
4782 12757
4782 13555
4782 16486
4782 17574
4783 5031
4783 15631
4784 6145
4784 8635
4784 8637
4784 12426
4784 16601
4784 16845
4784 16967
4784 18015
4785 4870
4785 5480
4785 7726
4785 10580
4785 12157
4785 15445
4786 9480
4786 9839
4786 12660
4787 14704
4787 15664
4787 17718
4788 8163
4788 10531
4788 11684
4788 14984
4788 16042
4788 17500
4789 8892
4789 11061
4789 15717
4790 8985
4790 15018
4791 8264
4791 11179
4791 15968
4792 15206
4792 19037
4793 9280
4793 13172
4793 13566
4793 17372
4793 17841
4794 10174
4794 11754
4795 6499
4795 10272
4796 10659
4796 11524
4796 17053
4797 7810
4798 11712
4798 14255
4799 8818
4800 13341
4801 5777
4801 14190
4801 16647
4802 5858
4802 12349
4802 15480
4803 8849
4803 16740
4804 11487
4804 15081
4805 13415
4805 15980
4806 10682
4806 18806
4807 5587
4807 5933
4807 11382
4807 14577
4807 18131
4807 18574
4808 7767
4808 10179
4809 13275
4809 14213
4809 15174
4809 15937
4810 7670
4810 9830
4811 6714
4811 19302
4812 6781
4812 6793
4812 11973
4812 19183
4813 5650
4813 7405
4813 11646
4814 5210
4814 6268
4814 9177
4814 13149
4814 13316
4814 16915
4815 12401
4815 20000
4816 6109
4816 6607
4816 19787
4817 14437
4818 8114
4818 14805
4818 16350
4818 18902
4820 12801
4820 17269
4820 19317
4821 7402
4821 19833
4822 6995
4822 9274
4822 15717
4822 16074
4822 17511
4822 18655
4823 15085
4824 18451
4825 11860
4825 13040
4826 5080
4826 9304
4826 10677
4826 16955
4827 8120
4827 13188
4827 15521
4828 6500
4828 8783
4828 12741
4829 16692
4830 9368
4830 9984
4830 16107
4830 16421
4831 5060
4831 5305
4831 5441
4831 15621
4831 16868
4832 6517
4832 11193
4832 12723
4833 6962
4833 14305
4833 14862
4834 14937
4834 15449
4834 18739
4834 19494
4835 9187
4835 10450
4835 13055
4835 13297
4836 6191
4836 18021
4837 8111
4837 10376
4837 14444
4838 7991
4838 11385
4838 15187
4838 19215
4839 5843
4839 9490
4839 15470
4839 19666
4840 10016
4841 11774
4841 13580
4841 14879
4842 5648
4842 5893
4843 10100
4843 13970
4843 17285
4844 8847
4844 9378
4845 6434
4845 8915
4846 6962
4846 9163
4847 5489
4847 14743
4847 14845
4847 17857
4848 8697
4848 8909
4848 11507
4848 11938
4848 13505
4848 16233
4848 16325
4848 17293
4848 17676
4849 9816
4849 14808
4850 9795
4850 13235
4850 15776
4850 15835
4851 11671
4851 12741
4851 14137
4852 6879
4852 8314
4853 4999
4853 6066
4853 6572
4853 8481
4853 9801
4853 11925
4853 13769
4853 13920
4854 6885
4854 12382
4854 15935
4854 18485
4854 19170
4855 6712
4855 15514
4856 18502
4856 18963
4858 6516
4858 7515
4858 14604
4858 16815
4858 17528
4858 19274
4859 11650
4859 17179
4859 19864
4860 7048
4860 10164
4860 10475
4860 10864
4860 16442
4860 18805
4861 5225
4862 6756
4862 19467
4863 11875
4863 14437
4863 15518
4864 11017
4864 19014
4865 12233
4865 12776
4865 14183
4865 14713
4866 9458
4866 12157
4866 14369
4866 16809
4866 18830
4867 10280
4867 11131
4867 15271
4867 16720
4868 5002
4868 5222
4869 12611
4869 13066
4870 6591
4870 8647
4870 16311
4870 17733
4871 10345
4871 10957
4872 5974
4872 6579
4872 11361
4872 12145
4872 12443
4873 7957
4873 10296
4873 12029
4873 13481
4873 16615
4873 18362
4874 5422
4874 8957
4874 13171
4874 13729
4874 16147
4874 16791
4875 7133
4875 9906
4875 10187
4876 9397
4876 15746
4876 17044
4876 19078
4877 9929
4877 9944
4877 15303
4877 15643
4877 16217
4878 10822
4878 12683
4879 5555
4879 7652
4879 11551
4879 17922
4880 9492
4880 15522
4881 7568
4881 9812
4881 10184
4881 15510
4882 16894
4883 5623
4883 16463
4884 5932
4884 6492
4884 7786
4884 11848
4885 5214
4885 8445
4885 12948
4885 13504
4885 13758
4886 11069
4888 8199
4888 10155
4888 16935
4889 5734
4889 16989
4891 5381
4891 17172
4892 5347
4892 7422
4892 10584
4893 10388
4893 14477
4894 5991
4894 6750
4894 11687
4894 16557
4894 16984
4894 18750
4894 19993
4895 5944
4895 15402
4895 16474
4895 16485
4896 12596
4896 13637
4897 10599
4898 6275
4898 6931
4898 12985
4899 9501
4900 15607
4900 17503
4901 5848
4901 10914
4901 11894
4901 18162
4903 10076
4903 13948
4903 15417
4904 10946
4904 14099
4904 19024
4905 8219
4905 9089
4905 10595
4906 8922
4906 10799
4906 16588
4907 12760
4907 17847
4908 14992
4908 15263
4909 6521
4909 9709
4909 10284
4909 18083
4910 5544
4910 9475
4910 17135
4911 6556
4911 7741
4911 11190
4911 16453
4912 6401
4912 10703
4912 14033
4913 7838
4913 12559
4913 16481
4914 5526
4914 9976
4914 18807
4915 9720
4915 12012
4915 12078
4915 18957
4916 5728
4916 13395
4916 13587
4916 14381
4916 17535
4918 14811
4918 19497
4918 19593
4919 9688
4919 16744
4920 6568
4920 10642
4920 19294
4921 6042
4921 13337
4921 14804
4921 14919
4922 10794
4923 9491
4923 9724
4923 13571
4923 18349
4923 19261
4924 7230
4924 15364
4924 18575
4925 11685
4925 11746
4925 13770
4925 17736
4925 17919
4926 6250
4926 10924
4926 11436
4928 7463
4928 9167
4928 12196
4928 14051
4928 17649
4929 6500
4929 8555
4929 11599
4929 11828
4930 11826
4930 14561
4930 18786
4931 8296
4931 9389
4932 6991
4932 7945
4932 8427
4932 14843
4933 6346
4933 10753
4933 12833
4933 13033
4933 13826
4933 16788
4934 8357
4934 13497
4934 13532
4935 5382
4935 9573
4936 10123
4936 16240
4936 16273
4936 19911
4937 7434
4937 12525
4937 16692
4938 5439
4938 5696
4938 10808
4938 16243
4938 16898
4939 8403
4939 8572
4939 12149
4940 18955
4940 19120
4941 11083
4941 19157
4941 19749
4942 10830
4942 17230
4942 18816
4943 5516
4943 13001
4943 13022
4944 7130
4944 16172
4944 18764
4945 8931
4945 12812
4946 8353
4946 8885
4946 13079
4947 14001
4947 17463
4948 7192
4948 7976
4948 9458
4948 13151
4948 18182
4950 10384
4950 12347
4951 7618
4951 7826
4951 14772
4951 14959
4953 15408
4953 19863
4954 5332
4954 5366
4954 6296
4954 12290
4954 19015
4955 8593
4955 17401
4955 19396
4956 13152
4956 19453
4957 9932
4958 7971
4958 8261
4958 8447
4958 11190
4958 17481
4958 17862
4960 5368
4960 19600
4961 9383
4961 10242
4961 10834
4961 14970
4962 7646
4963 7107
4963 12936
4963 15356
4963 16720
4964 14227
4965 5869
4965 8846
4965 8966
4965 10847
4965 11178
4965 14022
4965 14664
4965 18748
4966 9468
4966 19472
4967 9318
4967 12140
4967 13955
4967 16416
4967 19789
4968 5649
4968 6900
4968 10333
4970 9203
4971 5232
4971 6391
4971 8324
4971 14742
4971 15087
4972 8284
4972 8445
4972 11886
4972 13474
4972 16007
4974 10392
4974 11268
4974 16728
4974 18252
4975 7513
4975 16504
4975 19934
4976 12575
4976 19316
4976 19364
4976 19739
4977 8719
4977 10807
4977 11239
4977 13240
4977 13432
4977 18059
4978 9533
4978 14563
4978 14795
4979 16127
4979 16603
4979 18718
4981 10650
4982 10320
4982 12879
4982 14594
4983 5425
4983 6611
4983 12782
4984 12862
4986 9524
4986 9677
4986 10661
4986 17168
4986 19370
4987 8593
4987 8913
4987 12569
4988 7819
4988 18356
4989 8836
4989 13973
4989 14653
4990 5794
4990 6690
4990 9574
4990 16263
4990 19646
4991 5641
4991 8839
4991 9618
4991 13827
4991 16638
4991 17125
4992 6304
4992 6460
4992 10423
4992 12762
4992 14315
4992 18862
4993 15914
4994 7765
4994 8537
4994 10281
4994 11553
4994 17899
4995 12077
4996 7366
4996 19841
4997 12780
4997 13053
4997 16087
4998 6572
4998 8201
4998 15897
4999 18113
5000 6209
5000 9458
5000 9524
5000 16255
5000 19178
5001 12808
5001 13449
5001 14496
5001 18784
5001 19400
5002 18185
5003 8293
5003 13206
5003 14090
5003 19678
5004 10199
5004 11240
5004 12999
5004 16100
5005 11890
5005 18064
5006 5508
5006 6069
5006 11275
5006 13802
5007 8880
5007 9900
5007 16495
5008 8807
5008 11799
5008 16168
5009 14314
5009 17028
5010 10187
5010 13866
5011 7933
5011 8009
5011 10457
5011 15792
5012 6511
5012 12976
5012 16292
5013 5869
5013 14555
5014 5874
5014 8896
5014 16098
5015 7217
5015 11802
5015 14147
5015 17356
5015 19950
5016 5120
5016 12255
5016 12510
5016 15206
5016 16119
5017 10681
5017 16815
5018 5371
5018 9435
5018 9823
5018 16204
5018 16671
5019 11862
5019 12006
5019 17711
5020 16424
5020 19508
5021 6003
5021 9916
5021 14702
5022 5159
5022 5932
5022 12353
5022 14071
5022 18760
5023 7700
5023 7853
5023 11116
5024 10056
5024 10544
5024 12178
5024 18627
5025 16927
5025 19083
5026 6623
5026 8407
5026 18751
5027 7212
5027 10462
5027 12858
5027 15994
5028 9357
5028 10746
5028 12495
5029 14769
5029 16875
5030 6332
5030 13632
5030 14734
5030 17294
5031 5763
5031 10031
5031 10922
5031 14511
5032 8686
5032 10494
5032 10566
5033 11016
5033 11568
5033 14821
5033 16735
5033 18667
5034 16609
5034 19271
5034 19424
5035 9071
5035 9829
5035 16649
5035 18420
5036 8114
5036 12786
5036 12852
5036 13802
5036 17822
5036 17986
5036 19462
5037 6411
5037 7303
5037 16729
5037 18754
5038 7198
5038 8911
5038 18024
5039 6954
5039 19347
5040 7134
5040 9264
5040 10746
5041 7821
5041 7982
5041 16533
5041 17569
5042 9728
5042 13477
5042 17264
5043 15138
5043 16879
5043 17943
5044 6327
5044 9085
5044 14559
5045 6568
5045 12239
5046 8175
5046 11371
5046 14782
5046 15039
5046 19480
5047 8683
5047 12545
5047 16630
5048 9261
5048 9807
5048 11254
5048 12558
5048 12627
5048 12752
5048 17082
5049 6756
5049 14687
5049 15752
5050 7614
5050 8389
5050 8726
5050 12411
5050 12740
5050 13571
5051 12074
5053 5831
5053 5996
5053 8697
5053 16125
5053 16872
5054 15194
5054 17996
5055 10908
5056 11250
5056 15721
5056 17225
5056 19309
5056 19656
5057 10109
5057 10874
5057 19672
5058 11986
5058 18152
5059 17841
5060 9827
5060 10230
5060 17147
5061 10486
5062 8560
5062 17420
5063 18029
5065 6073
5066 7278
5066 9159
5066 13290
5067 5485
5067 7807
5067 12526
5067 17623
5068 10258
5068 18503
5069 9893
5069 14427
5069 16734
5070 10606
5070 11964
5070 16134
5071 7979
5071 14106
5071 16872
5071 17353
5072 9283
5072 16468
5073 8678
5073 16110
5074 7829
5074 11369
5074 17480
5074 18865
5075 17510
5076 6150
5076 6437
5076 17181
5076 18333
5077 8062
5078 15261
5078 18086
5079 8814
5079 10299
5079 15481
5080 17228
5081 12210
5082 6282
5084 8234
5084 11499
5084 11970
5084 16819
5084 19498
5085 5927
5085 6154
5085 6504
5085 6583
5085 9868
5085 18641
5086 14714
5087 11823
5087 13675
5087 15105
5087 19973
5088 6257
5088 9479
5088 12664
5088 16928
5089 11766
5091 9503
5091 10459
5091 12086
5091 12522
5091 14008
5091 19253
5092 8845
5093 5580
5093 15215
5093 18914
5094 8572
5094 18296
5095 15614
5096 8072
5096 8190
5096 14782
5097 5943
5097 7468
5097 13051
5097 17277
5097 17894
5097 19074
5097 19378
5098 7135
5098 11894
5098 16427
5098 19776
5099 7462
5099 8018
5099 9452
5099 13354
5101 10430
5101 10709
5101 14032
5101 14905
5102 10322
5102 11011
5102 17179
5103 11240
5103 11528
5104 11072
5104 11736
5104 12032
5104 14320
5104 15439
5104 18259
5105 9709
5106 5834
5106 7821
5106 12680
5106 13588
5106 13994
5107 5381
5107 8142
5107 8297
5107 14047
5107 17734
5107 19066
5107 19433
5108 18448
5108 18924
5109 10549
5109 17755
5110 11904
5110 14066
5111 9192
5111 16703
5112 10503
5112 17551
5112 18966
5113 5496
5113 7188
5113 8911
5113 9320
5113 16392
5114 10639
5114 19851
5115 16423
5115 18977
5117 6592
5117 8891
5117 17257
5117 17540
5117 17761
5117 19781
5118 10230
5118 10345
5118 15362
5118 17312
5118 18261
5118 19937
5119 5924
5119 12140
5119 19520
5120 5227
5120 16062
5121 18403
5122 9533
5122 15922
5123 9152
5123 9354
5123 15575
5123 17326
5124 10699
5124 14908
5125 14708
5126 13949
5126 17223
5127 18573
5128 10212
5128 14938
5128 15953
5128 16100
5128 19382
5129 5583
5129 14759
5129 17657
5129 19540
5130 5324
5130 10621
5130 19251
5131 6025
5131 6635
5131 11015
5131 13560
5131 18713
5131 19032
5132 10111
5132 10558
5132 11471
5132 16797
5134 5204
5134 13207
5134 16069
5134 19686
5135 10652
5135 12240
5135 13050
5136 13257
5136 13729
5137 7763
5137 8763
5137 11919
5137 13363
5138 7808
5138 9437
5138 11856
5139 17056
5140 11328
5141 7138
5141 12558
5141 16031
5142 13115
5142 14294
5142 14979
5142 16599
5142 16962
5142 18203
5143 6784
5143 12048
5143 18811
5145 12262
5146 5710
5146 16478
5147 5601
5147 5801
5147 9713
5147 12105
5147 12791
5148 11771
5149 10719
5149 14579
5149 18442
5150 8083
5150 15103
5150 16523
5151 6711
5151 13659
5151 18671
5152 13765
5152 16043
5153 10667
5153 16046
5154 6093
5154 6249
5154 14365
5155 10024
5155 11509
5155 17709
5156 14584
5156 17400
5157 7165
5157 10613
5157 15035
5157 16461
5158 5421
5158 8226
5158 13397
5158 17574
5159 15043
5159 17741
5160 9221
5160 13533
5160 14242
5160 17653
5161 5439
5161 6799
5161 8918
5161 18881
5162 6922
5162 8229
5162 9145
5162 15324
5162 17900
5162 17925
5163 14864
5163 17097
5164 16061
5166 12036
5166 18860
5166 19294
5167 8289
5167 16116
5168 12804
5169 19020
5170 19567
5171 10301
5171 13689
5171 14194
5172 5313
5172 15180
5172 18342
5173 7377
5173 18087
5173 18487
5173 18666
5174 7635
5174 10238
5174 13161
5175 10472
5175 18228
5176 19139
5177 13483
5177 14883
5177 19288
5178 6665
5178 8995
5178 9885
5179 12258
5179 14416
5179 17373
5180 9004
5180 16246
5180 17259
5181 7021
5181 10294
5181 16021
5182 7156
5182 7976
5182 9564
5182 9799
5182 18582
5183 5770
5183 10505
5183 14847
5183 15255
5184 5285
5184 8780
5184 13957
5184 14779
5185 5786
5185 7383
5185 16289
5185 17501
5185 19804
5186 7013
5186 7043
5186 16078
5187 8630
5187 9177
5187 14822
5187 14875
5187 16689
5188 10744
5188 12997
5188 14247
5190 8194
5190 12294
5190 15949
5190 18680
5191 6488
5191 14232
5191 15249
5192 6886
5192 9013
5192 11604
5192 12646
5192 15766
5192 16141
5192 17820
5193 6169
5193 8328
5193 10854
5193 18451
5194 10213
5194 18105
5195 9175
5195 10122
5195 12988
5196 6256
5196 10307
5197 11399
5197 16338
5197 18891
5198 6934
5198 19177
5199 9167
5199 17169
5199 18012
5199 19398
5200 11466
5200 17847
5201 5777
5201 7393
5201 8095
5201 10423
5201 10459
5201 11029
5201 11576
5201 11656
5201 13979
5202 6950
5202 7189
5202 13073
5203 9068
5203 10120
5203 12939
5203 17116
5204 6530
5204 6929
5205 9464
5205 11968
5205 18623
5206 12471
5206 19330
5207 13615
5207 15097
5207 16303
5207 17527
5207 18134
5207 19650
5208 5706
5208 9105
5209 5617
5209 16003
5210 9657
5210 13473
5210 16374
5211 12736
5211 12938
5211 15310
5212 7380
5212 12550
5212 12674
5213 10762
5213 12075
5213 14372
5213 14958
5213 17975
5214 5222
5214 5533
5214 9257
5214 10142
5215 5366
5215 7640
5215 9046
5215 11043
5215 11712
5215 14269
5216 5427
5216 9120
5216 13941
5216 18970
5217 5370
5217 12948
5217 17254
5218 8394
5218 13727
5218 16321
5218 17170
5219 8331
5219 13058
5219 13361
5220 7187
5221 12334
5221 13496
5221 18490
5222 6874
5222 16231
5223 6803
5223 9692
5224 11734
5225 7055
5225 18924
5226 18201
5227 9792
5227 16554
5227 19394
5228 6499
5228 6904
5229 7476
5229 7600
5229 9891
5229 10827
5230 5787
5230 12903
5230 13886
5231 9046
5231 16640
5231 17618
5232 15083
5232 19066
5233 7761
5233 13367
5234 10886
5234 11968
5234 17321
5234 17861
5235 8334
5235 10563
5235 14881
5236 12538
5236 14643
5237 5583
5237 8188
5237 8471
5237 11841
5237 12161
5238 7742
5238 10064
5238 13071
5238 14233
5238 16256
5238 17338
5239 9544
5239 13743
5239 18638
5240 11230
5240 11360
5240 12425
5240 17638
5241 6264
5242 6266
5242 11430
5243 9118
5243 9303
5243 9873
5243 11322
5243 18844
5244 11961
5244 19098
5245 12012
5245 15383
5245 16328
5245 17157
5245 17662
5246 9352
5246 15380
5247 5485
5247 19803
5248 12119
5248 12415
5249 13473
5249 14082
5249 19089
5249 19678
5251 6883
5251 11560
5252 6120
5252 6744
5252 12081
5252 16273
5253 6379
5253 12701
5253 17481
5253 18172
5254 11850
5254 15900
5254 18513
5255 11618
5255 12018
5255 14983
5255 17890
5257 7789
5257 8050
5257 9688
5257 14752
5257 15589
5259 12784
5260 8837
5260 13078
5260 17671
5260 18644
5261 6218
5261 9799
5261 12054
5261 16619
5261 19291
5262 10872
5262 14283
5262 15652
5262 16220
5263 6168
5263 19124
5263 19268
5264 15013
5264 18584
5266 7784
5266 13282
5267 6794
5267 9914
5267 18270
5267 19405
5268 10801
5268 11121
5268 16767
5269 9983
5269 11610
5269 19853
5270 6792
5270 8365
5270 12838
5271 16095
5272 6320
5272 10119
5272 16007
5272 17748
5273 11820
5275 18626
5275 19737
5275 19865
5276 12367
5277 6768
5277 9996
5277 16901
5279 10673
5279 12954
5279 14849
5279 18106
5280 5817
5280 10880
5280 15744
5280 17149
5280 18182
5281 7275
5281 9807
5281 12364
5281 15893
5282 6857
5282 11499
5282 19325
5283 8789
5283 12569
5284 10077
5284 11943
5284 12419
5284 15212
5285 7085
5285 12759
5285 14103
5285 14501
5285 17097
5285 17422
5286 12263
5286 16308
5287 6956
5287 8551
5287 14336
5288 8712
5288 17918
5288 18193
5288 19370
5289 5357
5289 8046
5289 8522
5289 15268
5290 18785
5291 13581
5292 6845
5292 13597
5292 16949
5293 18279
5294 6294
5294 12966
5295 5720
5295 7473
5295 8791
5295 12225
5295 12900
5295 19643
5296 10974
5296 15000
5296 19891
5297 19641
5298 5744
5298 8835
5298 19300
5299 6198
5299 15405
5299 18005
5299 19491
5300 12694
5301 5832
5301 6066
5301 6645
5301 9851
5301 11157
5301 12904
5301 15437
5301 15546
5301 18429
5301 19944
5302 17869
5304 7300
5304 14017
5305 12015
5305 12579
5305 18860
5306 10447
5306 12618
5306 18040
5307 11845
5307 17241
5307 18782
5309 6413
5309 11422
5309 12508
5309 14164
5310 9191
5310 18661
5311 7346
5311 8470
5311 9789
5311 11583
5312 9612
5312 17058
5312 17589
5312 18601
5313 5606
5314 7146
5314 8321
5314 8806
5314 10694
5314 16291
5314 18497
5314 19830
5315 9613
5315 13394
5315 16792
5316 11408
5316 18718
5317 6346
5317 12993
5317 13041
5318 9046
5318 13132
5318 14150
5318 15206
5318 15537
5318 18627
5319 7009
5319 8672
5319 10139
5320 6907
5320 11195
5320 12029
5321 6716
5321 9680
5321 10980
5322 6417
5322 7645
5322 11399
5322 15543
5323 6135
5323 13046
5323 18049
5324 8018
5324 10952
5324 19826
5325 11882
5325 13129
5325 19883
5326 5781
5326 13116
5326 14547
5326 14601
5327 13130
5327 19006
5328 16439
5328 17849
5329 6061
5329 9646
5329 11434
5329 19508
5330 14432
5330 16575
5330 16742
5331 9757
5331 11999
5331 12359
5331 19247
5332 9992
5332 13214
5332 15392
5332 19219
5333 6284
5333 6316
5333 7673
5333 9113
5333 11233
5335 7024
5336 5536
5336 17543
5336 18797
5336 18879
5337 7606
5337 10003
5337 13518
5337 14561
5338 13059
5338 14023
5338 15556
5339 10744
5339 17979
5340 5747
5340 6004
5340 6030
5340 7868
5340 8117
5340 8999
5340 15428
5340 16026
5340 17766
5341 19646
5342 7696
5342 12043
5344 6054
5344 9401
5344 19809
5345 9301
5345 15554
5345 16254
5345 18285
5345 19703
5346 8039
5346 9201
5346 9696
5346 14476
5347 19798
5348 6248
5348 9220
5348 11148
5348 11820
5348 12539
5349 10775
5350 10851
5350 11863
5350 12027
5350 19720
5352 18287
5353 10055
5354 7278
5354 8427
5354 8433
5354 8683
5355 16513
5356 6238
5356 9264
5356 11983
5356 15582
5356 18006
5357 6102
5357 7231
5357 7375
5357 12762
5357 15749
5358 6428
5358 8924
5358 13537
5358 14797
5358 17688
5359 7480
5360 5937
5360 8663
5360 10039
5360 12714
5360 18861
5362 5491
5362 8560
5362 16572
5362 16749
5363 14740
5363 16844
5365 13700
5365 14199
5365 15842
5365 17259
5365 18647
5366 10298
5367 13532
5367 14089
5367 16912
5368 9412
5368 11145
5368 13745
5368 14015
5368 16942
5370 6096
5370 10995
5370 13266
5370 18211
5371 5415
5371 8767
5371 9556
5371 12361
5371 14059
5371 14194
5372 7843
5372 8316
5372 8376
5372 9904
5372 18048
5373 12185
5373 14813
5373 17064
5373 19923
5374 6912
5374 7405
5374 16082
5375 7297
5375 9700
5376 5971
5376 10005
5376 17251
5376 17254
5376 19859
5377 8284
5377 9914
5378 7796
5378 15972
5378 18515
5379 6149
5379 6170
5379 6897
5379 12769
5379 14040
5380 11144
5381 5935
5381 8761
5381 10370
5381 11002
5381 11524
5381 12514
5381 15858
5381 19068
5381 19463
5382 6176
5382 10065
5382 11401
5383 10571
5383 16820
5384 13569
5385 11884
5385 15578
5385 16862
5386 6011
5386 13339
5386 14456
5387 15319
5387 17184
5387 18010
5388 5418
5388 5622
5388 6286
5388 7798
5388 12409
5389 6340
5389 9477
5390 7676
5390 12335
5390 15645
5391 6511
5392 8367
5392 8751
5392 14308
5393 6561
5393 15825
5394 9275
5394 10096
5394 18437
5394 19205
5395 7014
5395 7724
5395 10245
5395 14341
5396 11658
5396 12314
5396 15681
5397 7810
5397 16054
5398 7362
5398 11247
5398 15220
5398 16848
5398 16945
5399 8210
5399 10865
5400 12771
5400 18222
5402 6510
5402 8075
5402 12724
5403 8090
5405 15714
5405 16063
5405 16270
5406 14752
5407 19275
5408 9973
5408 12195
5408 12205
5408 14471
5409 10607
5410 11187
5410 14422
5410 15418
5411 12029
5411 15027
5411 16997
5412 7613
5412 16271
5413 5607
5413 5907
5413 10736
5413 11138
5414 6776
5414 13099
5415 5751
5415 7013
5415 10316
5415 11291
5416 8615
5416 9086
5417 15671
5418 13240
5419 8615
5419 13656
5419 17431
5419 18096
5419 18264
5420 9085
5420 15318
5420 19852
5421 7494
5421 11174
5421 16977
5422 6523
5422 8509
5422 13649
5422 17119
5422 18279
5423 8324
5423 16702
5423 18607
5423 19471
5425 8973
5425 11978
5425 15515
5426 7596
5426 18311
5428 9701
5428 11409
5428 13718
5428 15130
5429 6138
5429 14162
5429 16873
5430 17964
5431 13782
5432 6385
5432 7553
5432 12553
5432 17019
5433 6464
5433 8124
5433 8907
5434 8669
5434 10015
5434 14850
5434 15935
5434 18156
5436 5497
5436 6024
5436 6978
5436 9701
5436 14244
5436 19271
5437 8438
5437 13222
5438 8265
5438 19283
5439 16124
5440 13988
5440 18639
5441 8451
5441 9958
5441 12231
5442 9498
5442 14180
5443 5723
5443 11576
5443 13368
5443 14703
5443 15967
5444 7935
5444 10285
5444 10877
5444 11688
5444 13558
5444 13999
5444 16423
5445 8101
5445 9479
5445 18654
5446 11364
5447 15745
5448 11720
5448 11773
5448 15835
5448 16288
5449 8440
5450 10127
5450 11511
5451 7672
5451 8221
5451 9057
5451 11849
5451 16379
5451 17724
5452 5763
5452 9211
5452 11739
5452 13598
5453 10566
5453 11801
5453 13226
5454 5928
5454 11919
5454 17204
5454 18603
5454 19312
5455 13433
5455 13800
5455 14964
5455 17075
5455 18442
5456 8282
5456 8430
5456 17962
5457 5589
5457 9042
5457 12955
5457 15817
5457 17886
5458 7251
5458 8459
5458 16666
5459 15660
5459 19268
5460 12574
5460 15571
5461 8425
5462 5663
5462 16813
5463 9934
5464 12098
5465 6437
5465 7268
5465 7823
5465 12083
5465 17514
5466 6991
5466 16895
5466 18350
5467 11283
5467 15417
5469 13421
5469 14346
5470 8010
5470 8600
5470 16945
5470 18378
5471 5600
5471 10163
5471 10228
5471 11393
5471 11458
5471 15812
5471 19050
5472 8241
5472 10531
5472 11332
5472 18643
5473 8828
5473 10829
5473 15679
5473 18371
5474 7171
5474 7637
5474 18330
5475 8063
5475 8122
5475 13488
5476 6916
5476 19116
5477 6137
5477 6724
5477 9959
5477 18312
5478 8168
5478 11219
5478 17414
5478 17417
5479 7762
5479 14004
5480 7658
5480 9591
5480 10319
5481 9563
5481 11530
5481 11623
5481 12285
5481 19732
5482 15365
5482 18598
5483 10680
5483 13616
5483 14292
5483 19030
5484 7384
5484 7951
5484 14917
5485 5871
5485 10201
5485 17646
5486 8922
5486 9000
5486 17256
5487 15491
5487 19243
5488 12418
5489 16778
5489 19158
5489 19238
5489 19548
5490 5950
5491 5526
5491 6164
5491 17777
5491 19186
5492 7557
5492 9299
5492 11801
5492 12878
5493 9330
5494 12057
5494 13601
5494 14296
5494 15197
5494 16177
5494 17872
5494 19593
5495 15610
5496 6295
5496 8480
5496 10235
5496 12810
5496 18715
5497 9051
5498 6769
5498 7251
5498 13486
5499 9008
5499 9163
5499 13403
5499 16541
5499 18719
5500 9110
5501 7410
5501 13078
5502 5763
5502 18413
5503 5861
5503 6715
5503 14370
5503 14659
5503 15181
5504 10989
5504 11899
5504 12382
5504 16680
5504 17254
5505 5796
5505 7913
5505 8398
5505 10108
5505 10397
5505 16799
5506 10778
5506 12538
5507 6925
5507 17907
5508 12936
5508 13569
5508 14018
5509 8248
5509 19586
5510 8139
5510 10097
5510 14844
5511 6248
5511 7223
5511 9663
5511 13059
5511 17173
5511 19096
5511 19435
5512 10247
5513 6906
5514 7800
5514 10107
5514 10439
5514 11073
5514 15562
5514 17086
5516 6101
5516 9149
5516 10886
5516 13185
5516 17706
5516 19059
5516 19070
5517 13771
5518 6802
5518 8050
5518 15322
5519 12094
5520 5749
5520 8384
5521 5925
5521 11157
5521 16047
5521 16144
5521 17201
5521 18600
5522 7811
5522 14376
5524 5591
5524 8651
5524 8671
5524 9002
5525 6395
5525 10561
5526 11127
5526 15012
5527 6385
5527 6559
5527 8659
5527 12269
5527 14358
5527 19328
5528 9158
5529 15026
5529 17788
5531 7629
5531 9563
5531 10624
5531 12689
5531 15059
5531 17263
5531 19548
5532 7182
5532 9007
5533 6754
5533 7419
5533 16405
5533 17579
5534 5908
5534 10612
5534 13157
5534 15161
5534 15172
5534 17424
5534 19938
5535 8109
5535 9711
5536 6161
5536 10033
5536 12346
5537 6588
5537 14344
5537 19969
5538 11815
5538 14285
5539 8900
5539 10092
5539 14657
5539 16674
5540 15270
5540 16321
5540 16943
5540 17663
5541 17834
5542 14691
5543 12992
5544 11924
5544 12794
5545 6579
5545 13469
5545 16069
5546 12761
5546 18260
5547 8195
5547 15051
5547 17341
5548 8962
5548 9041
5548 18222
5549 10998
5549 12397
5549 12722
5549 15879
5549 19442
5550 16689
5551 5650
5551 8873
5551 9483
5551 10538
5551 17109
5551 17286
5552 12864
5552 15743
5552 17817
5553 7397
5553 8793
5553 11527
5553 13806
5554 8135
5554 13098
5554 15296
5555 6873
5555 7242
5555 8243
5555 8966
5555 9010
5555 15991
5555 16975
5555 17415
5556 9800
5556 11416
5557 5741
5557 7139
5557 10875
5557 18073
5558 7494
5560 10015
5560 10145
5560 18774
5561 11570
5562 6316
5562 8813
5562 11386
5562 16833
5563 10167
5563 15419
5564 16111
5564 16726
5565 7844
5567 15872
5568 10516
5568 11073
5568 18466
5569 7313
5569 7472
5569 12933
5569 17319
5571 8963
5571 10081
5572 6792
5572 16435
5572 16720
5572 19798
5573 8419
5573 12817
5574 5794
5574 11509
5574 16665
5575 10008
5575 10168
5575 10578
5575 14398
5575 14751
5575 15823
5576 8277
5576 8450
5576 8802
5576 14723
5576 17237
5577 7848
5577 9898
5577 18880
5578 6258
5578 16928
5578 18523
5579 6332
5579 14082
5579 15708
5580 13841
5580 15583
5581 18406
5582 5692
5582 7016
5582 9078
5582 13893
5582 19596
5583 5975
5583 10006
5583 11783
5583 19918
5584 15621
5585 6851
5585 8327
5585 8825
5585 10766
5585 13480
5585 19292
5586 7400
5586 8577
5586 13235
5586 14682
5587 6087
5587 6961
5587 12968
5587 13152
5587 15845
5587 15883
5587 17776
5588 14549
5588 15481
5588 17836
5589 8588
5589 19376
5590 14972
5591 7751
5591 8773
5591 13095
5591 18047
5592 9951
5592 14323
5592 14893
5592 16256
5592 19232
5593 8492
5593 10827
5593 14588
5593 14631
5593 15753
5594 7493
5594 12364
5595 7164
5595 11938
5595 13007
5595 14384
5595 16675
5596 17341
5597 6070
5597 9957
5597 15605
5598 12142
5599 9644
5600 7071
5600 11584
5601 6200
5601 11228
5601 17040
5602 15705
5603 19271
5604 8309
5604 8863
5604 9109
5604 15541
5604 18697
5605 7241
5605 9486
5605 14059
5606 11355
5606 13274
5607 13378
5607 19173
5607 19609
5608 7240
5608 11470
5608 13472
5608 16611
5608 17910
5609 8927
5609 12850
5609 13009
5609 13397
5610 14760
5611 9388
5611 12074
5611 17721
5612 7223
5612 10678
5613 13984
5613 16007
5614 7512
5614 7820
5614 10593
5615 8411
5615 13804
5616 13861
5616 17150
5617 7178
5617 8708
5617 9573
5617 11069
5617 17206
5617 18494
5618 7227
5618 13094
5618 17611
5619 8827
5619 17925
5620 13438
5621 9401
5621 10282
5621 11887
5621 12100
5621 13476
5622 6285
5622 7574
5622 9323
5622 13703
5622 19201
5623 7530
5623 8354
5624 7189
5625 6066
5625 13917
5626 10625
5626 13002
5626 13593
5626 18964
5627 6113
5627 7239
5627 17920
5627 18560
5628 14202
5629 6899
5630 5917
5630 14129
5631 19704
5632 7392
5632 9364
5632 14160
5632 19202
5633 9663
5633 15934
5633 16985
5634 13637
5634 15415
5635 12933
5635 19089
5636 8486
5636 10899
5636 17371
5636 18069
5637 7041
5637 15854
5637 18087
5637 18742
5638 10322
5639 15685
5640 9803
5640 10531
5640 13699
5640 16878
5641 8941
5642 8186
5642 17333
5643 9413
5643 9590
5643 9918
5643 15234
5643 17904
5644 9398
5644 10514
5645 8585
5645 18467
5645 19129
5645 19934
5646 15853
5647 6641
5647 17745
5648 5715
5648 11248
5648 12970
5649 10352
5649 14003
5650 16508
5652 9533
5652 10035
5652 12967
5652 15147
5652 17597
5652 19479
5653 5847
5653 13079
5654 10161
5654 10525
5654 11043
5654 11637
5655 7931
5655 13182
5655 13682
5655 13731
5655 15145
5656 7789
5656 11032
5657 13464
5657 16780
5658 9304
5658 12298
5658 16128
5658 16289
5658 18605
5659 7733
5659 10179
5659 12271
5659 14101
5659 14886
5659 14932
5659 16586
5659 16791
5659 18649
5660 10683
5660 17118
5661 6178
5661 11680
5661 15137
5661 16004
5661 17784
5662 6894
5662 10668
5663 10115
5663 11299
5666 6096
5666 13413
5666 19021
5667 14048
5667 14861
5668 7140
5669 8527
5669 10581
5669 15092
5670 7711
5670 11488
5670 11957
5670 12715
5671 5840
5671 8918
5671 9130
5671 10756
5671 11390
5672 7490
5672 8305
5672 15930
5672 16729
5672 17859
5673 9976
5674 7141
5674 9206
5674 10943
5674 15045
5675 16125
5676 12772
5677 5922
5677 6024
5677 10496
5677 16276
5678 10855
5678 17066
5679 17484
5680 6451
5680 7329
5680 12666
5680 13618
5680 18074
5681 8857
5681 14183
5681 14631
5682 6514
5682 18452
5683 11125
5683 14069
5683 16238
5683 19111
5683 19431
5683 19940
5684 9292
5684 10276
5685 7429
5685 9810
5685 14298
5685 17160
5685 19829
5686 14352
5687 17061
5688 11059
5688 19811
5689 6077
5689 6278
5689 15517
5690 9824
5690 11637
5690 14962
5691 9401
5691 11900
5691 17573
5692 7978
5692 10065
5692 15663
5692 16136
5693 10945
5693 17150
5693 19761
5694 12476
5694 14305
5694 14916
5694 15477
5694 17508
5694 18447
5695 7787
5695 10137
5695 12513
5695 13982
5695 16229
5696 6863
5696 9208
5696 16369
5696 16555
5696 19724
5697 5744
5697 6227
5697 9212
5697 17649
5697 19103
5699 14862
5700 5775
5700 11433
5700 13683
5701 19016
5701 19266
5701 19694
5702 7855
5703 15959
5703 16184
5704 13283
5704 14163
5704 15372
5705 17710
5705 18793
5706 8558
5706 16727
5707 18096
5708 14267
5708 15192
5708 18253
5709 14720
5709 17565
5710 14634
5710 15299
5710 16233
5711 9654
5711 14759
5711 16135
5711 16213
5712 12361
5713 9448
5713 14891
5713 15691
5713 17192
5713 18345
5714 6275
5714 9698
5714 18862
5715 5940
5715 6681
5715 11202
5715 11873
5716 12637
5717 9399
5717 16490
5718 8420
5718 11027
5718 13337
5718 16124
5718 17751
5718 18963
5719 9913
5719 16128
5719 16237
5719 16264
5719 17410
5719 18167
5720 10711
5720 14152
5720 15945
5720 19039
5722 7342
5722 10970
5722 17691
5723 6055
5723 6705
5723 9756
5724 8614
5724 15612
5724 19045
5725 17124
5726 6918
5726 7911
5726 19035
5727 8741
5727 13183
5727 14212
5728 9725
5728 12428
5728 12847
5728 19729
5729 8893
5729 11524
5730 13223
5730 13570
5730 14157
5730 14344
5730 14785
5730 16796
5730 16927
5730 19372
5731 6512
5732 12912
5732 18395
5733 19124
5734 6800
5734 10119
5734 11820
5734 13318
5734 16579
5735 13254
5736 8871
5736 16176
5736 18066
5737 13319
5737 15549
5737 15634
5738 8786
5738 13277
5739 9556
5739 11135
5739 16065
5739 18426
5740 7425
5740 12796
5740 15770
5740 17332
5741 7376
5741 15925
5741 17828
5742 9179
5742 13474
5742 14990
5742 19797
5743 8795
5743 12011
5743 16584
5744 10083
5744 12313
5745 12498
5745 12987
5745 19141
5746 9296
5747 6940
5747 8981
5747 18973
5748 6973
5748 12271
5748 18644
5750 8109
5750 12868
5750 16029
5750 17991
5750 18377
5750 19164
5751 8297
5751 10449
5751 11991
5751 13841
5751 15872
5751 16946
5752 6056
5753 10346
5753 13117
5753 15072
5753 16465
5753 16646
5754 10530
5754 17726
5755 7985
5755 10382
5755 10684
5755 11502
5755 12557
5755 15257
5757 7132
5757 8778
5757 10576
5757 11005
5758 6024
5758 19800
5759 9305
5760 14134
5761 6696
5761 11444
5761 11825
5761 12922
5762 10009
5762 16331
5762 17582
5763 6396
5763 9370
5763 12621
5763 13881
5763 14566
5763 14789
5763 16182
5763 17175
5764 6729
5764 7742
5764 8456
5764 10905
5765 9934
5765 13654
5765 14479
5765 16819
5766 12060
5766 18416
5766 18616
5767 8661
5768 9734
5768 14127
5768 14964
5768 16705
5768 17073
5770 8133
5770 12559
5770 14306
5770 15553
5770 17179
5772 11700
5772 13271
5772 13736
5772 19509
5773 6328
5773 15644
5774 10245
5774 11571
5774 11888
5774 14045
5774 18191
5775 11679
5775 14649
5776 16205
5776 18239
5777 10110
5777 11687
5777 15731
5777 19451
5778 5902
5778 13897
5779 10048
5779 10181
5779 11799
5779 17081
5779 17102
5779 17455
5779 17563
5780 8910
5780 10956
5781 6710
5781 8356
5782 17126
5783 10783
5783 11808
5783 15561
5784 11401
5785 7430
5785 8166
5785 14546
5787 6999
5787 8161
5787 11823
5788 9986
5788 15928
5789 10082
5790 18357
5791 12938
5791 18625
5792 6922
5792 12804
5792 14084
5792 16901
5793 7431
5793 9434
5793 10054
5793 10246
5793 12653
5793 17691
5794 7798
5794 16366
5794 18718
5795 6723
5795 7494
5795 10620
5796 8541
5796 8904
5796 12022
5796 12550
5796 14840
5796 15684
5796 16340
5797 8098
5797 15086
5798 8061
5798 11709
5798 16075
5798 17778
5799 5964
5799 8780
5799 10950
5800 10695
5800 19774
5801 9150
5801 15956
5801 18715
5802 6723
5802 9863
5802 13149
5802 14780
5802 19944
5803 14114
5803 16429
5803 16575
5804 11201
5804 11955
5804 17776
5805 6997
5805 12969
5805 16601
5806 10554
5806 10925
5806 10993
5807 6535
5807 12850
5807 13147
5807 14875
5808 9837
5808 14103
5808 19068
5809 15520
5809 17034
5809 19067
5810 5900
5810 8250
5810 10956
5810 11570
5811 16352
5812 6314
5812 10458
5812 17115
5813 11465
5814 9539
5814 14635
5815 5995
5815 8782
5815 13625
5815 14917
5816 19441
5817 5931
5817 14258
5818 10849
5818 12422
5819 12665
5819 12826
5819 16566
5819 17823
5820 11487
5820 13016
5820 16224
5820 17248
5821 5931
5821 14837
5821 17034
5822 7843
5822 9100
5822 11094
5822 11779
5822 19649
5823 17258
5823 19490
5824 9767
5824 11134
5824 15911
5825 13241
5826 8797
5826 9130
5826 10767
5826 11382
5826 14725
5826 19575
5827 9812
5827 9855
5827 19171
5828 19870
5829 6130
5829 8328
5829 15142
5830 8324
5831 7105
5831 7436
5831 10266
5832 18426
5832 18977
5833 7015
5833 7374
5834 7956
5834 19852
5835 17276
5836 9659
5836 16228
5837 15781
5837 18891
5838 9247
5838 9971
5838 15516
5838 15718
5838 16986
5838 17778
5839 10905
5839 19936
5840 8952
5840 11239
5840 16910
5841 6038
5841 11771
5841 16935
5841 17243
5841 18531
5842 7484
5843 7524
5843 11498
5843 18813
5843 19981
5844 10072
5844 10161
5844 10698
5844 11354
5845 12243
5845 16470
5845 18417
5846 7242
5846 8143
5846 9185
5846 14442
5846 16903
5847 8542
5847 18832
5848 12776
5848 13465
5848 19621
5849 6812
5849 12113
5849 12731
5849 13629
5850 6961
5850 10358
5850 10550
5850 17663
5851 9220
5851 16267
5851 16314
5851 17076
5852 6571
5852 7353
5852 7610
5852 8709
5852 9748
5852 12894
5853 6188
5853 8233
5853 10528
5854 6720
5854 7900
5854 8091
5854 17072
5856 6481
5856 15771
5856 16527
5856 19745
5857 13402
5857 17020
5857 17963
5858 7925
5858 12746
5858 14013
5858 14983
5859 11349
5859 19228
5860 11389
5860 12177
5860 12232
5860 12837
5860 18706
5861 10722
5861 11224
5861 12469
5861 19243
5862 6334
5862 8310
5862 10547
5863 12077
5863 15068
5864 16555
5864 19624
5865 7488
5865 10503
5865 17818
5865 19694
5867 10107
5867 11698
5867 12587
5867 12880
5867 13538
5868 6545
5868 16856
5869 15441
5869 17604
5870 10973
5870 13596
5870 14547
5870 15904
5871 7209
5871 13490
5872 6622
5872 13724
5873 18305
5873 18527
5874 18858
5875 7607
5875 14301
5876 7313
5876 12878
5878 10964
5879 17239
5879 17303
5880 10927
5880 15112
5881 6561
5881 7054
5881 8255
5881 15905
5881 19131
5882 8729
5882 14441
5882 15651
5882 18460
5883 6553
5883 9192
5883 16125
5884 8197
5884 18446
5885 7305
5885 7886
5885 9614
5885 17954
5886 7128
5886 19284
5886 19564
5887 12468
5887 13317
5888 6011
5888 6151
5888 19923
5889 14526
5889 17913
5890 7707
5890 11236
5890 15963
5890 16396
5890 19009
5891 6433
5891 10044
5891 15990
5892 16703
5892 18255
5892 19450
5893 18429
5893 18875
5894 6042
5894 7965
5894 11036
5894 11750
5894 13373
5894 15772
5895 12189
5895 13308
5896 9451
5896 9828
5896 10097
5897 7065
5897 8026
5897 8704
5897 9994
5898 9530
5898 17633
5898 19560
5899 7146
5899 7761
5899 13063
5899 14448
5899 16542
5900 6778
5900 6835
5900 13425
5901 7820
5901 7939
5902 6876
5902 10195
5902 16940
5903 13189
5903 19514
5905 10083
5905 10450
5905 18828
5906 6939
5906 8288
5907 8488
5907 19991
5908 7658
5909 11159
5910 8228
5910 19227
5911 9101
5911 9449
5911 9930
5912 12034
5912 17381
5913 8047
5913 12915
5914 7400
5914 17240
5915 6091
5915 6594
5915 6941
5915 9176
5915 15451
5916 9339
5916 11371
5916 15359
5917 6102
5917 6216
5917 6548
5917 9877
5918 8816
5918 9205
5918 15349
5919 6237
5919 6612
5919 18925
5920 13140
5921 9010
5921 11299
5921 12507
5921 18774
5922 8520
5922 12840
5923 6794
5923 7057
5923 12797
5924 8235
5925 13643
5925 14898
5926 12764
5926 13473
5926 17024
5927 10695
5927 16218
5927 18992
5927 19648
5929 6700
5929 8519
5929 9129
5929 14236
5929 15987
5930 7178
5930 8706
5930 16130
5931 6105
5931 11208
5932 10517
5933 7093
5933 8556
5933 8843
5933 14031
5933 16268
5933 16930
5934 8488
5934 13737
5934 14351
5934 16121
5935 10085
5935 14876
5935 17062
5935 18284
5935 18776
5936 8773
5936 15718
5936 15798
5937 8079
5937 8724
5937 17437
5938 6720
5938 12948
5939 11351
5939 17769
5940 7716
5940 16568
5940 17433
5941 9920
5941 15787
5942 16117
5942 19077
5943 7372
5943 10817
5943 15552
5943 17445
5943 17857
5943 19954
5944 7283
5944 9074
5944 13156
5944 13818
5944 17579
5945 7718
5945 11744
5945 16627
5946 11254
5946 16635
5948 14261
5948 19511
5949 6445
5949 15024
5950 17845
5950 19839
5951 6228
5951 11324
5951 17724
5951 19931
5952 6068
5952 11562
5953 8667
5953 9717
5953 11045
5953 16606
5953 17902
5954 18004
5955 8599
5955 9677
5955 19937
5956 7200
5956 9075
5956 9609
5956 15388
5956 19415
5957 12486
5957 19203
5958 6119
5958 8901
5958 10553
5958 13132
5958 13832
5958 17622
5959 18732
5960 6983
5960 9680
5960 11551
5960 18238
5960 19302
5961 14298
5961 18058
5962 6333
5962 8105
5962 13328
5962 14582
5962 16179
5962 16853
5962 17400
5962 20000
5963 11741
5963 14511
5963 17571
5963 18698
5964 6829
5964 18202
5965 15127
5966 8576
5966 15291
5967 11139
5967 13877
5968 6964
5968 7183
5969 7557
5969 10360
5969 10594
5969 11821
5969 16428
5971 7930
5971 13219
5971 17698
5971 19975
5972 11149
5972 11680
5972 18863
5973 19675
5974 14052
5974 16456
5974 19151
5975 6014
5975 9769
5976 7569
5976 18101
5976 19614
5977 8813
5977 16646
5977 19162
5978 6647
5978 17959
5978 18051
5978 18144
5979 7159
5979 7906
5979 18011
5980 11552
5980 14805
5981 7351
5981 15179
5981 16265
5983 13674
5984 8241
5984 12158
5985 7955
5987 5996
5987 7481
5987 8381
5987 11157
5987 12341
5987 17000
5988 6109
5988 14793
5988 16027
5988 16029
5988 18094
5989 9172
5990 8770
5990 10931
5990 11660
5991 15653
5991 16641
5991 17076
5992 6923
5992 19507
5993 7355
5993 9104
5993 12131
5993 12500
5993 14146
5993 19624
5994 11068
5994 13970
5994 15485
5995 8378
5995 9828
5995 12777
5996 7769
5996 15837
5996 17006
5997 8599
5997 11858
5997 12118
5997 13521
5997 14043
5997 14171
5997 19532
5997 19963
5998 9970
5998 14655
5999 8091
5999 13899
6000 7653
6000 9642
6000 9957
6000 13185
6001 9859
6001 12323
6001 12647
6001 16272
6001 17452
6002 9809
6002 14711
6002 15703
6002 17950
6003 7422
6003 10428
6003 13093
6004 7302
6004 9693
6004 10054
6004 11186
6004 13261
6004 14585
6004 15145
6004 17644
6004 17774
6005 11544
6005 15818
6005 18719
6005 19314
6006 7626
6006 9268
6006 10656
6006 16086
6006 19804
6007 7218
6007 8549
6007 10528
6007 13820
6007 15425
6007 18815
6008 14792
6009 12114
6009 16343
6009 17623
6009 18040
6009 19692
6010 16318
6011 10445
6011 16838
6011 17097
6011 18492
6012 10447
6012 16409
6013 7406
6013 11079
6013 13447
6013 14840
6014 8756
6014 18423
6015 14802
6015 16171
6015 18466
6015 19184
6016 6435
6016 10455
6016 11599
6016 12466
6017 17336
6018 14821
6019 11962
6019 15782
6020 7846
6020 13319
6020 14846
6021 16411
6021 17263
6021 17671
6021 19806
6022 13227
6023 7744
6023 10325
6023 12669
6024 16084
6024 16394
6026 19472
6027 7263
6027 14507
6027 15271
6027 16611
6027 19149
6028 11905
6028 13263
6029 9488
6029 10151
6029 17392
6030 12021
6030 12193
6030 12443
6030 15279
6030 16274
6031 8959
6031 9960
6031 10172
6031 10418
6031 13513
6031 18118
6031 18911
6031 19481
6032 14631
6032 18805
6033 9133
6033 9945
6033 17203
6036 7246
6037 8951
6037 11946
6037 14169
6037 15131
6038 7543
6038 11155
6039 12791
6039 13706
6039 19899
6040 12518
6040 13681
6040 19176
6041 7202
6042 19515
6043 9863
6043 18380
6044 14721
6044 18857
6045 17693
6046 10340
6046 15281
6046 15561
6047 16166
6048 8648
6048 11963
6049 9586
6049 11814
6049 13439
6049 15034
6050 7281
6050 9368
6050 13952
6050 14685
6050 14973
6051 14219
6051 17028
6052 9640
6052 19230
6052 19860
6053 8114
6053 12028
6053 15998
6053 19413
6054 12522
6054 17884
6055 12957
6055 19629
6056 15205
6056 18711
6056 19467
6057 9227
6057 18141
6057 19589
6058 9386
6059 11739
6059 13655
6059 16830
6059 17872
6059 18806
6060 11147
6061 17242
6062 10784
6062 19502
6063 9148
6063 17256
6064 8998
6064 11151
6064 18597
6065 9509
6065 10993
6065 12594
6065 12925
6065 15893
6065 16254
6065 16268
6065 19432
6066 10400
6066 13644
6066 13878
6067 14867
6068 9786
6068 10617
6068 18753
6068 19404
6069 17892
6069 18290
6069 19954
6070 6703
6070 12287
6070 18894
6071 8840
6071 11264
6071 12228
6071 14588
6072 9672
6072 12912
6072 15467
6073 11981
6074 11208
6074 14511
6074 15067
6074 16903
6075 18257
6075 19654
6076 10239
6076 10351
6077 11535
6077 11787
6077 13397
6078 7426
6078 7660
6078 11965
6078 13404
6078 19663
6079 14248
6079 15864
6081 9703
6081 19331
6082 16131
6083 11749
6083 11857
6083 12409
6083 13134
6083 18216
6083 19647
6084 7504
6084 12214
6084 18115
6084 19494
6085 10183
6085 11526
6085 17537
6086 13708
6087 16564
6087 17915
6088 13332
6088 19124
6089 6686
6089 12723
6089 13283
6089 18960
6090 9178
6090 9837
6090 10919
6090 11251
6090 11789
6090 19449
6091 6349
6091 10475
6092 6196
6092 9668
6092 12716
6093 8206
6094 8791
6094 14258
6094 17342
6095 15524
6095 19049
6096 9118
6097 18695
6098 9847
6099 14290
6100 11817
6100 15194
6101 6193
6101 11450
6101 11913
6101 16482
6102 8129
6102 10507
6103 12184
6103 12389
6103 16867
6103 17860
6104 6189
6104 9859
6104 12743
6104 16348
6104 18788
6105 17400
6105 18635
6106 16828
6107 14441
6107 15952
6107 19088
6108 7059
6108 14851
6108 18259
6109 7449
6109 8347
6109 16741
6109 18289
6109 18755
6110 7957
6110 9140
6110 10319
6110 11183
6110 12237
6110 12440
6110 13901
6110 16509
6111 7198
6111 7553
6111 9869
6111 10058
6112 10996
6113 7194
6113 14284
6113 14560
6113 15419
6113 17717
6114 8397
6114 11862
6114 13881
6114 16706
6114 17495
6115 15755
6116 17346
6117 17595
6117 18925
6118 7409
6118 15040
6119 10727
6119 11453
6119 17901
6119 19647
6120 9017
6120 16574
6120 19162
6120 19170
6121 8797
6121 13383
6122 8479
6122 9905
6122 15987
6123 6790
6123 18546
6123 18793
6123 19422
6125 6212
6125 7289
6125 16506
6125 19644
6126 6169
6126 11172
6126 11678
6126 13345
6127 16496
6127 18384
6129 6231
6129 6684
6129 15447
6129 15874
6129 18606
6130 8330
6130 14051
6130 15659
6130 15789
6131 6927
6131 11401
6132 6492
6132 6533
6133 14326
6133 14493
6134 9990
6134 11501
6134 12981
6135 12355
6135 12481
6135 13737
6135 14380
6135 14721
6136 8941
6136 9021
6136 10378
6136 11741
6136 17950
6137 6774
6137 7391
6137 12260
6138 8713
6138 9142
6138 13720
6138 15252
6138 19759
6139 13661
6139 19874
6140 6585
6140 8970
6140 12250
6140 15473
6140 16411
6140 17192
6141 10501
6141 18561
6142 7578
6142 10770
6142 12590
6143 12660
6143 13273
6143 18794
6143 19673
6143 19998
6144 7125
6144 7574
6144 8464
6144 12571
6144 12776
6144 12900
6144 19244
6145 10813
6145 12583
6146 8799
6146 12449
6147 11770
6147 17866
6147 19792
6148 15883
6148 18234
6149 8003
6149 16104
6149 16658
6149 16664
6149 18016
6150 8964
6150 13582
6150 17682
6150 18205
6150 19990
6151 10380
6151 14631
6152 8646
6152 12878
6153 10536
6153 11752
6153 13115
6153 14335
6153 14714
6153 17063
6153 18812
6154 6248
6154 10901
6154 11540
6154 11860
6156 9011
6156 9249
6156 17273
6157 7430
6157 9141
6158 6326
6158 8285
6158 10767
6158 14631
6158 18573
6160 9743
6161 6481
6161 11695
6161 19892
6162 7234
6162 16452
6162 17167
6163 10192
6163 10346
6163 18258
6163 18642
6163 19929
6164 12183
6164 17153
6165 10084
6165 11302
6165 19257
6166 11980
6167 16055
6167 16588
6168 8216
6168 10280
6168 14444
6168 17857
6168 18318
6169 10809
6170 9197
6171 7581
6171 11571
6171 17072
6171 19226
6172 9778
6172 11263
6172 16835
6173 6353
6173 7059
6173 8339
6173 13798
6174 7410
6174 11283
6174 13140
6174 16909
6175 6931
6175 7928
6175 8230
6176 8681
6176 16469
6177 6669
6177 7870
6177 13293
6178 15034
6178 16162
6179 6877
6179 7092
6179 8229
6179 11017
6179 12305
6180 17020
6180 18020
6180 19351
6181 12156
6181 12951
6182 8086
6182 9796
6182 11895
6183 10752
6184 6905
6184 13101
6185 6957
6185 9882
6185 11007
6185 11125
6185 13272
6185 16038
6186 8096
6186 15163
6186 16230
6186 16642
6186 19194
6188 9884
6188 10152
6188 11503
6188 13932
6188 17926
6189 15342
6190 9512
6190 18971
6191 6378
6191 19593
6192 17229
6193 9607
6193 15775
6194 8922
6194 15663
6194 16472
6195 7032
6195 14979
6195 17824
6196 9106
6196 12375
6196 16000
6197 8782
6197 8928
6197 11328
6197 11488
6197 11653
6197 14129
6197 15159
6198 13194
6198 15402
6198 16296
6199 7148
6199 11838
6199 14737
6200 9318
6200 13754
6201 6639
6201 6810
6201 14622
6201 17207
6201 19018
6202 14889
6202 16199
6202 16342
6204 16755
6205 9167
6205 17764
6207 16806
6208 6411
6208 17098
6208 18037
6208 18472
6208 19020
6210 17516
6211 7075
6211 7720
6211 8755
6211 16257
6213 7386
6214 11818
6214 14022
6214 14705
6215 12807
6215 18314
6216 7481
6216 16099
6216 17104
6217 7511
6217 7662
6217 16290
6218 15551
6218 16990
6219 8691
6220 7092
6220 7413
6220 13932
6220 13959
6220 14203
6220 14526
6220 15314
6222 9908
6222 13234
6223 17101
6223 18004
6224 6974
6224 19940
6225 6345
6225 7618
6225 12128
6226 9196
6226 14050
6227 11716
6227 13843
6228 10093
6228 18055
6229 15166
6229 16794
6229 17756
6230 8901
6230 11673
6230 12529
6231 8833
6231 9875
6231 15501
6232 8083
6232 16663
6233 8180
6233 9697
6234 8243
6234 12832
6235 7308
6236 7199
6236 7894
6236 12856
6236 16458
6238 7383
6239 6442
6239 8147
6239 10269
6239 10999
6239 18995
6240 16401
6241 9315
6241 16387
6241 19045
6242 11284
6242 17084
6244 10040
6245 6874
6245 12199
6245 17118
6245 18605
6246 9104
6246 16403
6247 7730
6247 14741
6248 18771
6250 9778
6250 14264
6250 15354
6250 18482
6250 19035
6250 19401
6251 7799
6251 8909
6251 9414
6251 12324
6251 13255
6251 13909
6252 9655
6252 16765
6253 6802
6253 9407
6253 10585
6253 15468
6254 10632
6254 12143
6255 11153
6256 14201
6256 15687
6257 8886
6257 10437
6257 13103
6258 7506
6258 9523
6258 10368
6258 13140
6259 8167
6259 9955
6259 12502
6259 13515
6259 14279
6259 18426
6260 11108
6260 17093
6260 19776
6261 7464
6261 8558
6261 11138
6261 12431
6261 14174
6261 15097
6261 16370
6262 15772
6263 6565
6264 6536
6264 17144
6264 19811
6265 8130
6265 19242
6266 11302
6266 19902
6267 15804
6267 16893
6268 7306
6268 8976
6268 14160
6268 16744
6268 17885
6268 19543
6268 19823
6270 15684
6270 17208
6271 7267
6271 9244
6271 10139
6271 11649
6271 13849
6271 15079
6271 15915
6271 16763
6271 17790
6272 12187
6272 14875
6272 16322
6272 17197
6273 6325
6273 7051
6273 11335
6273 16433
6274 9772
6275 6881
6276 8255
6276 8363
6276 10482
6276 11017
6276 13152
6276 19524
6276 19726
6277 9638
6277 11101
6278 8071
6278 8910
6278 10527
6278 14138
6278 16252
6279 15235
6280 7275
6280 8931
6280 9073
6280 9891
6280 11426
6280 16379
6280 18152
6281 11468
6282 14541
6282 15727
6283 6389
6283 14767
6283 15976
6284 12533
6284 16173
6285 10257
6285 10657
6285 12225
6286 6985
6286 9605
6286 13499
6286 19399
6287 7427
6287 13065
6287 13925
6288 6995
6288 13464
6288 14226
6288 16206
6288 18497
6289 7443
6289 8972
6289 19825
6290 11786
6290 13718
6291 13886
6292 8032
6292 10822
6292 12096
6292 15513
6293 6800
6293 9044
6293 9847
6293 10367
6293 10744
6293 15156
6293 15554
6293 17248
6294 6338
6294 8474
6294 8804
6294 12574
6294 16281
6295 11329
6295 12914
6295 15052
6296 7854
6296 8993
6296 9604
6296 13603
6296 16390
6296 16979
6296 17350
6297 6332
6297 6377
6298 7492
6298 8961
6298 11977
6298 16619
6299 13665
6299 13964
6300 15009
6301 7500
6301 9108
6301 14856
6302 9615
6302 11623
6302 13639
6303 12023
6304 9926
6305 7264
6305 19538
6306 7181
6306 10218
6306 12049
6307 7329
6307 19982
6308 10761
6308 10846
6308 19381
6308 19502
6309 7023
6309 16282
6309 18580
6310 10311
6310 11299
6310 15018
6310 16897
6311 19477
6312 11964
6313 7104
6313 7858
6313 10170
6313 13177
6313 14536
6313 15530
6313 18446
6314 6324
6314 8959
6314 14595
6315 11656
6315 15875
6316 12014
6316 18882
6317 6921
6317 7179
6317 7761
6317 11916
6317 12867
6317 15888
6317 16596
6317 17515
6317 19020
6318 7479
6318 8133
6319 7627
6319 13571
6319 16584
6320 6465
6320 12384
6320 13301
6320 14709
6321 7370
6321 8610
6321 17748
6322 6758
6322 7445
6322 9806
6322 19195
6323 8095
6323 11163
6323 12755
6323 15649
6323 15811
6323 19698
6325 6712
6325 10435
6326 7513
6326 18009
6329 10188
6329 14191
6329 16543
6330 8096
6330 8826
6330 11010
6330 13226
6331 6574
6331 6934
6331 8414
6331 9747
6331 13763
6331 14650
6331 15286
6331 16340
6331 16482
6332 8437
6332 11381
6332 12273
6332 19213
6333 15560
6333 16182
6333 17073
6334 10077
6334 11203
6334 14503
6334 14953
6334 16649
6335 6758
6335 7443
6335 15593
6335 19124
6336 6468
6336 8722
6336 19068
6337 6457
6337 12392
6337 17227
6337 19601
6338 17800
6339 10289
6339 18216
6340 14847
6341 10696
6341 12294
6341 13929
6341 17907
6341 19850
6342 18165
6342 18171
6342 18872
6343 6669
6343 10386
6343 12830
6344 8328
6344 8509
6344 14522
6344 15818
6344 16039
6345 9800
6345 15225
6345 16479
6346 13314
6346 13458
6346 18873
6347 11608
6348 8042
6348 15768
6349 8660
6349 10141
6349 10937
6349 19656
6350 6852
6350 18632
6351 6520
6351 18153
6351 19293
6352 6481
6352 7962
6352 8053
6352 11517
6353 15089
6354 10910
6355 10567
6355 13365
6355 19246
6356 16488
6357 7586
6357 13789
6357 15105
6357 17501
6358 8616
6358 12663
6358 12919
6358 16877
6358 17255
6359 8283
6359 10502
6359 16791
6360 7058
6360 12392
6360 13291
6360 14630
6360 17509
6361 7229
6361 8410
6361 8962
6361 12378
6362 19197
6363 7237
6363 15902
6363 16453
6363 17414
6363 17994
6363 18383
6363 19169
6364 9679
6364 11358
6364 12450
6364 12695
6364 19126
6365 6798
6365 6846
6365 15328
6365 15601
6366 16319
6367 7702
6367 15019
6367 15605
6367 19835
6368 8969
6368 11689
6368 18504
6369 13272
6370 10336
6371 17687
6371 19215
6372 8928
6372 13382
6372 14996
6372 15302
6373 9029
6374 8534
6374 10835
6374 11277
6374 17445
6375 6448
6376 6852
6376 7148
6376 10423
6376 10530
6377 6388
6378 7430
6378 16059
6378 16266
6378 19857
6379 19509
6380 10105
6380 11140
6380 18079
6381 16044
6382 15925
6382 16338
6383 16687
6384 7834
6384 11290
6384 17641
6385 13183
6385 19704
6386 7210
6386 9261
6387 8732
6387 15023
6387 17831
6388 6597
6388 9499
6388 11616
6388 15960
6389 11095
6389 19180
6390 9605
6390 12389
6391 7130
6391 9072
6391 13852
6391 16311
6392 14281
6392 16712
6393 14923
6393 19815
6393 19927
6394 7183
6394 9439
6394 16968
6394 17337
6395 8246
6395 9404
6395 11967
6395 14082
6395 14557
6396 8591
6396 17563
6397 18522
6398 6872
6398 10309
6399 14595
6400 6558
6400 15478
6401 9626
6401 10833
6401 16121
6402 10942
6402 16097
6403 8396
6403 10029
6403 13807
6404 8366
6404 12213
6404 19598
6405 19461
6406 18331
6407 7416
6407 13250
6407 16961
6407 17385
6408 6802
6408 7332
6408 10059
6408 14879
6408 16271
6408 17136
6409 13519
6409 16675
6409 17043
6410 7063
6410 9283
6410 10936
6410 16223
6411 10463
6411 10555
6411 10676
6412 13805
6415 9262
6415 16811
6415 17473
6416 15389
6417 6914
6417 8363
6417 8792
6419 12432
6419 13816
6419 16442
6419 17184
6420 6882
6420 10010
6420 12069
6420 15060
6421 6918
6421 15398
6421 19429
6422 10978
6422 15257
6423 15835
6424 15565
6425 7509
6425 7554
6425 8873
6425 11822
6425 12281
6426 12721
6426 14242
6427 7509
6428 7263
6428 12540
6428 13103
6428 18605
6429 10304
6429 14224
6430 12694
6431 7196
6431 8643
6431 14209
6432 6941
6432 7503
6432 10586
6433 17348
6434 8827
6434 10036
6434 11687
6434 18268
6435 6555
6435 9871
6435 10092
6435 16107
6435 19438
6436 9664
6436 12015
6438 12033
6438 13822
6438 15726
6438 18761
6439 10898
6439 16543
6440 13031
6440 14803
6440 19154
6440 19428
6441 10325
6441 11195
6441 16659
6441 19958
6442 6791
6442 8373
6442 8956
6442 13477
6442 13712
6442 16159
6442 17331
6442 18965
6443 7005
6443 7471
6443 11456
6443 12723
6443 15513
6444 14265
6451 8406
6451 11973
6452 7924
6452 17699
6452 18472
6453 9454
6453 9820
6453 10035
6453 14153
6453 14869
6453 16356
6453 16726
6454 7061
6454 13097
6455 19395
6456 9905
6456 9949
6456 18624
6456 19425
6457 12483
6457 17138
6458 7661
6458 12226
6458 18785
6459 14491
6459 18714
6460 8368
6460 15234
6461 14053
6461 18881
6462 6623
6462 8587
6462 15561
6462 15601
6462 17772
6462 19892
6465 9475
6465 9822
6465 10314
6466 7358
6467 8651
6467 11378
6467 17684
6467 18161
6467 19054
6468 10109
6468 11902
6468 12189
6468 12671
6468 13135
6468 13690
6468 16478
6469 8032
6469 12065
6470 9650
6470 13204
6470 19292
6471 7056
6471 14659
6472 7422
6472 9753
6472 10166
6472 11480
6472 18024
6472 18141
6474 7932
6475 9250
6475 15154
6475 15836
6476 6816
6476 12929
6476 14158
6476 15808
6476 16087
6476 17342
6476 17383
6477 13430
6477 19653
6479 7361
6479 13181
6479 14101
6480 8482
6480 9662
6480 11582
6480 16892
6480 18853
6481 7306
6481 19953
6482 14956
6482 15569
6483 7396
6483 11889
6483 14102
6484 19717
6485 7350
6485 8666
6485 16380
6486 6764
6486 12632
6486 12986
6486 13859
6486 17481
6487 6495
6487 8525
6487 13803
6487 15753
6488 7738
6488 12985
6489 9462
6489 19413
6490 6748
6490 14329
6491 7858
6491 17139
6491 17703
6492 18731
6492 18873
6492 19186
6492 19784
6493 6849
6493 19028
6494 11461
6494 14470
6495 14321
6496 16799
6497 14415
6497 14765
6497 19995
6498 17422
6498 18322
6499 8926
6499 13910
6499 16061
6499 16608
6500 8058
6500 16825
6501 17706
6502 12468
6504 7193
6504 8097
6504 8706
6504 9457
6504 18223
6504 19090
6505 10463
6505 13130
6505 16432
6506 14151
6506 18295
6506 19326
6507 8176
6507 12401
6507 13673
6508 12264
6509 14024
6509 14748
6509 18234
6510 6905
6510 14158
6510 16557
6511 8114
6511 13827
6511 14336
6511 14437
6511 17494
6511 18596
6512 19501
6514 10406
6514 11306
6514 17340
6515 8430
6515 9559
6515 16860
6516 10885
6516 12305
6516 13438
6516 16476
6516 18785
6517 8233
6517 9686
6517 10673
6517 14243
6518 10954
6518 12598
6518 14813
6519 8487
6519 9894
6519 10126
6520 7816
6520 12859
6520 13495
6520 18843
6521 6985
6521 14260
6522 9607
6522 9833
6522 15124
6522 16909
6522 17032
6522 17533
6522 18248
6523 7306
6523 9210
6523 11318
6524 10752
6525 14952
6525 18367
6526 7922
6526 8680
6526 16852
6526 18291
6526 19092
6527 6547
6527 10483
6527 14007
6527 19484
6528 8271
6528 17070
6529 15359
6529 15678
6531 10391
6532 12140
6532 16184
6534 7860
6534 17022
6534 18567
6536 14284
6536 16984
6538 16416
6539 9631
6539 16234
6540 9634
6540 10015
6540 12577
6541 13548
6542 12339
6542 12742
6542 14350
6542 18678
6543 8300
6543 9609
6543 9887
6543 12915
6543 13834
6543 15109
6544 11898
6544 16661
6544 17205
6545 15297
6545 15445
6545 16339
6545 19830
6546 14939
6547 7028
6547 16015
6547 18675
6548 11847
6550 13092
6550 13780
6550 13949
6550 14768
6550 15997
6550 16009
6551 15994
6552 7292
6552 9242
6552 11515
6552 14480
6553 8459
6553 10882
6553 11000
6553 11403
6553 14066
6553 14768
6553 15201
6554 14699
6555 7139
6555 8946
6555 10523
6555 13580
6556 7719
6556 12025
6556 14535
6556 15065
6556 19413
6556 19829
6557 9382
6557 13384
6558 18617
6558 18698
6559 18094
6560 10296
6560 12927
6560 14426
6560 16950
6562 10677
6562 14551
6563 8167
6563 11790
6563 13995
6563 19981
6565 16178
6566 6998
6566 7566
6566 12836
6567 11313
6567 13198
6567 14923
6568 12922
6569 12431
6569 14965
6569 17509
6570 7646
6570 12252
6571 9284
6571 11104
6572 11216
6572 16478
6572 18991
6572 19078
6572 19165
6573 11477
6574 15935
6575 8050
6575 19507
6576 7962
6576 13271
6576 15913
6576 16454
6577 10826
6579 8086
6579 13285
6579 14131
6579 14504
6579 14824
6579 18002
6580 9460
6580 9638
6580 11883
6580 18427
6580 19091
6582 15442
6582 19857
6583 7742
6583 15627
6584 10441
6585 7438
6585 13355
6585 18731
6586 11584
6586 14037
6587 15826
6587 18459
6588 6795
6588 13064
6590 11382
6590 15467
6590 16531
6591 9883
6591 14301
6591 15588
6592 7045
6593 10131
6593 15517
6594 7172
6594 10453
6596 10479
6596 13271
6597 15156
6598 8280
6598 8379
6598 17870
6599 12807
6599 18082
6599 18191
6600 8393
6602 8405
6602 14686
6602 16546
6603 8651
6603 9625
6603 14828
6604 10896
6605 7343
6605 11008
6605 11617
6605 13220
6605 18560
6605 18840
6607 8781
6608 9731
6608 12192
6608 19371
6609 6828
6609 6973
6609 7466
6609 11387
6609 12513
6609 15325
6610 16169
6611 9199
6611 16854
6611 17011
6612 19586
6612 19645
6613 18773
6614 12469
6614 14334
6615 7002
6615 10979
6615 15913
6615 18136
6616 13031
6616 15063
6616 15531
6617 15988
6617 17105
6617 18577
6618 7155
6618 17217
6618 17852
6619 9306
6620 16538
6621 11046
6621 12824
6622 9043
6622 14613
6622 17654
6623 8870
6623 15472
6624 11326
6624 11922
6624 14722
6624 19255
6625 8638
6625 10839
6625 16275
6626 7063
6626 19393
6627 11689
6627 18802
6628 8381
6628 8613
6629 7673
6629 17516
6630 9378
6630 16785
6631 9688
6631 11549
6632 9823
6632 11086
6632 16791
6632 17665
6633 10377
6633 10911
6633 16802
6634 15183
6634 15561
6634 16082
6635 7742
6635 18326
6636 18722
6636 19026
6638 9835
6638 13800
6638 16452
6638 16765
6638 16767
6638 16996
6638 17730
6639 14226
6640 7310
6640 9996
6640 11228
6640 13440
6640 18169
6640 18407
6641 7926
6641 13080
6641 13185
6641 17387
6641 18076
6641 18947
6641 19183
6642 8748
6642 13025
6642 19791
6643 10137
6643 15533
6643 16125
6643 18442
6644 7703
6644 13692
6644 14647
6644 18801
6645 9180
6645 9243
6645 14200
6645 15358
6645 15409
6645 16351
6645 18219
6646 12519
6646 14478
6646 18292
6647 12877
6647 14456
6647 18126
6647 19002
6648 9194
6648 10287
6648 12614
6649 10608
6649 19957
6650 7974
6651 7992
6651 10135
6651 13210
6651 13791
6652 13396
6652 15038
6652 15160
6653 6771
6653 10297
6653 19799
6654 7568
6654 9867
6654 15177
6654 18448
6655 10635
6655 11705
6655 14375
6657 7676
6657 8001
6657 10248
6657 18417
6658 6923
6658 7221
6658 15143
6661 9119
6661 10533
6661 13167
6662 9132
6662 9916
6663 9677
6663 13487
6664 6861
6664 15911
6665 15091
6665 15151
6665 15352
6665 17528
6666 6714
6666 9462
6666 19791
6667 9691
6667 13951
6667 18566
6668 15825
6668 19505
6669 7977
6669 8837
6669 10183
6669 10862
6669 15370
6670 7712
6670 8681
6671 12007
6671 13913
6671 16401
6671 16678
6671 17496
6672 7652
6672 8849
6672 9135
6672 11435
6672 18177
6673 15343
6673 15621
6674 8209
6674 8675
6674 9827
6675 7939
6675 17254
6675 18771
6676 7086
6676 17729
6677 8089
6677 9100
6677 13295
6677 13370
6677 19364
6678 7517
6678 13685
6678 14649
6679 9718
6680 6966
6680 11026
6680 15363
6681 10040
6681 11962
6681 15286
6682 12146
6682 13797
6682 19204
6683 6967
6683 11004
6683 12950
6683 19989
6684 8642
6684 15745
6685 8285
6685 8339
6685 10842
6685 13252
6686 7779
6686 10610
6686 11766
6686 12304
6686 12387
6687 6949
6688 8284
6688 8289
6688 9535
6688 12784
6688 16287
6688 18246
6688 18816
6688 19470
6689 8092
6689 15090
6690 15969
6690 16662
6691 17294
6691 18822
6692 9196
6692 12525
6692 14973
6692 15165
6692 17992
6692 19212
6693 8791
6693 8987
6693 15885
6693 17388
6694 9668
6694 14452
6695 14361
6696 8916
6696 15799
6696 18838
6697 7567
6697 10613
6697 13837
6697 18130
6698 9634
6698 13122
6699 15245
6699 19455
6702 8067
6702 10184
6702 11831
6702 13232
6702 19946
6703 14944
6703 16375
6703 18274
6704 9191
6704 15360
6704 16434
6704 17039
6705 13546
6705 18069
6706 8213
6706 9631
6706 15899
6707 10721
6709 11380
6709 13013
6710 7323
6710 7490
6710 13710
6710 15417
6711 11929
6711 15125
6711 18585
6712 7630
6712 8787
6712 12690
6712 13392
6712 16653
6713 7326
6713 17903
6714 6924
6714 8236
6714 10962
6714 17528
6714 18643
6715 18087
6715 19608
6716 13886
6716 15004
6717 14146
6718 7634
6718 7965
6718 8996
6719 14518
6719 14561
6720 8632
6721 7651
6721 12613
6722 6871
6722 10563
6722 12679
6722 17486
6723 12149
6723 12434
6723 13617
6724 11421
6724 13258
6724 16440
6724 16516
6725 9439
6725 10972
6725 12269
6726 8712
6726 15005
6727 15150
6727 17382
6727 17397
6728 7352
6728 17706
6728 18608
6729 7096
6729 8273
6731 7368
6731 19546
6732 16779
6732 18832
6733 9451
6733 19849
6734 7889
6734 8484
6734 10111
6734 11549
6734 14981
6735 8365
6736 7492
6736 17157
6736 19654
6737 10141
6737 11680
6737 13733
6737 14954
6737 15912
6737 18978
6737 19354
6738 8894
6738 11148
6738 13431
6738 15896
6738 17366
6738 18814
6739 8838
6740 11177
6740 14410
6740 18481
6740 18516
6740 19057
6742 11103
6742 13902
6742 15846
6742 19184
6743 14369
6743 15344
6743 17205
6743 19727
6744 9364
6744 9623
6744 11591
6745 10287
6745 10305
6745 13069
6745 16295
6745 18572
6746 15212
6746 19081
6746 19747
6747 8055
6748 8267
6748 11302
6748 14272
6748 18735
6748 19543
6748 19661
6750 7991
6750 11814
6750 15805
6750 15943
6751 7092
6751 9248
6751 9506
6751 18374
6752 10795
6753 12345
6753 15527
6753 16890
6754 9753
6754 10068
6754 18434
6755 7340
6756 19051
6757 8021
6758 8166
6759 10764
6759 13474
6760 13132
6760 19037
6761 9707
6761 10129
6761 12361
6761 18424
6761 19903
6762 9892
6762 13304
6763 11531
6763 16497
6763 18007
6764 9445
6764 10448
6764 10517
6764 11568
6764 11799
6764 14229
6764 18712
6765 10882
6765 18767
6765 19785
6766 10527
6767 11799
6767 11950
6767 13080
6768 12448
6768 14280
6768 19259
6769 8188
6769 11488
6770 8079
6770 10251
6770 17464
6770 18423
6771 14036
6771 15255
6771 15259
6771 17391
6772 8998
6772 15496
6773 14655
6774 12006
6774 14421
6774 16427
6774 16464
6774 17287
6774 18445
6775 7967
6775 10666
6775 11392
6776 12714
6776 12787
6776 13207
6778 10481
6778 13168
6779 7625
6779 18658
6779 19029
6780 15516
6780 18445
6781 11042
6781 15735
6781 17188
6782 16110
6782 16294
6782 19538
6783 7340
6783 13929
6783 14455
6783 17157
6784 9529
6784 11036
6784 11729
6784 14201
6784 14564
6784 16926
6785 8820
6785 14533
6785 17881
6785 19693
6786 7197
6786 17500
6786 19126
6786 19987
6787 10175
6787 18326
6788 10811
6788 10934
6788 13055
6788 14506
6789 8751
6790 10592
6790 16944
6791 10119
6791 12441
6792 16762
6793 9688
6793 15683
6793 18540
6794 12838
6794 18449
6795 7180
6795 7242
6795 11105
6795 14335
6795 18682
6796 12367
6796 18819
6797 11250
6798 6834
6798 8477
6798 8756
6798 18690
6798 18815
6799 7610
6799 11495
6799 12385
6799 12669
6799 14617
6799 15006
6799 18942
6800 7236
6800 9982
6800 18077
6800 19903
6801 9879
6801 12402
6801 18060
6802 11440
6802 15998
6803 8780
6803 9318
6803 10662
6803 18773
6804 8120
6804 8311
6804 8733
6804 13500
6805 8989
6805 9296
6805 10041
6805 11191
6805 18976
6806 11631
6807 8375
6807 12981
6807 19804
6808 12898
6808 19754
6809 8042
6809 8315
6809 16265
6810 11445
6811 8429
6811 9882
6811 14120
6812 7031
6812 8830
6812 15555
6813 7177
6813 19922
6814 14208
6814 16181
6814 19173
6815 11007
6815 15128
6817 8343
6818 9688
6818 13519
6819 8973
6819 9161
6819 16578
6820 14478
6820 18983
6821 14699
6821 17941
6822 9161
6822 10959
6822 14173
6823 8822
6823 11222
6823 12092
6823 13897
6824 12195
6824 13258
6824 16704
6825 10754
6825 11087
6826 8547
6826 12093
6826 13031
6826 15673
6826 15958
6826 17916
6827 7605
6827 16690
6828 9006
6828 12405
6828 12525
6829 11821
6829 19113
6830 7185
6830 8731
6830 12770
6830 13021
6830 15122
6830 19043
6831 14913
6831 18873
6832 7850
6832 10256
6832 10367
6832 10512
6832 10601
6832 14566
6832 17889
6833 7086
6833 11461
6834 7721
6834 10525
6834 14243
6834 14320
6834 18826
6835 10222
6835 11032
6836 9063
6836 16149
6836 18499
6837 10060
6837 10354
6837 10438
6837 19014
6838 17084
6839 9436
6839 11066
6839 11606
6840 10115
6840 10474
6840 12264
6840 16309
6840 19562
6841 8844
6842 18678
6843 10878
6844 8900
6844 15768
6844 19836
6845 14920
6846 7943
6846 8930
6846 10159
6846 16229
6846 18097
6847 7892
6847 9097
6847 10843
6848 8585
6848 18455
6849 10957
6849 11968
6849 16903
6849 17191
6849 19358
6850 12654
6850 13381
6850 14294
6850 19848
6851 10698
6852 12294
6852 16057
6852 18827
6853 8212
6853 13351
6854 12407
6854 15880
6854 19232
6855 8964
6856 8185
6856 8717
6856 10018
6857 13212
6857 15137
6857 19025
6858 9068
6858 12902
6859 12969
6859 18495
6860 13179
6860 15014
6861 11413
6861 15857
6861 17581
6863 10082
6863 11500
6864 7542
6864 8367
6864 13039
6864 18423
6865 7283
6865 13899
6865 14776
6865 19926
6866 9857
6866 11347
6866 12885
6867 7030
6867 8215
6867 10282
6867 11234
6868 15366
6868 19039
6870 8939
6870 13536
6870 14589
6871 11484
6872 8717
6872 9954
6872 19484
6873 12933
6874 17204
6874 18886
6875 13137
6876 9524
6876 10510
6876 10513
6876 17146
6877 8000
6877 8053
6877 9241
6877 11962
6877 13446
6877 14762
6877 15006
6877 16067
6877 18870
6878 8804
6878 16188
6878 17085
6878 19055
6879 8619
6879 8750
6879 9358
6879 13091
6881 7371
6881 9029
6881 10757
6881 15027
6881 17921
6882 8237
6882 13752
6883 7182
6884 12808
6884 15160
6884 18662
6885 9464
6885 11120
6885 16579
6885 19330
6886 8781
6886 16671
6887 12247
6887 12628
6887 12984
6888 6999
6888 13085
6888 19253
6888 19765
6889 6984
6889 13506
6889 16932
6890 10878
6890 13025
6891 7854
6891 8521
6891 9167
6891 16967
6892 7558
6892 8483
6892 10806
6893 12945
6893 16002
6894 8631
6894 8692
6894 13682
6894 18070
6896 7117
6896 12954
6896 18217
6896 19615
6896 19758
6897 16702
6898 9243
6898 12681
6898 12847
6898 17283
6899 9659
6901 10206
6902 9008
6902 9846
6902 19519
6902 19749
6903 19966
6904 10120
6904 13605
6904 15733
6904 15879
6904 18101
6904 19268
6905 15024
6905 15571
6905 16504
6906 7359
6906 9543
6907 7749
6907 10034
6907 17378
6908 15197
6908 16628
6908 19620
6909 8692
6909 18634
6909 19906
6909 19952
6910 9154
6910 15265
6910 17845
6911 18488
6911 19248
6912 8845
6912 13957
6913 6994
6913 8264
6913 12364
6913 14297
6913 15250
6914 8139
6915 9588
6915 12936
6915 17975
6916 8113
6916 8277
6916 16149
6916 18668
6917 12805
6917 13105
6917 19031
6918 11890
6918 16080
6919 9536
6919 12902
6919 16441
6920 10294
6920 13070
6920 13950
6920 15785
6920 19268
6921 12652
6921 13964
6921 16602
6922 9924
6922 10763
6923 13204
6923 14519
6923 16791
6923 19361
6924 13493
6924 19263
6925 13378
6925 13652
6925 19917
6926 10149
6926 15931
6927 15085
6927 16067
6927 17691
6928 7569
6928 12558
6929 15770
6929 18663
6929 19696
6932 18814
6933 13517
6933 14810
6933 16472
6933 18543
6934 17294
6934 18807
6934 19424
6935 13854
6935 14862
6935 15226
6935 15992
6935 16120
6935 19135
6936 8302
6936 8965
6936 10045
6936 17760
6937 17442
6937 17703
6937 18804
6938 11380
6938 15105
6938 16426
6938 18840
6939 7845
6939 8406
6940 10577
6940 16710
6940 19717
6942 8502
6942 15838
6943 8331
6943 12441
6943 18261
6944 12484
6944 15591
6944 18805
6947 9119
6947 9898
6948 7438
6948 16977
6948 18072
6950 12039
6950 14016
6951 9857
6951 13779
6952 9624
6952 11864
6954 8425
6954 8951
6954 13926
6954 14158
6955 11231
6955 16003
6956 19680
6957 13310
6958 12140
6958 13637
6958 18826
6959 9913
6960 11576
6960 14673
6960 16591
6961 13624
6961 14567
6961 15647
6961 19181
6961 19997
6962 7064
6962 7392
6962 10934
6962 13614
6963 9045
6963 16440
6963 18376
6964 7922
6965 11264
6966 7391
6966 11024
6967 11573
6967 19496
6967 19830
6968 7812
6968 11450
6968 14060
6969 12387
6969 14252
6969 17584
6970 19044
6972 7951
6972 11845
6974 12171
6974 19134
6975 9150
6975 10168
6975 16139
6975 19636
6976 8549
6976 10034
6976 12338
6976 19025
6977 7713
6977 8979
6977 14850
6977 19761
6978 13757
6978 15246
6978 16922
6979 7842
6979 9764
6979 13686
6979 19973
6980 17453
6980 19661
6981 10788
6981 11270
6981 12530
6982 17934
6982 19109
6983 8781
6983 11963
6983 14961
6983 18422
6984 7833
6984 9393
6984 9865
6984 13858
6984 19162
6985 17357
6986 16111
6986 17421
6987 11069
6987 15494
6988 7264
6988 14885
6988 16090
6989 13202
6989 16490
6990 10353
6990 11639
6991 11358
6991 13401
6991 16257
6992 9998
6992 10534
6992 12418
6993 7866
6993 7871
6994 18719
6995 11057
6997 14603
6998 9224
6998 10652
6998 12665
6999 7263
6999 7456
6999 18018
6999 18375
7000 7296
7000 13810
7001 14306
7001 14713
7001 19501
7002 8788
7002 10485
7002 12611
7003 15563
7003 16032
7003 18176
7004 10254
7005 7961
7005 19341
7006 13358
7006 14282
7006 14790
7006 19720
7007 17882
7007 17952
7007 19214
7008 15602
7009 7392
7009 9409
7009 9817
7009 10489
7009 11321
7009 11448
7009 15416
7009 17758
7009 19836
7010 13248
7010 17763
7012 11004
7013 14031
7014 15224
7015 9439
7015 10373
7015 14714
7015 14870
7016 10006
7016 18658
7017 8135
7018 10355
7018 17120
7018 18551
7019 8383
7019 9061
7020 8995
7020 10873
7020 12587
7020 12849
7020 13643
7020 16428
7021 12430
7021 15891
7021 18513
7021 18631
7021 18750
7022 7537
7022 8677
7023 7953
7023 8895
7023 9384
7023 19415
7024 11713
7024 13518
7025 8569
7025 8770
7025 9674
7025 11409
7026 7584
7026 11975
7026 14746
7027 14112
7027 16452
7028 13067
7028 14598
7028 18764
7029 10613
7029 11873
7029 12359
7029 12597
7029 13630
7030 9450
7030 11888
7031 9544
7031 13895
7032 11137
7032 14851
7033 9683
7033 17033
7034 8688
7034 10606
7034 15707
7034 16282
7034 16746
7035 9596
7035 10105
7035 12448
7035 13191
7035 15504
7035 15764
7035 19911
7036 9622
7037 8271
7037 16239
7038 7829
7038 11200
7038 15699
7038 16876
7039 11218
7039 13136
7039 13560
7039 16494
7040 11082
7040 18472
7041 11523
7042 19184
7043 9677
7043 12980
7043 19107
7043 19608
7045 9120
7045 9536
7046 9781
7046 11231
7046 13196
7046 14852
7046 16891
7046 17822
7046 18713
7047 12388
7047 16968
7048 16281
7049 11151
7049 11825
7050 12590
7051 8493
7051 8662
7051 11009
7052 7864
7052 19738
7053 9025
7053 9595
7053 17138
7053 17224
7055 7673
7055 10171
7056 8970
7056 9325
7057 8159
7057 9782
7058 7847
7058 15692
7059 15105
7059 18238
7060 9794
7060 11694
7060 16591
7061 9261
7061 14221
7062 8547
7062 9634
7062 11819
7062 17967
7062 19689
7063 9490
7063 18150
7064 7588
7064 12119
7064 13028
7064 14637
7064 15537
7064 15736
7065 12626
7065 14625
7066 7860
7066 16528
7067 10567
7067 11610
7067 12963
7067 13462
7067 16383
7068 7774
7068 15396
7069 7596
7069 8263
7069 8858
7069 10083
7069 13920
7070 7928
7071 16374
7071 18750
7072 9318
7072 9727
7072 19680
7074 19836
7074 19947
7076 12223
7076 14086
7076 19262
7076 19807
7077 7429
7077 14147
7077 16250
7078 8065
7078 12537
7078 18212
7079 7227
7079 19037
7080 9726
7080 13217
7080 16734
7081 8209
7081 8987
7082 7140
7082 8153
7082 14042
7082 14807
7082 18461
7082 19196
7083 10829
7084 9527
7084 16275
7085 13109
7085 15088
7085 15615
7086 8522
7086 15326
7086 16598
7086 17639
7087 12464
7087 14304
7087 18735
7088 16072
7089 11274
7089 14747
7089 19884
7090 13548
7090 14019
7091 7240
7091 14694
7091 17267
7091 17668
7091 18231
7091 19291
7092 7351
7092 10892
7092 13228
7092 14157
7092 18572
7094 10566
7094 17820
7095 7266
7097 14037
7097 17901
7097 18630
7097 18957
7098 15479
7099 8549
7099 10248
7099 11918
7099 13826
7100 8674
7100 8810
7100 9193
7100 11298
7100 12098
7100 17739
7100 18483
7101 11722
7101 19886
7102 10847
7102 11182
7102 16881
7102 19299
7102 19699
7102 19944
7103 7380
7104 9773
7104 13784
7105 8492
7105 9182
7105 9288
7105 11736
7105 11903
7105 14122
7105 17994
7106 9497
7106 11496
7106 14549
7106 14912
7108 11595
7108 11826
7108 12862
7108 13778
7108 15626
7109 11651
7109 19140
7110 10137
7110 14255
7110 14325
7111 15041
7111 16287
7113 10880
7113 11459
7114 7870
7114 10941
7115 12194
7115 14434
7115 14478
7116 14318
7117 10418
7118 18041
7120 10835
7120 12496
7120 16586
7120 19172
7121 8591
7121 10636
7121 14436
7121 15898
7121 17065
7122 11846
7122 13990
7122 18864
7123 14155
7124 19894
7125 9686
7125 11062
7125 11560
7125 14386
7126 18469
7126 19349
7127 8932
7127 9760
7127 11379
7127 14665
7128 11335
7128 11802
7128 15251
7128 17267
7128 19311
7129 8379
7129 14913
7130 10988
7130 12950
7131 9968
7131 18176
7132 10018
7132 11698
7132 14389
7132 17880
7133 7458
7133 13400
7134 13562
7135 7222
7135 12027
7136 11026
7136 12314
7136 18407
7136 19264
7137 7704
7137 7770
7137 10281
7137 11000
7137 11110
7137 12198
7137 13299
7137 18332
7138 11087
7139 13638
7140 10221
7140 17811
7140 18295
7141 8395
7142 11701
7142 15161
7142 17994
7142 19009
7143 9078
7143 11666
7143 13298
7144 11580
7144 15771
7145 7399
7145 10685
7145 14048
7146 14001
7146 15417
7147 14666
7147 15462
7147 18803
7148 10629
7148 18385
7149 12893
7149 18213
7149 19554
7150 11211
7150 15331
7151 7634
7151 10443
7151 12581
7151 12753
7151 12917
7152 13158
7153 15752
7153 19150
7154 8056
7154 8614
7155 10769
7155 18975
7156 17873
7157 11585
7157 16516
7158 8990
7158 9315
7158 11671
7158 11786
7158 13609
7159 15679
7159 17023
7160 9654
7160 15272
7160 16443
7160 18041
7161 19328
7162 15436
7162 18754
7162 19287
7163 11394
7163 13266
7163 15041
7163 15798
7163 16263
7163 18188
7164 7758
7164 8687
7164 9999
7164 11137
7165 8506
7165 9526
7166 8533
7166 12822
7166 15677
7166 18208
7167 8551
7168 17626
7168 19369
7169 8506
7169 15288
7169 16886
7169 18701
7170 17473
7171 17285
7171 17897
7173 13041
7173 17489
7174 8967
7174 10801
7174 12817
7174 17722
7174 17967
7175 13709
7175 18506
7175 18641
7176 14895
7176 17771
7177 7214
7177 17944
7177 18402
7178 7494
7178 8189
7178 10114
7178 11833
7178 12697
7178 14325
7178 16035
7179 8244
7180 11977
7180 18677
7180 19832
7181 7351
7181 8219
7181 10534
7181 12175
7181 14460
7181 17936
7182 8282
7182 8370
7182 12530
7182 13632
7182 17366
7183 10356
7183 11350
7184 9731
7185 10808
7185 18088
7186 10448
7186 12555
7186 13182
7186 16840
7187 7246
7187 10649
7187 16404
7188 7961
7188 7992
7188 8475
7188 9312
7188 17936
7189 17605
7189 17632
7190 8897
7190 16174
7191 16508
7192 15587
7193 12435
7193 16367
7194 18301
7195 10406
7195 12125
7196 7539
7197 8786
7197 12657
7197 14577
7197 16389
7198 7933
7198 11522
7198 12232
7199 11418
7199 16870
7199 18675
7199 18994
7199 19656
7200 7239
7200 8999
7200 18783
7201 17666
7202 8083
7202 16406
7202 19753
7203 8798
7203 10355
7204 11590
7204 15618
7206 14254
7207 8003
7207 11355
7208 11204
7208 17592
7209 7490
7209 11598
7210 7416
7210 10352
7210 11735
7210 15166
7211 12876
7211 13133
7211 13416
7212 10994
7212 16978
7212 17353
7212 18533
7212 19663
7213 9407
7213 18867
7213 19507
7214 7838
7214 7864
7214 10159
7214 14606
7214 15100
7214 15124
7215 14919
7216 10362
7216 19140
7217 11847
7217 15294
7218 12467
7218 14535
7218 14590
7219 9194
7221 8382
7221 9128
7221 9692
7222 19972
7223 15271
7224 14980
7224 16331
7224 17833
7224 19928
7225 8870
7225 12726
7225 13853
7226 7659
7227 10931
7227 11984
7227 12950
7227 13028
7227 14088
7227 19028
7228 14402
7229 7735
7229 12916
7229 13306
7230 7909
7230 19285
7230 19302
7231 11418
7231 19060
7231 19927
7232 10702
7232 19139
7234 9513
7234 12445
7234 15052
7235 8259
7235 12196
7235 13169
7235 13683
7235 16709
7236 10359
7236 16842
7237 10651
7237 11688
7237 14394
7237 15599
7237 16794
7237 19385
7238 11246
7238 14997
7239 7581
7239 12634
7239 12941
7239 14552
7239 14876
7240 8850
7240 10609
7240 15998
7242 9744
7242 10546
7242 14879
7244 12747
7244 12961
7244 15683
7245 15584
7245 17396
7246 9107
7247 14596
7247 18789
7248 18182
7249 13812
7249 14918
7249 18584
7250 8830
7250 15529
7250 18376
7251 13225
7251 17174
7251 17895
7252 10088
7252 16767
7252 19776
7253 16660
7254 12658
7254 16054
7254 16862
7254 19728
7255 12908
7255 14582
7256 12706
7257 15602
7258 7831
7258 10763
7258 11741
7258 15988
7258 17023
7259 11022
7259 13311
7259 14272
7260 8347
7260 14711
7260 17210
7261 7572
7262 11246
7262 14965
7262 17584
7263 17755
7263 19934
7264 14295
7264 17645
7264 19536
7265 7343
7265 19147
7266 8631
7266 18825
7266 19493
7267 8950
7268 16106
7268 19058
7268 19886
7269 7306
7269 11688
7269 12810
7269 14937
7270 8248
7270 12437
7270 13769
7270 17475
7271 8464
7271 17362
7273 9867
7273 10241
7273 13494
7273 14639
7273 14988
7273 15545
7273 16913
7274 13044
7274 15200
7275 8654
7275 13713
7276 8431
7276 12661
7276 12715
7276 14075
7276 16494
7277 13308
7277 16188
7277 17722
7277 18921
7278 14656
7278 16872
7279 8014
7279 11808
7279 13295
7279 15433
7279 16080
7280 11696
7281 9236
7281 11703
7281 13704
7282 14449
7283 9366
7283 14313
7283 19839
7284 14672
7285 11340
7285 11675
7285 11712
7285 17307
7285 17530
7286 13729
7287 10408
7287 18540
7287 19790
7288 10230
7288 11928
7288 15725
7288 19259
7289 10342
7290 19481
7291 13882
7292 7691
7292 10704
7292 12527
7292 17723
7292 18165
7293 8982
7293 10474
7293 11017
7293 11739
7293 12612
7293 17725
7294 7798
7295 15382
7295 17760
7296 9544
7296 19604
7297 9262
7297 11865
7298 13184
7298 17877
7299 12015
7299 13185
7299 14140
7299 14984
7299 18170
7300 12755
7301 13044
7301 13425
7302 16989
7302 18982
7302 19300
7304 11314
7304 16415
7305 10397
7305 11082
7305 14225
7305 15625
7306 7637
7306 9692
7306 10131
7306 18932
7307 8858
7307 18605
7308 10817
7308 18548
7309 11542
7309 12344
7310 7968
7310 12189
7311 10655
7311 13597
7311 13966
7312 17173
7313 9782
7313 11582
7313 12949
7313 17014
7314 8886
7314 16677
7315 8253
7315 11015
7315 14837
7316 13375
7317 8561
7317 10871
7317 12701
7317 15187
7317 19409
7318 10249
7318 11316
7320 10019
7320 11198
7320 12088
7320 13937
7321 9564
7321 11811
7321 14395
7322 7433
7322 8826
7322 13453
7322 17323
7323 11087
7323 16665
7324 11372
7324 12545
7324 13442
7324 16826
7325 9797
7326 11058
7326 18747
7327 8560
7327 16120
7327 18455
7327 18744
7327 19496
7328 10321
7328 16411
7328 18618
7328 18876
7329 11326
7329 12876
7329 16373
7329 16399
7330 8633
7330 11073
7330 11610
7331 7951
7331 13984
7331 15879
7331 17528
7331 18836
7331 19611
7332 8079
7332 12534
7332 17468
7333 7341
7333 10375
7333 19025
7334 8428
7334 9085
7334 16438
7334 17613
7334 17858
7335 9878
7335 13935
7336 11560
7336 14461
7336 14732
7336 16548
7336 16729
7336 16880
7337 7745
7337 17529
7338 7676
7339 9602
7339 11430
7339 13383
7339 16380
7339 17818
7339 18625
7339 18945
7340 12530
7340 16470
7341 8768
7341 16796
7341 19319
7342 7348
7342 11366
7342 19247
7343 11377
7343 14125
7343 14653
7344 9703
7344 14764
7344 18772
7345 15979
7346 12543
7347 11065
7347 14108
7348 10128
7348 17312
7349 19814
7350 15153
7350 18768
7351 9928
7351 13886
7351 14564
7352 9103
7352 10143
7352 14329
7353 8854
7353 12133
7353 14394
7354 10735
7354 19263
7355 11258
7358 7786
7358 15937
7358 18435
7359 13901
7359 15237
7359 17373
7359 17375
7361 8930
7361 17360
7361 18216
7364 7816
7364 18916
7365 17135
7366 15345
7367 11307
7367 17251
7368 9557
7368 18368
7369 8914
7369 13141
7370 8347
7370 11103
7370 19285
7371 8472
7371 11702
7371 13285
7371 14238
7372 9259
7373 10466
7373 10777
7373 18409
7374 12392
7374 13422
7374 19687
7375 14365
7375 15541
7375 16590
7376 14342
7376 15430
7376 16372
7376 19997
7377 12420
7377 13801
7378 11128
7378 12937
7378 15366
7378 16754
7378 17038
7379 12785
7379 12852
7379 15920
7379 19414
7380 17422
7380 17602
7381 11935
7381 16748
7382 12770
7382 17333
7383 9957
7384 9449
7384 19408
7385 11497
7385 14891
7385 18515
7386 16797
7386 19516
7387 10323
7388 11921
7388 15297
7388 17389
7388 17707
7389 9305
7389 12312
7389 12507
7389 13273
7389 18085
7390 7651
7390 14634
7390 18671
7391 11014
7391 13190
7391 18334
7392 9339
7392 18811
7393 13006
7393 14402
7394 13677
7394 14005
7394 15569
7394 16097
7394 19295
7395 19096
7395 19726
7396 9398
7396 11079
7396 16615
7397 8806
7397 10661
7397 11994
7397 18160
7397 19589
7399 11129
7400 11080
7400 14047
7400 15709
7401 12641
7402 9559
7402 14018
7402 14764
7402 15983
7402 18005
7402 19361
7402 19654
7403 8710
7403 12882
7403 15541
7403 16693
7404 12835
7405 14276
7406 8704
7406 15216
7406 18877
7407 13794
7407 15558
7408 9332
7408 15562
7408 15715
7408 19267
7409 7464
7409 8154
7410 11510
7410 17449
7410 19438
7411 8064
7411 11464
7412 14249
7413 10734
7413 12211
7413 14139
7413 14721
7414 7893
7414 9764
7414 18591
7415 8507
7415 10215
7415 14468
7416 9421
7417 14445
7417 14763
7417 16464
7417 18007
7418 14815
7418 17820
7419 7786
7419 13937
7419 14667
7419 15659
7419 15766
7419 19801
7420 9668
7420 9682
7420 10889
7420 10964
7420 16637
7420 19449
7421 14481
7422 8343
7422 14278
7423 8165
7423 10231
7423 13232
7423 13563
7423 14425
7424 12253
7424 16188
7425 8205
7425 11444
7425 11712
7425 12834
7426 12888
7426 17329
7427 8170
7427 9207
7427 17152
7428 15192
7428 19467
7429 9604
7429 10852
7429 19133
7430 10156
7430 12253
7430 13081
7430 19887
7431 10660
7431 14553
7431 17696
7432 10596
7432 19716
7433 11395
7433 12177
7433 18961
7434 9499
7434 11070
7434 16269
7435 9698
7435 18372
7436 16297
7437 10226
7438 11696
7438 11758
7438 17760
7439 12016
7441 8380
7441 12362
7441 16356
7441 16618
7441 18783
7442 15400
7442 16727
7442 16965
7443 9695
7443 11126
7443 11966
7443 13985
7443 15390
7443 18507
7444 11984
7444 15550
7445 19884
7446 11312
7447 15167
7447 19042
7448 7668
7448 17824
7449 13193
7449 15020
7449 19104
7450 18896
7451 9953
7451 17946
7451 19265
7452 17046
7452 18437
7453 9739
7453 10759
7453 12067
7453 13120
7453 14030
7453 14951
7454 9043
7454 16096
7454 18837
7455 14279
7456 8356
7456 12134
7456 16090
7456 17929
7457 13406
7458 7799
7458 17925
7459 15814
7460 10436
7460 12226
7461 11005
7461 12833
7461 16902
7461 17675
7462 7671
7462 19629
7463 9216
7463 16462
7464 11722
7465 8357
7465 13863
7465 18754
7465 19907
7466 7485
7466 8656
7466 10621
7466 18256
7467 11851
7468 16363
7470 9650
7470 15239
7471 11029
7471 11764
7472 7577
7472 8411
7472 9174
7472 11208
7472 14074
7473 8301
7473 11577
7473 14122
7473 17393
7474 8438
7474 8622
7475 16340
7475 18547
7476 12408
7476 13356
7478 8180
7478 8513
7478 18207
7479 8390
7479 8816
7479 12664
7479 19157
7480 12995
7482 7707
7482 10333
7482 12179
7482 16404
7483 11619
7483 17196
7484 8204
7484 12175
7484 15429
7484 16360
7485 10585
7485 12023
7486 9994
7486 14203
7486 16364
7486 17799
7487 14851
7487 17213
7488 16365
7488 19730
7489 17337
7491 12370
7492 11200
7492 12043
7492 17760
7493 8536
7493 9847
7493 17216
7494 10296
7494 15755
7495 7859
7495 8354
7495 12141
7495 13285
7495 15607
7496 9948
7496 12576
7496 17128
7497 10545
7497 17796
7498 16142
7499 9002
7499 14904
7500 9743
7500 16792
7501 10787
7501 13902
7501 15811
7501 17402
7501 19249
7502 11757
7503 13812
7503 15246
7503 17417
7503 17670
7503 17899
7504 11615
7504 11832
7504 12612
7504 18158
7505 9450
7505 10133
7505 14930
7505 16863
7505 18651
7506 8713
7506 14562
7507 10639
7507 18562
7508 17089
7509 13428
7509 13616
7509 17515
7509 17640
7510 9848
7510 10305
7510 11752
7510 15329
7510 17761
7511 8301
7511 10278
7511 10517
7511 10869
7512 12694
7513 8075
7513 8684
7514 17035
7515 7738
7515 9403
7516 10779
7516 12519
7516 13508
7516 13596
7517 8871
7517 16549
7517 19993
7518 10560
7518 14679
7518 17204
7519 19045
7520 12573
7520 16067
7520 17231
7521 9389
7521 11820
7521 12473
7521 18697
7522 13775
7522 15535
7522 17192
7523 11865
7524 8651
7525 13833
7526 13443
7526 15497
7526 18643
7527 8839
7527 14273
7527 15185
7527 16877
7527 19924
7528 8080
7528 14451
7528 17928
7529 12564
7529 12949
7530 14892
7531 9989
7531 17225
7532 16826
7532 17830
7534 10760
7534 14988
7535 8308
7535 11033
7535 14483
7535 19636
7536 13707
7536 18968
7537 12333
7537 14441
7537 16604
7537 19115
7538 12092
7538 15961
7538 17859
7539 13948
7539 15138
7539 17701
7540 13792
7541 8082
7541 9957
7541 11393
7541 12103
7541 17985
7541 19506
7542 9668
7542 10509
7542 14946
7542 19980
7543 14225
7544 10103
7545 8145
7546 18167
7546 19080
7547 10463
7548 10203
7548 10398
7548 12115
7548 14067
7549 17070
7549 18827
7550 14540
7551 8099
7551 9142
7551 11373
7551 12110
7551 15145
7551 17654
7551 17898
7552 18824
7553 11649
7553 14271
7553 18398
7554 11258
7554 14825
7554 19750
7555 8739
7555 9856
7555 11013
7555 14663
7556 19034
7557 8397
7557 14433
7557 15059
7557 15101
7557 16089
7558 10013
7559 12040
7559 16299
7560 13100
7561 7567
7561 17865
7563 8689
7563 15419
7563 15686
7563 19381
7565 8410
7565 12381
7566 9015
7566 11845
7566 12692
7566 13336
7566 16320
7566 17330
7567 10061
7567 15354
7568 18811
7569 12534
7569 13107
7569 14729
7569 18131
7570 12873
7571 11449
7571 17913
7572 15572
7572 17694
7573 10849
7573 19454
7574 14848
7574 14901
7574 19456
7575 14936
7575 15823
7576 11470
7576 11693
7576 15746
7576 18355
7576 18784
7577 8107
7577 18580
7578 8093
7578 13233
7578 19462
7579 14621
7580 9756
7580 11476
7580 13320
7580 13545
7580 16734
7581 12980
7581 17583
7582 9808
7582 10721
7583 11755
7583 17003
7583 18626
7584 7993
7584 8144
7584 8910
7584 12157
7584 12734
7584 15524
7585 12754
7585 15665
7585 19332
7586 17991
7587 14150
7588 9847
7588 18279
7588 19629
7589 8799
7589 16198
7589 19128
7590 11031
7591 8782
7591 9197
7591 10037
7591 11457
7591 12582
7592 14673
7592 16660
7592 18940
7592 19118
7594 8046
7594 12198
7595 14838
7596 10328
7597 15075
7597 18658
7598 9809
7599 7657
7600 7870
7600 13174
7600 13656
7600 15834
7601 9215
7601 13086
7601 14698
7601 15285
7601 15465
7601 17559
7602 7767
7602 17342
7604 9294
7604 11935
7605 12655
7606 11783
7607 7713
7607 9709
7607 13257
7607 13649
7607 18955
7608 9954
7608 11532
7609 9936
7609 12706
7609 16013
7610 10340
7610 15887
7611 14381
7611 17107
7612 9891
7612 14841
7613 10965
7613 16847
7614 8672
7614 10761
7614 17511
7615 19747
7616 17463
7617 10711
7617 17133
7618 9737
7618 11637
7618 12947
7618 17792
7619 11673
7619 14082
7620 11293
7620 12832
7620 17520
7620 18206
7620 19399
7620 19678
7621 8940
7621 17777
7622 12039
7623 7713
7623 9131
7623 10335
7624 8579
7624 9241
7624 11929
7624 12071
7624 14130
7624 15675
7625 9967
7625 16537
7625 19242
7626 9399
7626 14017
7626 17500
7627 16369
7628 12400
7628 14381
7628 16434
7628 16930
7628 17285
7628 18593
7628 18714
7628 18770
7629 8086
7629 9778
7629 11237
7629 16605
7630 9124
7630 14808
7630 17736
7630 17879
7631 10008
7631 13133
7631 17753
7631 18785
7631 19484
7631 19809
7632 17916
7632 18195
7632 18291
7633 9840
7633 18714
7634 13068
7634 13267
7634 14710
7634 17837
7634 18338
7635 12821
7635 14695
7635 15361
7635 15652
7635 17000
7635 18542
7636 7871
7636 19113
7637 9601
7638 8508
7638 13806
7638 17854
7640 11269
7640 17989
7641 15569
7641 16617
7642 10251
7642 14457
7642 19443
7643 10497
7643 10706
7643 17351
7644 11899
7644 17609
7644 18796
7645 13100
7645 16417
7646 14615
7647 9233
7647 11736
7648 10220
7648 10297
7648 16024
7649 13584
7649 18590
7650 10130
7650 13824
7651 8827
7651 8963
7651 15864
7652 9959
7652 11689
7652 12403
7653 12302
7653 14122
7655 17058
7656 16569
7657 7829
7657 8810
7657 10226
7658 8132
7658 10511
7658 19958
7659 8431
7659 10795
7659 10860
7659 12538
7659 18739
7661 9981
7662 11475
7662 12782
7662 15559
7662 17360
7662 19918
7663 15038
7663 18398
7664 8855
7664 12175
7664 12555
7664 15162
7664 16126
7664 16649
7665 12917
7666 18999
7667 11283
7667 12360
7667 13614
7669 12934
7670 7674
7670 9808
7670 13002
7670 15447
7670 19512
7671 16035
7671 17496
7671 17720
7671 19523
7673 9864
7673 11839
7673 12012
7673 15923
7673 17229
7674 14745
7674 15461
7674 19109
7675 10153
7675 12061
7675 19661
7676 10767
7676 16111
7676 16748
7677 11202
7678 15748
7679 10991
7679 17734
7680 8280
7680 12123
7680 13167
7681 12936
7681 19892
7682 11819
7682 16606
7682 17252
7682 17635
7683 15524
7683 18660
7684 14607
7685 11669
7685 14556
7686 14226
7686 15128
7686 16807
7687 8445
7687 12256
7687 18873
7688 11159
7689 11688
7689 11749
7690 8048
7690 13862
7691 8479
7691 11453
7691 13178
7691 14421
7691 15459
7692 8560
7693 17395
7694 8602
7694 12420
7694 18379
7694 19204
7694 19504
7695 18716
7697 10273
7697 18616
7697 19581
7698 10075
7698 11970
7698 13321
7698 14870
7698 15681
7699 16643
7700 8230
7700 13956
7701 17155
7701 19326
7701 19669
7702 19273
7703 11078
7703 16198
7703 17153
7703 18657
7703 18936
7703 19103
7703 19220
7705 10938
7705 16395
7705 18774
7706 7751
7706 8292
7706 10182
7706 11030
7707 15638
7708 9002
7708 9812
7708 12278
7708 13449
7708 14158
7708 17062
7708 18389
7709 15279
7710 13648
7710 14500
7711 7996
7711 9823
7711 12541
7711 17687
7712 8093
7712 12072
7712 12206
7713 14229
7714 8452
7714 13542
7715 12849
7715 17841
7716 7790
7716 9385
7716 11927
7716 16270
7716 17027
7716 18846
7717 8896
7717 9005
7717 14299
7718 9315
7719 9765
7719 17312
7721 12311
7721 12743
7721 12933
7721 18649
7722 11348
7722 13846
7722 14829
7722 15237
7723 7845
7723 8151
7723 10065
7723 13763
7723 14887
7724 9068
7724 10934
7724 11140
7724 17070
7724 19264
7725 11758
7725 11848
7725 11930
7726 9020
7726 16508
7726 17192
7726 18825
7727 11411
7727 12515
7727 17406
7728 13359
7728 13968
7729 8086
7729 8368
7729 14222
7729 17969
7730 9169
7730 9665
7730 13421
7730 18896
7731 9745
7731 12997
7731 17149
7732 12406
7732 14333
7733 12902
7733 19124
7733 19493
7734 9872
7734 10775
7735 9829
7735 15775
7737 8643
7737 16663
7738 11614
7739 11020
7739 13488
7739 14219
7739 19262
7740 8566
7740 14371
7741 16791
7741 17266
7742 9408
7742 12788
7743 17321
7743 18554
7745 8786
7745 10388
7745 14255
7745 15467
7745 16833
7746 11305
7746 15481
7746 18830
7747 12923
7747 17882
7747 19155
7748 10674
7748 15652
7748 16764
7749 8084
7749 11857
7749 13240
7749 15634
7750 17539
7751 10021
7751 10040
7752 14655
7752 16495
7753 8122
7753 11640
7754 10181
7754 19314
7755 9524
7755 9716
7755 19576
7757 19121
7758 8603
7758 11071
7758 13547
7758 14857
7758 15380
7758 16774
7758 17388
7758 18243
7758 18552
7759 9835
7759 10264
7759 11766
7759 13468
7760 11785
7760 15212
7761 13621
7761 18330
7762 14581
7763 8278
7763 16489
7764 10396
7764 14400
7765 7790
7765 11824
7765 13289
7765 14971
7765 17805
7766 11787
7766 12460
7766 16573
7766 18892
7767 10740
7767 10915
7767 16926
7768 14895
7768 17519
7768 17875
7769 10277
7769 11507
7769 14001
7769 16934
7770 13975
7770 19608
7771 11098
7771 13614
7771 14068
7771 16815
7772 8801
7772 9665
7772 12608
7772 12757
7772 17681
7772 18495
7774 10327
7774 19102
7775 15904
7775 16736
7776 14542
7777 12392
7777 17700
7777 17820
7778 8860
7778 17670
7779 17622
7779 18645
7780 13100
7780 18419
7780 18433
7780 19994
7781 8639
7781 12606
7781 16038
7782 11889
7782 13303
7782 17725
7784 14948
7784 15861
7785 11300
7785 14601
7785 15606
7785 17009
7786 17907
7787 10693
7787 14662
7788 9111
7788 11772
7789 11323
7791 10722
7791 10828
7791 11777
7792 7848
7792 10371
7792 16020
7792 16547
7793 15363
7794 12006
7794 12310
7795 14360
7795 15297
7796 8388
7796 19325
7797 11747
7797 15252
7797 16471
7798 8596
7798 11300
7799 9068
7799 17386
7800 10126
7800 12895
7800 15684
7800 16230
7800 18603
7801 9724
7801 10545
7802 10937
7802 14481
7803 8917
7803 10400
7803 10814
7803 11688
7803 11957
7803 19637
7804 9968
7804 10195
7804 17540
7805 10518
7805 16538
7805 17927
7806 12032
7806 19471
7807 15018
7808 8955
7808 12304
7808 14762
7809 9384
7810 8952
7810 13312
7810 13338
7810 15306
7810 18594
7811 10830
7811 13538
7811 13612
7811 18518
7811 18664
7813 13182
7813 17079
7814 8635
7814 13972
7814 14010
7814 19466
7815 10430
7816 8399
7816 10172
7817 16132
7818 13015
7819 8168
7819 14352
7819 15541
7819 17972
7820 14098
7820 19147
7821 15328
7821 17134
7821 19074
7822 9181
7822 11050
7822 11710
7822 12327
7823 9629
7823 15737
7824 16718
7824 18490
7824 18685
7825 17621
7826 17087
7826 17881
7827 11874
7827 19106
7828 14137
7828 15311
7829 8622
7829 15465
7830 11147
7830 11490
7830 19736
7831 10948
7831 16224
7832 14394
7832 15962
7832 16343
7832 18093
7833 11679
7833 14197
7833 15047
7833 17477
7833 17511
7835 9228
7835 15565
7835 18012
7836 12275
7836 19277
7839 9913
7839 10890
7841 8067
7841 11560
7841 17678
7841 19016
7841 19153
7841 19481
7842 10078
7842 16704
7842 17791
7843 10024
7843 14269
7844 14896
7845 12874
7845 19559
7846 8852
7846 9604
7847 10070
7847 14182
7847 15447
7848 9526
7848 10094
7848 12536
7849 9575
7849 10821
7850 9139
7850 12861
7850 13689
7850 16770
7850 18137
7851 10168
7851 13746
7852 8875
7853 10568
7853 19131
7854 18812
7855 9573
7855 18108
7856 9339
7856 15295
7856 16173
7857 8578
7857 12206
7857 13539
7858 8388
7858 8398
7858 14324
7859 9290
7860 8955
7860 15270
7860 16460
7860 18857
7860 18938
7861 9020
7861 10145
7861 12086
7861 13882
7861 16215
7861 18562
7862 15702
7862 18621
7863 14715
7863 18498
7864 8466
7864 19823
7865 15101
7865 16383
7865 18508
7866 11068
7866 11145
7866 12706
7866 15273
7867 12528
7867 18989
7868 16399
7868 17302
7868 18488
7868 19672
7869 10960
7869 14850
7869 18962
7870 18716
7870 19237
7871 10923
7871 14991
7871 15247
7871 17101
7871 18645
7872 10483
7872 14123
7872 16050
7873 8787
7873 12186
7874 11864
7874 16547
7874 19187
7875 14055
7875 14821
7875 15609
7876 9344
7876 9958
7876 11905
7876 15025
7876 16042
7877 8570
7877 10893
7877 19966
7878 13192
7878 18376
7879 12921
7880 8490
7880 16956
7881 10731
7881 19530
7882 7937
7883 10382
7883 12953
7883 19500
7883 19943
7884 8578
7884 8617
7885 17167
7886 8862
7887 11249
7887 16443
7888 8026
7888 13329
7888 13689
7888 17669
7889 7985
7890 8233
7890 14524
7890 15842
7891 8609
7891 12953
7891 13174
7892 16373
7892 17098
7892 17972
7894 8132
7894 9945
7894 19685
7895 8534
7895 12609
7895 18760
7896 8002
7896 9114
7896 11250
7896 12747
7896 17911
7897 13086
7898 10854
7898 12105
7898 16037
7898 18278
7899 16752
7900 10300
7900 10578
7900 19330
7901 10821
7901 11659
7901 12055
7901 15100
7901 17816
7901 19333
7902 11466
7902 15943
7903 8764
7905 9104
7905 12646
7905 16556
7905 17982
7905 18672
7906 18219
7907 13290
7908 12027
7908 16164
7908 18905
7909 10483
7910 10150
7910 17282
7910 18019
7911 8502
7911 9152
7911 10480
7911 14622
7911 17322
7912 8551
7912 17923
7912 19908
7913 12724
7913 12758
7914 8417
7914 18735
7916 8330
7916 15482
7916 17280
7916 18595
7916 19627
7917 18346
7918 10915
7918 17793
7918 18523
7918 19846
7919 10041
7919 11761
7919 13541
7921 9936
7921 12136
7922 10272
7922 11457
7922 11673
7922 13428
7922 15059
7922 19723
7924 9138
7925 8384
7925 8738
7925 9909
7925 19580
7926 8295
7926 14271
7927 13382
7927 18827
7928 13188
7928 18919
7929 10521
7930 8960
7930 10410
7930 14143
7930 17346
7930 17590
7930 18717
7931 11886
7931 13885
7932 11906
7932 14130
7932 18659
7933 10338
7933 10983
7933 11256
7933 15748
7934 10413
7934 19705
7935 10250
7935 14777
7935 18880
7936 13202
7936 16771
7938 10008
7938 11471
7938 15209
7939 9191
7939 18374
7940 10594
7940 12456
7941 15254
7941 18595
7942 14371
7942 17843
7943 10696
7943 16055
7944 7950
7944 10161
7944 16556
7944 17472
7945 13594
7946 10637
7946 12514
7946 12879
7946 14110
7947 18523
7949 8481
7949 8765
7950 8050
7950 19035
7951 8800
7951 9322
7952 10663
7952 12573
7952 16775
7953 18859
7953 19847
7954 14492
7954 18949
7954 19040
7955 8795
7955 14166
7955 15249
7957 11007
7957 12523
7957 13021
7957 17133
7957 19051
7958 10925
7958 12638
7959 9139
7959 13913
7959 15622
7960 13552
7960 16033
7961 11919
7962 19183
7963 10672
7964 8487
7964 14350
7964 14652
7964 18507
7965 16474
7966 11894
7966 12449
7966 15612
7967 9074
7967 14766
7967 15726
7967 16696
7967 18398
7967 19720
7968 10110
7968 10471
7968 12773
7970 11122
7970 14575
7970 18418
7970 18592
7971 15637
7971 17439
7971 18279
7971 18362
7972 18804
7973 9570
7973 12004
7974 16945
7976 13094
7976 18389
7976 19340
7976 19443
7977 13516
7977 14957
7977 17934
7978 10331
7978 11752
7978 19586
7979 12236
7980 11478
7980 16762
7980 17008
7981 12980
7981 15056
7982 9388
7982 10268
7982 10658
7982 14075
7982 17723
7983 10223
7983 12838
7983 17634
7983 18122
7984 10598
7985 8108
7985 18673
7986 14346
7987 11030
7987 15269
7987 17392
7987 17668
7988 8653
7988 9139
7988 10255
7988 11723
7988 17725
7990 8917
7990 17424
7992 12459
7992 19252
7993 13037
7994 8157
7994 11802
7994 17859
7994 18016
7995 9979
7995 17232
7995 17560
7996 14158
7996 16412
7996 16556
7997 8428
7998 8189
7998 9960
7998 11645
7998 15018
7998 19344
8000 15824
8000 16200
8000 16338
8001 9553
8001 10075
8001 12943
8002 10136
8002 12289
8002 13069
8002 15713
8003 10810
8004 11618
8004 13878
8004 14508
8004 17626
8004 17980
8005 12353
8005 14884
8005 15574
8006 9090
8006 11140
8006 11742
8006 17305
8006 17815
8006 19596
8007 15674
8007 16423
8007 18232
8007 19251
8008 13059
8008 14744
8009 9661
8009 12383
8009 16375
8009 18404
8009 18711
8009 19312
8010 12542
8010 14767
8010 19046
8011 11084
8011 12739
8011 16443
8011 16639
8011 17105
8012 14160
8012 19655
8012 19682
8013 9380
8013 18599
8013 19031
8013 19950
8014 8683
8014 14215
8015 9107
8015 12109
8016 8761
8016 10632
8017 9682
8017 12993
8017 15174
8017 18713
8017 19611
8018 9232
8018 10475
8018 12445
8018 15593
8018 18358
8019 15216
8019 18208
8019 18958
8019 19239
8020 10771
8020 14626
8020 18047
8020 18484
8021 8759
8022 18290
8022 18475
8023 17995
8024 11343
8024 15613
8024 15848
8025 9801
8025 10279
8025 11317
8025 13924
8025 15223
8026 19031
8027 11295
8027 12634
8028 17625
8029 11363
8029 14729
8029 17124
8029 18675
8030 12879
8030 16090
8031 12987
8032 11677
8032 14880
8033 12880
8034 9205
8034 10684
8034 10790
8034 18882
8035 8578
8035 9346
8035 18824
8036 8839
8036 9859
8036 13412
8037 9981
8037 13062
8037 17287
8038 11199
8039 9957
8039 11460
8039 13060
8039 19410
8040 11530
8041 11918
8041 13006
8042 13336
8042 14052
8043 14499
8043 16917
8043 17167
8044 9425
8044 13413
8044 13703
8044 19201
8046 12758
8047 8275
8047 12058
8047 12439
8048 11996
8049 11008
8049 11344
8049 14071
8049 15954
8049 19496
8051 10848
8051 17084
8052 8906
8052 17081
8053 8321
8054 11211
8054 13451
8054 15586
8057 18830
8058 10583
8059 19043
8060 18348
8060 18751
8061 10372
8061 17066
8061 18232
8061 19345
8062 10535
8062 14401
8063 10369
8063 11891
8063 18609
8063 18715
8064 8363
8064 9277
8064 19238
8065 17833
8065 19922
8066 9103
8066 11914
8067 8974
8068 10076
8068 10336
8068 18833
8069 13477
8070 15621
8070 16796
8071 8194
8071 17643
8072 12198
8072 14074
8073 9134
8073 9326
8073 13044
8074 16966
8074 17358
8074 17398
8075 12076
8075 12939
8075 13014
8076 10642
8076 14516
8076 15220
8076 17323
8076 17927
8078 14562
8078 15039
8079 8803
8079 19481
8080 10892
8080 15063
8081 8311
8081 8412
8081 14963
8081 15203
8081 15219
8082 10123
8082 19714
8084 16864
8085 11507
8085 12439
8086 8432
8086 9370
8086 16466
8087 18377
8087 19128
8089 10552
8089 12827
8090 13751
8091 10289
8091 14971
8091 16531
8093 12507
8093 14049
8093 16495
8093 16498
8093 17890
8094 14884
8094 15937
8095 9964
8095 16922
8096 13698
8096 18743
8097 9708
8097 10602
8097 12516
8097 15133
8098 9154
8098 9703
8098 11367
8098 11933
8098 14897
8098 15258
8098 18030
8098 18118
8098 18683
8098 19987
8099 16962
8101 9249
8101 14263
8102 9710
8102 14555
8102 14574
8102 19148
8103 8889
8103 9001
8103 10763
8103 15470
8104 10261
8104 12079
8104 16498
8104 17744
8106 8852
8106 10958
8106 14275
8107 9930
8107 17871
8107 19078
8108 16946
8108 17108
8108 18607
8109 12659
8109 15714
8109 17235
8109 18677
8109 19872
8110 11526
8110 14562
8110 16483
8110 17078
8111 12999
8112 8243
8112 13193
8112 15731
8112 19871
8113 8646
8113 12586
8114 9787
8115 10782
8115 14189
8115 14963
8115 18306
8116 8433
8117 13306
8117 14478
8118 9121
8118 11938
8118 19365
8119 14330
8119 15356
8119 17056
8120 13711
8120 19457
8122 9973
8123 8599
8123 10931
8123 11602
8123 13051
8123 15600
8123 18575
8124 10981
8124 12242
8124 17180
8124 18710
8125 9865
8125 11132
8125 12437
8126 14038
8126 16804
8127 14577
8127 16635
8127 18295
8128 13111
8129 10932
8130 16626
8130 16673
8130 17372
8132 13508
8132 15507
8132 16147
8133 8606
8133 12947
8134 17388
8134 17870
8134 19876
8135 9017
8135 10144
8136 14725
8137 9580
8137 14926
8137 18813
8137 19424
8138 18689
8139 9253
8139 15876
8139 15891
8139 19054
8141 8743
8142 14799
8143 14227
8143 14904
8143 18169
8144 9552
8144 12777
8144 14898
8145 15042
8146 10598
8146 17067
8147 12725
8147 18863
8148 8622
8148 11981
8148 16175
8149 11022
8149 17561
8150 9302
8150 10018
8151 9864
8151 12925
8151 18238
8152 8892
8152 12518
8152 13692
8152 18089
8153 10838
8153 19583
8154 8736
8154 12859
8154 18787
8155 11902
8155 13265
8155 13850
8155 17383
8156 8646
8156 12819
8156 16350
8156 17932
8157 9138
8159 8991
8159 15099
8159 17457
8160 12096
8160 14616
8160 17256
8160 18384
8161 17540
8161 18502
8162 12019
8163 11125
8163 14186
8163 17831
8164 14546
8164 15293
8164 16497
8164 19175
8165 16903
8165 17681
8166 13202
8166 17358
8167 9497
8167 14905
8167 18406
8168 16603
8168 19561
8168 19753
8169 18126
8170 10305
8170 15181
8170 15654
8170 17139
8170 19832
8171 13705
8171 14544
8172 15179
8173 10085
8173 14612
8173 15132
8173 19593
8174 14764
8175 14448
8175 19937
8176 9108
8176 13545
8177 15503
8178 11546
8178 13654
8178 17534
8178 17584
8179 14726
8180 12548
8180 14371
8181 10475
8181 17947
8182 9578
8183 9970
8183 18285
8183 18915
8184 17352
8184 18289
8185 11302
8185 12170
8185 15541
8187 15233
8187 16666
8188 9447
8188 15252
8188 16867
8188 18321
8189 17760
8189 19570
8190 13962
8190 17061
8190 18266
8190 19148
8191 12090
8191 14262
8192 9500
8192 13883
8192 15439
8192 16390
8192 16478
8193 8797
8193 11214
8193 16124
8194 8237
8194 8788
8194 15360
8195 10962
8196 16356
8197 10794
8197 16437
8197 18609
8197 19955
8198 13666
8198 19492
8199 9579
8199 11582
8199 17367
8199 18693
8200 11444
8201 13815
8201 15274
8203 19644
8204 8673
8204 14493
8205 17231
8206 12386
8206 13649
8206 15261
8206 15770
8207 11596
8207 14844
8207 16303
8207 19101
8208 11945
8208 15403
8208 19096
8208 19148
8209 9991
8209 14026
8210 15674
8210 17732
8210 18402
8211 10798
8211 18168
8211 19354
8212 9331
8212 15844
8212 17873
8213 9533
8213 10083
8213 10242
8213 12593
8213 13366
8213 15628
8213 17902
8213 18266
8214 12938
8214 14081
8214 16949
8214 17889
8214 18229
8214 19874
8215 9599
8215 9912
8215 12995
8215 19787
8216 12191
8216 16254
8216 17317
8217 8969
8217 15989
8217 19936
8218 10409
8218 11968
8218 14265
8219 13495
8219 14126
8219 17603
8219 18498
8220 15406
8221 8337
8221 15744
8221 19185
8223 10509
8223 13676
8224 15520
8224 18393
8225 11882
8225 14971
8225 19052
8226 9343
8226 10655
8226 14444
8227 14418
8228 9861
8229 12231
8230 10913
8230 16379
8230 16967
8230 17696
8230 18741
8231 13791
8231 15170
8231 19240
8232 10711
8232 15264
8233 8630
8233 17148
8233 17973
8233 19877
8234 10342
8234 11270
8234 16477
8234 18413
8235 13614
8236 13693
8236 19657
8237 13601
8238 15525
8238 16632
8238 18897
8238 19790
8239 9687
8239 10587
8239 11152
8239 11355
8239 12015
8239 17918
8239 18971
8239 19342
8241 11230
8241 19943
8242 10382
8242 10807
8243 14026
8244 13188
8244 13933
8244 17725
8245 11062
8245 14899
8245 17683
8246 12850
8246 14078
8246 15736
8247 10186
8247 14835
8247 16316
8247 17470
8247 17793
8247 19847
8248 13882
8248 17225
8248 17263
8248 18421
8249 11173
8249 12705
8249 14285
8249 15296
8249 15644
8250 9152
8250 10009
8250 14811
8252 12475
8252 12952
8252 17499
8253 10049
8253 14579
8254 13702
8255 10077
8255 11111
8256 18126
8257 15705
8257 16143
8257 19982
8258 17746
8259 19800
8260 18091
8261 14318
8262 10570
8262 11080
8262 11241
8262 13265
8262 14867
8262 17904
8262 19737
8262 19809
8263 17978
8263 18211
8263 18288
8264 12942
8264 19354
8266 8294
8266 10759
8266 13789
8266 19620
8268 13983
8268 14824
8268 17131
8268 18690
8269 9326
8269 13375
8269 16929
8270 13613
8271 15274
8271 19001
8271 19310
8272 11779
8272 15936
8272 17081
8272 17883
8273 14314
8273 17156
8274 9070
8274 18373
8274 18434
8275 18055
8276 11380
8276 13979
8276 15932
8279 11468
8280 12418
8280 18427
8281 11319
8281 18366
8282 11756
8282 17376
8282 18124
8282 19306
8283 10227
8283 19425
8284 14721
8284 15855
8284 17315
8284 18541
8284 19824
8285 19061
8285 19476
8286 10232
8286 18904
8287 12896
8287 16967
8287 18882
8289 10391
8289 12864
8289 15781
8289 18135
8290 8896
8290 11706
8290 15207
8290 18450
8290 18555
8291 16118
8291 16852
8292 11906
8293 8540
8293 16758
8293 17053
8294 14700
8295 16419
8296 16795
8296 19489
8297 16231
8297 16570
8297 19105
8298 8498
8298 9242
8298 12266
8300 8312
8300 13288
8300 18167
8301 13208
8301 15986
8302 9925
8302 14875
8302 17355
8303 13289
8303 14869
8303 17227
8304 9876
8304 11530
8304 12243
8306 8412
8306 9886
8306 17399
8306 17499
8307 9274
8307 12270
8307 17927
8307 18249
8308 8869
8308 11765
8308 13969
8308 14358
8309 14922
8309 15618
8309 19329
8310 18305
8311 19403
8311 19665
8312 8939
8312 13995
8312 18095
8312 18873
8313 16537
8314 12816
8314 17762
8315 12222
8315 18157
8316 11733
8317 8751
8317 11809
8317 13325
8317 13871
8318 8556
8318 13080
8318 14173
8318 15335
8319 9416
8319 11470
8319 17120
8320 17357
8320 18958
8321 11984
8321 18953
8322 13126
8323 8708
8323 19459
8325 10021
8325 14740
8325 17256
8325 18094
8326 17880
8326 18021
8327 15409
8327 18078
8328 8597
8328 9050
8328 13955
8329 13948
8329 18219
8329 18951
8329 19193
8329 19338
8330 13145
8331 8551
8331 10530
8332 8508
8333 15298
8333 17146
8333 17405
8334 9331
8334 15658
8334 18275
8335 13341
8335 15527
8336 9433
8336 10596
8337 8961
8337 9564
8337 14691
8338 18019
8339 8475
8339 12147
8339 17167
8339 17262
8340 8761
8340 9075
8340 10989
8340 11665
8340 17027
8341 10611
8341 15900
8342 10249
8342 10443
8342 12081
8342 13527
8343 8523
8343 9474
8343 17863
8344 9645
8344 9935
8344 10473
8344 17455
8344 18597
8345 11789
8345 16000
8345 18251
8346 16143
8346 19819
8347 8820
8347 12401
8347 17522
8348 14576
8349 9342
8349 11557
8349 16530
8349 18359
8350 10607
8350 12300
8350 13191
8350 17455
8351 13054
8351 15919
8352 12330
8352 12380
8352 17658
8352 18578
8352 18609
8353 16868
8354 13155
8354 17841
8354 19546
8355 11450
8355 13950
8356 10772
8357 10874
8357 17107
8358 13060
8360 18929
8361 13447
8361 14250
8362 8409
8364 8518
8364 18807
8365 10640
8365 11011
8366 17246
8369 10440
8369 10693
8370 13630
8370 13641
8371 10035
8371 10343
8371 11958
8371 14874
8371 16742
8372 13271
8372 17107
8373 9266
8374 9107
8374 11916
8375 12559
8375 15368
8376 13099
8376 14732
8377 9543
8377 10946
8377 15788
8377 17907
8377 18230
8378 11286
8378 14855
8378 17952
8379 9538
8379 15539
8380 13423
8380 17838
8380 18008
8381 16408
8381 19584
8382 8443
8382 13632
8383 13278
8383 16549
8384 10593
8384 10991
8384 12500
8384 15923
8385 8918
8385 13135
8386 12950
8387 12713
8387 12857
8388 10700
8389 12251
8389 17893
8389 17983
8389 19530
8390 13244
8390 14263
8390 18039
8391 10436
8391 12862
8391 14976
8392 10923
8392 14652
8393 9169
8393 12962
8393 16358
8394 14173
8395 10718
8395 10788
8395 13709
8395 13924
8395 15098
8395 15909
8396 16013
8396 17511
8397 9194
8397 10135
8397 14858
8397 16966
8398 8741
8398 11549
8398 16598
8399 13114
8399 16733
8399 16905
8400 10831
8400 11616
8401 9964
8402 9041
8402 10210
8402 14597
8402 16071
8403 15603
8403 17171
8403 18324
8404 8414
8404 9353
8404 10268
8404 14270
8405 9082
8405 14481
8407 10996
8407 17282
8408 9682
8408 13343
8408 19927
8409 8737
8409 11959
8411 15731
8411 16018
8411 16155
8412 15731
8412 17009
8412 19736
8412 19837
8413 9623
8415 10105
8415 11920
8415 16460
8415 16719
8416 9540
8416 11743
8416 19236
8416 19515
8417 12747
8417 17366
8418 18857
8419 13447
8419 13972
8419 19069
8419 19996
8420 9581
8420 14375
8420 19941
8421 11370
8421 11372
8421 16891
8422 11961
8422 12395
8422 12949
8422 13971
8423 15285
8423 19183
8424 11372
8425 15164
8426 9862
8426 10240
8426 11490
8426 17290
8426 18611
8427 9406
8428 13624
8430 9671
8431 13785
8432 18225
8433 9625
8433 9821
8434 11539
8434 13459
8434 18826
8435 13015
8435 14829
8435 15801
8435 17126
8435 19433
8436 9353
8436 13223
8436 14955
8436 18001
8437 10843
8437 11220
8437 11859
8437 14093
8437 17585
8438 12108
8438 13817
8438 14280
8439 11289
8439 13554
8439 15194
8440 19318
8441 10196
8442 12065
8442 13835
8442 16958
8443 11206
8444 13126
8444 18474
8444 19165
8445 10677
8445 15980
8445 16130
8445 17180
8446 10929
8446 18266
8446 19247
8447 8835
8447 9012
8447 16646
8447 17571
8448 11839
8448 14345
8448 15660
8448 16319
8448 19772
8449 11242
8449 12218
8450 9055
8450 9224
8450 14088
8450 16519
8450 17854
8450 18566
8451 15167
8451 16803
8452 10391
8452 19151
8453 8750
8453 19612
8454 8821
8454 13774
8454 18159
8455 9810
8455 17349
8457 12697
8457 15509
8459 11357
8459 13829
8459 15955
8460 9770
8461 9106
8462 15421
8462 17895
8463 12692
8464 16827
8465 9762
8465 16701
8466 13959
8467 11173
8468 8812
8468 19251
8469 8519
8469 15538
8469 16259
8469 16683
8470 19859
8471 8554
8471 16368
8471 18661
8471 19930
8472 16537
8473 14224
8473 16542
8474 12713
8474 15286
8474 16824
8475 8859
8475 16040
8475 18661
8476 16150
8476 18016
8477 9835
8477 11312
8477 19013
8478 11626
8478 15679
8480 8888
8480 9602
8481 8636
8481 16892
8481 17574
8482 16985
8482 17466
8482 19228
8483 18722
8483 19117
8484 8513
8484 16051
8484 17194
8484 19970
8485 8499
8485 10652
8485 11565
8485 12100
8485 16079
8487 10786
8487 11267
8487 16886
8487 17944
8488 11903
8488 14061
8488 14415
8489 12478
8489 15999
8489 17322
8489 17735
8489 18747
8490 14366
8490 15112
8491 8762
8491 10834
8491 16681
8492 9444
8492 11741
8493 9638
8493 11047
8493 12350
8493 14630
8494 14278
8495 19717
8496 9294
8497 9669
8497 14429
8497 16724
8497 16808
8498 14721
8499 12149
8501 10729
8501 16030
8501 18279
8501 19031
8502 9061
8503 10028
8503 10673
8504 12084
8505 10257
8505 14928
8505 16725
8506 16754
8506 17351
8507 12475
8510 8761
8510 9860
8510 15192
8511 9493
8512 8589
8513 11805
8514 10694
8514 12342
8514 16496
8514 17077
8515 17214
8516 14664
8516 16063
8516 16929
8516 18981
8517 11806
8518 8571
8518 14572
8518 16181
8518 18754
8520 11953
8520 12051
8521 13597
8521 17026
8521 18254
8522 10176
8522 19050
8523 17805
8524 10368
8524 11100
8524 13635
8524 15634
8525 10219
8525 12633
8525 14238
8525 16388
8526 11784
8526 13880
8526 14088
8526 16505
8526 16855
8526 18466
8527 17919
8528 8740
8528 10153
8528 16447
8528 16530
8529 9986
8529 15130
8529 19850
8530 8802
8530 11270
8531 13976
8531 17095
8531 19218
8532 11050
8532 12007
8532 19247
8533 12900
8533 15523
8534 10632
8534 10653
8534 17927
8534 19009
8535 9629
8535 11367
8535 11834
8535 13868
8535 14411
8535 16684
8536 11018
8536 11413
8536 11500
8536 12289
8536 13264
8536 14590
8536 17760
8536 19280
8537 11860
8537 18083
8537 19081
8538 11341
8538 14080
8538 16063
8538 16460
8540 15361
8540 15821
8540 16285
8540 19866
8541 12164
8541 14244
8541 17952
8542 10086
8542 10660
8542 12977
8542 17999
8543 10495
8543 18135
8543 19300
8545 13480
8545 13513
8545 13848
8545 16841
8545 19667
8546 16980
8547 8741
8547 13279
8547 13298
8547 15358
8548 9349
8548 9777
8548 10482
8548 13750
8548 13970
8549 14321
8549 16313
8550 11633
8551 9751
8551 12687
8551 15430
8551 18094
8551 18235
8552 11340
8553 10363
8553 11640
8553 19511
8554 15431
8554 17576
8555 10082
8555 10899
8555 14587
8555 14715
8556 9609
8556 10024
8556 14179
8556 14490
8556 18439
8557 9838
8558 12326
8558 14144
8559 11165
8559 12247
8559 19049
8560 10283
8560 14314
8561 11762
8561 16192
8561 19492
8562 14114
8562 16416
8562 16427
8562 16615
8562 18307
8563 9666
8563 18273
8564 13127
8564 17257
8564 19504
8565 9233
8565 11129
8566 8833
8566 10427
8568 8840
8568 10505
8568 15593
8568 16391
8568 16612
8569 10202
8569 12191
8569 16097
8569 16588
8570 11777
8570 17449
8571 15976
8572 9739
8572 15896
8572 18537
8573 13315
8573 19452
8574 11556
8574 12622
8574 18054
8575 9312
8575 13355
8575 18308
8575 18463
8576 15266
8576 17806
8577 13341
8577 13940
8577 17169
8577 18165
8578 11186
8578 12926
8578 15711
8579 17032
8580 9365
8580 10429
8580 10944
8580 15007
8581 16494
8582 13490
8582 17232
8583 13637
8583 15126
8584 12395
8584 14958
8585 10098
8587 9726
8587 10304
8588 16198
8590 8835
8591 8903
8591 11169
8591 12947
8591 14561
8591 15335
8591 18729
8592 11992
8592 18130
8594 17177
8594 19267
8594 19974
8595 14411
8595 16593
8597 9008
8597 11636
8598 13256
8599 10769
8599 19210
8600 12687
8601 12623
8603 10003
8603 13650
8603 15176
8604 9052
8604 19323
8605 13190
8605 17711
8606 11818
8606 14972
8606 16712
8607 15260
8607 15924
8608 17082
8609 10333
8609 11508
8609 12858
8609 14882
8609 17381
8609 19949
8610 19223
8610 19449
8611 8633
8611 10758
8611 12429
8611 13323
8611 17098
8611 18383
8612 9028
8613 19140
8614 9010
8615 15035
8616 12956
8616 15828
8618 8894
8618 11819
8618 11827
8620 10339
8620 13975
8621 15819
8621 16698
8621 18655
8622 9000
8623 13076
8623 14792
8623 17093
8623 17876
8624 13698
8625 10532
8625 13877
8625 14761
8625 15474
8625 19358
8626 15528
8627 15311
8628 10985
8629 9987
8629 19460
8630 8980
8631 11063
8631 15239
8631 18646
8632 10590
8632 15954
8632 16636
8632 17512
8633 10476
8633 13014
8634 19839
8635 11823
8635 17716
8635 18492
8636 13006
8636 14168
8636 18467
8637 11589
8637 15241
8639 9834
8639 11716
8640 13802
8641 13296
8641 16254
8641 18331
8642 12772
8642 13477
8642 15258
8642 17285
8642 18869
8644 10819
8644 17049
8644 18871
8644 19150
8644 19367
8646 15068
8647 9753
8647 13378
8647 16599
8648 8904
8648 11075
8648 15496
8648 18751
8648 18752
8648 19945
8649 11232
8649 16060
8649 17424
8650 12576
8650 16312
8650 16584
8650 17992
8650 18338
8651 13548
8651 19542
8652 10144
8652 10270
8652 11486
8652 16695
8653 16374
8653 16512
8653 19952
8654 14502
8654 14560
8654 19314
8655 16787
8656 10429
8656 14755
8657 16519
8658 12295
8658 15831
8659 16856
8659 19155
8660 11709
8660 18233
8660 18328
8660 19760
8661 11911
8661 15452
8662 10582
8663 11988
8663 15215
8664 11092
8664 11390
8664 12780
8665 8788
8665 11324
8665 11971
8665 12452
8665 15672
8666 8930
8666 9923
8666 16017
8666 19417
8667 10388
8667 13578
8667 17922
8668 11818
8669 16634
8670 15600
8670 16641
8672 8924
8672 9538
8672 14086
8672 16119
8673 12242
8673 13334
8673 15165
8673 18702
8674 13415
8674 18300
8674 19537
8675 9054
8675 11732
8675 19988
8676 11754
8676 12086
8676 14921
8677 13077
8677 17151
8677 17489
8677 19919
8677 19925
8678 16352
8679 9634
8679 9905
8679 12751
8679 18969
8680 11121
8680 11449
8680 16261
8681 10143
8681 14617
8682 12921
8682 13712
8682 14984
8682 15924
8682 18395
8683 12994
8683 18321
8684 9074
8684 11455
8684 15432
8684 18096
8684 18379
8684 18391
8685 9901
8685 11290
8686 11948
8686 15843
8686 18153
8687 13339
8687 17451
8687 19006
8688 16430
8689 11747
8690 11534
8690 15202
8690 15338
8691 10974
8692 10660
8692 12438
8694 10678
8694 10777
8694 12269
8695 12470
8696 12808
8696 13625
8696 17627
8697 13866
8698 9398
8698 18163
8699 14437
8699 15510
8700 12202
8700 14692
8701 9571
8701 10305
8701 13882
8701 16411
8702 13047
8702 18059
8703 14616
8703 16179
8704 9007
8704 17213
8704 18416
8704 18797
8705 13879
8705 15899
8705 17892
8705 18664
8707 18748
8708 9800
8708 10938
8708 16792
8709 12560
8709 14415
8710 18380
8711 17658
8712 10623
8712 11895
8712 18468
8712 18951
8714 10106
8714 17567
8716 16782
8717 12947
8717 15322
8717 15420
8717 16710
8717 17058
8718 11491
8718 12124
8718 12925
8719 17166
8720 19575
8721 15066
8721 15586
8721 18272
8723 17148
8724 14000
8725 11465
8725 18487
8725 19928
8726 13857
8726 18699
8727 9525
8727 12058
8727 13432
8727 16529
8727 18587
8729 8884
8729 8995
8729 10667
8729 12440
8729 12742
8729 15176
8729 15935
8730 13565
8731 9301
8731 11525
8731 12673
8731 17720
8732 8968
8732 11130
8732 18687
8732 19313
8732 19605
8733 9595
8733 11272
8733 19751
8734 9795
8734 16561
8734 16936
8735 13681
8737 9315
8737 13195
8739 12624
8739 16821
8739 19947
8740 18274
8740 18783
8741 18303
8742 12015
8742 12584
8742 18569
8742 20000
8743 10420
8743 13689
8744 13159
8744 17328
8746 18992
8747 18252
8747 19950
8748 14990
8749 10525
8750 18751
8751 11071
8751 14076
8751 17407
8752 15015
8753 9786
8753 11061
8753 14688
8754 16963
8755 19667
8756 14792
8757 10465
8757 11947
8757 19907
8758 9822
8758 11714
8758 12532
8758 14397
8758 17903
8759 14915
8759 18897
8760 12515
8760 14117
8760 14457
8761 16224
8762 15311
8762 19089
8763 15701
8764 11460
8764 13298
8764 17555
8765 11683
8765 14998
8766 8918
8766 13204
8767 9065
8767 13634
8767 19498
8769 11868
8769 13719
8769 19388
8769 19695
8770 15896
8770 17009
8770 17097
8770 19175
8770 19429
8771 11920
8772 17915
8773 9725
8773 15274
8774 13862
8775 13297
8775 16652
8775 19051
8775 19329
8777 11628
8777 18046
8778 9871
8778 18054
8778 19515
8779 13512
8779 17964
8780 10166
8780 19391
8781 11197
8781 19213
8783 14979
8784 16338
8784 18056
8785 15345
8785 18943
8786 19653
8786 19952
8788 9421
8788 19207
8789 12714
8789 15396
8789 16960
8789 19653
8790 12919
8792 9740
8792 19097
8793 9372
8793 14034
8796 10046
8796 17187
8796 18173
8797 8962
8797 11794
8797 12086
8797 14067
8797 15439
8797 16989
8797 19203
8798 8941
8798 10393
8798 12945
8798 14438
8799 10018
8799 11948
8799 17758
8800 11225
8800 19906
8801 11029
8801 14810
8801 19835
8802 10380
8802 11419
8802 13398
8802 14535
8802 14548
8802 19878
8803 8908
8803 10563
8803 13152
8803 17592
8804 12850
8804 15536
8804 17685
8804 19934
8805 12927
8806 10876
8806 11770
8807 13200
8809 14297
8809 15405
8810 14414
8811 12162
8812 16143
8813 10110
8813 16502
8813 18030
8814 12921
8814 18356
8815 10864
8817 19739
8818 9373
8818 17444
8819 10646
8819 12611
8819 12760
8819 12985
8821 15518
8822 11440
8822 14460
8824 16643
8824 17006
8824 17441
8825 10907
8825 11230
8825 14475
8825 16654
8826 19110
8827 9518
8827 9702
8828 19207
8829 12243
8831 10502
8831 18625
8831 19683
8832 9248
8832 9817
8832 11875
8832 11950
8832 13484
8832 17285
8833 10602
8833 10976
8833 15537
8833 17053
8835 9365
8835 10488
8835 16409
8836 9087
8836 16801
8837 14380
8838 18279
8839 11460
8839 15797
8840 10594
8840 12111
8840 16358
8840 19773
8841 18365
8842 10674
8842 12163
8842 13502
8842 14057
8842 14935
8844 9910
8845 10319
8846 10204
8846 15736
8846 15926
8846 16399
8846 17009
8846 19241
8847 13963
8847 16514
8848 12169
8848 13218
8848 13452
8848 14571
8849 12954
8850 9088
8851 10392
8851 13565
8852 14358
8852 15696
8853 9706
8853 16819
8853 19856
8853 19992
8854 16588
8854 18054
8855 11416
8855 12173
8856 10714
8856 15047
8857 15809
8857 17599
8859 9962
8860 12585
8860 13042
8860 14706
8862 16121
8863 11004
8863 11663
8863 16477
8863 19835
8864 9441
8866 16351
8866 18882
8867 13668
8867 16085
8867 17882
8868 13558
8869 11133
8869 12847
8869 14431
8869 17430
8870 8936
8871 11625
8871 13544
8872 12317
8872 13812
8872 18428
8873 11405
8873 16845
8873 19462
8875 10818
8875 13983
8875 15821
8875 17119
8877 14820
8877 18563
8879 9463
8880 16497
8881 14602
8881 15900
8881 18630
8881 19153
8882 12590
8882 15920
8883 10807
8883 13278
8885 11681
8885 16019
8885 19232
8887 10063
8887 15378
8887 17465
8890 11835
8890 12214
8891 14295
8891 15211
8892 11803
8892 13117
8893 8912
8894 13409
8894 15359
8895 15697
8895 18902
8896 9228
8896 17711
8897 9526
8897 11723
8897 12648
8897 12911
8897 17152
8898 13247
8898 13534
8899 12655
8899 14947
8899 17461
8900 11501
8900 13077
8900 14150
8900 15040
8901 12066
8901 13638
8901 17172
8901 17244
8901 19601
8903 10442
8903 11325
8903 11331
8903 15581
8904 18584
8905 12943
8905 13553
8905 13992
8906 12197
8907 15496
8908 9291
8909 13110
8909 15532
8909 18673
8911 10550
8911 15113
8912 17065
8912 17146
8913 13755
8913 14209
8913 17870
8914 10109
8914 11782
8915 9246
8916 11464
8916 15194
8916 19667
8917 9203
8917 12240
8917 16737
8918 13493
8918 19673
8919 16730
8919 17229
8920 10311
8920 19697
8922 12480
8923 10361
8923 11198
8923 13220
8924 18156
8925 12592
8925 14115
8925 18488
8926 12526
8926 17079
8927 14541
8927 15868
8927 19420
8928 17764
8929 10714
8930 10133
8930 10999
8930 11394
8930 12442
8930 15247
8930 18607
8931 10155
8931 14312
8931 19571
8932 9524
8932 10400
8932 13741
8932 18194
8933 10765
8933 14313
8933 19463
8934 9430
8935 11483
8935 13690
8935 13781
8935 18956
8936 11849
8936 12915
8937 9492
8937 17688
8937 19688
8938 16053
8938 16380
8939 18822
8940 17389
8942 10692
8942 18755
8943 9311
8943 13231
8943 13245
8943 14374
8944 16898
8945 17574
8946 12433
8946 17519
8947 12755
8947 13865
8948 18576
8949 13112
8949 15292
8950 16229
8951 13117
8951 15712
8951 19466
8952 9127
8954 10002
8954 14219
8955 9296
8955 12156
8955 12815
8955 16098
8956 12327
8957 14349
8958 16285
8959 11946
8959 13896
8960 12956
8960 15312
8960 16072
8961 13289
8961 18824
8962 15856
8963 11711
8963 13174
8964 12886
8964 16091
8965 11743
8965 18472
8966 14920
8966 19613
8967 9216
8968 15215
8969 9414
8969 14160
8970 12410
8970 14706
8971 16540
8972 12612
8972 12964
8973 10396
8973 13834
8973 14820
8974 12045
8974 14996
8974 16141
8974 16797
8974 17270
8975 11078
8975 12415
8975 14804
8976 10744
8976 13483
8976 17783
8976 17955
8977 16307
8977 16527
8978 13466
8979 9356
8979 11528
8979 11831
8980 9744
8980 10862
8981 9500
8981 10511
8981 11148
8981 13608
8982 10924
8982 17063
8983 9933
8984 18673
8985 10438
8986 10466
8986 13873
8987 11369
8987 11885
8987 12975
8987 13201
8987 18540
8989 13773
8990 10721
8990 13216
8991 14487
8992 15575
8992 19260
8993 10138
8993 10985
8993 13714
8994 9382
8994 17036
8995 10537
8996 16102
8997 10114
8997 17687
8998 10145
8998 12009
8998 15330
8999 11931
9000 11927
9000 13212
9000 14433
9000 15590
9000 15911
9000 17790
9001 12527
9001 13033
9001 14798
9001 15609
9001 15785
9002 14571
9002 14769
9002 17319
9003 13345
9003 14211
9004 10366
9005 10438
9005 12593
9006 12170
9006 19666
9007 16750
9008 11772
9008 15099
9008 16281
9009 12276
9009 15054
9009 17455
9009 18775
9010 12075
9011 11541
9011 17357
9012 9365
9012 10406
9012 11027
9012 19960
9013 12128
9014 9245
9014 11353
9014 13531
9014 18480
9014 18870
9015 9018
9015 13372
9015 16575
9016 9056
9016 12896
9016 13454
9016 14003
9016 16364
9016 18326
9016 18715
9016 19157
9017 16254
9017 18312
9018 18654
9019 10566
9020 11796
9020 17160
9020 17194
9020 18337
9020 19842
9021 10025
9021 11225
9022 10354
9022 10428
9022 12826
9022 18074
9023 13264
9023 14076
9024 14653
9024 15408
9024 18107
9024 18311
9027 10071
9027 13262
9027 18400
9028 11763
9028 15015
9031 11620
9031 17194
9031 18938
9032 12379
9032 13661
9034 10131
9034 10967
9034 13546
9034 14210
9034 17026
9034 18978
9035 10667
9035 13156
9036 14638
9036 18641
9037 11092
9037 14349
9037 17440
9037 18006
9037 19020
9037 19574
9038 19810
9039 16652
9040 15442
9040 17021
9042 17152
9043 9167
9043 17809
9044 12576
9045 9248
9045 11964
9045 15614
9045 18901
9045 19162
9046 13505
9047 12306
9047 12490
9047 18928
9047 19517
9048 9098
9048 11489
9048 14522
9048 15280
9048 15576
9048 16288
9049 9182
9049 17271
9049 19376
9050 11620
9051 14451
9052 15552
9054 11092
9054 13210
9054 15092
9054 15302
9054 16998
9054 18609
9055 15386
9055 16503
9055 18478
9056 16995
9056 17812
9058 13974
9058 18813
9059 14829
9059 15487
9060 9070
9060 16251
9061 17026
9061 17896
9062 10504
9062 17503
9063 9804
9063 14853
9064 18843
9064 19206
9065 9660
9065 11639
9065 13198
9065 15349
9065 15598
9065 19584
9066 9597
9066 9923
9066 11084
9066 11782
9066 14367
9066 17686
9066 17786
9067 13984
9067 15770
9068 12835
9068 18297
9068 18555
9069 14094
9069 14628
9070 9302
9070 18956
9071 12561
9072 9651
9072 11182
9072 16458
9072 17676
9073 10955
9073 19954
9075 11119
9077 13525
9077 16341
9077 17488
9077 19949
9078 12619
9078 18015
9079 16438
9080 11031
9080 18812
9081 17517
9083 9188
9083 15231
9083 16192
9084 17841
9085 15653
9085 19185
9086 18033
9087 14805
9087 18134
9087 19745
9088 18217
9088 19206
9089 19024
9089 19403
9090 14616
9090 18628
9091 12363
9091 14480
9091 15258
9091 18274
9092 16805
9093 11463
9093 12469
9093 18639
9094 13227
9095 9372
9095 13120
9095 18013
9096 18681
9097 14734
9099 18502
9100 17318
9100 18140
9100 19513
9101 15570
9102 10965
9102 12020
9102 19546
9103 13833
9104 9117
9104 10203
9104 11626
9104 13239
9104 13355
9104 17738
9104 19042
9104 19259
9105 9880
9105 11555
9105 13111
9105 14238
9107 13099
9107 14251
9107 15113
9107 16379
9107 16849
9107 19281
9107 19303
9108 9323
9108 14393
9108 19071
9109 12064
9109 13040
9109 13366
9109 19634
9110 10192
9111 11525
9113 17714
9115 15246
9116 10169
9116 11645
9116 14725
9116 19946
9117 9565
9117 9812
9117 12047
9117 12061
9117 12752
9118 10374
9119 11592
9122 11787
9122 15079
9123 9893
9123 11452
9123 11730
9123 11875
9123 17125
9123 19969
9124 15618
9124 16816
9124 18649
9125 17731
9125 19923
9126 9541
9127 11766
9127 18574
9128 9190
9128 10025
9128 14244
9129 10872
9129 14527
9129 19156
9131 9660
9131 10300
9132 11146
9132 11604
9132 18243
9133 16107
9133 16671
9134 11724
9134 14969
9134 19601
9135 10447
9135 13852
9136 18024
9136 18979
9137 16045
9138 11122
9138 16470
9138 17710
9139 17529
9140 9786
9140 10557
9141 9352
9141 10443
9142 18283
9143 11817
9143 12368
9143 13749
9143 14487
9143 16828
9144 9833
9144 12693
9145 10975
9145 16753
9145 17757
9147 17220
9149 10695
9149 13651
9150 15493
9151 16812
9152 17322
9153 13315
9153 16746
9154 11894
9154 13884
9154 14063
9154 16846
9154 19046
9155 11327
9155 12439
9155 19478
9156 14448
9157 9701
9157 18425
9157 18489
9157 19276
9158 12174
9158 18326
9159 13500
9159 15148
9159 19210
9160 13737
9161 14509
9161 18614
9161 19064
9162 9186
9162 11412
9162 16038
9162 16158
9163 9501
9163 16651
9163 16816
9163 16941
9163 19106
9164 9433
9165 14234
9165 16138
9165 16795
9167 10863
9167 12318
9168 13699
9168 19397
9169 10978
9169 13568
9169 14978
9170 12529
9170 16490
9171 11841
9171 13550
9173 11567
9173 13949
9173 14380
9173 19910
9174 10732
9174 10817
9174 16802
9174 17974
9174 18578
9176 15919
9176 17737
9176 19710
9177 9567
9177 10642
9178 10482
9178 13544
9178 16664
9178 17463
9178 19195
9178 19453
9179 11834
9179 12362
9179 17899
9179 18779
9180 17854
9181 11530
9181 13318
9181 14275
9182 10729
9182 11381
9182 11544
9182 16446
9182 19860
9183 9244
9183 9947
9183 10656
9184 9404
9184 17384
9184 17841
9184 17985
9185 17223
9186 13613
9186 16703
9186 18420
9188 15847
9188 16067
9188 16101
9188 18172
9189 11256
9189 17812
9190 11344
9190 18897
9190 19835
9191 11613
9191 12864
9191 17401
9191 19334
9192 12093
9192 17813
9192 17960
9193 18078
9194 11008
9194 11529
9194 16949
9194 19531
9195 12124
9195 14817
9195 18341
9197 11648
9197 12744
9197 14807
9198 10031
9198 13174
9198 15917
9199 15153
9201 10777
9201 11016
9201 17790
9203 10106
9203 15611
9203 16100
9203 19304
9204 9745
9205 10988
9205 19185
9205 19662
9206 9979
9206 11070
9206 11960
9206 14521
9207 10223
9207 16666
9208 10422
9208 12429
9208 12972
9208 18310
9209 18066
9209 18562
9210 9864
9210 11742
9210 14539
9211 9268
9211 18135
9212 10651
9214 14456
9215 10268
9215 17407
9216 16242
9216 18465
9217 16737
9217 16924
9218 15256
9219 9254
9219 10329
9219 17871
9219 18080
9220 13688
9220 14769
9220 17570
9220 19265
9221 9429
9221 9846
9221 15105
9221 18586
9222 12423
9222 12838
9222 13601
9222 13633
9222 15535
9223 15368
9224 10839
9224 14788
9224 15406
9224 19499
9224 19597
9225 15036
9225 15224
9226 9846
9226 18421
9227 10860
9227 16018
9227 18738
9228 16854
9228 16994
9228 17432
9228 17653
9228 17779
9230 16512
9230 18814
9231 10301
9231 12769
9232 17556
9233 16462
9234 13797
9234 14176
9235 14328
9236 12579
9237 10535
9237 10706
9238 17855
9238 19565
9239 11846
9239 11968
9240 11506
9240 12356
9240 18062
9240 18335
9241 9669
9241 10193
9241 11933
9241 12646
9241 18612
9241 19053
9242 16800
9243 9352
9243 11365
9243 16716
9243 18765
9244 10492
9244 11300
9245 9509
9245 11206
9245 13168
9245 15181
9245 19456
9246 18536
9247 11687
9247 12533
9247 18345
9248 18696
9249 10701
9249 13421
9251 11355
9251 12881
9251 15853
9251 16207
9251 16282
9252 9916
9252 15808
9253 9576
9253 14280
9253 16009
9253 18442
9253 18990
9254 18182
9254 18920
9255 13144
9255 16739
9256 10142
9256 11169
9256 11195
9257 17972
9258 11598
9258 11814
9258 18547
9259 19543
9260 11254
9260 15153
9261 12734
9261 14827
9261 17018
9261 18138
9262 10345
9263 12448
9264 10438
9264 14196
9265 10758
9265 17014
9265 18016
9265 19915
9266 14459
9266 16083
9266 17674
9266 18457
9266 18889
9267 11368
9267 16839
9268 12754
9268 16110
9268 19276
9269 9510
9269 11212
9269 17991
9270 9361
9270 13792
9272 13465
9272 15424
9273 19601
9274 10019
9274 12707
9274 13520
9274 13564
9274 14247
9274 14447
9274 17449
9275 13198
9275 14269
9276 15819
9276 16878
9277 14177
9277 19449
9278 9989
9278 12421
9278 16063
9278 18123
9278 19590
9279 9619
9279 13769
9279 17209
9280 14012
9280 17578
9280 17766
9280 18777
9281 11460
9281 13451
9281 15828
9281 16585
9282 10814
9282 11349
9282 11460
9282 12576
9282 14116
9282 16126
9283 16751
9283 18281
9283 18578
9285 11409
9285 17772
9285 18708
9285 19131
9285 19208
9286 10288
9286 14608
9286 15591
9286 16527
9287 13492
9287 15921
9287 19310
9288 9996
9288 13550
9289 18132
9290 9830
9290 16616
9290 17028
9290 18006
9290 18055
9291 9551
9291 11571
9292 10054
9293 13684
9294 13009
9294 15601
9294 18744
9295 9577
9295 11324
9295 12527
9295 14455
9296 17669
9297 10559
9297 13423
9297 13665
9297 16622
9297 16924
9298 13274
9299 11255
9299 14203
9300 13221
9300 13572
9300 19524
9301 12175
9302 11969
9302 13895
9302 15334
9302 15819
9303 11055
9304 10552
9304 11455
9304 13281
9304 14463
9304 16465
9304 17282
9305 10612
9305 16997
9306 17774
9306 18545
9307 13718
9308 11044
9310 18181
9311 10775
9311 14546
9312 9320
9312 14718
9313 11009
9313 15166
9315 16179
9316 10077
9316 14946
9317 12385
9318 11126
9318 16552
9318 17363
9319 11420
9319 12740
9319 13963
9319 15414
9319 18082
9319 18517
9320 14849
9320 18369
9321 9796
9321 11253
9321 16637
9322 12371
9323 16060
9323 16769
9323 18289
9323 18551
9324 15678
9324 19777
9326 12443
9326 14833
9326 16243
9326 18219
9327 18151
9328 9464
9328 11945
9328 16134
9329 13572
9329 18189
9329 19694
9330 9372
9330 14865
9330 16083
9330 16751
9331 13152
9332 12961
9334 16945
9336 15611
9336 18279
9337 19761
9338 13156
9338 13827
9338 19464
9339 10189
9339 12988
9339 15868
9339 16652
9339 18398
9339 18884
9340 9942
9340 15951
9340 17307
9341 13923
9342 10905
9343 11875
9344 11610
9344 15628
9344 18505
9345 10756
9345 13766
9345 14544
9345 15154
9345 15922
9345 19533
9346 10557
9347 9726
9347 11304
9347 11828
9347 14059
9347 17844
9348 10453
9348 12268
9348 14535
9349 10390
9349 13530
9349 15006
9349 15145
9349 15485
9350 16769
9350 19038
9350 19050
9350 19129
9350 19485
9351 12802
9353 10177
9355 10792
9355 14807
9355 19062
9356 10405
9356 16371
9357 11344
9358 15711
9358 16869
9358 18821
9359 11509
9359 15524
9359 18808
9360 17400
9360 18782
9361 10309
9362 11223
9362 16299
9363 15241
9363 16898
9363 17919
9364 10873
9364 13672
9364 18841
9365 11539
9366 13650
9366 13741
9366 15143
9366 18192
9367 14439
9367 15340
9368 14036
9368 16736
9369 9661
9369 11054
9369 11390
9369 14460
9369 15098
9369 18765
9371 14837
9373 9828
9374 10368
9374 14092
9374 15524
9374 19265
9374 19583
9375 11318
9375 13418
9375 15044
9375 17632
9376 16593
9376 18469
9377 11999
9377 15864
9378 12951
9379 9386
9379 9705
9379 16623
9379 16687
9380 15366
9380 16318
9380 16460
9380 16583
9381 10228
9382 9956
9382 10338
9382 13794
9382 16754
9382 19404
9383 10469
9383 12027
9384 11836
9384 12753
9384 13515
9384 15996
9385 17694
9385 18208
9386 14052
9387 11463
9387 18537
9388 10381
9388 15587
9389 9960
9389 13772
9390 13568
9390 16378
9391 16834
9392 11698
9392 12743
9393 10389
9393 10837
9394 9633
9395 11271
9395 16237
9396 10979
9396 12952
9399 18708
9399 19047
9400 10664
9400 16893
9401 10714
9401 11461
9401 14979
9402 9619
9402 9950
9402 12778
9402 13536
9402 14146
9402 18999
9403 11931
9403 13576
9404 11339
9404 15736
9404 16254
9405 12446
9405 12645
9405 13361
9405 17922
9406 14010
9406 16341
9406 16344
9406 16960
9406 19663
9407 15233
9407 18523
9409 13349
9409 17380
9410 10621
9410 17731
9411 10701
9411 12374
9411 18331
9412 10317
9412 11503
9413 16420
9413 16441
9413 16581
9414 10869
9414 12268
9414 17157
9415 13807
9415 17102
9415 18633
9415 18710
9416 13230
9416 17291
9417 9519
9417 10576
9417 11251
9417 11370
9417 11729
9417 12793
9417 15468
9418 10405
9419 13749
9419 16423
9419 16458
9419 17788
9420 11402
9420 16590
9420 18101
9421 11601
9421 15270
9421 16800
9423 13278
9424 11776
9424 12121
9424 12942
9425 10840
9425 18159
9426 14336
9426 15523
9427 10629
9427 13546
9427 15889
9428 11085
9428 18067
9429 10291
9429 12330
9430 11500
9430 14731
9430 15062
9430 17034
9431 19752
9431 19934
9432 10753
9432 13378
9432 13595
9432 15630
9433 10402
9433 10508
9433 18331
9434 10995
9435 12316
9435 12517
9435 17649
9437 15503
9438 11125
9438 12254
9438 13114
9439 12594
9441 13205
9441 15754
9441 16436
9442 16571
9442 18269
9443 16000
9443 18166
9444 9697
9444 13639
9444 15341
9444 16910
9444 18139
9445 15215
9445 19609
9446 17386
9446 18552
9447 17461
9447 19083
9448 11055
9448 16942
9448 16968
9448 17757
9449 10857
9449 11483
9449 13816
9449 18592
9450 12501
9450 16354
9452 10113
9452 10687
9452 11859
9452 12700
9452 18491
9452 18621
9453 9652
9453 13089
9453 13882
9453 14833
9454 10658
9454 11290
9454 12786
9455 18046
9455 18902
9457 13711
9457 13735
9457 17672
9458 10801
9458 13098
9458 14009
9459 11698
9459 12021
9459 16885
9459 18541
9460 13397
9461 13564
9461 13912
9461 15046
9462 10955
9462 13058
9462 19617
9463 9931
9463 9993
9463 16223
9466 12145
9466 13851
9466 13945
9466 14151
9466 17775
9467 11841
9467 12048
9467 15977
9467 18997
9468 9711
9468 12599
9471 13101
9471 13259
9471 14933
9472 16045
9473 13705
9473 14480
9473 18787
9474 10745
9474 16208
9474 17728
9474 19261
9475 10453
9475 12998
9475 18186
9476 10517
9476 11112
9476 13485
9477 11737
9477 16038
9478 12323
9478 12708
9478 19060
9480 11685
9480 19009
9481 10631
9481 10964
9481 12129
9481 15132
9481 15169
9481 18309
9483 11196
9483 19261
9484 13488
9484 17108
9484 19375
9486 10928
9486 11409
9486 11803
9487 18837
9488 13540
9488 16473
9488 17484
9491 13947
9491 14044
9491 18205
9492 12628
9492 12984
9492 14189
9492 18278
9493 10662
9493 16885
9494 9508
9494 13459
9495 13362
9495 14148
9495 14369
9495 15867
9496 9765
9496 16613
9497 10709
9498 12478
9499 12157
9500 11781
9500 14214
9502 12544
9502 17807
9503 14015
9503 17996
9504 14695
9504 19841
9505 14928
9506 10387
9506 12443
9507 10210
9507 10556
9507 11245
9507 13825
9507 15875
9507 16498
9508 18590
9510 11848
9510 15618
9511 19656
9512 11355
9512 11492
9512 12089
9512 19077
9513 14996
9513 16578
9513 19039
9514 13923
9514 18388
9515 10950
9516 17407
9516 17537
9516 19255
9517 11663
9519 10147
9519 11364
9519 15251
9519 16710
9520 11764
9521 10657
9521 13275
9521 17204
9521 19917
9522 10963
9522 12894
9522 17170
9523 17222
9524 12789
9525 10652
9525 12941
9525 16175
9525 19709
9526 13719
9527 11290
9529 9544
9529 10880
9529 14801
9532 12151
9532 17511
9533 11091
9533 12803
9533 14460
9533 19277
9533 19680
9534 9886
9534 10372
9534 13770
9534 15292
9534 15860
9535 10166
9535 16059
9535 16476
9536 13701
9536 13841
9536 14994
9537 15075
9537 16869
9538 10355
9538 17150
9538 18141
9540 16493
9540 18996
9541 11458
9541 12140
9541 13791
9541 16604
9541 16756
9542 14005
9542 18155
9542 18773
9544 12928
9544 15293
9544 17487
9545 14563
9546 9648
9546 13516
9546 14275
9547 16816
9548 10123
9548 14196
9548 18298
9548 19430
9548 19910
9549 12838
9550 11536
9550 12030
9550 16404
9550 18352
9551 18218
9551 18390
9551 19542
9552 11608
9552 16505
9553 12054
9553 13875
9553 18131
9554 11883
9554 17033
9555 16768
9556 16656
9556 17781
9557 13094
9558 13760
9558 14438
9559 11841
9560 15506
9561 10309
9561 11911
9561 13187
9561 14635
9561 18180
9562 13156
9562 17320
9562 19261
9564 17829
9564 19769
9565 19079
9566 13340
9566 14739
9566 19488
9567 11987
9568 12629
9568 13011
9568 14753
9569 14122
9571 12196
9571 18748
9572 10216
9572 16665
9572 17848
9573 10874
9574 10278
9574 10757
9574 12993
9575 11102
9575 12397
9575 14002
9576 16710
9577 13876
9577 16227
9578 12417
9578 18365
9579 12568
9579 17831
9580 10352
9581 11403
9581 14479
9581 15543
9582 9918
9582 15862
9582 16102
9582 16808
9582 17970
9582 18205
9583 14531
9583 19242
9583 19506
9585 17282
9586 10307
9586 15775
9587 10839
9587 18436
9588 11660
9588 17513
9589 9824
9589 11942
9589 18554
9590 17566
9590 17974
9591 9900
9591 10724
9591 15471
9592 11003
9593 17100
9593 17214
9594 9700
9595 12177
9595 13400
9596 11536
9596 11939
9596 17842
9596 17991
9597 10490
9597 12950
9597 14525
9597 18272
9598 17271
9598 18096
9599 12954
9599 18873
9602 16467
9603 12185
9603 12538
9603 14644
9604 12242
9604 15841
9604 16271
9604 17526
9604 17586
9604 18172
9604 19376
9605 10858
9605 16141
9607 10787
9607 15525
9608 9945
9609 11204
9609 13416
9609 15956
9609 18321
9610 13874
9610 17004
9611 12466
9611 15835
9611 16272
9612 17843
9613 14628
9614 15384
9615 9948
9617 15161
9617 18241
9617 19150
9618 14060
9618 15213
9619 16122
9619 16230
9620 19387
9621 13727
9621 15160
9622 9754
9622 14924
9622 15890
9623 10735
9624 14430
9625 10942
9625 13925
9625 14860
9625 15913
9626 10483
9626 17421
9627 12659
9628 11109
9628 16086
9628 16281
9629 10183
9629 11681
9629 18576
9630 15490
9630 19294
9630 19766
9631 18157
9631 18705
9632 11142
9632 12649
9632 15677
9633 13786
9634 10808
9634 12711
9634 15680
9634 17963
9635 14767
9635 17308
9635 19191
9636 16083
9636 17276
9637 12783
9637 14947
9637 19784
9639 13789
9639 13798
9639 16807
9640 11331
9640 11885
9641 17111
9641 17499
9642 9798
9642 10410
9642 14503
9644 9977
9644 13503
9644 16796
9645 9663
9645 14647
9645 18893
9646 14391
9647 11176
9647 11437
9648 10258
9648 14489
9649 11785
9649 12541
9651 13701
9651 18582
9651 18786
9652 13919
9652 18184
9652 19448
9653 11116
9654 12179
9654 14005
9654 19300
9655 19638
9656 14263
9656 16050
9657 14482
9657 14775
9659 11806
9660 12647
9660 19481
9661 16947
9661 19326
9662 11114
9662 13051
9662 13832
9662 15767
9663 10986
9663 14341
9664 14201
9664 16462
9664 19726
9665 15875
9666 15006
9667 9990
9667 13972
9667 19561
9668 12411
9669 11125
9669 11657
9669 12022
9669 12877
9669 15535
9669 18034
9669 19198
9669 19589
9670 11197
9670 15465
9670 17740
9671 15193
9671 15664
9672 18736
9673 11343
9673 13532
9673 13690
9674 11917
9674 14302
9674 19054
9675 10398
9675 10430
9675 10863
9675 16813
9675 18811
9676 17979
9677 14880
9677 16281
9679 11492
9679 13276
9679 16294
9679 17651
9680 13984
9681 19933
9682 18643
9682 19077
9683 11131
9683 16604
9684 14113
9685 10778
9685 11520
9686 9802
9686 9881
9686 14179
9686 14825
9686 18786
9686 18977
9687 10667
9687 12818
9687 18344
9688 9977
9688 13565
9689 10301
9689 12469
9689 15256
9690 11722
9690 11891
9690 12631
9690 13621
9690 16915
9691 11735
9691 19187
9692 10507
9693 11755
9693 15733
9694 10031
9695 11732
9695 14989
9695 17291
9696 11801
9696 14899
9697 13514
9697 14121
9698 12144
9698 15953
9698 18277
9700 12495
9700 14734
9701 11051
9701 14407
9702 10933
9702 15602
9703 15178
9703 15926
9704 12297
9705 17473
9706 14114
9706 14140
9706 16555
9706 18159
9707 16086
9707 16874
9707 17743
9708 15167
9708 19780
9708 19898
9709 11024
9709 13878
9709 14955
9710 15212
9711 10097
9711 15145
9711 19914
9712 10339
9712 16595
9712 17281
9713 11923
9713 16396
9714 16417
9714 17315
9715 14601
9715 18015
9716 13246
9716 13744
9716 13826
9716 19823
9717 13811
9717 18538
9719 14507
9719 16427
9720 9745
9720 15899
9720 17269
9721 12492
9721 13012
9721 15896
9721 17291
9721 18103
9723 16280
9723 17846
9724 10669
9724 11162
9724 17260
9724 18768
9725 14936
9725 15329
9726 13358
9726 19700
9727 15228
9727 17289
9727 19821
9728 16711
9729 16349
9730 17997
9731 10080
9731 14977
9732 9853
9732 12951
9732 19126
9733 12349
9733 16371
9734 10247
9734 15666
9734 17543
9734 18669
9734 19247
9735 15067
9737 12189
9738 12307
9739 10892
9739 17544
9739 19358
9740 10661
9740 11365
9740 12763
9740 14276
9741 17046
9741 19406
9742 11586
9742 14433
9742 15040
9743 10063
9743 10889
9743 16705
9744 11632
9744 17214
9745 10928
9746 17050
9747 12563
9747 17510
9747 17918
9748 13447
9748 16329
9748 18365
9748 19203
9749 16094
9750 16228
9751 10867
9751 18416
9752 15134
9752 15943
9753 11947
9753 16700
9753 17858
9754 11039
9754 11506
9754 11580
9754 16517
9755 15061
9755 16221
9756 9778
9756 16106
9756 18660
9757 15035
9759 14281
9759 15016
9760 12666
9760 16860
9761 16096
9761 17464
9761 19877
9762 14147
9762 18926
9764 10381
9764 15147
9765 11436
9765 12740
9765 13430
9765 14378
9765 14454
9765 16017
9765 18718
9766 18328
9767 10709
9767 13318
9767 16068
9768 10965
9768 15455
9769 14485
9769 14875
9770 9972
9770 10729
9772 10930
9772 13948
9772 18507
9773 10257
9773 11741
9773 14754
9773 14924
9773 16291
9774 11917
9774 12964
9774 13776
9774 15358
9775 9803
9775 11432
9776 9987
9776 11807
9776 15751
9776 19590
9777 10933
9777 17636
9777 18270
9777 18640
9778 11453
9779 15631
9779 17944
9780 10937
9781 13056
9781 14227
9782 19590
9783 15302
9784 16608
9785 10110
9785 19677
9786 13947
9786 14465
9786 15216
9788 18606
9788 19555
9788 19604
9789 15723
9789 19030
9790 18815
9791 14934
9791 18257
9792 10029
9792 14126
9793 11515
9793 17389
9794 10117
9796 17722
9797 10936
9798 11000
9798 17396
9798 17729
9799 9934
9800 11754
9801 13164
9802 19882
9803 18812
9803 19024
9804 13259
9804 18331
9805 13814
9806 10470
9807 13141
9807 19505
9808 11043
9808 14344
9808 17993
9809 12360
9809 12659
9809 16201
9810 13638
9810 16550
9811 17710
9812 14913
9812 15870
9812 16017
9813 13337
9813 19765
9814 11725
9815 10539
9816 17342
9818 13452
9819 13375
9819 14297
9819 15679
9820 19102
9821 17165
9822 11755
9822 13333
9822 18941
9822 19350
9823 12044
9823 13822
9823 15299
9823 17613
9823 19939
9823 19985
9824 15315
9824 17394
9825 11446
9825 11749
9825 12155
9826 15356
9826 15444
9826 16272
9827 17581
9828 13849
9829 9899
9829 10921
9829 13008
9829 14332
9829 14972
9830 14131
9830 18787
9831 14142
9831 16426
9832 16910
9832 16962
9833 12351
9834 15539
9835 17216
9835 19015
9836 15252
9836 18686
9837 10777
9837 13493
9837 14409
9837 19029
9838 10775
9838 13558
9840 15010
9840 19100
9841 10611
9841 12027
9841 12173
9841 12435
9841 19539
9842 13411
9842 18412
9843 18028
9843 18634
9844 14684
9844 16125
9844 18757
9845 13501
9845 14573
9849 12982
9849 16160
9849 16262
9850 11511
9850 11971
9853 15474
9854 15399
9854 18232
9855 11219
9855 13510
9856 11899
9856 15069
9856 16611
9857 15774
9857 17291
9858 13212
9859 10509
9859 10571
9859 14147
9859 14206
9859 19814
9860 10817
9861 16641
9861 17527
9861 19783
9862 14002
9862 14156
9862 16847
9863 12238
9863 15547
9864 13383
9864 16498
9864 17128
9864 18213
9864 19397
9865 13551
9865 16685
9866 12226
9866 12321
9866 17612
9867 10315
9867 17206
9868 9959
9868 10347
9868 10766
9868 17166
9869 13241
9869 13818
9869 14193
9869 16375
9869 17064
9870 10110
9870 15076
9871 15239
9871 17249
9873 10333
9873 11749
9873 15570
9874 14382
9875 12464
9875 14987
9875 15572
9876 13767
9876 14951
9876 15141
9877 14511
9878 14595
9878 15325
9879 16484
9880 12274
9880 12372
9881 12594
9881 16233
9881 18135
9881 18846
9882 11842
9882 18087
9882 19537
9882 19760
9883 12445
9883 13360
9883 13654
9884 11538
9884 14985
9884 15673
9884 18579
9884 18773
9884 19388
9884 19743
9885 19090
9886 14699
9888 13909
9888 19295
9889 11916
9890 17979
9891 12273
9891 16032
9891 19611
9892 12127
9892 14167
9892 18511
9893 11990
9894 13369
9894 15514
9894 15899
9895 10872
9895 13954
9896 10923
9896 19104
9896 19315
9897 10105
9898 12039
9898 15260
9898 19105
9899 14366
9900 16905
9900 18746
9900 19549
9901 15564
9902 11869
9902 13668
9902 19456
9903 16259
9903 19683
9904 19935
9905 9910
9905 12790
9905 19568
9906 19108
9907 15301
9907 16499
9907 19209
9907 19371
9908 13344
9909 10360
9909 19184
9909 19429
9910 14237
9911 17530
9913 15425
9913 19040
9914 16316
9915 11125
9915 11491
9915 12267
9915 18622
9917 13969
9917 18464
9918 16540
9918 19623
9920 10357
9920 14693
9920 15614
9920 16241
9921 15636
9922 12281
9922 17181
9923 11278
9923 11717
9923 12837
9923 14709
9923 15547
9923 15668
9924 11005
9924 13032
9924 13411
9925 14780
9925 17344
9926 13736
9926 17576
9926 17722
9927 14324
9927 15679
9928 9940
9929 10168
9929 10984
9929 14786
9929 15977
9929 19758
9930 15611
9931 12558
9931 14524
9931 15587
9931 15851
9932 10495
9932 12813
9932 15778
9932 19927
9933 13443
9934 12883
9934 16378
9935 13665
9935 13981
9936 10450
9936 15786
9936 17190
9937 18526
9938 10054
9938 18924
9938 19758
9939 17214
9940 15174
9941 17635
9943 11369
9943 11473
9943 16929
9944 11882
9945 10485
9945 13414
9946 13866
9946 16438
9946 16831
9948 15725
9949 10266
9949 10555
9949 13374
9949 16413
9949 16926
9949 17418
9949 19441
9950 10097
9950 10626
9950 16240
9951 13993
9951 14268
9951 15765
9951 17519
9952 12191
9952 16112
9952 18694
9953 17661
9953 18939
9954 10005
9954 12388
9954 13593
9954 18035
9955 13113
9955 13985
9956 19372
9957 11035
9957 15820
9958 11236
9958 13215
9959 13171
9959 15199
9959 17915
9960 16441
9961 14080
9961 15333
9962 11089
9962 11244
9962 15399
9962 18264
9963 12831
9964 11660
9964 16848
9964 17900
9964 18943
9965 10867
9965 17912
9966 11110
9966 11848
9967 10322
9967 13828
9968 10812
9968 12864
9969 16281
9969 18110
9970 17188
9971 11575
9972 11653
9973 10428
9973 18755
9975 10974
9975 11070
9976 13577
9976 18008
9977 10556
9977 15849
9977 19207
9978 10579
9979 10253
9979 13058
9979 18367
9981 15749
9981 17630
9982 16015
9983 12624
9983 13556
9984 13362
9984 18023
9985 18960
9986 13433
9986 18678
9987 16071
9987 18920
9988 14232
9988 16590
9989 11225
9989 11610
9989 16028
9989 18448
9990 16703
9990 18261
9990 19462
9993 19547
9994 11586
9994 15034
9994 16751
9996 11691
9996 18110
9996 18507
9996 18957
9999 10186
9999 17148
9999 18254
10000 10217
10000 13682
10000 16941
10001 13183
10001 14258
10002 15247
10002 17900
10002 18415
10003 12870
10003 15257
10003 18422
10003 18878
10005 19729
10006 13109
10006 18075
10007 18530
10008 10229
10008 10817
10008 11072
10009 14097
10010 13911
10011 10751
10011 15640
10011 17789
10012 13928
10014 11835
10015 14607
10015 18520
10016 13473
10016 17222
10016 17982
10016 19941
10017 16255
10018 10241
10019 11319
10019 18027
10019 18525
10019 18777
10019 19409
10020 17994
10022 10569
10022 13372
10022 19357
10024 10381
10024 13745
10024 16865
10027 13346
10027 19530
10028 14918
10029 12109
10029 14099
10030 14823
10031 12283
10031 19062
10032 16175
10033 15717
10033 19903
10035 14392
10036 11376
10036 17145
10036 18047
10037 16834
10037 16858
10038 13858
10038 16095
10040 10175
10041 19368
10041 19923
10042 15801
10042 17583
10043 14641
10043 14878
10043 15364
10043 16687
10043 18693
10044 13099
10046 10696
10046 15355
10046 16245
10047 16129
10049 11556
10049 14084
10049 19278
10050 18485
10051 14642
10051 14649
10051 18791
10051 19153
10052 12493
10052 19439
10053 10117
10054 15917
10055 13404
10055 14778
10056 16530
10057 13733
10057 15470
10057 18545
10058 15435
10060 12077
10060 16346
10060 18002
10061 16362
10061 18230
10061 19922
10062 11003
10062 14596
10062 19195
10063 13988
10063 15261
10063 16309
10063 17288
10064 10976
10064 13510
10065 11817
10066 11518
10066 12452
10066 18949
10067 11019
10067 15824
10067 17904
10067 19274
10068 11064
10068 13135
10068 14043
10069 17342
10070 12766
10070 13372
10070 13444
10071 11475
10074 18743
10075 14409
10075 16669
10077 17051
10078 18065
10078 19922
10079 14120
10081 13611
10081 14565
10083 11891
10083 16950
10086 10373
10086 11664
10086 11730
10086 13889
10086 16066
10086 19894
10087 15154
10088 13899
10088 16173
10089 12530
10089 16275
10089 17526
10089 19149
10091 11903
10091 14770
10091 16764
10092 10975
10092 11221
10092 13916
10093 13436
10093 18543
10093 18955
10094 12808
10094 14034
10094 17345
10096 13881
10097 17187
10098 11223
10098 18288
10099 13945
10099 17743
10099 19932
10100 18090
10101 11439
10101 12998
10102 11178
10102 12324
10102 16845
10102 19855
10103 14461
10103 15558
10104 14220
10105 17800
10105 19073
10107 13459
10107 16856
10108 11556
10108 13268
10109 11335
10109 17561
10109 18865
10110 10858
10110 14296
10110 16765
10111 16269
10112 12386
10112 19160
10114 14381
10115 12894
10115 18057
10116 13938
10117 15880
10119 15744
10119 16950
10120 15033
10120 15710
10120 17148
10123 19552
10124 11701
10124 14557
10124 14610
10124 16910
10125 10570
10125 12650
10125 13064
10125 13862
10127 14323
10128 14659
10129 10966
10129 15221
10130 10131
10130 15684
10130 15959
10131 10208
10131 17721
10131 18523
10131 19604
10132 11679
10133 14126
10133 16364
10134 10296
10134 11623
10134 12049
10134 14307
10135 12383
10136 16130
10137 15304
10139 10472
10139 13764
10139 15500
10139 17621
10139 19815
10141 12169
10141 16668
10141 17101
10142 14585
10143 13169
10144 15940
10144 17542
10145 11415
10145 12725
10145 15870
10145 17362
10146 11898
10146 16901
10146 19783
10148 13937
10148 18490
10150 13695
10150 15128
10151 16741
10151 17790
10151 18565
10152 11550
10152 12588
10152 13403
10152 16085
10153 12022
10153 13496
10153 14007
10153 18563
10154 14523
10154 16165
10154 18191
10154 19543
10155 10217
10155 15247
10155 15989
10156 12996
10156 13882
10157 13906
10157 14114
10157 16972
10158 13651
10159 10234
10159 10451
10159 10946
10159 14684
10159 15913
10160 15369
10160 15926
10160 16328
10160 17680
10161 15141
10161 16395
10161 17537
10162 11673
10163 12701
10163 13340
10164 10938
10164 13883
10164 19494
10165 16119
10166 15319
10166 16548
10167 12064
10167 19177
10168 19932
10169 14411
10169 17899
10169 18187
10170 11691
10170 13869
10170 14434
10170 17955
10171 15586
10171 17211
10172 14329
10172 15892
10173 17250
10174 12441
10175 13575
10175 16751
10176 10864
10177 17689
10178 11081
10178 12709
10178 12781
10178 14812
10179 16490
10180 16537
10180 19587
10181 10617
10181 12678
10181 13404
10181 16314
10181 17054
10181 17115
10182 12978
10184 10849
10184 15808
10184 18959
10185 11523
10186 16185
10186 18488
10187 16563
10187 17262
10187 18515
10188 17098
10188 19634
10189 19831
10190 13493
10190 19578
10191 11365
10191 18175
10192 19630
10193 14080
10193 15100
10193 16784
10193 17263
10194 11299
10194 11300
10194 16517
10195 16583
10195 18001
10195 18355
10196 11229
10196 16664
10197 11717
10197 14697
10197 15740
10197 17258
10198 11188
10198 15992
10199 14592
10200 12855
10200 13108
10201 14657
10201 16281
10201 17091
10201 17793
10202 12432
10202 14402
10203 11487
10203 18171
10204 14193
10205 14413
10206 14945
10206 18756
10206 19188
10207 15416
10207 16410
10207 17763
10207 18962
10208 10777
10208 15940
10208 17280
10209 17941
10210 11276
10210 11501
10210 16064
10210 17958
10211 19885
10212 10518
10212 14151
10212 16958
10213 11966
10213 13784
10213 15489
10213 17242
10214 11539
10214 12613
10214 18295
10214 18609
10215 15238
10215 16234
10216 16192
10217 10461
10218 10792
10218 12784
10218 14284
10218 14989
10219 11555
10219 14382
10220 17662
10221 13720
10221 18263
10222 11519
10222 16002
10222 17228
10223 12428
10223 15087
10224 13218
10224 14254
10225 11895
10226 10631
10226 12371
10226 15333
10227 16962
10228 15217
10228 17811
10229 10622
10229 14147
10230 11336
10230 12475
10231 19147
10232 11278
10232 17289
10233 19112
10234 11241
10234 16106
10235 10856
10235 13625
10235 15089
10236 13581
10237 13927
10237 15160
10238 10866
10238 13633
10239 14177
10239 16263
10239 17352
10240 16183
10241 16674
10242 11204
10242 17674
10243 16643
10243 19194
10244 12709
10244 16534
10244 17263
10246 10627
10246 15919
10246 18058
10247 10330
10247 14294
10247 14789
10248 13497
10248 15880
10248 19499
10248 19783
10249 19837
10250 15062
10251 11991
10252 12682
10253 16080
10253 16081
10254 10540
10255 10553
10255 14770
10255 18505
10256 11743
10257 15876
10258 11550
10258 15959
10260 10802
10260 11406
10260 15357
10261 12568
10261 14185
10262 11532
10262 13627
10262 16462
10263 10843
10263 12439
10263 15291
10263 17029
10263 17514
10264 12215
10265 16309
10266 10458
10266 19068
10267 14115
10267 16170
10268 13387
10268 15614
10269 12552
10269 14623
10270 11077
10270 18281
10271 13496
10271 13823
10271 14397
10272 14027
10272 19458
10273 14264
10274 11142
10274 15383
10275 18860
10275 19497
10276 11578
10276 14643
10276 14878
10276 16565
10277 11529
10277 13260
10280 16837
10281 13315
10281 18673
10281 19910
10282 13652
10282 18522
10283 11656
10283 16328
10283 18256
10283 19935
10284 12196
10284 18774
10284 19489
10285 16032
10286 15115
10286 16465
10287 12687
10287 13711
10287 14288
10287 18616
10288 14645
10288 17027
10289 11322
10289 19942
10290 12132
10290 16173
10290 17333
10290 19398
10291 13168
10291 16010
10292 10313
10292 11460
10292 17504
10293 13096
10293 15736
10293 16810
10293 18354
10294 10665
10295 11113
10295 13040
10295 14821
10295 15712
10295 18474
10296 11290
10296 16087
10297 10936
10297 11289
10297 14529
10297 19920
10298 16888
10299 14376
10301 12314
10301 17854
10302 10355
10302 12826
10302 13072
10304 16074
10306 11233
10306 13365
10306 18159
10307 14751
10308 11687
10308 11946
10309 13013
10309 17823
10309 18387
10311 17791
10311 19927
10312 17404
10313 19868
10314 15237
10314 18784
10315 12256
10315 17732
10315 18478
10315 19220
10316 17390
10317 19565
10318 16867
10318 16898
10319 11314
10319 12996
10319 14239
10320 13808
10320 15073
10320 16527
10320 16612
10320 19354
10321 10720
10321 12878
10323 17035
10325 16676
10327 14539
10327 16045
10328 10530
10328 19092
10330 12421
10331 12081
10331 12623
10331 17064
10332 11975
10332 13953
10333 17445
10334 11568
10334 14394
10334 19565
10335 11536
10335 11809
10335 13132
10335 16042
10335 19565
10335 19842
10336 17868
10337 12484
10337 13363
10339 11485
10339 13261
10339 15091
10341 12492
10341 13164
10341 14828
10341 17605
10341 19813
10342 10867
10343 11376
10343 13554
10343 15670
10343 16537
10343 19103
10344 11976
10344 13970
10344 19027
10345 10921
10345 19045
10346 14278
10347 12573
10347 12889
10347 14698
10348 11631
10348 18317
10348 18514
10348 19746
10349 11014
10349 16477
10350 15822
10350 16635
10350 17001
10350 18037
10350 18254
10350 19499
10350 19880
10351 14859
10351 15988
10352 14045
10352 14082
10352 14298
10355 11595
10355 14019
10356 10867
10356 10974
10357 12776
10357 19603
10358 18456
10359 14430
10359 17095
10360 11132
10361 12721
10362 16782
10363 18525
10364 12954
10364 17900
10364 19166
10364 19618
10365 11300
10365 16621
10365 18235
10366 10944
10367 13606
10368 12694
10368 15044
10368 15913
10368 17054
10369 12520
10370 11053
10370 19225
10371 12948
10372 18129
10373 11218
10373 16062
10373 16537
10374 12725
10374 15049
10374 16181
10374 17333
10375 18263
10375 18638
10376 10642
10376 11221
10377 15615
10378 10554
10378 10983
10378 11682
10378 19310
10379 10571
10379 16475
10379 17056
10380 18952
10380 19699
10382 18150
10382 19657
10383 10529
10384 13727
10384 18013
10385 11647
10385 19514
10388 12959
10388 16747
10388 17651
10388 18566
10389 10446
10389 11855
10389 17453
10389 19363
10389 19922
10390 16473
10390 18587
10391 12474
10391 13573
10391 19505
10391 19631
10392 12451
10392 12626
10392 13274
10392 16343
10392 16810
10392 16940
10393 19535
10394 13036
10394 19693
10395 12453
10395 16083
10395 17369
10396 12775
10396 13325
10396 15649
10396 17382
10397 12470
10397 12637
10397 14826
10397 16322
10398 11260
10398 11661
10398 15342
10398 18803
10400 12839
10401 18685
10402 10477
10402 10721
10403 16541
10403 16677
10404 15689
10404 18665
10405 15475
10406 16638
10406 17966
10406 18945
10407 16962
10408 13762
10409 12867
10411 14663
10412 10727
10413 11853
10413 13620
10413 14229
10413 15881
10414 19392
10415 10993
10415 13800
10415 13893
10415 16881
10416 13579
10416 13995
10417 10644
10417 14759
10418 17857
10419 11713
10419 12016
10421 14279
10422 18061
10423 14040
10423 14665
10423 14809
10424 11043
10424 15653
10425 11635
10425 19412
10427 14772
10427 14821
10427 18637
10427 19389
10428 18251
10429 12871
10429 13257
10429 16067
10429 18279
10430 11229
10430 11557
10430 14486
10430 17978
10430 19849
10431 12356
10431 13076
10431 15957
10431 18263
10432 15057
10432 18768
10434 12422
10435 19240
10435 19664
10436 13499
10436 17007
10436 18321
10437 11132
10437 14716
10438 18479
10439 11719
10439 14317
10439 15903
10439 15930
10439 16133
10439 16645
10440 12026
10441 13846
10442 16236
10442 17506
10443 11922
10444 12959
10445 18709
10445 18986
10446 15053
10446 15520
10446 16033
10447 11605
10447 14236
10448 18188
10449 14822
10449 15509
10449 16396
10451 12160
10451 14148
10451 19904
10452 12278
10452 19262
10453 12054
10454 10999
10454 12716
10454 18630
10457 10605
10458 11452
10458 11663
10458 17864
10459 10462
10459 17486
10460 14316
10461 12314
10462 12591
10462 14022
10463 15410
10464 13547
10466 14493
10466 15923
10466 17290
10470 12985
10470 13097
10471 11522
10471 11664
10472 18541
10473 16179
10474 11901
10476 14391
10477 16388
10477 19364
10478 16818
10479 13084
10480 10719
10480 15842
10480 15879
10480 19141
10481 18111
10482 15350
10482 19126
10483 16588
10483 16979
10483 17357
10484 18184
10484 19607
10485 11216
10485 14397
10486 18570
10487 17363
10488 17964
10488 19387
10489 10689
10489 14880
10489 19794
10490 11767
10490 13526
10491 10562
10492 14349
10492 15327
10492 17949
10492 19265
10493 11180
10493 11873
10493 12496
10493 13147
10493 16706
10493 16825
10493 18649
10494 14877
10495 12799
10495 16344
10495 19502
10496 11398
10496 12244
10496 12804
10496 18977
10497 14902
10498 10544
10498 14007
10498 14996
10499 13029
10499 19993
10500 12131
10501 18104
10502 10810
10502 12647
10502 14033
10502 14300
10504 12089
10504 13081
10506 10787
10506 11939
10506 12096
10507 11090
10508 10894
10509 10579
10509 18030
10510 11552
10510 13064
10510 15997
10510 16134
10511 10863
10511 15281
10511 18620
10512 12111
10512 18036
10514 11289
10514 18492
10515 13497
10516 11217
10516 12180
10516 14185
10517 12944
10517 13172
10517 13860
10517 15310
10518 16907
10520 12455
10521 13330
10521 14509
10522 12696
10522 13197
10522 14601
10523 17506
10524 14106
10526 18512
10527 12398
10528 15367
10528 18784
10529 19327
10531 10572
10531 14790
10531 15416
10531 15883
10532 18806
10533 18954
10534 13652
10534 14113
10535 10783
10536 18961
10537 14746
10537 18408
10539 14397
10539 18323
10539 18558
10539 19487
10540 10761
10540 11869
10540 17830
10541 11033
10542 19531
10543 14801
10543 19282
10544 17469
10544 18093
10545 13527
10545 14322
10545 18961
10546 17430
10546 17580
10546 19489
10547 10823
10547 15267
10547 17578
10547 18859
10548 16503
10549 17356
10549 18976
10550 12017
10550 16911
10550 17628
10551 12766
10551 15606
10551 18025
10552 15009
10552 17962
10553 12566
10553 16433
10553 19833
10554 11182
10555 10691
10555 11386
10556 18668
10557 14576
10558 13479
10559 10916
10559 16017
10560 16292
10560 16338
10561 18344
10562 10847
10563 10862
10563 11207
10563 11448
10563 13106
10563 18694
10564 11352
10564 12925
10565 18969
10566 11433
10566 16879
10568 12249
10568 12635
10569 18064
10571 13717
10572 12937
10572 17219
10574 12794
10575 17786
10575 19246
10576 12793
10576 15955
10576 17641
10578 17344
10579 15409
10579 18338
10580 17582
10581 13685
10581 14191
10581 15097
10582 11472
10583 19902
10583 19972
10584 14339
10585 16381
10586 17685
10586 19554
10587 18540
10588 14021
10589 10637
10589 19135
10590 12928
10590 15999
10590 19216
10590 19399
10591 10930
10593 10774
10593 11618
10593 13603
10593 17976
10594 12256
10594 14116
10594 14747
10594 19301
10594 19877
10595 16311
10596 11831
10596 17000
10596 17570
10596 19574
10598 12401
10598 12500
10598 15608
10598 18032
10599 13559
10600 18550
10602 12286
10603 13996
10605 13339
10605 15530
10605 15744
10605 16728
10606 10641
10606 13769
10606 14929
10606 16998
10607 13335
10608 18747
10609 10825
10609 16067
10609 18407
10610 12263
10610 12992
10610 13980
10610 17171
10612 18383
10613 13082
10613 16642
10613 17328
10613 18937
10614 15945
10614 17584
10615 10670
10615 14763
10615 18056
10616 11675
10617 14205
10618 15217
10618 18638
10620 13973
10622 17292
10623 11933
10623 12565
10623 13921
10623 14124
10624 11143
10624 18880
10625 13166
10626 10898
10626 16161
10626 19918
10627 13584
10628 12588
10628 13678
10629 17145
10629 18527
10630 11875
10630 14813
10630 19045
10632 13664
10633 13830
10633 16266
10633 16966
10634 11826
10635 18430
10635 18881
10636 11421
10636 11912
10637 13759
10638 11449
10639 12412
10639 16640
10639 19116
10640 19034
10643 15096
10644 14134
10644 15519
10646 12312
10646 13273
10646 13612
10646 14563
10646 18343
10647 13213
10647 19277
10648 15038
10648 17387
10648 19129
10648 19302
10649 11061
10649 11766
10649 14847
10649 19491
10650 11561
10651 17755
10652 13180
10652 16580
10652 17125
10652 17572
10653 11461
10653 16004
10654 15172
10655 15251
10657 14351
10657 14992
10658 12005
10658 15217
10658 16612
10658 17024
10659 15986
10659 16687
10660 11794
10660 14243
10660 14823
10660 19693
10661 15867
10662 13272
10663 14295
10664 17539
10665 12604
10665 16621
10665 19791
10666 11666
10667 16931
10668 13776
10669 12948
10669 17194
10669 19882
10669 19925
10672 17680
10673 11521
10673 19607
10674 13656
10675 10943
10675 13614
10675 14264
10675 19073
10677 15447
10677 18294
10678 18962
10679 14839
10680 17713
10681 14558
10683 11070
10683 18388
10684 13381
10684 15702
10685 14363
10685 14695
10685 14793
10685 15697
10685 18222
10687 16546
10688 12065
10688 14452
10689 17076
10690 12954
10690 16537
10690 17403
10690 18237
10691 14961
10691 19214
10692 11309
10692 11496
10693 18241
10694 13052
10695 13442
10695 15160
10696 14434
10696 15119
10697 13907
10697 19810
10698 11780
10698 14749
10698 18148
10699 14798
10699 15039
10699 17520
10700 17725
10700 19697
10701 12738
10701 17186
10701 19787
10702 14007
10703 12062
10703 14240
10703 14307
10703 18345
10704 12267
10704 12514
10704 13389
10704 19682
10705 13477
10705 14377
10705 16033
10706 11722
10706 11747
10706 13637
10706 14687
10707 14559
10707 15587
10709 11309
10710 14787
10711 16846
10712 19960
10713 11133
10713 14437
10713 19398
10715 16514
10715 18101
10716 12542
10717 13429
10717 14259
10717 15357
10717 16166
10717 19249
10719 12663
10719 14023
10719 19692
10720 15003
10722 17822
10723 12371
10723 15368
10723 16388
10723 19985
10724 11043
10724 14589
10725 11974
10725 18191
10725 19662
10726 10757
10726 17120
10726 17322
10726 18885
10727 14911
10727 18455
10728 11563
10728 17469
10730 13778
10731 13029
10734 13346
10734 16725
10735 11612
10735 13736
10736 11173
10736 16743
10736 18946
10736 19021
10737 13020
10737 15420
10738 16493
10739 11345
10739 12469
10739 17304
10740 12762
10742 15855
10742 18520
10743 17672
10744 17180
10744 19289
10744 19925
10745 11392
10745 16823
10745 19360
10746 12312
10747 13432
10747 19581
10748 16849
10749 17492
10751 17785
10751 18393
10752 18653
10753 19442
10754 12034
10754 15366
10754 18741
10755 13256
10755 13603
10755 14504
10755 16011
10755 18785
10755 19534
10756 16064
10757 14733
10757 17887
10758 14794
10758 18045
10761 12022
10761 16172
10762 16273
10763 14052
10763 18619
10763 19928
10764 11424
10764 13652
10765 18478
10766 12646
10766 15386
10767 12089
10767 16356
10767 19799
10768 11621
10768 14124
10768 14805
10768 15740
10768 19648
10769 12266
10769 13388
10769 18219
10771 12709
10771 15223
10771 18155
10772 13808
10773 14873
10773 16410
10774 13925
10774 15650
10775 11106
10775 18998
10776 12793
10776 15852
10776 17422
10777 10785
10777 15111
10778 13401
10778 13602
10778 13613
10778 13692
10778 14480
10778 16533
10778 17387
10779 15047
10779 16676
10781 11712
10781 13374
10781 13598
10782 17716
10782 19968
10783 12743
10783 17405
10784 14409
10784 14924
10784 16425
10785 15917
10785 19596
10786 11595
10786 11737
10786 13204
10786 13964
10787 14325
10787 16114
10787 17905
10788 13863
10789 15187
10790 11444
10790 15417
10791 15588
10792 15670
10792 18023
10793 12451
10794 18169
10794 19307
10795 11972
10795 12299
10795 12758
10795 13197
10795 17776
10795 18772
10796 19744
10797 12134
10797 13417
10797 14265
10797 16687
10797 18965
10797 19469
10797 19618
10798 11712
10799 19186
10799 19945
10799 19963
10800 14071
10800 15656
10801 15280
10801 16324
10802 18807
10802 19665
10803 13305
10803 17706
10804 14524
10805 14844
10806 12629
10807 15215
10807 16450
10808 12065
10808 13108
10810 11641
10810 17091
10811 12551
10813 15265
10813 17320
10813 17666
10814 19780
10815 18398
10816 11541
10816 13817
10816 14758
10817 13562
10817 14236
10817 15397
10817 18055
10817 19431
10819 14812
10819 15954
10820 17086
10821 12653
10821 16424
10821 16920
10822 14155
10822 16472
10822 18402
10823 12489
10823 13419
10823 13594
10823 16927
10824 17937
10824 19138
10824 19385
10826 11531
10826 17275
10826 18356
10826 18362
10826 18417
10827 13148
10828 15484
10828 18023
10829 13636
10829 19354
10830 15519
10831 15018
10831 18906
10832 12878
10832 13438
10833 11763
10833 12755
10833 14277
10833 15928
10833 16006
10833 18826
10834 19684
10835 11155
10835 13931
10835 17182
10836 12602
10837 16222
10838 18076
10839 12663
10843 12516
10844 12972
10844 14953
10845 11731
10845 15343
10845 18132
10846 14027
10846 14329
10847 13146
10847 13193
10847 15590
10849 19151
10851 13522
10852 11603
10852 13213
10852 15828
10852 18377
10853 12034
10853 12453
10853 19003
10855 19883
10856 14220
10856 17517
10856 18993
10856 19561
10857 10928
10857 17479
10857 17497
10857 17618
10857 18879
10857 19145
10858 17298
10860 13444
10861 12893
10861 17698
10862 17566
10862 18911
10863 15076
10864 11080
10864 11869
10864 14473
10865 14325
10866 11818
10866 11865
10866 13626
10867 11183
10868 12183
10868 15882
10868 17353
10870 19087
10871 16733
10871 17300
10871 17805
10872 17631
10873 11832
10873 14015
10873 15615
10873 17321
10874 13925
10874 17613
10874 17828
10875 11075
10875 17996
10876 14789
10879 14967
10879 17177
10880 17213
10881 13052
10881 14089
10881 14259
10883 12069
10883 17823
10883 19911
10884 12440
10884 13251
10885 11895
10885 12243
10885 15724
10885 16203
10887 11001
10887 13231
10887 14743
10888 15357
10888 18043
10890 18441
10891 18780
10892 14586
10894 18632
10895 14499
10896 13134
10896 15648
10896 17000
10896 17593
10897 18488
10897 18923
10898 13102
10898 19670
10899 11719
10899 17069
10899 17766
10899 18311
10899 19390
10900 10994
10900 11085
10901 12006
10902 18424
10903 17949
10903 19234
10904 13689
10904 19609
10905 18588
10906 15363
10906 16226
10907 13657
10908 16497
10908 16990
10908 17327
10910 16982
10910 18706
10911 13758
10912 11097
10912 18056
10912 18918
10912 19130
10914 13651
10915 11208
10915 11850
10915 14959
10915 19506
10916 18600
10919 16572
10919 16816
10919 17105
10920 13348
10920 16825
10921 13514
10921 15608
10921 17505
10922 12093
10922 16654
10922 18507
10923 14289
10923 17155
10924 12993
10924 19818
10925 12230
10926 11365
10927 17927
10928 13564
10929 17831
10930 11097
10930 19396
10931 13195
10931 13420
10932 11789
10932 15606
10932 16547
10932 16745
10932 19540
10936 14216
10936 17246
10938 11777
10938 19943
10939 19046
10940 13215
10940 13491
10941 10964
10941 10976
10941 11092
10941 13308
10941 19941
10942 11049
10943 14453
10943 15405
10943 19866
10944 17190
10945 15752
10945 16268
10945 18554
10946 18083
10947 11159
10947 17292
10947 17892
10947 19915
10949 13775
10949 18775
10950 16470
10950 18840
10952 13516
10952 19380
10953 13024
10953 14656
10953 15502
10954 11579
10954 11823
10954 11921
10955 12109
10955 15983
10956 10962
10956 16585
10957 14636
10958 11820
10958 17655
10959 12398
10959 15714
10959 16173
10960 11353
10961 19847
10962 16705
10964 16217
10965 11036
10965 11919
10965 12827
10966 12364
10967 19310
10967 19711
10968 15070
10969 12246
10971 12550
10971 17947
10972 15541
10973 13168
10973 15155
10973 18650
10974 14594
10974 17027
10975 11645
10976 16287
10976 17783
10977 11219
10977 15629
10979 14057
10980 14717
10981 12621
10981 13904
10981 15158
10982 12475
10982 12525
10982 18750
10983 11996
10983 15313
10983 17340
10984 12454
10985 15923
10985 19607
10986 14753
10986 14894
10986 16287
10988 12071
10988 12409
10988 13318
10988 15269
10988 19681
10989 12486
10989 17003
10989 18627
10991 12277
10991 17893
10991 18668
10992 16335
10993 16757
10994 11336
10994 12620
10994 15543
10994 15547
10995 19418
10997 18489
10998 13289
10998 18168
10999 17761
10999 18944
11000 11635
11000 18615
11001 11172
11001 11543
11001 16617
11002 14566
11002 19734
11003 11584
11004 14690
11005 11526
11005 13692
11005 19677
11006 11278
11006 19909
11007 11103
11007 13824
11007 17866
11007 18693
11008 12946
11008 14471
11008 16499
11008 17510
11008 19756
11009 12542
11009 16371
11009 17108
11010 11458
11010 11933
11010 15588
11010 18010
11010 18050
11011 11507
11011 13931
11013 12340
11013 15445
11013 18447
11013 18546
11013 18747
11013 19180
11015 12348
11015 17529
11016 12816
11016 16046
11016 16231
11016 16479
11016 19272
11017 13874
11017 16474
11018 13193
11018 14487
11018 18880
11019 18411
11020 11344
11021 12740
11022 14174
11022 19469
11024 19574
11025 11085
11025 17896
11026 15271
11026 16868
11026 18472
11028 17307
11028 17872
11028 19044
11029 12607
11029 14492
11029 14525
11029 15235
11029 19545
11030 18298
11031 12648
11031 17404
11031 18534
11031 18936
11032 13771
11032 18562
11033 12434
11033 17626
11033 18926
11034 13909
11035 15790
11035 16897
11035 18814
11037 13940
11037 14130
11037 15977
11037 18001
11038 14846
11038 15480
11038 17238
11039 15150
11039 16862
11039 19186
11041 11870
11041 17905
11042 19477
11043 13488
11044 15754
11044 19276
11044 19364
11045 13309
11046 12437
11048 16980
11048 18371
11049 11468
11049 11875
11049 12260
11049 15290
11050 11898
11050 13157
11051 18869
11052 11864
11052 15610
11052 16358
11053 19145
11053 19213
11053 19481
11054 17999
11056 13669
11056 14817
11056 15656
11057 11084
11057 15265
11057 17616
11057 18493
11058 12853
11058 16910
11060 13101
11060 13968
11060 15078
11060 15361
11060 16521
11061 14282
11061 16407
11062 14668
11062 14782
11062 17705
11063 17704
11064 12518
11064 13200
11064 14779
11065 16010
11066 13469
11066 19036
11067 12164
11068 14459
11068 18898
11069 14692
11069 15905
11070 12990
11071 12935
11072 15967
11072 16670
11073 18006
11074 12954
11075 12922
11076 11079
11076 18711
11077 17664
11078 14265
11079 12998
11079 13016
11079 14520
11081 12161
11081 14908
11082 12816
11083 12999
11083 13977
11083 16311
11083 16461
11083 18048
11083 19930
11084 11174
11084 12021
11085 18200
11086 14794
11086 18562
11088 13050
11088 16760
11089 11790
11089 12633
11089 13473
11089 17179
11090 12743
11091 12310
11091 14000
11091 14703
11091 15064
11091 16044
11091 16092
11091 18297
11092 12731
11093 11857
11094 12766
11094 15829
11094 16492
11094 18041
11095 11348
11095 11632
11095 12039
11095 12839
11095 17316
11097 13480
11097 14625
11097 14917
11097 17144
11098 17024
11098 17847
11099 13092
11100 16001
11100 16542
11100 19760
11101 12752
11102 15790
11102 19917
11103 13660
11104 11410
11104 11994
11104 14330
11104 17916
11105 11427
11105 12428
11105 16975
11106 12165
11107 12673
11107 18897
11108 12370
11108 13430
11109 13193
11109 13284
11109 17716
11110 12965
11110 17298
11111 13374
11111 17159
11111 18874
11112 18958
11113 13478
11113 13945
11113 13952
11113 15844
11115 11512
11115 11763
11115 17115
11119 19449
11120 17447
11121 17409
11122 11230
11123 11178
11123 17236
11126 17713
11126 19897
11127 13308
11127 13854
11127 16221
11127 16676
11127 17438
11128 12222
11128 12756
11129 13993
11130 16099
11130 19517
11131 13478
11131 14849
11131 15583
11131 16677
11135 12524
11135 14713
11135 14894
11136 18420
11136 18678
11136 19695
11137 14189
11137 15943
11138 13858
11138 16326
11139 12069
11139 12488
11139 17558
11140 19011
11142 11630
11142 12397
11142 13258
11143 14093
11144 12777
11144 13131
11144 16197
11144 18297
11145 17173
11146 17716
11147 12684
11147 14767
11147 18201
11148 11820
11148 12488
11150 13803
11150 18421
11150 19073
11152 19788
11153 15852
11154 13384
11154 15239
11154 16150
11154 16808
11155 16298
11156 15211
11156 16696
11156 16743
11156 18574
11159 19251
11160 12001
11160 12303
11160 18199
11161 13038
11161 18573
11161 18596
11162 13591
11162 15005
11162 16100
11162 18807
11163 12214
11165 13800
11165 14405
11165 16631
11165 17383
11165 18311
11166 13502
11166 16727
11167 11232
11168 12349
11168 13752
11169 12156
11169 16236
11169 18806
11172 12039
11172 12387
11172 16881
11172 19409
11172 19750
11173 15763
11175 16201
11175 17623
11176 16127
11176 16717
11177 11228
11177 13473
11177 15099
11178 11590
11178 12785
11178 17686
11180 12826
11180 19093
11181 11556
11181 13543
11181 14489
11182 14279
11182 14964
11183 19125
11184 14987
11185 12101
11185 12571
11185 13737
11185 14375
11185 15883
11186 14251
11186 15901
11188 13350
11188 15325
11188 16190
11188 16781
11188 18147
11190 19643
11191 15673
11191 19971
11192 13427
11192 15685
11193 16384
11193 17788
11194 14286
11195 16927
11195 17903
11196 18485
11197 13268
11197 14973
11198 17322
11199 16263
11200 19277
11201 14570
11202 13889
11202 17310
11203 16790
11203 19131
11203 19267
11204 19652
11204 19722
11206 18733
11206 18775
11208 18530
11208 19381
11209 11844
11209 14394
11209 15786
11209 16384
11209 17436
11210 17625
11211 12165
11211 17918
11213 12672
11213 15084
11214 15731
11215 16563
11215 18725
11216 17630
11216 18182
11217 11241
11217 14146
11217 15784
11217 18589
11218 14043
11218 15792
11219 11691
11220 17161
11221 12150
11221 19182
11222 12961
11225 11992
11225 19183
11226 14677
11227 17471
11228 15068
11229 17110
11229 18291
11230 11870
11230 14843
11231 13392
11231 13671
11231 14929
11231 15609
11231 18657
11231 19759
11232 18207
11235 18942
11236 12039
11236 14283
11237 17522
11239 14292
11240 12415
11240 14617
11240 14888
11240 18985
11242 12013
11243 13709
11244 13981
11244 17370
11245 12043
11245 19217
11245 19696
11247 13703
11247 17947
11247 18703
11248 11782
11248 11934
11249 11894
11249 12156
11249 13752
11250 16056
11250 16474
11250 17913
11250 18640
11251 11542
11251 12202
11251 15160
11251 16716
11251 19459
11252 11348
11253 16526
11254 17406
11256 17883
11256 18265
11257 13241
11257 19366
11259 12563
11259 16537
11260 15902
11260 16796
11260 18570
11261 16880
11261 18803
11262 15685
11262 16051
11262 17286
11262 19477
11263 11482
11263 15779
11263 19616
11264 12784
11264 18002
11265 11527
11267 12434
11267 16108
11268 12981
11268 17479
11269 13122
11269 19550
11270 12348
11271 12194
11271 13655
11271 18379
11272 13818
11272 17487
11273 16569
11273 17738
11274 12496
11274 19091
11275 13091
11275 15273
11275 15426
11275 16335
11276 18864
11276 19287
11277 11306
11278 13206
11278 15113
11278 15847
11278 16873
11278 17115
11278 17729
11279 14139
11279 15133
11281 16363
11282 11855
11282 19450
11284 11491
11284 16920
11284 18907
11285 13990
11285 15282
11285 19911
11286 12201
11289 13169
11289 16306
11290 18349
11291 15865
11292 18220
11293 19039
11295 13784
11295 14625
11295 14810
11295 16397
11295 16764
11296 15124
11297 13575
11297 15249
11298 16530
11298 16872
11300 11830
11300 11846
11300 12873
11300 16393
11300 17058
11301 13430
11302 11780
11302 13372
11303 14264
11304 17072
11306 15102
11307 13026
11308 16572
11308 18100
11309 12107
11309 15669
11309 17096
11309 19673
11310 19785
11311 11664
11311 19610
11312 12871
11312 14384
11312 14417
11312 16721
11312 17682
11313 16203
11315 14021
11315 14771
11315 16254
11316 15680
11317 11906
11317 13223
11317 14439
11318 11612
11318 16877
11318 19924
11319 11693
11319 13500
11319 18576
11322 13263
11322 15495
11322 17156
11323 19892
11324 12326
11324 13111
11324 14926
11324 19219
11325 11830
11325 13365
11325 16631
11325 17790
11328 13908
11329 18411
11330 12350
11330 19254
11331 13093
11332 14176
11332 18863
11333 13018
11333 17117
11333 18677
11335 13456
11336 19569
11337 13445
11337 17010
11338 13693
11338 17343
11338 19003
11339 12229
11339 15030
11340 12162
11340 14912
11340 19432
11341 13023
11342 13063
11343 11903
11343 15424
11343 17889
11344 15285
11344 16592
11345 13500
11345 18487
11346 13922
11347 11946
11347 15221
11350 14047
11350 15156
11351 14440
11351 17146
11351 18946
11352 12019
11352 19024
11353 14379
11353 15187
11353 19750
11354 14255
11354 15438
11355 15995
11355 18266
11355 18878
11356 11988
11356 17323
11356 19466
11356 19482
11357 13593
11358 18878
11358 19634
11358 19961
11359 18425
11360 11594
11360 14327
11360 14535
11361 13046
11361 14535
11361 14856
11362 15577
11364 15056
11364 16340
11364 17225
11365 18093
11366 14033
11367 13056
11367 19505
11368 16354
11368 17405
11371 11903
11375 13710
11375 17393
11375 17684
11376 17409
11377 15195
11377 16990
11378 13283
11378 14589
11379 11779
11379 15901
11379 16666
11379 16857
11380 12799
11380 14961
11380 16599
11381 12329
11381 16272
11382 14989
11382 16417
11382 16577
11383 11911
11383 13307
11383 15306
11384 14281
11384 15470
11385 12169
11386 14801
11386 16607
11386 17402
11387 12569
11387 17939
11388 18098
11392 13907
11392 15472
11393 19699
11393 19939
11394 13956
11395 12474
11395 18898
11396 16705
11397 15681
11397 18057
11398 12927
11398 19254
11400 11536
11401 13046
11401 14894
11401 17004
11402 16064
11402 16693
11403 12864
11404 17396
11404 19433
11405 11791
11405 15947
11405 17731
11405 19012
11407 12687
11407 15395
11407 16150
11407 16824
11408 16176
11409 11411
11409 12149
11409 12311
11409 15302
11410 17287
11411 13445
11411 15249
11411 16246
11412 14418
11413 16720
11415 14202
11416 11720
11417 16190
11418 15491
11418 18933
11419 13327
11419 15614
11421 12260
11423 11822
11425 11653
11425 12810
11425 16218
11426 13629
11426 17210
11426 17580
11426 18958
11427 11904
11427 12125
11427 17009
11427 18472
11429 13291
11430 11620
11430 12250
11430 15564
11431 19320
11432 12416
11435 13813
11435 18661
11436 12769
11436 13023
11436 16373
11436 16378
11437 15811
11438 12359
11438 16310
11438 19778
11439 12475
11439 15885
11441 11613
11441 13181
11441 14121
11441 17107
11442 15213
11443 12151
11443 14273
11443 18807
11445 13669
11445 16373
11445 18100
11446 18174
11447 12108
11447 16657
11447 17043
11447 19687
11448 14253
11448 14661
11448 19888
11449 12992
11449 14605
11449 17870
11450 17266
11450 17448
11452 14686
11452 17482
11453 16590
11455 16628
11455 17470
11455 18225
11456 12883
11456 15828
11457 13837
11457 15415
11457 16817
11457 18445
11458 18556
11459 11976
11459 13561
11460 17122
11461 12561
11461 14964
11461 15882
11462 13155
11462 13599
11462 16916
11463 13389
11464 15719
11464 17471
11465 15246
11465 15824
11465 19922
11466 15397
11467 14738
11467 14747
11469 12389
11469 12584
11469 13215
11469 14090
11469 19244
11470 13758
11470 15084
11470 16201
11470 19008
11471 15773
11471 15870
11471 17377
11472 19185
11472 19438
11473 12227
11475 14283
11475 16471
11475 19007
11476 11560
11476 12040
11477 13890
11477 16061
11477 17694
11478 14443
11479 13697
11479 14625
11479 15995
11480 12275
11481 16953
11481 19323
11482 13606
11484 15925
11484 18456
11484 19106
11485 19939
11486 13287
11487 12249
11488 13564
11488 15820
11488 16190
11491 16467
11491 17958
11492 11687
11492 15475
11492 16368
11493 19941
11494 13974
11494 17989
11495 13947
11495 15840
11496 12059
11496 16505
11496 16529
11497 13912
11497 14299
11497 15101
11497 19831
11498 17593
11499 14725
11499 15892
11501 11615
11502 18375
11502 19191
11504 13899
11504 14979
11505 19991
11507 12986
11507 17537
11508 13544
11508 14520
11509 12477
11510 13782
11511 13968
11511 15552
11512 15527
11512 17524
11513 11586
11513 12387
11514 12128
11515 13362
11516 13058
11516 17901
11517 18293
11518 13215
11518 16878
11519 17183
11521 18034
11522 11953
11524 12869
11526 12297
11526 16660
11526 17204
11526 18448
11526 19803
11528 19365
11529 17554
11529 17576
11529 19327
11530 15213
11531 18954
11532 16823
11533 11792
11533 17062
11533 18887
11534 12912
11534 12953
11535 15470
11535 16918
11535 17455
11535 19383
11536 11968
11536 15437
11536 16278
11536 17177
11536 17651
11537 13690
11538 15057
11539 13149
11539 14076
11539 14205
11539 19986
11540 12645
11541 14524
11543 12091
11543 15663
11544 19304
11545 13330
11546 13689
11547 11769
11547 15316
11547 19867
11547 19938
11548 14358
11548 17853
11549 15288
11552 11723
11553 12920
11554 16472
11554 19037
11555 11950
11555 12833
11556 15729
11556 17363
11557 13425
11558 13549
11558 14417
11558 18510
11560 15508
11560 17336
11561 17780
11562 14875
11562 18381
11563 13050
11563 14431
11564 14174
11564 15021
11565 12789
11565 14413
11565 15307
11565 16675
11566 14280
11566 14496
11566 18322
11569 19441
11570 12295
11570 13590
11571 13857
11571 18546
11572 12056
11572 15671
11572 16515
11572 17529
11573 12577
11574 12018
11574 15118
11574 16024
11574 18816
11574 19921
11575 12337
11575 17851
11575 18745
11576 18425
11577 11602
11578 15261
11578 18614
11579 12373
11580 14791
11580 15032
11581 12827
11581 14245
11581 16021
11582 12460
11582 14725
11582 15662
11583 12480
11583 12849
11583 19167
11584 11930
11584 15070
11584 17838
11585 19467
11586 17022
11588 17663
11589 17041
11590 17366
11591 14911
11591 15138
11591 19557
11593 12578
11593 17483
11594 16126
11595 13060
11595 19567
11596 13265
11596 13417
11597 17005
11598 12339
11598 12633
11598 13628
11599 13651
11600 12619
11600 15162
11600 18713
11602 11758
11602 13998
11602 17747
11603 18839
11605 19542
11606 12638
11606 16086
11606 16150
11607 13264
11607 16694
11607 17667
11608 11672
11608 17911
11609 18894
11610 14234
11611 11732
11611 16705
11611 17104
11611 19586
11612 16544
11613 12702
11613 16822
11613 17354
11613 19063
11613 19970
11615 13660
11617 13467
11617 15318
11617 19505
11618 14496
11618 14672
11619 14190
11621 13855
11622 13151
11622 18310
11624 12891
11624 15136
11624 17772
11624 17996
11625 17746
11625 18786
11626 12577
11626 18560
11626 19179
11628 13464
11629 13796
11630 12109
11630 13117
11631 14397
11632 12033
11633 18093
11634 14211
11635 12704
11635 15645
11635 15893
11636 19407
11637 13673
11637 13871
11639 15800
11640 15935
11640 17118
11640 17562
11640 19305
11641 18015
11642 17042
11642 19903
11643 19602
11643 19660
11645 12372
11645 18365
11645 19297
11646 13376
11646 16491
11646 17389
11647 14734
11648 15928
11648 16571
11649 13619
11649 18830
11650 17548
11650 19484
11651 17087
11652 16034
11653 15237
11653 15460
11654 14925
11654 17261
11654 17863
11655 14352
11655 18183
11656 13655
11657 17331
11657 17693
11658 17349
11659 15619
11659 17776
11660 17783
11660 19948
11661 13006
11661 19653
11662 12979
11662 15840
11662 16139
11662 16257
11662 16809
11662 16913
11662 17138
11662 18455
11663 13144
11663 15414
11663 18725
11663 19457
11664 15284
11664 18383
11664 19152
11664 19303
11665 15334
11666 15487
11667 14754
11670 18902
11671 18246
11673 14653
11673 16990
11674 18770
11675 12829
11675 17196
11675 17927
11676 19074
11676 19740
11678 17815
11679 14951
11679 19182
11679 19936
11681 13514
11681 16785
11682 19419
11683 13866
11683 19825
11684 11808
11686 17760
11687 15601
11688 13646
11688 15737
11689 19314
11690 12889
11690 13284
11690 19964
11691 14780
11691 16100
11692 12350
11692 12973
11692 13792
11693 16774
11694 12861
11694 13561
11694 16539
11694 19497
11695 16355
11696 12188
11696 13276
11698 12126
11698 16905
11698 19509
11699 11714
11699 18516
11700 16400
11700 16917
11700 18320
11701 15185
11703 14677
11703 14887
11703 18555
11704 15277
11705 17244
11706 16612
11706 18903
11707 14993
11708 18539
11708 19815
11709 13754
11710 19833
11711 12680
11711 13128
11711 15821
11711 19077
11713 12375
11713 14170
11713 15154
11715 14047
11715 14266
11718 15526
11718 17195
11719 19037
11720 12390
11720 13981
11720 19931
11721 18129
11721 19816
11721 19847
11722 19613
11723 16341
11724 13488
11725 11792
11725 13418
11725 15572
11726 16208
11727 13157
11727 14130
11727 18148
11727 19643
11728 17787
11728 18715
11729 14094
11730 14111
11731 15034
11731 15695
11731 18283
11732 15605
11732 17997
11732 19940
11733 13560
11733 17992
11734 12545
11734 17738
11736 12001
11736 14827
11736 17989
11737 14940
11737 18509
11739 15642
11740 13742
11740 14528
11741 13343
11741 16105
11742 11931
11742 18084
11742 19559
11743 12629
11743 17926
11743 19443
11745 12189
11745 13501
11745 14945
11745 18412
11746 14729
11747 15423
11748 12073
11748 14464
11749 17744
11750 19092
11751 12311
11751 14729
11751 16020
11752 13941
11752 14587
11752 15355
11753 17484
11753 19817
11754 14611
11755 16766
11755 19260
11756 13912
11756 14557
11756 17590
11756 18112
11757 17101
11758 13687
11758 17256
11758 18188
11760 19510
11761 14786
11761 15392
11762 15213
11764 15616
11764 19335
11764 19655
11765 12934
11766 12803
11767 16744
11767 19715
11768 12409
11768 16096
11768 16496
11768 19041
11769 16187
11769 18480
11769 19933
11770 13600
11773 13881
11774 13834
11774 16089
11775 16050
11775 18406
11776 17642
11776 18327
11777 12333
11777 18244
11779 16670
11780 11883
11780 11928
11780 11943
11780 14781
11780 15659
11781 12732
11782 19395
11783 16409
11784 13153
11784 16472
11785 16691
11785 17837
11788 12314
11788 12781
11788 18736
11788 19339
11789 16395
11790 15461
11790 18444
11791 15644
11793 17019
11793 17885
11794 17114
11795 11868
11795 13349
11795 16464
11796 15040
11796 17382
11797 12143
11797 14446
11797 17087
11797 19026
11798 16019
11799 18978
11800 13331
11800 15589
11801 19604
11802 15466
11802 15937
11802 19965
11803 18677
11804 12552
11805 13281
11805 14302
11805 18402
11805 18679
11806 12310
11806 12714
11807 16154
11807 16900
11807 17033
11807 18918
11808 12275
11808 15036
11809 15114
11809 15195
11809 19186
11810 17089
11811 19775
11813 14657
11814 14140
11815 12467
11815 12543
11815 13336
11815 17520
11816 15750
11817 15099
11817 18203
11821 19786
11822 13930
11823 14697
11823 16085
11824 19190
11826 14311
11827 12007
11827 13903
11828 14803
11828 18818
11828 19660
11829 19875
11830 17807
11830 17808
11831 12381
11831 16183
11832 15640
11832 15992
11834 14643
11836 13910
11836 19572
11837 16508
11838 12271
11838 13510
11840 18744
11841 14796
11841 15920
11841 17764
11841 19397
11842 12347
11842 15175
11842 17645
11842 18819
11842 19526
11843 16389
11843 16638
11844 13397
11844 17075
11844 18614
11845 14316
11846 15967
11848 13928
11848 16334
11849 12905
11849 16122
11849 16333
11850 13660
11852 19805
11853 14868
11854 12621
11854 18911
11855 12600
11855 14930
11856 13962
11856 17152
11857 17310
11857 18210
11859 12507
11859 12767
11859 13328
11859 17355
11860 12085
11860 12355
11860 15542
11860 17462
11860 19164
11861 14949
11861 15124
11864 15306
11864 16982
11866 14474
11866 15867
11868 19903
11869 14819
11869 15060
11869 17941
11870 12131
11870 13182
11870 13392
11871 16529
11871 19128
11872 17752
11873 13655
11873 17226
11875 18532
11876 14351
11876 16278
11877 17162
11878 16517
11878 17949
11879 14534
11879 16455
11880 12270
11880 15496
11880 15835
11881 12056
11881 14469
11882 13946
11882 15863
11882 18409
11883 16941
11883 19980
11884 17801
11886 13591
11886 16721
11886 17095
11886 17406
11888 17035
11888 17173
11889 15784
11890 13903
11890 19944
11892 13163
11893 19811
11894 16202
11894 16549
11894 19598
11895 16278
11895 16949
11896 19173
11898 15296
11898 18992
11898 19538
11898 19929
11899 15662
11899 18545
11901 13314
11901 13788
11902 19923
11903 13302
11904 16144
11904 16260
11905 12529
11905 13842
11905 15038
11905 19659
11906 13423
11906 13434
11906 13718
11906 14214
11906 15875
11906 18975
11907 17850
11908 12241
11909 14819
11910 14979
11910 19209
11911 13122
11911 14070
11911 14204
11911 18497
11911 18904
11913 13217
11913 14463
11913 15291
11914 13394
11914 13777
11914 14043
11916 12366
11916 12395
11916 13675
11917 15181
11917 16496
11918 18232
11919 12628
11919 16379
11919 18432
11920 13156
11920 19972
11922 12565
11922 15365
11922 15479
11923 14957
11924 17896
11925 12038
11926 13238
11926 13490
11926 17186
11927 14158
11928 19757
11929 13342
11930 14675
11930 16060
11930 17682
11930 19066
11931 13548
11931 14741
11931 18523
11932 12563
11933 12286
11934 18666
11935 13891
11935 18377
11936 12032
11936 13783
11936 18501
11937 19331
11938 12215
11938 15775
11938 18570
11938 19378
11939 13770
11939 19144
11940 14197
11940 16916
11941 15704
11941 17696
11942 14818
11942 14834
11943 14890
11943 16687
11943 18658
11944 13712
11945 11978
11945 13493
11945 13934
11945 16560
11946 13662
11947 16697
11949 14224
11949 17293
11949 17465
11949 19731
11950 15630
11951 12684
11951 16384
11951 17267
11951 18315
11952 13527
11953 12202
11953 15447
11954 18348
11955 14914
11955 19459
11956 16110
11957 15099
11957 15703
11957 18737
11958 12069
11958 16510
11958 16890
11958 16969
11959 15309
11959 15755
11959 19416
11960 12370
11961 14927
11964 16330
11966 15650
11966 15913
11967 15030
11968 12686
11968 14917
11968 18708
11968 19955
11970 17077
11970 19564
11971 16781
11971 18536
11972 15881
11972 18282
11973 15038
11974 15712
11976 15369
11978 16028
11978 16997
11978 17616
11978 18947
11979 15225
11979 17734
11980 13411
11981 13469
11981 16796
11981 19234
11984 17774
11984 19456
11985 19832
11986 13711
11986 16540
11986 17419
11987 17030
11988 12302
11988 14232
11991 13530
11991 13763
11993 18604
11993 18636
11995 12490
11996 13242
11996 14211
11997 12751
11997 15831
11997 16849
11998 12224
11998 12640
11998 15387
11999 16202
11999 17637
11999 18232
11999 19428
12000 13443
12000 13955
12000 16444
12001 15430
12001 16185
12001 17316
12003 19943
12004 13977
12004 16510
12007 12403
12007 16487
12007 17541
12007 19151
12008 17337
12010 12910
12011 19940
12014 14950
12014 18974
12017 13460
12017 17440
12018 13766
12019 19622
12019 19930
12020 19837
12022 13983
12022 15553
12022 18098
12022 19238
12023 12819
12023 19403
12024 12473
12024 16204
12025 14254
12025 19944
12026 14877
12026 18641
12027 15968
12027 17685
12027 18136
12029 12084
12029 19187
12029 19988
12030 15907
12031 14100
12034 16722
12034 17197
12035 16077
12035 19801
12036 12176
12036 14069
12036 15076
12036 16527
12037 16882
12037 19840
12038 17060
12038 18335
12039 12635
12039 18547
12042 15525
12042 19084
12043 16463
12043 18579
12044 19065
12045 13411
12045 19925
12046 16142
12047 13654
12049 14385
12049 15807
12050 18417
12050 19124
12051 12283
12052 18845
12054 14164
12054 18782
12054 19210
12055 12652
12055 18947
12056 14332
12056 16861
12056 17380
12057 12731
12057 19006
12058 13083
12058 13191
12058 15762
12058 17981
12059 13320
12060 18446
12060 19671
12061 19224
12061 19441
12062 14552
12063 16833
12063 18005
12063 18528
12064 18848
12065 18442
12065 18610
12066 18231
12067 19470
12068 12599
12069 18636
12070 12460
12070 17177
12071 12669
12072 17330
12072 19845
12073 13162
12073 19494
12074 15196
12075 17409
12075 18735
12075 19014
12077 15645
12080 15640
12082 17021
12084 14304
12085 12758
12086 13653
12086 15325
12087 16330
12087 16794
12087 18082
12088 16222
12088 18174
12089 14744
12090 12638
12090 14256
12090 14658
12092 14058
12092 19755
12093 13983
12093 17385
12094 13372
12095 14233
12096 16351
12097 12863
12097 19536
12098 17008
12100 13426
12100 15229
12100 17590
12100 18395
12101 15008
12101 17972
12101 18182
12101 18387
12102 17736
12103 19091
12103 19966
12104 16101
12105 16519
12106 13984
12106 14476
12107 12201
12108 18366
12108 19379
12109 16424
12109 19010
12110 17658
12111 12893
12111 15684
12112 13311
12112 16492
12112 16944
12113 19554
12115 15315
12115 18077
12117 13051
12117 16370
12119 14983
12120 12729
12120 17786
12121 14737
12123 13103
12123 19847
12124 16345
12124 19218
12125 12660
12126 14235
12126 14510
12126 19073
12127 12387
12127 16648
12128 13045
12128 15293
12128 16176
12129 16839
12129 17828
12130 17009
12131 18786
12134 12692
12134 13012
12135 12336
12135 17481
12136 13746
12136 16674
12137 15895
12137 18726
12139 17989
12140 16171
12141 13324
12142 13707
12143 16811
12143 18352
12144 12819
12145 15254
12145 15549
12145 15628
12146 18191
12148 14784
12148 16362
12149 12773
12149 16391
12149 18751
12149 19767
12150 17704
12150 18861
12153 15466
12153 16756
12153 17384
12154 12200
12154 13586
12154 16959
12156 19082
12157 19368
12158 16441
12158 18883
12159 12683
12159 15010
12159 16744
12160 13783
12161 13115
12161 13378
12161 14240
12162 18246
12163 12582
12163 14384
12163 14957
12163 17891
12164 16096
12164 16901
12168 16130
12168 17786
12169 16300
12169 16538
12170 17512
12172 17440
12173 14465
12173 15652
12173 17216
12174 15853
12178 12278
12179 16802
12180 15260
12181 15406
12181 17016
12182 14478
12183 19722
12185 17289
12185 19324
12188 14116
12188 17545
12189 12550
12190 16411
12190 17917
12191 16716
12191 18307
12191 19890
12193 13003
12194 14337
12195 12484
12195 15163
12195 16758
12196 18579
12197 14190
12198 13763
12200 14182
12200 16449
12200 19541
12201 18360
12203 12793
12203 15609
12203 16951
12204 13157
12204 13306
12204 19919
12205 13412
12206 12592
12207 15406
12208 13333
12210 13115
12210 18870
12211 17604
12211 18040
12211 19190
12212 13345
12212 13517
12212 15178
12213 19498
12214 18208
12215 14751
12215 15431
12215 19882
12216 14444
12217 13668
12217 15202
12217 17850
12218 15352
12218 15573
12219 12869
12221 12835
12221 14905
12222 13249
12223 12403
12223 17059
12225 15427
12225 17884
12226 13827
12227 19391
12228 13590
12229 14277
12229 16797
12229 17211
12230 12831
12230 19173
12230 19406
12231 16224
12231 17207
12232 17596
12232 19340
12233 14769
12233 17579
12234 15067
12235 12903
12235 12960
12236 13278
12237 13162
12237 13325
12237 13501
12237 16232
12237 18649
12237 19335
12238 14947
12238 19620
12239 14241
12239 15487
12239 18242
12239 18334
12240 12755
12240 17688
12242 14182
12242 14198
12242 17043
12243 13781
12243 18283
12244 17488
12245 13095
12246 16339
12247 12699
12248 16783
12249 19320
12250 14536
12251 13555
12251 16199
12251 16768
12252 14175
12252 14544
12252 14773
12253 14277
12253 16888
12253 18359
12254 16552
12255 14387
12255 15220
12256 12399
12256 14766
12257 13349
12257 13955
12257 14032
12257 17283
12257 18784
12258 12726
12258 18312
12259 13900
12259 15653
12261 15007
12261 15970
12261 19016
12261 19550
12262 12450
12263 17549
12264 13955
12264 17790
12264 19839
12265 14834
12265 19196
12267 13435
12267 13783
12267 14322
12267 16611
12269 13226
12269 17425
12269 19966
12270 15469
12272 16368
12273 15013
12273 16991
12275 19104
12276 13869
12276 18154
12276 18935
12277 13724
12277 14435
12277 18262
12278 13823
12278 19539
12279 12417
12280 14781
12280 16947
12280 18324
12282 15387
12283 14262
12284 16500
12284 18644
12285 17133
12286 14397
12286 14894
12286 16126
12286 17500
12287 18042
12288 13789
12288 15154
12288 18163
12289 18078
12290 13120
12290 16612
12291 19327
12292 16624
12293 17136
12295 13070
12295 19944
12296 12840
12296 14232
12296 15767
12296 16283
12297 17668
12298 16785
12298 17373
12299 13330
12299 14617
12299 15653
12299 19797
12300 14527
12300 15852
12300 16759
12302 14896
12303 15389
12304 18352
12306 12453
12306 16131
12308 19211
12309 15631
12309 15826
12309 18849
12310 16914
12312 15562
12313 16384
12313 16817
12313 17976
12314 16939
12314 18266
12315 18950
12316 13091
12317 14058
12317 15408
12318 16876
12318 18462
12319 15504
12319 15866
12319 16368
12320 17435
12320 19224
12321 14123
12321 15590
12322 15580
12323 12476
12324 12586
12324 14532
12324 15295
12329 16380
12329 19953
12330 16686
12331 12930
12331 13246
12332 14654
12332 15464
12333 17138
12335 13528
12335 13843
12335 15197
12335 16168
12336 17078
12336 17479
12337 16490
12337 18536
12338 15348
12338 17586
12338 19625
12338 19917
12339 13453
12339 13820
12339 18305
12340 14976
12341 16784
12342 12920
12342 12927
12343 18788
12344 12538
12344 15109
12345 17896
12346 14357
12348 19257
12349 15985
12349 19928
12351 15896
12351 19580
12352 14097
12353 19693
12354 17270
12355 19817
12357 14837
12357 18597
12359 15905
12360 15214
12360 15769
12361 17752
12362 14641
12363 18538
12364 15741
12366 12629
12366 17358
12368 13614
12368 15681
12368 18740
12369 18786
12370 17446
12371 12635
12371 14662
12374 19409
12376 16460
12376 18342
12378 14552
12380 13684
12380 14825
12381 14159
12381 16078
12381 17652
12381 18650
12382 14031
12383 16358
12384 12521
12385 14972
12385 18304
12386 18408
12387 13054
12388 18009
12388 19093
12389 17325
12390 15168
12390 15534
12390 19376
12391 16989
12392 14596
12393 13279
12393 19846
12393 19921
12394 16621
12395 14210
12395 18030
12395 19125
12397 15047
12399 14860
12401 13851
12402 12426
12402 14337
12403 13740
12403 15700
12403 17190
12403 19617
12404 17494
12405 14941
12405 18803
12406 15153
12407 13670
12407 18363
12408 14326
12408 14881
12408 15496
12408 19034
12409 12704
12409 15037
12409 16102
12409 16594
12410 18648
12411 13330
12411 14984
12411 15764
12411 19803
12412 19859
12413 17054
12413 18820
12414 16300
12415 13202
12416 17245
12417 17523
12417 18392
12417 19323
12418 16610
12418 18935
12418 19137
12419 18286
12420 19450
12421 14201
12421 15149
12422 15556
12423 14381
12423 16959
12423 19992
12425 14594
12426 14118
12426 16304
12426 19300
12427 19175
12428 18425
12429 14326
12430 16629
12430 18290
12431 13317
12431 14903
12431 15563
12432 13404
12433 16236
12434 18008
12435 18387
12438 14106
12439 17285
12441 18178
12443 18625
12444 19938
12446 16128
12446 18975
12447 13943
12447 14276
12447 14811
12447 15920
12447 16110
12449 14323
12449 17522
12450 13365
12452 15298
12452 17875
12453 18290
12454 16185
12454 17294
12454 17775
12455 13293
12455 17882
12455 18118
12455 19217
12456 14384
12456 16866
12457 14282
12457 14793
12457 19803
12458 14653
12459 13857
12459 13879
12459 13942
12459 16344
12460 15607
12461 13207
12462 16135
12462 16577
12463 14653
12464 17384
12465 13400
12466 13408
12466 14722
12466 15615
12466 18464
12468 19459
12468 19850
12470 13769
12470 18868
12471 18017
12471 18124
12472 15799
12473 19677
12474 16019
12474 18755
12475 15850
12476 15633
12476 17315
12476 19176
12477 18210
12478 13580
12479 19153
12480 19266
12482 13941
12482 17937
12482 18673
12483 19591
12484 13516
12484 18661
12484 19979
12485 14272
12486 16323
12488 15593
12488 17657
12489 14148
12489 14300
12490 14443
12490 15197
12490 19484
12491 13481
12491 13594
12491 15645
12491 15934
12491 19098
12492 12681
12492 16295
12492 16435
12493 16009
12494 17647
12494 18529
12495 13630
12496 17312
12497 14823
12499 14818
12501 12575
12501 12876
12501 15965
12501 18697
12502 12669
12503 14690
12503 19713
12504 14794
12505 18881
12507 14431
12508 16682
12508 17409
12508 17558
12510 17584
12512 19957
12513 16142
12514 14167
12515 16401
12515 19518
12515 19766
12516 13981
12518 15235
12518 16523
12519 13310
12520 12759
12520 19362
12521 14460
12521 18062
12522 18545
12522 19761
12524 16061
12524 18472
12524 18683
12525 17169
12528 13203
12528 17396
12529 14974
12529 18116
12529 18122
12530 13612
12530 15495
12531 15992
12531 19560
12532 12590
12532 14613
12535 18420
12536 14930
12536 17046
12538 15116
12539 13548
12540 13692
12540 17750
12540 17789
12542 15311
12543 14663
12543 17341
12543 19195
12544 14351
12544 17703
12545 13911
12545 19507
12546 16764
12546 18303
12547 18412
12548 16820
12549 19980
12550 14616
12550 19850
12551 14948
12551 16992
12551 17415
12551 18634
12552 15610
12552 15760
12552 19733
12553 18897
12555 18054
12555 19769
12556 15433
12557 19315
12558 13897
12559 12619
12560 15603
12560 15765
12561 16171
12561 17342
12562 12678
12562 15570
12563 13991
12563 18808
12564 12862
12565 13608
12565 14967
12565 15876
12565 19703
12566 16371
12568 12815
12569 16169
12571 15713
12571 19351
12573 14038
12573 14140
12573 14165
12573 14975
12575 12629
12575 15154
12575 15358
12575 16056
12575 16601
12575 19143
12576 15901
12577 15830
12577 16182
12577 19063
12578 17188
12578 19517
12579 13025
12579 16026
12580 15545
12580 18408
12581 19594
12582 19003
12582 19445
12583 14306
12584 13149
12584 17520
12586 12704
12588 15981
12588 16110
12588 18505
12589 15569
12589 18679
12590 13616
12590 18813
12592 15290
12593 14329
12593 15417
12593 15464
12594 15148
12594 17741
12596 16936
12596 19542
12598 15614
12599 16855
12600 15822
12600 17533
12601 13782
12601 14681
12601 16303
12602 17973
12603 15334
12603 16938
12603 17059
12604 15438
12606 14402
12607 14909
12607 15298
12607 18379
12608 15700
12609 14206
12610 16326
12610 17483
12610 19426
12611 13700
12612 16308
12612 18692
12613 17230
12613 19134
12614 17146
12614 18225
12615 13458
12615 15340
12615 15911
12615 17924
12617 17523
12617 19660
12618 16182
12619 13422
12621 13977
12621 19526
12624 13861
12625 16787
12625 17086
12625 19764
12626 13706
12626 15300
12626 17878
12629 17850
12630 13231
12631 15901
12631 19065
12632 13556
12632 16690
12633 16137
12633 18635
12633 19597
12636 13035
12636 13393
12637 13307
12637 16677
12638 12787
12639 13647
12639 13656
12639 13785
12639 15453
12639 19272
12640 14032
12640 15179
12640 16776
12642 14965
12642 17183
12643 16340
12644 12946
12644 15782
12645 18872
12648 19901
12650 14817
12652 13602
12652 17534
12654 15697
12654 17855
12654 19351
12655 19849
12656 19998
12657 13808
12658 18546
12658 19498
12659 13214
12659 13845
12659 13947
12659 15701
12659 16392
12659 16832
12660 16601
12660 16645
12660 18304
12660 18425
12662 16981
12663 15696
12664 15647
12665 19540
12666 13919
12666 16983
12666 18212
12666 19215
12667 15673
12667 16150
12668 16677
12669 18373
12670 15930
12670 19863
12672 13875
12672 15493
12672 19980
12673 16556
12674 14210
12674 14432
12674 18163
12677 13450
12677 16164
12678 17057
12679 17939
12680 13032
12680 14603
12680 16635
12682 13565
12682 14243
12683 16512
12684 18070
12685 19129
12687 16210
12687 16598
12688 18023
12689 16269
12689 19464
12690 13506
12690 15827
12690 16855
12690 17650
12691 14937
12691 18664
12692 15762
12692 19670
12694 18191
12694 19942
12695 15119
12696 15132
12699 14981
12699 17838
12699 18014
12700 14663
12701 19369
12702 19545
12704 14212
12706 19188
12707 15023
12707 19528
12711 13305
12711 13541
12711 14742
12711 18837
12712 15938
12712 17243
12713 14248
12714 13075
12714 18755
12715 18393
12715 19519
12717 13431
12718 13087
12719 15656
12720 13558
12720 19661
12722 19554
12724 12729
12725 13530
12725 16587
12726 16831
12729 17105
12729 18348
12729 19775
12731 16208
12731 16792
12734 19875
12735 19190
12736 15624
12736 15715
12736 16692
12736 19148
12737 13833
12737 14045
12737 14546
12737 16606
12740 13525
12740 15365
12740 18759
12741 12965
12742 15474
12743 16881
12743 17954
12744 14886
12744 15973
12744 18567
12746 13731
12746 14258
12746 16847
12747 14610
12747 15667
12747 15845
12747 16136
12748 13375
12748 14118
12748 15248
12748 16649
12749 15309
12749 16905
12749 17941
12750 14914
12750 15060
12751 15710
12751 17920
12752 14907
12752 15490
12753 16691
12756 14370
12756 17437
12756 17930
12756 18954
12757 17493
12757 19504
12760 12804
12760 14019
12760 15008
12761 15264
12762 18599
12763 14746
12763 14780
12763 19340
12765 13902
12765 14487
12765 18368
12765 19328
12765 19951
12766 15462
12766 18039
12767 12823
12767 16746
12767 19508
12768 13932
12768 17459
12768 17904
12770 15998
12771 17127
12774 14200
12774 15639
12775 13853
12777 13569
12777 19509
12778 12828
12778 13588
12779 14363
12779 18164
12779 18179
12779 19244
12780 17126
12781 15329
12783 17927
12784 18855
12786 12954
12789 18831
12790 14421
12790 17147
12792 14006
12792 15678
12792 16098
12792 16728
12792 19245
12793 18544
12794 13026
12794 13670
12794 15096
12794 17451
12795 16323
12795 18681
12797 14787
12797 16857
12797 17831
12799 15037
12799 16415
12799 17525
12799 18561
12800 16885
12800 18822
12800 19939
12801 18735
12802 13263
12802 14784
12803 17281
12805 16502
12806 15386
12806 16972
12806 17732
12807 13671
12807 13821
12808 13664
12808 15741
12809 15664
12809 18089
12810 19834
12811 13640
12811 14797
12812 18991
12813 18221
12813 18231
12814 15801
12814 16983
12816 15802
12816 17134
12817 16833
12818 15039
12818 16558
12819 13141
12819 17776
12819 19635
12820 16498
12820 17722
12820 19239
12821 14829
12821 19415
12823 13696
12823 16762
12825 14721
12826 16655
12829 14653
12829 16009
12830 19220
12830 19370
12831 18384
12832 15332
12832 16626
12833 18350
12834 14603
12834 15712
12834 18480
12835 12953
12835 14727
12835 14892
12837 15764
12838 16628
12839 15363
12841 17128
12842 19741
12843 17238
12843 18942
12843 19136
12844 16307
12844 18549
12844 19528
12846 16842
12848 19243
12851 14931
12852 13560
12852 18658
12853 15645
12853 17214
12853 18344
12853 19006
12855 13223
12855 13449
12860 15946
12860 16481
12861 17886
12861 18936
12862 14467
12864 18856
12865 17231
12865 18897
12865 19098
12866 13219
12866 13608
12866 14485
12866 19900
12867 16767
12867 17277
12867 17887
12868 14758
12868 18115
12868 18305
12870 13647
12871 16371
12872 13381
12872 19228
12873 15607
12873 16975
12875 15012
12876 14031
12876 16246
12876 17539
12877 18676
12877 19493
12878 14367
12878 14930
12879 12940
12879 15136
12879 16217
12879 16983
12882 16967
12883 17796
12883 18698
12885 13883
12885 14303
12886 14240
12887 17105
12888 14615
12888 17577
12888 17807
12889 14735
12890 13198
12890 18972
12891 15994
12891 16924
12893 16058
12893 16570
12894 13695
12895 13049
12896 13814
12896 16350
12896 18377
12897 13707
12898 13054
12898 14726
12898 15449
12898 16284
12899 16909
12900 18568
12901 13333
12901 19774
12902 17184
12906 15151
12907 15113
12907 15462
12909 13593
12910 19479
12911 17129
12912 17014
12912 18076
12914 15179
12914 17388
12915 16454
12916 17239
12917 15536
12917 16559
12918 15316
12918 18955
12918 19199
12919 19696
12920 14515
12920 18197
12920 19513
12921 19422
12922 13349
12922 16601
12922 18030
12922 18262
12923 19004
12925 19208
12928 17177
12930 17189
12931 14009
12931 14269
12931 19653
12932 19651
12933 18599
12936 13705
12936 16735
12937 13865
12937 19562
12938 14302
12939 18676
12940 16522
12941 13981
12942 16475
12943 13177
12945 13382
12945 13589
12946 18609
12946 18946
12947 17205
12947 17387
12947 19148
12948 15826
12948 16495
12948 19255
12949 15946
12949 18076
12950 15285
12951 13737
12953 17778
12954 13916
12955 16462
12955 19193
12956 13016
12956 14983
12956 17296
12956 19284
12956 19575
12958 15388
12958 19062
12959 14184
12959 17212
12959 19602
12961 19654
12962 16901
12965 13643
12966 17608
12966 19803
12967 13774
12967 15580
12967 17544
12968 15958
12968 16796
12969 17605
12970 13390
12970 13879
12970 16004
12970 17232
12970 18279
12971 13637
12972 19090
12973 13328
12973 16481
12976 14434
12977 16788
12978 13395
12978 16582
12978 17068
12979 14300
12979 16167
12979 18619
12979 19544
12980 15271
12980 19412
12981 18802
12983 15246
12983 17532
12985 13040
12985 18056
12986 16877
12987 14084
12988 19871
12990 14811
12990 19527
12991 14842
12991 14854
12991 17130
12993 18576
12994 14917
12994 16391
12995 13469
12995 15075
12996 17454
12996 19137
12997 17141
12997 17476
12997 19326
12998 14820
12998 15551
12999 14133
12999 17348
13000 14253
13000 18006
13001 13643
13001 17504
13001 19865
13003 13936
13003 17345
13004 18960
13005 16793
13006 13300
13006 18534
13007 18574
13010 15238
13011 15979
13012 15523
13012 19584
13013 13419
13013 13600
13014 15710
13017 13920
13017 14966
13017 16354
13017 17917
13018 19290
13019 15244
13019 18180
13021 15985
13022 18622
13023 15048
13024 14890
13024 16156
13024 16758
13024 18143
13026 14904
13026 19563
13027 15375
13030 17816
13030 17845
13031 16025
13032 14921
13034 15819
13035 16701
13035 17226
13036 13795
13036 14753
13036 18727
13037 13513
13039 15938
13039 16472
13040 19110
13041 17431
13042 19779
13043 19773
13043 19967
13044 16837
13044 17703
13044 18357
13045 16695
13046 15479
13047 19478
13048 13939
13049 17174
13050 15178
13050 15409
13051 15363
13051 15464
13052 13545
13053 17503
13053 19597
13054 16330
13054 19065
13056 15432
13056 18560
13057 13850
13057 16977
13058 13286
13059 19754
13065 16639
13067 14042
13068 13364
13070 15063
13070 17265
13070 19269
13070 19434
13071 19100
13072 17030
13076 15067
13076 16727
13076 19502
13078 16075
13079 16819
13080 13377
13081 17464
13081 17568
13082 14849
13082 17027
13082 17245
13082 17298
13082 17829
13082 18016
13083 18164
13085 15036
13085 18324
13086 15010
13087 19177
13088 18360
13090 13399
13090 14009
13090 14249
13090 14767
13090 15110
13090 15653
13090 18409
13090 18422
13091 16376
13095 16896
13095 17463
13097 13956
13098 14788
13099 13357
13099 15574
13099 15722
13101 14584
13101 17676
13102 13647
13102 13820
13102 14695
13102 15140
13102 16215
13103 16079
13103 19625
13104 17029
13104 19532
13106 14723
13106 18366
13107 19534
13108 13305
13108 16385
13109 16325
13109 16811
13111 15242
13111 15934
13111 19684
13112 13979
13112 14737
13114 13794
13114 15482
13115 13545
13115 15557
13115 19618
13117 18250
13118 17260
13119 16485
13121 13176
13122 16014
13123 13232
13123 16243
13123 16308
13125 14113
13125 15255
13125 16578
13126 14158
13127 19154
13127 19319
13129 16796
13130 14729
13130 16610
13131 14533
13131 14669
13131 15393
13131 18807
13131 19633
13132 17058
13133 13430
13133 15849
13134 17659
13135 13806
13135 14409
13137 16162
13137 17295
13138 18006
13138 18399
13140 14880
13141 19688
13143 13856
13143 19310
13144 15237
13144 16448
13144 17191
13145 16163
13146 16670
13146 18862
13147 18639
13147 19472
13148 15085
13151 13667
13151 17117
13153 13282
13153 16369
13154 16932
13154 19754
13155 15462
13155 17595
13156 18543
13158 14932
13158 15401
13158 15811
13158 17523
13160 15577
13162 16598
13162 18406
13163 19211
13163 19345
13164 16992
13165 13410
13165 13596
13165 19418
13166 13628
13167 15718
13167 19031
13168 14450
13168 16159
13169 16629
13170 17331
13170 18267
13171 15889
13173 17588
13173 19377
13174 14105
13174 17533
13174 18919
13175 13769
13175 13898
13175 16221
13175 17855
13177 16473
13177 16575
13177 19510
13177 19753
13178 15693
13178 15764
13181 14329
13181 14498
13183 13244
13183 19502
13184 13195
13185 16773
13185 17818
13185 18405
13185 19282
13186 14006
13187 16911
13188 17995
13190 13347
13190 17826
13193 14891
13193 15187
13193 16504
13194 15794
13196 13260
13196 18843
13196 19169
13197 15547
13197 19006
13198 16679
13199 14319
13199 19407
13200 19295
13201 18368
13202 17013
13203 14982
13203 16208
13203 18559
13204 17544
13204 17849
13205 15236
13206 15348
13207 13971
13207 19056
13209 15738
13210 16675
13211 16985
13212 18422
13213 13976
13213 16399
13213 17783
13214 14020
13214 17150
13215 19089
13216 15514
13216 18931
13218 13910
13219 17924
13221 15401
13222 19620
13223 15188
13224 16198
13224 16299
13224 16610
13226 13645
13226 17257
13226 17464
13227 19057
13228 15869
13228 17503
13230 17411
13231 18832
13232 16261
13233 16107
13233 18667
13234 14236
13234 17744
13234 18620
13235 14660
13235 16714
13239 13849
13239 15904
13240 15237
13240 17635
13241 15453
13242 14327
13242 18984
13243 18251
13245 15074
13245 15570
13246 16486
13246 19406
13248 17098
13248 19685
13251 16552
13251 19008
13251 19020
13252 13530
13252 14305
13252 16373
13252 17194
13252 17585
13253 15432
13253 15840
13253 19090
13255 19511
13256 13486
13256 15784
13256 19891
13257 17383
13258 18116
13259 17415
13262 14306
13262 15844
13264 14776
13264 14989
13264 19846
13265 14742
13265 15744
13265 18522
13266 19053
13267 17055
13267 18048
13268 14374
13268 17637
13268 17902
13270 16231
13270 18191
13271 13284
13271 19337
13271 19402
13272 15387
13272 16289
13272 19586
13273 14742
13273 17549
13274 14090
13274 17342
13275 14076
13275 14584
13276 19900
13277 16541
13278 16321
13278 18845
13279 16243
13280 18854
13281 17223
13282 19919
13283 14946
13283 15459
13284 16400
13285 13306
13287 17215
13288 15844
13288 16645
13289 15127
13290 14715
13291 19751
13292 13887
13293 15666
13293 18065
13294 13495
13294 13728
13295 13851
13295 14726
13295 16823
13297 15950
13297 16119
13297 17818
13301 17954
13303 15272
13304 19598
13307 14132
13307 16235
13307 16767
13307 17709
13307 18684
13308 19381
13309 13617
13309 17247
13309 18430
13310 15669
13310 19931
13311 17498
13311 18513
13313 18641
13313 19147
13314 14338
13315 13506
13315 17058
13316 13885
13317 13633
13317 17060
13318 13501
13318 15257
13319 15896
13319 19571
13320 19055
13321 15043
13323 18208
13324 15289
13326 18290
13327 18285
13329 13544
13329 13849
13329 17026
13330 13513
13330 18859
13331 18385
13332 15366
13332 16298
13334 13566
13334 19444
13336 15574
13339 15422
13339 19198
13341 18348
13341 19549
13342 16626
13344 14354
13344 16064
13345 14991
13345 17798
13345 17827
13346 18778
13346 19490
13347 17279
13347 17521
13348 18812
13349 15085
13350 13695
13350 14213
13350 19471
13351 13726
13351 16331
13351 16391
13352 13835
13352 17652
13352 19597
13353 19813
13354 15446
13355 18434
13356 15730
13356 16194
13356 16386
13356 17434
13356 18534
13358 18775
13359 18640
13360 15380
13360 16547
13360 17935
13362 16758
13362 18921
13363 15340
13363 17369
13366 17896
13367 18228
13368 15540
13369 15791
13369 16451
13370 16319
13370 18287
13371 16060
13372 14130
13373 16067
13373 19894
13374 14737
13374 19389
13377 13441
13377 17312
13378 14788
13378 17867
13380 17577
13381 16847
13381 17616
13382 13794
13382 17141
13383 14565
13384 18880
13384 19037
13384 19327
13386 15473
13387 18165
13388 15387
13389 14786
13389 15110
13389 18401
13389 18816
13390 16730
13391 15093
13391 19702
13392 19904
13393 19056
13394 14616
13394 15278
13394 17802
13394 19248
13395 17225
13395 17715
13396 16391
13397 16410
13397 17635
13399 14590
13399 17372
13399 19003
13400 14006
13401 15895
13401 15981
13401 16372
13401 19208
13401 19476
13403 13752
13403 19495
13404 19569
13406 17251
13406 17428
13407 14850
13408 18953
13409 15550
13409 15788
13410 17504
13410 18610
13412 15482
13413 14798
13413 18515
13414 16821
13414 16890
13414 17359
13415 19985
13416 15187
13417 14022
13418 14692
13419 15961
13419 16897
13419 17893
13420 13687
13420 16013
13420 17633
13421 13894
13421 14296
13421 14638
13421 19363
13422 13936
13422 18683
13423 13776
13423 16998
13424 13566
13424 13651
13424 14455
13424 16991
13425 18205
13426 16929
13427 14542
13427 19518
13428 19575
13429 18094
13429 18227
13430 13745
13430 14261
13430 14999
13430 18322
13434 19916
13435 16758
13435 19230
13436 14252
13438 19815
13439 16046
13440 19860
13443 17289
13444 17895
13447 16263
13448 14313
13448 14565
13448 15447
13448 15790
13448 18835
13448 19345
13449 14488
13449 14623
13450 15536
13451 16198
13454 15347
13455 15096
13455 16720
13455 17449
13456 14404
13457 17382
13458 15915
13459 14564
13459 17331
13459 19439
13459 19981
13460 14131
13462 15636
13465 15083
13466 13884
13467 15358
13467 15609
13468 14920
13470 14216
13470 14676
13472 16189
13472 16387
13473 13991
13473 15540
13474 15676
13475 15372
13475 17220
13476 17965
13476 18070
13477 19495
13479 19559
13481 14593
13481 14722
13481 19420
13483 15833
13483 16238
13483 18642
13485 17823
13488 16200
13488 18483
13489 13535
13489 19054
13491 17442
13491 18963
13492 14735
13492 19352
13493 14275
13493 16477
13493 17672
13494 14260
13495 18344
13496 14408
13496 16642
13496 17862
13497 14409
13499 17088
13499 19417
13500 13992
13501 13904
13501 16412
13504 15242
13504 18513
13505 19406
13509 16971
13510 13576
13511 15487
13512 13621
13514 14761
13514 19468
13518 18277
13519 14769
13519 14886
13519 15535
13519 15686
13519 17516
13520 18182
13520 19116
13521 16382
13521 17415
13522 14212
13522 14254
13522 18340
13523 15719
13523 18915
13524 15618
13525 14305
13525 14723
13526 14600
13526 16323
13527 17580
13528 14321
13528 16036
13528 19252
13530 18080
13532 18743
13533 15668
13535 17022
13535 19227
13535 19628
13536 17940
13537 14535
13537 14632
13537 16804
13537 17165
13538 15441
13538 17440
13539 17585
13539 18649
13540 16921
13541 15621
13544 14207
13544 15552
13544 18937
13545 18384
13545 19371
13546 15969
13547 16617
13547 18304
13548 17841
13551 13614
13552 13561
13552 16074
13552 19700
13554 17761
13554 19215
13555 14612
13555 14684
13555 14890
13555 15452
13559 17125
13560 15960
13560 19470
13562 14473
13562 19676
13562 19772
13563 18947
13563 19341
13565 14392
13566 17423
13566 17646
13567 17747
13569 19051
13569 19210
13570 14685
13570 15784
13570 15831
13571 13941
13571 18925
13572 14473
13573 19451
13575 14905
13575 15819
13577 14508
13577 14950
13578 17139
13578 19086
13580 17054
13581 15650
13581 15652
13582 17097
13583 14371
13583 16281
13584 14227
13584 15320
13584 17998
13584 19460
13585 18096
13585 19237
13586 16313
13587 14161
13588 16050
13589 16955
13590 14784
13590 16223
13590 17038
13591 16852
13592 16537
13593 16780
13594 17451
13596 19547
13597 13727
13597 13861
13598 13951
13599 15453
13600 16877
13600 18424
13601 13745
13601 14744
13602 14692
13602 15030
13604 17091
13606 17251
13606 18212
13607 14677
13607 18862
13608 14627
13608 17419
13612 14532
13612 14544
13613 16532
13613 19788
13614 14604
13614 18513
13615 18757
13616 15207
13616 15297
13617 14252
13617 16237
13617 17180
13617 19717
13618 14752
13618 18329
13619 16886
13621 13806
13621 15643
13622 13968
13622 14078
13623 16707
13627 18238
13627 18980
13628 16090
13628 18286
13628 19055
13630 16134
13630 16749
13630 18505
13631 15938
13631 16709
13632 14877
13632 18010
13634 14704
13634 16875
13635 18769
13636 14178
13636 17004
13636 17635
13636 18918
13636 18951
13637 18790
13638 14111
13638 18999
13638 19513
13639 15000
13639 16891
13640 17407
13641 15890
13643 19499
13646 18531
13648 16664
13649 15208
13654 15391
13654 15882
13655 13736
13656 17586
13657 14499
13658 18807
13659 14583
13659 18397
13661 14289
13662 14091
13662 18643
13663 16875
13663 19033
13663 19738
13664 16738
13666 15327
13666 18795
13667 16885
13667 18071
13667 18359
13667 18512
13668 14830
13670 13925
13670 16187
13671 19007
13671 19251
13673 18449
13676 13817
13676 18546
13678 18081
13678 19613
13679 17890
13679 17910
13680 15545
13681 18594
13682 19285
13687 18875
13690 15520
13690 17944
13691 13975
13691 17431
13691 17787
13692 14792
13692 18595
13692 19779
13694 13966
13694 16744
13694 19663
13695 14198
13695 18185
13695 18583
13696 14190
13697 15962
13698 15591
13698 16885
13699 17625
13699 19134
13701 14670
13702 18732
13703 16253
13703 16378
13704 15565
13704 19892
13705 13997
13705 16797
13705 17500
13705 18173
13705 18841
13706 13730
13706 19798
13708 16073
13709 15026
13709 18867
13714 15563
13714 16389
13714 19365
13714 19571
13714 19795
13715 14652
13715 18686
13716 13952
13716 19333
13717 16249
13717 17214
13718 16028
13719 14870
13719 17608
13719 18014
13719 19758
13720 14015
13720 15453
13720 16674
13722 15955
13722 18843
13724 14022
13724 15287
13727 15621
13730 19138
13732 14027
13732 19182
13734 17206
13734 19864
13735 15054
13737 14260
13738 14322
13741 16813
13742 16505
13743 13797
13744 16376
13745 14818
13745 17300
13747 17272
13747 17556
13748 16318
13748 17718
13748 19875
13749 13864
13749 16336
13749 19394
13749 19791
13750 13799
13750 15212
13751 14851
13752 14918
13753 15407
13753 16498
13753 18955
13755 16821
13755 18208
13755 18622
13756 18435
13757 14137
13757 16371
13757 17289
13759 14176
13759 16190
13759 19012
13760 19701
13762 17585
13763 19714
13763 19984
13764 15088
13767 16906
13768 18120
13770 14099
13770 16164
13770 18849
13771 13953
13771 14221
13773 16675
13775 19015
13776 16249
13776 19515
13777 15242
13777 16023
13777 17218
13777 17342
13778 16112
13780 15185
13781 16265
13786 16210
13786 16605
13790 15845
13790 16469
13792 17904
13794 15444
13794 19662
13796 14092
13796 15784
13796 16002
13797 19433
13799 15494
13799 17041
13799 18457
13799 19978
13800 15643
13800 19755
13801 16068
13801 18538
13804 16606
13804 17024
13805 18988
13806 15725
13807 14558
13807 14780
13808 17804
13808 18406
13809 19025
13810 15443
13811 15067
13813 15855
13813 17127
13813 17249
13813 17973
13814 14461
13814 18118
13814 19186
13816 15366
13818 17987
13818 18387
13821 17079
13821 18410
13823 14855
13823 17614
13823 18642
13823 19690
13824 15468
13825 17805
13825 19086
13826 15859
13826 16133
13826 18442
13827 18731
13828 18058
13829 18988
13830 14270
13831 17451
13833 15212
13833 17367
13835 19175
13836 15139
13837 13898
13839 14680
13839 14924
13839 17624
13839 18777
13840 14898
13841 14798
13842 16767
13843 14395
13843 19097
13844 17365
13844 19081
13845 16590
13846 16803
13847 14640
13847 17173
13847 19950
13851 13942
13851 15386
13852 14857
13852 16373
13854 14410
13858 16098
13858 17981
13858 18724
13859 14307
13859 15533
13859 18016
13860 18501
13862 14995
13862 19558
13865 15125
13865 17055
13865 17208
13866 19116
13869 14409
13869 19287
13870 19721
13872 16267
13873 19221
13874 17577
13876 18846
13877 17833
13878 17623
13879 14658
13880 16705
13881 18498
13882 16908
13882 18749
13884 14579
13886 17401
13887 16991
13887 17899
13887 18031
13888 14393
13888 15050
13888 18109
13889 14537
13889 18948
13890 18265
13891 18696
13892 14126
13892 15490
13893 15744
13893 17107
13894 14282
13894 16271
13895 14162
13895 14946
13896 18774
13897 17579
13897 18115
13897 18244
13899 13912
13900 19921
13901 14177
13902 17355
13903 15944
13903 19330
13904 18734
13907 15736
13907 18239
13908 14077
13908 17235
13908 19614
13909 18465
13910 15180
13910 19263
13911 14628
13911 18141
13912 14385
13913 19309
13914 14474
13914 15333
13914 18692
13914 19588
13915 19229
13917 15181
13917 16398
13920 16075
13921 14489
13922 18923
13923 15416
13923 17026
13924 13999
13924 19619
13924 19870
13926 17168
13927 15929
13929 15840
13930 16703
13930 19032
13931 15512
13931 16347
13931 19018
13932 15662
13932 16201
13932 17633
13932 18157
13933 14683
13935 19326
13936 16731
13937 17544
13938 16934
13942 14440
13942 15754
13942 17051
13942 18050
13943 18677
13945 14973
13945 17010
13945 18102
13945 19960
13946 16939
13946 18616
13947 15601
13947 17532
13947 18425
13950 16189
13952 17819
13952 17961
13953 15998
13953 16874
13953 17954
13956 14388
13956 18191
13957 14858
13957 17593
13957 19634
13960 14801
13960 17434
13961 17977
13962 15420
13962 17891
13965 17517
13966 16558
13967 14032
13968 15751
13968 15921
13968 19415
13970 19354
13971 16111
13971 17849
13973 16530
13974 14671
13975 15259
13976 14656
13978 16601
13978 19608
13979 16797
13981 16188
13982 14588
13982 15721
13985 15514
13985 16740
13986 15833
13986 18090
13986 18342
13987 19586
13988 14903
13988 16902
13989 15939
13989 19042
13990 17004
13990 17606
13991 18164
13992 14661
13992 16009
13992 16031
13992 17102
13992 19473
13992 19788
13993 14483
13993 18100
13994 16106
13994 17174
13994 19734
13995 14631
13995 15557
13996 17934
13997 14382
13997 18911
13998 18327
13999 19273
14000 14783
14001 14438
14001 16296
14002 18440
14003 14071
14003 14973
14004 17116
14005 15064
14005 18754
14006 14228
14006 17108
14008 14604
14008 17042
14009 14500
14010 16261
14011 16015
14011 16065
14013 17697
14014 17059
14017 18156
14017 18294
14017 18861
14017 19223
14018 15728
14018 17645
14020 17647
14021 17965
14023 15638
14023 16381
14024 15675
14024 18518
14025 14815
14025 17327
14025 18749
14027 15947
14029 18979
14030 16828
14030 19510
14031 19464
14032 16964
14033 15533
14033 18104
14033 19566
14034 15620
14034 15981
14034 16554
14034 16779
14036 14462
14036 15746
14036 17184
14036 18971
14040 15101
14041 16347
14042 14238
14044 14128
14044 14329
14045 14704
14048 16896
14049 19969
14050 17021
14050 19077
14051 16993
14053 14494
14053 15424
14055 17089
14055 19900
14057 15163
14059 16994
14060 14220
14060 17574
14060 18652
14061 18455
14062 16824
14063 16274
14063 16838
14063 17207
14064 17400
14065 18508
14066 18279
14067 17700
14067 19395
14068 16979
14068 17545
14068 18542
14070 14929
14072 14912
14074 15872
14074 17067
14074 18585
14075 17311
14076 15031
14077 17158
14077 18940
14077 19637
14078 15678
14080 19899
14081 16280
14083 15163
14084 16157
14085 18505
14087 15513
14087 18986
14088 16486
14088 17667
14088 18386
14089 17105
14090 17823
14090 18013
14091 18476
14091 18493
14092 17368
14092 17547
14092 19062
14093 14967
14093 15484
14093 16786
14096 19529
14098 15621
14099 14590
14100 15219
14101 15718
14101 16486
14103 14161
14103 19241
14104 16479
14106 15923
14108 15203
14109 14919
14109 16748
14109 17080
14109 18292
14110 16149
14112 16501
14113 18648
14115 18096
14117 19064
14118 19520
14119 18539
14120 17967
14124 16057
14124 16773
14124 16885
14126 14982
14126 15960
14128 14376
14128 15221
14129 15009
14130 14457
14130 16681
14130 19786
14131 17987
14131 19588
14131 19923
14132 17738
14134 14334
14135 15970
14135 18799
14136 15060
14136 15732
14137 17697
14137 17931
14137 18763
14138 15161
14138 18455
14140 19080
14140 19204
14142 14237
14142 15919
14142 19707
14143 18915
14145 15860
14145 18403
14146 19995
14147 14453
14148 15779
14148 18924
14150 14919
14151 16732
14151 19580
14152 19917
14153 14538
14154 14306
14156 14307
14156 14746
14156 16615
14156 17197
14159 18292
14160 16760
14160 18046
14160 18071
14161 18223
14162 17974
14162 18217
14162 19321
14164 15020
14164 18782
14165 16777
14166 17247
14167 17095
14169 14173
14169 14405
14169 17332
14170 14789
14171 16766
14172 15621
14173 18412
14173 19494
14175 16766
14175 17049
14175 19457
14176 19457
14178 18963
14179 14629
14179 17202
14179 19753
14182 14270
14182 17703
14183 17376
14184 18166
14185 14469
14185 15518
14185 17893
14187 17249
14189 19789
14191 15772
14191 17539
14192 17702
14192 19366
14193 16750
14193 19449
14193 19950
14195 19645
14196 17503
14196 19301
14200 15139
14200 17428
14201 19604
14202 17342
14202 18276
14203 18448
14204 18326
14205 16680
14206 14766
14206 15331
14206 17766
14209 14825
14210 16011
14211 15143
14212 19361
14214 16461
14218 14341
14218 16497
14220 18687
14221 15543
14221 17037
14222 17520
14224 14316
14225 18965
14229 15265
14229 17246
14230 14945
14230 16050
14230 17071
14231 16315
14231 18390
14232 16651
14233 17686
14234 14715
14234 14725
14234 15232
14234 19737
14235 16536
14236 17756
14237 15027
14238 15483
14238 19140
14239 15969
14239 17280
14240 14569
14244 14378
14244 18663
14245 19913
14247 17084
14247 18841
14248 15144
14248 18634
14250 19731
14251 17653
14252 14758
14252 19888
14253 16932
14253 18846
14254 14503
14254 15239
14254 16449
14255 16310
14255 16533
14256 15439
14256 17584
14256 18221
14257 16737
14260 18401
14260 18786
14260 19703
14261 16360
14261 17702
14261 19329
14262 15688
14262 17690
14262 19844
14264 15638
14265 17017
14269 14289
14269 18880
14270 16051
14272 16462
14272 19153
14273 17333
14274 16179
14274 18706
14275 19836
14277 15320
14277 19987
14278 15344
14278 19187
14279 15580
14283 19959
14285 17137
14286 16614
14291 16362
14292 14580
14295 15817
14295 16514
14296 15555
14296 17325
14303 15870
14303 17960
14305 16383
14306 14816
14306 18650
14307 16580
14308 16015
14309 14877
14309 19006
14310 16302
14312 15798
14312 18302
14317 17829
14318 17425
14320 17119
14320 17428
14320 19376
14323 19540
14324 19678
14326 19766
14330 17866
14330 19052
14331 17935
14332 17166
14332 19315
14333 16981
14333 18726
14335 19180
14336 15225
14337 14990
14337 19638
14338 15799
14338 16090
14338 17463
14339 17856
14339 17919
14339 19961
14340 14814
14341 17415
14342 16146
14344 18672
14349 16785
14349 19470
14350 15887
14350 18010
14352 14788
14352 19224
14353 16862
14354 16805
14354 16861
14354 19369
14355 17735
14357 18102
14358 15677
14359 15066
14359 19482
14362 19983
14363 16752
14365 14369
14365 15193
14365 16811
14366 16212
14366 16498
14366 16545
14366 18990
14367 15489
14367 19366
14368 17458
14371 19410
14373 18096
14374 15020
14376 15464
14376 18825
14377 18242
14378 16102
14378 19116
14378 19137
14378 19924
14379 19818
14380 16319
14380 18602
14382 15480
14383 16715
14383 16810
14383 17410
14386 14401
14386 18218
14386 18332
14388 17861
14388 19968
14389 14807
14390 18604
14391 15890
14391 17295
14391 18347
14392 14751
14392 17159
14393 15742
14396 19634
14397 17872
14398 18212
14399 16201
14399 17019
14400 16846
14401 16508
14402 16358
14406 17823
14407 14408
14407 19058
14408 18819
14409 19735
14411 15814
14411 16911
14411 17177
14411 17448
14411 18645
14413 16504
14414 15177
14415 18290
14417 15416
14417 15651
14419 15272
14419 19090
14420 18160
14420 19572
14424 15933
14426 16085
14427 19185
14428 14777
14428 17393
14429 15057
14430 19803
14433 16329
14434 14602
14434 19489
14435 14604
14435 15032
14435 16671
14436 17361
14436 18405
14437 15617
14437 18373
14438 16141
14438 16731
14439 17731
14440 14458
14440 18523
14441 19808
14442 17092
14444 17123
14448 16700
14451 14902
14451 17084
14452 18749
14452 19788
14454 14701
14454 17261
14454 18640
14454 19042
14454 19949
14456 18520
14456 19987
14457 17167
14458 18383
14459 14948
14461 14617
14464 14469
14465 16271
14465 17305
14466 16529
14467 19467
14468 19219
14469 16648
14471 15179
14473 15548
14475 16540
14475 18909
14475 19941
14476 17297
14480 16099
14481 15062
14481 17916
14482 14893
14482 19736
14484 15763
14484 16198
14485 14844
14485 16236
14486 18574
14488 18907
14488 19191
14489 14988
14489 15092
14490 15038
14490 17568
14490 19652
14491 16218
14491 19444
14494 17767
14495 17847
14495 18195
14495 18231
14496 14768
14497 18595
14498 15948
14498 16171
14498 16681
14500 17283
14500 17589
14501 17256
14501 17414
14503 15014
14504 15754
14504 16902
14506 16952
14506 17412
14506 19909
14507 16397
14508 17902
14510 15922
14510 16476
14510 18417
14513 14627
14513 16845
14514 17006
14515 18856
14518 17101
14519 14881
14520 14957
14523 16821
14523 19253
14524 18072
14525 16241
14525 19548
14528 16499
14528 16798
14530 14788
14530 18536
14530 19763
14531 15861
14531 16059
14532 14840
14532 19615
14533 18626
14535 19126
14536 18600
14537 15396
14539 15962
14540 17810
14540 19793
14541 18111
14542 19792
14544 16104
14545 16834
14545 19053
14546 15955
14546 16562
14547 18876
14548 18065
14548 18640
14550 17628
14550 18342
14550 19835
14551 17644
14553 16321
14553 16850
14553 17488
14553 18819
14554 17091
14555 14665
14556 15345
14558 18519
14559 15489
14559 16893
14559 19890
14561 15580
14561 17065
14561 17824
14562 14716
14564 14789
14564 16551
14564 16806
14566 15721
14567 15581
14567 18168
14567 19060
14567 19779
14568 18354
14568 19860
14569 15318
14570 14692
14572 19132
14573 18691
14574 18777
14574 19476
14575 14627
14575 19620
14578 17344
14579 14815
14579 18873
14580 14891
14580 17984
14581 14815
14582 16179
14582 17380
14583 15643
14584 17060
14585 18818
14586 14691
14586 15813
14587 18767
14589 15587
14589 18731
14590 15702
14590 15900
14590 17397
14591 19160
14591 19191
14593 15305
14594 17142
14594 19321
14595 15963
14596 17483
14597 17147
14598 17422
14598 17454
14599 15120
14599 16492
14599 17713
14600 18603
14602 19273
14603 14902
14604 19390
14606 19198
14606 19704
14607 17136
14611 15419
14611 17375
14613 14779
14613 19130
14616 17333
14617 16392
14617 18535
14617 19275
14619 18296
14621 16237
14621 17205
14621 19935
14622 14697
14622 19941
14623 19298
14623 19978
14625 16878
14626 19691
14627 14716
14627 16885
14629 14784
14629 15551
14629 19441
14630 16686
14630 18366
14630 19469
14631 19150
14633 16315
14634 16056
14635 19895
14641 16295
14641 19177
14642 16390
14642 18101
14644 15553
14644 16983
14645 17035
14647 15539
14647 17715
14649 18901
14649 19341
14650 15461
14650 19968
14651 15336
14652 17943
14652 19788
14653 15638
14654 16040
14654 16623
14657 14880
14659 15379
14659 18843
14662 15241
14662 17582
14663 14831
14664 15427
14665 16968
14665 19353
14666 19532
14667 15372
14667 17987
14668 15004
14668 19699
14669 17952
14670 15939
14670 16989
14670 17697
14670 18482
14670 18744
14671 14993
14673 16552
14674 16913
14675 15862
14676 19448
14677 16416
14677 17095
14678 14748
14678 19662
14679 17605
14680 16246
14682 15420
14682 15453
14682 16824
14683 16211
14683 18109
14686 19089
14688 16497
14688 17198
14688 17974
14689 17700
14691 16256
14691 18377
14692 18645
14693 15043
14694 15228
14695 18994
14697 15039
14697 16924
14698 16859
14698 18115
14699 15174
14700 16986
14700 19413
14702 16079
14703 16451
14706 18218
14709 16851
14709 18727
14711 18186
14712 18054
14712 19359
14714 19375
14715 15691
14717 15808
14719 16802
14720 14910
14721 18857
14722 15655
14726 15532
14727 16565
14727 19964
14728 19402
14730 15086
14730 19762
14731 17134
14732 14763
14733 15957
14733 16800
14733 17056
14735 14853
14735 16087
14738 15381
14738 16439
14738 16565
14738 18845
14743 14978
14743 15758
14744 15452
14746 17159
14747 19755
14748 15552
14749 16565
14750 18514
14752 15701
14754 17665
14754 17797
14755 17200
14757 15816
14758 14799
14759 15981
14759 18547
14760 15146
14760 17921
14761 15662
14761 17452
14761 19086
14761 19711
14762 19806
14763 14846
14763 15645
14763 19541
14763 19606
14764 18365
14766 17897
14766 19855
14767 16967
14769 16850
14772 15953
14772 19271
14773 15842
14774 18000
14776 19458
14777 17163
14777 19854
14778 17906
14778 18462
14780 16116
14781 17741
14783 15984
14783 19570
14783 19785
14784 19139
14786 16541
14790 15945
14790 16064
14790 16528
14791 19524
14792 16854
14792 17265
14793 15429
14793 17186
14794 17038
14796 15194
14796 16066
14796 16424
14796 19431
14797 15862
14797 16922
14797 17616
14798 16555
14798 19515
14799 17386
14799 18083
14799 18473
14800 19007
14801 18725
14802 18259
14802 19755
14803 19503
14804 17328
14805 16520
14805 18935
14806 14879
14807 18241
14811 15947
14811 18423
14812 17222
14813 19074
14814 15009
14817 15262
14817 17203
14817 18863
14817 19310
14819 15118
14820 17623
14821 16976
14822 15908
14823 15329
14824 18005
14825 17746
14825 18308
14826 15070
14827 18373
14829 16511
14830 17642
14830 19782
14831 17103
14831 18586
14833 16539
14842 17226
14845 17081
14845 19784
14846 16378
14849 15284
14849 15623
14849 19343
14850 19091
14851 14970
14851 16769
14852 16100
14852 16301
14853 16879
14853 18168
14854 15132
14854 15790
14855 17819
14856 17439
14857 15215
14858 18080
14859 16799
14860 17606
14860 19972
14861 16255
14861 18063
14862 17971
14863 19824
14864 15259
14865 15468
14865 16156
14865 17364
14866 18116
14866 19473
14868 18925
14869 17052
14869 17591
14870 15596
14870 18335
14872 15870
14872 16309
14873 15187
14873 16947
14874 16246
14874 19157
14874 19934
14875 15119
14875 19096
14876 15600
14877 19106
14881 17091
14882 15268
14883 19737
14885 17826
14886 15527
14886 17266
14888 18221
14889 16184
14889 17249
14890 15162
14892 15097
14893 16222
14894 14908
14894 18583
14896 16860
14897 15723
14897 18013
14898 16990
14898 18636
14900 15976
14900 18240
14901 15261
14901 17580
14902 19597
14903 17135
14903 19717
14906 18992
14907 15688
14907 17882
14909 17209
14910 16818
14912 15870
14912 15909
14912 18047
14915 18815
14916 18249
14917 17961
14919 15880
14919 16124
14919 17089
14921 19951
14924 17393
14927 15865
14927 16252
14927 17691
14927 18413
14928 19761
14930 19903
14931 16191
14932 17449
14934 15088
14934 18485
14937 15890
14937 18095
14937 19243
14938 16555
14938 19455
14939 18949
14941 16400
14942 17806
14943 19458
14945 15116
14945 17421
14946 15188
14946 19973
14950 15472
14952 15133
14952 18772
14952 19251
14954 15330
14954 15807
14954 16767
14955 15999
14957 17213
14957 18876
14960 18718
14960 19163
14961 16768
14962 19835
14963 15221
14963 16534
14963 17551
14965 19288
14967 19356
14968 16101
14969 15260
14969 15448
14970 19737
14972 16459
14973 16430
14974 15435
14974 17065
14977 19681
14979 15074
14979 15573
14979 16369
14979 17117
14982 19711
14985 19807
14985 19878
14988 17888
14990 16819
14991 15230
14992 15035
14992 16805
14994 16902
14994 17809
14995 18168
14997 16720
15003 16226
15004 19091
15005 18069
15007 17944
15008 15050
15008 16066
15008 16335
15009 19955
15011 15775
15011 16002
15013 15133
15015 16746
15015 19790
15017 15086
15017 18980
15019 18865
15019 19755
15020 16898
15021 16896
15022 17880
15022 19043
15023 15816
15024 16767
15025 17307
15026 18245
15026 18343
15028 15956
15030 15777
15031 16661
15031 17147
15031 19015
15035 15232
15035 16544
15035 17903
15038 18112
15038 18642
15039 17804
15039 17876
15039 18680
15039 19466
15040 16184
15040 18373
15041 16297
15041 19535
15042 15677
15042 18029
15042 19582
15043 19921
15044 18583
15046 15543
15047 20000
15050 15478
15053 17443
15053 18977
15055 18748
15056 16540
15056 17798
15057 15722
15057 17307
15057 17891
15061 18789
15063 17592
15066 16555
15067 16736
15068 19108
15070 15621
15070 16930
15070 16952
15073 18548
15073 19137
15073 19914
15074 19221
15075 18008
15076 16567
15076 18198
15077 15604
15077 19241
15079 17453
15079 18888
15081 17331
15082 17630
15083 17668
15084 19018
15085 16241
15085 18371
15091 15713
15092 16483
15093 17922
15093 18615
15094 15716
15094 17098
15096 15312
15097 17482
15098 15757
15098 19209
15100 15808
15102 16554
15102 17006
15102 17088
15102 18557
15103 16519
15106 15151
15106 19006
15107 18548
15108 17697
15108 18268
15109 18434
15109 18834
15111 15451
15111 17551
15111 17712
15112 15913
15116 15935
15118 19068
15119 16756
15119 17413
15121 17421
15121 18484
15122 15925
15122 17210
15122 18812
15123 17512
15129 18201
15130 19197
15133 16612
15135 18271
15135 18720
15138 18044
15139 18323
15140 16071
15140 19475
15141 16142
15142 19113
15142 19743
15143 17395
15144 15350
15144 19722
15148 19146
15149 18122
15149 18581
15150 19551
15151 19167
15152 18544
15153 19861
15154 18776
15154 19942
15155 15453
15157 18650
15159 18022
15159 18318
15160 19067
15161 16698
15163 16899
15165 19357
15168 19283
15170 15249
15170 19620
15172 18515
15172 18590
15173 19679
15174 18191
15178 17220
15178 18469
15179 16204
15181 17385
15182 16544
15182 19927
15184 16862
15184 18124
15186 15489
15186 16025
15186 19645
15187 16749
15187 19673
15190 17179
15191 15429
15191 15486
15197 17637
15197 19881
15199 18567
15202 15456
15204 15418
15204 16692
15204 16744
15204 17068
15205 15540
15206 17386
15207 16761
15210 19988
15211 15807
15213 15436
15214 18951
15215 16305
15215 18388
15215 18784
15215 19108
15216 15409
15217 18162
15217 18923
15218 16828
15219 15854
15220 16153
15221 17562
15221 18821
15223 19166
15225 16884
15227 17657
15228 17408
15229 16452
15229 19729
15230 16642
15235 15734
15238 15785
15238 16110
15242 17632
15242 19326
15243 16552
15244 18671
15245 16444
15245 19045
15247 16048
15247 16555
15248 16669
15251 17302
15251 17968
15251 18096
15252 17568
15256 17332
15256 17723
15256 19593
15257 16308
15258 17188
15258 18100
15258 19983
15259 16212
15260 16697
15260 17976
15261 18398
15261 19908
15262 19398
15262 19623
15263 15980
15263 19938
15266 16592
15267 15924
15267 18813
15269 16029
15269 17082
15270 15858
15270 16911
15270 18646
15271 16019
15272 15852
15274 17933
15275 18271
15275 19333
15277 15900
15277 18748
15278 18922
15281 15787
15282 16932
15283 15923
15284 15639
15287 18413
15290 15621
15290 17339
15290 18806
15290 18898
15292 16429
15293 16107
15293 17436
15294 18019
15295 17065
15295 19702
15296 15645
15296 15918
15296 18720
15298 16041
15298 16476
15298 18266
15299 17272
15300 15592
15300 15745
15300 16076
15301 16560
15301 18125
15302 19252
15302 19336
15303 19928
15305 16372
15305 16891
15306 15837
15306 18004
15307 15374
15314 16114
15315 18037
15317 16290
15317 18438
15318 17458
15318 19866
15319 18601
15319 18884
15321 16372
15323 16410
15323 16930
15323 18996
15324 19005
15326 16478
15327 19125
15329 18569
15330 17347
15332 15845
15333 15635
15333 19034
15335 17374
15337 17320
15337 19792
15338 17107
15342 17219
15342 18860
15343 16813
15345 15563
15346 15496
15346 16673
15348 16663
15349 19927
15350 18048
15354 16924
15356 17586
15357 16252
15358 16192
15358 16297
15358 17755
15359 15419
15362 15835
15363 18258
15368 18252
15369 15903
15369 16008
15369 16979
15374 18964
15375 19605
15375 19869
15377 15792
15377 18727
15379 19380
15381 18749
15382 15584
15382 18079
15382 18538
15383 15527
15383 15540
15383 18127
15383 18210
15384 16774
15384 17741
15385 16759
15385 16980
15389 16319
15391 16222
15391 17866
15391 19317
15392 15680
15392 18251
15392 19482
15393 18437
15394 17985
15395 19515
15396 18010
15396 18668
15396 18964
15397 16164
15397 16366
15398 16203
15399 15772
15399 15889
15399 18357
15400 16042
15400 17107
15401 16289
15402 18511
15403 17815
15403 18872
15404 19213
15405 17198
15406 16564
15406 18327
15407 16253
15408 17058
15408 19518
15410 17433
15411 19080
15414 15720
15414 16464
15416 16959
15418 18634
15420 16032
15422 16838
15424 19732
15425 19782
15426 17987
15426 18391
15427 15631
15427 15717
15427 18443
15427 19249
15429 17169
15430 15991
15431 19234
15432 16495
15432 16789
15433 18958
15434 17173
15435 17509
15436 17847
15437 15781
15437 16182
15438 19703
15441 16405
15443 16390
15445 19662
15446 19110
15449 16176
15450 16577
15450 17280
15451 16597
15452 18848
15452 19527
15457 16689
15457 19587
15458 15792
15458 15870
15458 17190
15458 18255
15459 15460
15459 19596
15460 19065
15461 16434
15461 16614
15464 18384
15465 17901
15466 18434
15467 18052
15467 18659
15468 18171
15469 19864
15471 16492
15471 17669
15472 18060
15473 15569
15474 15770
15474 19220
15475 15946
15475 18306
15476 16215
15476 19059
15476 19743
15477 16643
15477 17352
15477 19850
15478 15930
15478 16136
15479 19503
15481 15888
15482 16111
15482 16785
15482 17343
15482 18907
15483 18087
15484 16447
15484 18954
15485 17799
15485 17879
15487 15774
15487 16070
15487 17491
15487 18400
15488 15932
15490 16701
15490 18048
15491 15528
15491 19997
15492 17633
15492 18128
15494 16140
15494 17435
15495 18106
15496 17243
15497 18829
15500 16623
15500 17425
15502 17546
15505 16455
15506 19829
15506 19845
15507 15899
15507 17693
15507 18246
15508 17485
15509 16156
15509 18586
15512 15654
15512 18110
15512 19425
15513 19421
15514 19317
15514 19507
15517 19198
15518 16546
15518 19635
15522 18498
15526 18047
15526 18857
15528 18970
15530 18570
15532 18218
15533 18721
15534 18826
15534 19216
15537 17118
15538 19995
15539 16141
15539 19873
15540 16329
15541 18885
15541 19637
15541 19749
15542 18608
15543 17843
15544 17302
15545 18391
15546 16886
15546 19535
15548 16695
15548 18854
15551 16964
15551 18203
15552 17407
15553 16191
15554 15769
15554 17370
15554 18376
15554 19834
15555 19696
15557 19297
15559 16993
15559 18893
15560 16471
15560 17005
15560 18275
15562 17514
15562 19815
15563 17153
15568 18859
15571 19573
15572 16622
15572 18529
15573 17741
15573 19791
15579 16459
15581 19508
15582 19257
15583 18860
15584 16808
15585 15629
15585 15948
15586 18693
15588 18736
15592 15983
15595 15998
15596 19492
15598 19707
15599 15865
15601 16701
15601 17211
15604 15741
15604 15744
15604 16941
15605 17257
15610 16314
15610 19248
15611 18889
15612 15669
15613 18751
15615 17623
15618 17976
15621 16659
15621 19924
15622 18165
15623 17767
15627 16747
15627 19049
15630 16399
15630 17889
15631 16755
15631 17367
15632 18996
15633 17552
15635 17163
15636 16756
15636 19103
15636 19213
15638 15646
15638 18218
15639 19479
15639 19829
15640 19024
15641 17767
15646 15906
15646 15985
15646 17200
15646 17572
15646 18707
15652 17375
15652 18678
15653 18308
15654 17465
15654 19527
15658 15830
15658 17345
15660 17061
15661 15819
15661 16990
15662 19777
15666 18026
15669 16414
15669 19426
15669 19658
15670 18618
15671 17058
15672 16226
15673 15779
15673 17233
15677 15964
15677 19189
15678 17118
15680 18225
15681 17290
15681 19564
15683 16269
15687 16068
15688 16708
15689 17317
15691 17239
15692 19033
15693 17279
15694 16859
15694 19339
15695 19361
15695 19752
15696 17336
15697 16430
15698 16000
15699 15974
15699 19014
15704 16195
15707 16608
15709 16815
15710 16473
15710 18040
15710 18050
15711 15740
15712 15720
15712 17310
15713 18243
15713 18640
15713 19206
15715 19882
15716 16850
15716 17118
15719 17092
15719 17919
15719 18342
15721 17748
15725 19456
15729 16723
15730 19022
15731 19299
15731 19787
15732 19860
15734 17314
15738 18829
15742 18287
15743 17565
15744 19792
15745 16873
15745 18474
15747 17460
15750 18615
15751 19554
15754 19149
15756 18668
15758 16266
15762 17411
15762 19270
15763 17517
15764 17294
15764 17650
15764 17964
15764 19867
15765 15858
15766 18386
15767 16250
15767 16625
15767 17306
15767 17321
15768 17744
15770 18518
15771 18582
15774 16392
15774 16849
15774 18049
15775 19362
15776 16930
15777 16955
15778 16677
15778 16809
15780 17817
15780 18128
15780 18581
15780 19175
15782 18000
15783 19668
15784 15800
15784 19635
15786 18985
15791 16353
15793 16862
15794 17293
15795 19840
15796 18325
15797 15903
15797 16653
15797 16994
15797 17960
15798 16749
15798 17598
15799 19527
15800 16527
15800 17895
15801 15998
15801 16076
15801 16725
15802 17311
15803 18181
15803 19106
15804 19766
15809 17216
15810 15992
15810 16404
15810 18864
15814 16076
15815 16069
15815 17489
15816 17523
15818 16933
15818 17800
15819 15981
15821 16319
15822 17795
15824 16391
15828 16812
15829 16752
15830 19746
15833 19245
15834 18016
15838 17803
15839 17728
15839 17967
15839 18461
15840 18837
15840 19305
15844 17312
15845 16341
15845 19074
15847 16962
15848 17971
15849 16845
15850 18894
15851 16180
15851 18558
15851 19054
15852 19097
15855 18113
15857 18304
15857 19190
15858 18972
15859 19140
15860 16503
15860 17355
15860 18067
15860 18787
15863 16085
15863 16214
15866 16029
15866 17653
15866 18062
15869 16248
15870 15879
15870 19232
15872 19677
15875 16838
15876 17922
15876 18424
15876 18890
15877 17132
15878 16378
15879 17803
15880 18126
15882 16843
15882 19107
15883 17178
15886 15958
15887 19978
15888 16441
15893 19238
15893 19958
15895 19964
15897 16040
15897 19507
15899 17678
15900 16290
15900 16980
15901 16138
15904 16244
15904 18714
15905 17198
15905 19581
15905 19805
15906 17586
15906 18061
15907 18420
15907 19745
15908 17253
15910 19073
15911 17743
15911 19404
15913 16869
15913 17547
15913 18071
15914 16549
15914 18908
15916 16322
15917 18905
15918 18913
15919 17349
15919 17950
15919 18737
15921 19557
15923 16105
15924 16219
15925 15934
15926 17552
15929 19157
15931 16847
15931 16951
15933 16086
15939 16130
15939 19819
15943 17975
15944 19204
15945 16242
15946 16679
15947 17353
15948 19479
15951 16239
15952 18562
15953 16710
15954 16122
15956 17602
15956 18563
15958 19357
15959 15993
15959 18947
15960 17644
15960 19177
15962 19811
15963 16056
15963 16090
15963 17456
15963 19773
15965 16912
15966 18999
15967 17353
15967 18999
15969 16840
15971 18330
15973 16836
15973 17960
15973 18126
15974 17412
15976 16566
15978 16291
15979 16914
15979 17239
15981 16934
15982 17113
15984 18131
15986 17063
15986 17329
15990 16954
15991 18706
15992 16028
15994 16690
15994 19406
15994 19630
15997 17623
15997 18309
15998 17641
16001 16329
16001 17035
16002 16757
16005 16231
16005 17352
16006 17893
16008 16854
16008 17569
16008 18949
16008 19687
16009 17045
16009 18782
16010 16271
16012 17973
16012 19475
16013 18806
16016 16416
16021 19600
16022 17012
16023 17261
16024 16597
16025 19040
16028 17088
16028 17184
16028 18229
16029 17686
16029 19713
16030 17452
16032 16886
16034 17552
16034 18082
16035 18321
16039 19169
16039 19745
16040 19511
16043 17125
16044 16402
16044 19088
16045 17769
16045 17891
16046 19705
16047 18273
16047 19914
16048 18151
16049 19601
16051 19872
16052 16690
16053 17867
16054 19381
16055 16322
16055 18038
16056 18129
16057 16177
16057 17187
16060 17171
16060 17353
16062 18298
16063 19253
16064 17496
16066 16649
16066 19257
16067 16504
16067 16790
16067 18704
16070 18285
16070 19356
16071 17925
16072 18877
16073 18598
16074 19623
16077 16121
16077 19501
16081 16480
16081 19528
16083 17951
16084 17075
16085 16915
16086 18025
16088 17664
16089 16143
16092 18020
16092 19324
16092 19935
16093 19560
16095 19695
16096 19786
16100 18696
16103 19841
16111 17062
16112 18175
16114 17853
16118 16445
16122 16351
16122 16477
16125 17181
16126 17512
16126 18164
16127 18751
16128 19220
16128 19988
16129 17335
16130 18418
16131 19220
16132 19100
16133 16941
16133 18990
16133 19009
16134 18334
16134 19396
16136 16298
16136 18609
16137 18542
16138 17674
16139 17358
16139 18570
16139 19181
16140 16396
16141 19836
16142 17999
16143 19841
16144 19994
16145 16334
16145 18257
16146 19500
16146 19726
16146 19825
16148 19350
16149 16705
16150 16887
16150 18350
16151 18392
16155 18601
16158 17912
16160 19738
16164 16830
16165 19087
16167 16266
16173 18012
16174 16426
16175 19973
16176 16783
16176 17500
16177 17705
16177 17743
16178 19137
16179 18182
16180 17548
16180 19087
16182 19995
16183 16589
16190 17020
16193 17704
16197 19533
16197 19914
16200 19848
16202 17013
16203 18153
16204 19074
16206 17993
16206 19244
16207 17111
16207 18815
16209 19180
16210 16479
16210 18252
16211 18162
16211 19697
16212 16712
16212 18776
16214 16789
16214 17108
16214 17478
16214 18938
16215 17720
16215 17889
16215 18981
16216 18975
16217 18237
16221 16520
16221 16643
16223 16497
16223 17223
16223 19117
16227 19271
16228 18023
16230 19554
16231 18145
16235 17483
16236 18659
16236 18666
16237 19319
16240 17335
16241 17081
16241 19453
16242 18837
16243 16369
16243 19995
16244 17271
16245 19213
16246 17095
16246 17274
16250 16910
16254 18468
16256 18194
16258 19634
16259 16689
16263 16689
16270 17970
16271 18316
16271 19390
16271 19616
16272 19481
16273 16293
16275 19368
16275 19703
16276 16724
16277 16433
16279 16673
16281 17446
16282 16633
16282 19422
16285 17620
16285 19847
16287 16653
16290 18482
16294 18487
16295 17905
16296 16792
16297 19561
16298 17566
16298 18497
16299 19081
16300 18470
16301 16326
16301 17976
16302 17423
16302 18581
16302 19481
16307 18967
16308 17877
16314 16531
16315 17675
16318 19542
16321 16498
16322 18463
16323 17278
16324 18573
16326 18093
16326 18235
16330 16761
16330 18771
16331 17642
16332 16697
16332 19550
16333 17442
16334 16592
16334 18750
16335 16901
16335 17136
16335 18229
16336 18932
16336 19667
16341 17040
16341 17956
16341 19319
16342 18580
16344 17565
16345 19989
16346 17057
16347 16845
16348 17601
16348 19149
16349 19448
16350 17088
16350 17356
16351 19898
16355 17196
16356 19463
16358 19378
16359 16843
16362 19762
16365 19454
16365 19896
16373 19520
16373 19805
16374 19385
16375 16832
16376 16698
16378 16828
16378 19045
16381 17757
16384 17403
16384 17436
16384 17520
16386 19419
16387 19861
16388 19213
16390 17073
16391 16755
16391 19759
16392 16973
16395 16739
16395 19237
16397 18832
16399 16514
16399 18698
16400 19409
16402 18466
16403 19360
16404 16625
16404 19791
16406 16967
16407 18329
16409 17812
16411 18282
16412 18974
16414 19750
16416 17226
16416 18041
16420 18313
16423 19391
16424 18145
16425 17469
16426 17364
16429 16857
16429 18680
16430 16484
16430 18131
16430 18725
16430 19221
16434 17687
16436 16643
16438 17728
16438 19194
16440 16654
16442 19603
16445 19957
16446 18689
16448 17465
16448 17945
16448 19238
16448 19775
16450 17001
16454 18100
16456 16497
16457 19122
16458 16479
16461 19619
16462 17217
16462 19035
16464 18616
16466 19345
16468 18447
16468 19304
16470 18927
16473 17803
16473 19807
16479 19512
16480 19415
16483 16850
16483 19523
16484 19406
16485 17292
16488 17372
16489 18975
16492 17837
16492 19490
16492 19990
16495 17063
16495 19732
16496 19886
16498 16812
16499 17365
16499 17592
16500 18893
16501 17609
16502 19548
16504 16794
16505 17943
16505 19193
16505 19920
16506 18112
16509 18922
16509 19393
16510 18464
16512 19213
16512 19217
16513 16616
16513 16747
16514 18365
16516 17443
16516 18841
16516 18844
16516 18921
16517 16756
16517 18812
16519 17914
16520 16934
16520 17609
16523 16665
16523 17380
16523 19576
16524 18002
16525 17118
16525 17438
16526 19004
16527 18021
16528 16705
16529 18462
16529 19790
16530 16678
16530 18659
16530 19173
16533 16681
16533 19232
16534 18155
16535 16825
16536 19959
16538 19144
16538 19362
16539 17120
16540 17468
16541 18843
16545 18963
16545 19555
16547 19870
16550 18138
16551 17386
16553 18262
16553 18616
16554 18891
16560 18886
16565 17847
16569 16690
16569 16760
16572 18439
16573 19033
16574 16609
16574 19461
16575 16579
16577 17238
16577 17645
16578 18789
16586 16769
16586 17468
16588 17918
16589 17567
16589 19097
16590 17838
16590 19430
16591 17942
16592 17209
16593 17729
16593 19652
16594 17987
16594 18248
16595 18692
16599 17935
16601 19593
16603 17344
16603 17852
16604 19582
16606 17426
16607 18908
16610 17643
16611 16879
16611 17492
16612 19546
16616 18050
16616 18757
16618 17441
16619 16832
16620 19476
16621 17081
16622 17805
16622 17979
16622 19353
16623 17016
16626 19476
16627 17435
16627 19279
16628 18525
16629 16924
16630 17421
16630 17664
16633 18732
16636 19339
16637 18772
16639 18861
16639 19497
16643 16947
16643 17634
16643 19168
16643 19566
16646 17839
16650 16705
16650 18946
16652 18242
16657 17649
16658 18721
16659 19425
16660 18673
16661 18573
16662 17913
16663 18764
16664 18816
16665 17747
16669 17978
16670 17869
16670 19997
16672 18934
16677 16729
16677 17607
16679 17539
16680 17008
16680 18157
16680 18285
16680 18921
16683 19875
16684 18815
16685 19792
16687 17873
16687 19427
16689 18567
16689 18838
16689 19677
16691 19573
16692 17742
16694 19150
16695 16705
16698 19605
16700 18056
16700 18296
16700 19556
16702 17054
16703 17008
16705 18389
16706 19534
16710 17030
16715 18678
16715 19269
16717 18171
16719 17344
16720 19874
16723 17286
16724 19279
16724 19683
16724 19936
16725 18959
16728 16972
16728 17362
16729 18461
16732 18154
16735 16898
16735 17955
16735 19007
16736 18457
16736 18615
16739 17000
16741 17002
16741 19983
16742 17482
16742 19203
16745 19473
16745 19916
16746 17459
16746 19998
16748 18914
16748 19549
16748 19778
16749 19577
16751 17351
16751 17433
16752 17560
16754 19169
16755 18879
16762 18850
16763 19483
16763 19816
16764 17177
16765 18628
16766 18038
16768 18468
16771 16778
16773 16801
16775 19090
16777 19060
16782 17484
16785 19069
16787 17217
16791 16925
16793 19949
16798 17039
16799 16871
16799 19576
16804 19564
16807 18177
16807 18801
16808 17552
16811 18700
16811 18883
16813 17080
16814 17485
16815 17883
16820 17334
16823 19109
16825 18370
16825 19342
16827 19463
16828 18909
16829 19813
16832 18105
16836 17840
16836 19497
16837 18243
16838 17009
16841 17702
16843 18052
16845 17025
16847 19430
16847 19767
16847 19930
16848 18631
16849 17670
16849 18225
16852 19147
16854 17894
16854 18212
16854 18728
16856 18535
16856 19074
16861 18448
16862 19766
16862 19840
16865 18471
16867 19902
16869 17693
16870 17177
16871 19199
16872 17376
16872 17795
16873 19416
16879 16939
16879 17956
16881 18232
16885 18196
16885 18949
16887 17642
16887 18149
16890 19504
16892 18037
16894 17095
16894 17833
16897 19360
16899 17145
16900 17070
16901 17281
16901 18246
16901 18786
16902 17536
16903 17581
16903 17602
16904 18947
16906 18402
16908 18265
16911 18323
16911 18837
16914 17487
16914 19997
16916 17998
16916 19952
16918 18294
16919 18826
16920 17062
16920 17748
16923 19036
16927 19853
16928 17193
16930 19087
16937 19981
16939 18499
16940 19307
16941 19008
16943 19121
16944 19002
16945 17970
16945 19626
16947 17986
16950 18662
16951 19084
16953 19211
16959 19582
16960 17961
16962 18580
16966 17012
16966 19811
16967 18380
16969 17374
16970 18180
16970 19591
16974 18917
16975 17797
16976 18339
16981 19892
16981 19938
16990 17688
16995 17065
16995 19734
16996 19765
16999 18846
17000 18927
17001 17925
17002 19970
17007 19330
17011 18724
17011 19554
17016 18600
17016 18783
17021 17060
17023 18287
17023 19543
17027 19939
17032 18347
17033 19846
17035 17903
17038 18245
17039 17252
17045 18158
17045 18655
17046 17499
17046 19208
17048 18509
17049 18513
17050 17332
17052 17528
17052 18210
17055 17232
17056 18679
17056 19033
17057 19958
17058 17158
17058 19273
17061 18477
17061 19058
17064 17393
17064 17675
17067 18436
17068 18201
17071 19383
17073 17310
17076 19613
17077 18548
17079 18816
17084 17255
17084 17615
17085 19051
17086 18293
17086 18332
17086 19235
17089 17699
17093 18997
17094 17396
17095 17317
17095 19674
17096 19017
17100 17764
17101 19231
17102 17119
17107 18319
17108 19828
17111 19222
17117 17357
17117 17505
17118 19806
17119 18290
17120 19396
17121 18382
17123 17175
17125 17182
17126 19365
17128 19373
17129 19569
17131 18134
17131 18459
17133 17454
17136 19334
17138 18149
17138 19178
17141 19206
17143 18058
17144 17514
17144 19042
17146 19398
17147 19111
17149 17541
17149 19297
17149 19501
17151 19129
17157 19461
17158 18920
17159 18963
17165 17245
17165 19982
17168 17456
17172 19029
17173 19465
17174 19853
17177 19585
17179 17501
17183 19310
17184 19650
17185 17211
17186 19171
17188 17745
17188 19192
17196 19945
17198 19522
17200 18207
17201 19689
17202 18917
17204 19239
17205 18111
17206 17218
17207 18406
17207 19144
17208 19041
17209 18627
17209 19257
17209 19750
17218 19971
17219 18035
17221 17640
17224 17910
17229 18384
17230 18121
17231 17682
17232 17858
17233 18892
17233 19478
17234 19071
17234 19989
17239 19446
17241 19970
17243 17601
17245 17499
17245 19345
17246 17780
17246 18461
17247 17490
17248 18396
17250 17795
17253 18946
17261 18542
17263 18156
17263 19256
17264 19744
17266 17568
17267 17453
17268 19784
17275 19173
17279 18409
17280 17958
17281 17464
17281 18357
17287 17952
17287 18512
17292 19837
17295 18450
17297 17912
17301 18858
17301 19367
17303 18257
17306 19174
17309 19509
17310 18811
17319 18036
17321 18439
17322 17726
17322 18305
17322 18365
17322 18540
17323 18606
17325 18671
17329 17694
17329 17753
17329 19729
17332 17540
17332 18619
17332 19259
17332 19736
17333 19028
17333 19787
17334 19388
17335 19215
17337 17368
17337 17506
17339 17769
17340 19467
17340 19941
17345 19279
17352 18732
17352 19113
17352 19704
17353 19173
17354 18687
17357 17865
17358 17881
17364 17575
17364 18935
17364 19999
17365 19683
17365 19820
17366 18267
17366 19011
17367 18790
17369 18236
17369 18264
17370 17658
17370 19153
17371 17647
17371 17859
17371 17945
17376 18018
17378 19498
17379 19581
17381 17434
17381 19795
17385 19133
17386 19845
17389 19202
17390 17745
17390 18197
17390 19697
17391 18321
17392 18171
17394 18624
17395 18243
17396 19628
17398 19236
17407 17734
17409 18603
17412 17959
17413 17532
17416 17923
17416 19343
17416 19531
17422 17769
17422 18854
17423 19090
17424 18810
17424 19247
17427 18276
17428 18125
17428 18166
17428 19086
17429 18012
17431 18025
17432 17579
17433 19959
17434 18240
17435 19756
17437 19462
17438 17898
17438 19426
17439 19202
17440 17910
17440 18642
17441 18340
17441 19129
17444 17857
17444 18367
17447 17491
17450 19438
17451 19606
17453 18117
17455 17636
17457 19469
17458 18616
17459 18956
17459 19393
17461 19929
17462 18194
17468 19022
17470 19780
17472 19895
17476 18477
17477 18738
17478 18223
17481 18519
17481 19245
17482 18293
17488 19593
17491 17939
17496 17913
17498 19203
17499 18091
17500 19902
17501 18622
17503 18293
17503 18557
17503 19545
17506 19098
17508 17960
17511 19851
17512 17590
17514 18636
17515 17673
17516 17652
17522 18501
17522 18565
17523 18100
17523 18188
17527 17872
17527 19842
17528 18567
17529 18290
17531 19849
17532 18512
17533 19752
17535 19292
17538 19800
17538 19808
17545 17572
17546 19033
17548 19400
17553 18177
17555 17695
17556 18533
17557 18135
17558 19713
17560 17943
17561 19863
17563 18205
17563 18994
17565 17723
17574 18745
17574 19869
17575 18168
17575 19615
17577 18016
17577 19121
17578 19221
17582 17626
17583 18462
17586 18805
17587 19695
17588 19994
17591 19557
17594 17941
17603 19722
17606 18803
17607 18021
17610 18851
17611 18471
17617 18259
17621 18528
17624 18150
17624 19382
17634 18842
17634 19487
17635 18970
17636 19890
17638 18814
17642 18207
17642 18755
17644 18901
17645 19301
17647 19094
17649 19124
17651 19809
17658 18580
17658 18955
17659 18122
17661 17958
17662 17692
17662 19300
17664 18985
17669 19230
17672 19889
17675 19602
17678 19286
17679 19129
17680 18470
17682 18325
17683 17988
17684 18376
17685 17778
17686 19280
17688 19216
17691 17797
17691 19405
17695 18230
17696 17740
17697 18411
17701 19557
17705 17766
17705 18161
17709 19974
17712 18992
17714 18943
17716 17773
17725 19644
17725 19668
17733 17923
17734 18897
17736 17815
17736 19119
17743 18541
17745 18975
17753 18345
17755 19442
17758 18045
17758 18154
17779 18314
17780 19062
17781 19200
17782 19658
17787 18953
17789 19028
17794 19016
17794 19297
17797 18533
17798 18157
17800 18336
17800 18643
17800 19202
17802 18586
17802 19728
17804 18105
17804 19603
17804 19935
17810 18591
17816 17949
17816 19301
17819 18741
17820 19835
17828 17937
17828 19124
17829 18944
17830 18152
17833 18552
17834 18035
17836 18005
17837 18899
17838 19584
17839 19636
17840 19946
17841 18355
17844 19262
17846 19977
17848 18940
17851 18250
17851 18299
17853 18006
17853 18696
17853 18962
17856 18824
17856 19472
17856 19917
17870 18033
17884 19131
17893 18652
17893 19563
17894 18581
17897 18529
17900 19687
17903 18440
17905 18312
17905 19944
17912 19484
17915 18428
17917 18096
17925 18531
17927 19471
17930 17982
17941 19382
17945 19520
17948 17972
17952 18202
17952 18996
17954 18154
17954 19843
17958 19806
17959 19920
17960 19112
17963 19144
17966 18968
17966 19822
17970 18686
17970 18718
17972 19843
17977 18893
17978 18225
17979 19163
17979 19255
17980 18064
17981 18629
17981 18780
17982 18770
17986 19640
17988 18560
17988 19182
17990 19735
17994 18472
17998 19825
17998 19974
18000 18391
18000 19751
18002 18285
18005 19021
18007 18045
18009 18579
18014 18576
18016 18285
18020 19910
18021 19575
18027 19548
18031 18117
18034 18740
18035 19019
18036 18512
18038 18073
18042 19908
18043 19617
18045 18879
18049 18685
18049 19562
18049 19980
18053 18479
18056 19390
18060 18553
18063 19355
18069 18213
18069 18825
18073 19305
18078 18615
18080 18801
18080 18951
18080 19085
18081 19122
18084 18580
18084 18767
18088 19378
18091 18433
18092 19870
18093 18877
18093 19446
18098 19219
18101 19741
18104 19061
18107 19370
18110 19145
18116 18506
18123 18431
18125 18542
18126 19462
18127 18412
18127 19211
18128 19969
18134 18359
18134 18508
18137 18427
18140 19387
18151 19022
18159 19373
18159 19941
18163 19118
18167 18541
18171 18969
18171 19131
18173 18806
18175 18641
18176 19204
18180 18767
18184 18665
18185 19443
18193 18703
18193 19527
18196 19696
18202 18596
18205 18393
18209 18759
18209 18994
18210 19647
18214 18357
18214 19932
18216 18234
18218 19854
18221 19880
18225 19102
18225 19763
18227 19750
18237 18896
18248 18784
18251 19434
18262 18886
18268 19031
18270 19675
18270 19685
18270 19799
18273 19998
18276 19594
18280 18609
18281 19641
18282 19143
18287 19165
18287 19662
18290 18305
18292 18650
18293 19876
18295 19604
18297 19996
18300 19157
18301 19152
18308 18486
18308 19704
18310 18770
18315 18500
18319 19681
18320 19172
18326 19421
18329 18933
18329 19430
18330 18931
18330 19492
18331 19097
18333 18967
18342 19476
18348 18522
18348 19249
18353 19618
18355 18635
18357 18752
18359 19392
18361 19030
18362 19311
18364 18741
18364 18760
18365 19048
18366 19138
18368 18466
18368 19444
18372 18626
18372 19471
18373 18964
18375 18945
18380 19429
18380 19737
18382 19468
18392 19645
18394 19447
18399 19496
18402 19427
18403 18404
18403 19450
18405 19154
18426 19994
18427 19193
18428 18902
18428 19136
18430 19895
18431 19858
18434 19746
18436 18872
18439 19832
18442 18651
18450 19072
18453 19327
18461 18913
18462 18936
18465 19309
18468 19875
18473 19144
18479 18985
18480 19108
18484 19586
18485 18664
18488 18648
18489 19175
18490 18713
18492 18900
18494 18851
18511 19340
18513 19619
18514 18633
18516 19083
18521 18757
18522 19933
18526 19155
18528 19459
18531 18983
18533 19268
18537 19413
18540 18970
18558 19869
18562 18666
18568 18945
18574 19858
18576 18637
18576 18761
18576 18971
18578 19944
18579 18791
18582 19106
18586 19243
18592 19171
18595 19179
18597 19324
18598 19912
18606 19388
18613 19890
18619 19786
18620 18948
18629 19447
18635 19508
18647 19264
18649 19191
18655 19287
18659 18711
18663 19233
18667 18967
18670 19100
18671 19641
18672 18884
18677 19282
18681 19332
18685 19408
18690 19880
18693 18910
18693 19614
18694 18942
18695 18873
18700 18842
18707 19337
18714 19342
18715 18971
18721 19255
18722 19218
18723 19648
18723 19722
18739 19788
18743 19863
18750 18816
18751 19857
18758 19809
18759 19237
18762 19917
18775 19071
18776 19635
18782 19371
18784 19899
18788 19492
18791 19970
18797 19523
18802 18927
18806 19222
18811 19021
18812 19617
18814 19146
18815 19936
18817 19195
18818 19854
18818 19902
18819 18845
18822 19614
18824 19369
18826 19781
18828 19396
18831 19775
18841 18900
18842 19340
18842 19704
18844 19995
18846 19310
18848 19141
18857 19083
18861 19166
18863 19774
18870 19302
18874 19301
18899 18920
18904 19057
18904 19387
18905 19562
18912 19471
18912 19664
18915 19131
18931 19174
18931 19512
18936 19528
18947 19348
18950 19092
18959 19504
18967 19706
18972 19712
18973 19349
18976 19203
18981 19806
18983 19966
18997 19514
19002 19811
19007 19765
19027 19432
19035 19780
19043 19288
19043 19605
19048 19579
19053 19355
19064 19947
19072 19807
19073 19518
19074 19613
19075 19107
19086 19194
19088 19933
19090 19819
19094 19231
19103 19970
19120 19266
19127 19439
19129 19488
19142 19957
19148 19559
19176 19277
19181 19269
19182 19707
19187 19547
19191 19574
19195 19700
19199 19607
19200 19563
19200 19696
19204 19677
19219 19514
19220 19306
19228 19463
19231 19687
19233 19826
19235 19566
19238 19573
19253 19686
19255 19970
19274 19549
19285 19757
19310 19688
19311 19830
19318 19431
19327 19988
19331 19585
19340 19596
19359 19410
19393 19733
19411 19437
19412 19582
19414 19934
19421 19452
19427 19846
19460 19671
19460 19912
19463 19696
19471 19540
19472 19517
19476 19782
19478 19911
19508 19864
19517 19811
19522 19636
19531 19854
19538 19787
19541 19838
19560 19949
19597 19759
19625 19894
19632 19705
19648 19918
19662 19888
19689 19858
19709 19770
19736 19831
19752 19899
19757 19825
19761 19844
19769 19836
19785 19787
19865 19934
19934 19966
