40000 80000
1 18433
1 23038
1 25891
1 34138
2 3633
2 15120
2 19355
2 20078
3 8631
3 14261
3 15906
4 9233
4 38079
4 39464
5 18354
5 29272
5 37295
6 3696
6 3809
6 7319
6 8385
6 9386
6 12919
6 18496
6 30021
6 34163
6 34280
6 35092
6 35787
7 22200
7 32937
8 19238
8 24685
8 34663
9 15504
9 22642
9 33814
9 36734
9 38833
10 19067
10 22418
10 23391
10 31104
10 32338
11 1901
11 32061
11 32941
11 39408
12 5418
12 7118
12 37562
13 893
13 3302
13 16124
14 851
14 11163
14 14300
14 21413
14 22303
14 22860
14 26547
14 32426
14 33940
14 35140
15 4052
15 8541
15 35584
16 2515
16 2751
16 17915
16 28489
18 23
18 4481
18 35117
19 2406
19 14410
20 20039
21 1485
21 10238
21 17577
21 23629
22 9521
22 14724
23 2461
23 4079
23 6661
23 10796
23 24880
24 11353
24 22587
25 13373
25 34933
25 35051
26 3768
26 5012
26 5761
26 12215
26 36227
27 3155
27 29601
27 34596
28 5480
28 11622
28 35621
28 39192
29 32686
29 35729
30 1120
30 1558
30 8135
30 11983
30 24964
30 27031
30 39570
31 1747
31 2706
31 7389
31 22943
31 37176
32 24912
32 32141
32 37897
33 8682
33 15198
33 24497
33 35818
33 37464
33 39008
34 11897
34 17920
34 18782
34 29226
34 31827
34 37625
35 6272
35 27891
35 33124
35 33358
36 11630
36 11775
36 25654
36 35468
37 2372
37 7739
37 7898
37 26103
37 28378
37 28882
37 31736
37 32336
37 35763
37 36146
37 36535
38 24206
38 39967
39 14239
39 23962
40 1171
40 26610
40 34513
41 2070
41 2419
41 8967
41 13799
41 25779
42 8076
42 20098
42 27966
43 6593
43 7884
43 7994
44 669
44 2898
44 3486
44 6311
44 6384
44 10069
44 16774
44 26373
45 1461
45 7073
46 3502
46 12606
46 15949
46 17953
46 36119
47 18097
47 22753
47 31075
48 2063
48 7644
48 16012
48 22889
48 32420
48 32889
48 37905
49 8106
49 15972
49 19196
50 15545
50 17697
50 32688
51 2644
51 2982
51 18516
51 32029
52 4329
52 30749
52 37774
53 13121
53 17901
53 33645
53 34839
53 39764
54 4692
54 11468
54 21696
55 24199
56 3104
56 5289
56 12740
56 16326
56 30900
56 31102
57 8849
57 15667
57 16273
57 27007
57 36050
58 1146
58 25569
58 28769
58 31171
58 35887
58 39868
59 5868
59 20056
59 28740
60 1189
60 8685
60 16224
60 20744
60 24724
60 26912
60 26926
60 29128
60 30782
60 35454
61 5122
61 13287
61 14399
62 9389
62 25143
62 25241
63 1582
63 16320
63 32883
63 36215
64 13449
64 24007
64 24425
65 14233
65 14883
65 22309
65 24750
65 27484
65 37645
65 39391
66 4333
66 12073
66 21210
67 29648
68 815
68 16072
68 26565
68 30955
68 34989
69 3109
69 4023
69 6047
69 7755
69 8106
69 14349
69 26500
69 31807
69 34524
70 5028
70 14051
70 27645
70 30915
71 323
71 10409
71 38210
71 38481
72 1612
72 5004
72 11517
72 20775
72 24869
73 13056
73 33370
73 38986
74 6826
74 7083
74 7533
74 31489
74 36119
74 36441
74 38266
74 38854
75 4117
75 16217
75 33424
75 39800
76 5921
76 11628
76 12214
76 38037
77 14404
77 20391
77 33366
78 3479
78 16448
78 24752
78 30094
78 32557
78 36084
79 3161
79 6753
79 25894
79 29338
79 31835
80 3073
80 5269
80 6512
80 16946
80 18031
80 18985
80 23236
80 31007
80 38672
81 13706
81 29382
82 26791
83 1568
83 28887
83 38149
84 2320
84 11373
84 15533
84 16220
84 17866
84 19851
84 27311
85 14675
85 20460
86 10391
86 37778
87 14353
87 31469
87 39728
88 6621
89 1252
90 19173
90 30507
91 2284
91 30509
91 31889
92 10326
92 14110
92 20698
93 19214
93 24117
93 36369
94 9349
94 17468
94 36142
94 36643
95 22685
95 32338
96 221
96 972
96 14664
96 15719
96 23824
96 25717
97 2036
97 10545
97 14917
97 24833
97 30632
97 36314
98 5112
98 28249
99 24839
99 27183
100 3307
100 24791
100 24921
100 38322
101 2931
101 11117
101 23064
101 28950
102 8476
102 9059
102 27614
102 29486
103 21971
103 22086
103 34254
104 2263
104 3794
104 3902
104 16557
104 27306
105 3931
105 12082
105 32131
105 37300
106 4399
106 18085
106 30218
106 37245
107 17650
107 18534
107 27418
107 28579
107 32428
108 2778
108 9812
108 17238
108 25166
108 25376
108 28358
109 20722
109 26827
110 5186
110 29257
111 2337
111 2553
111 11781
111 27843
111 32710
111 36816
112 667
112 18657
112 18935
112 23651
112 26419
113 13334
113 14373
113 21485
113 30114
114 152
114 335
114 3502
114 8539
114 15437
114 27919
115 15442
115 27191
115 28461
115 32379
115 33174
116 21611
117 1741
117 11876
117 13256
117 14252
117 16312
117 20178
117 21927
117 33905
117 39704
118 37106
118 37628
119 3558
119 8685
119 18713
119 32727
119 35732
121 27754
121 32122
121 33194
122 5668
122 9619
122 10886
122 12174
122 20119
123 15509
123 15642
123 28154
124 3784
124 15030
124 18479
124 26913
124 27403
124 30875
124 32527
125 2159
125 2403
125 25093
125 25275
125 31895
126 7123
126 9403
126 19551
126 21684
126 26506
126 32766
126 33546
126 38343
127 31800
127 35042
128 9084
128 13553
128 18969
128 23145
129 5531
129 24031
129 24231
129 25179
129 32051
130 4725
130 18677
130 25968
130 28572
130 29089
130 29393
130 32038
131 17909
131 29729
131 31104
132 6144
132 24331
132 25651
132 38475
133 3328
133 5407
133 26138
134 8101
134 15635
134 32711
134 36023
134 36200
135 4877
135 12170
135 24971
135 31664
136 591
136 10748
136 23492
136 31454
136 32429
137 240
137 2621
137 7750
138 5131
138 12615
138 27727
139 4037
139 14481
139 16741
139 28959
139 39936
140 22646
140 24100
141 6463
141 12841
141 35114
141 35120
141 35578
142 6236
142 11039
142 22982
142 24764
142 30709
142 36154
143 11545
143 20046
143 22459
143 24172
143 32413
144 3877
144 5139
144 8540
144 10687
144 12700
144 19746
144 34826
145 4010
145 10009
145 12457
145 15126
145 16740
145 35705
146 8993
146 19687
146 35688
147 6868
147 13401
147 13641
147 36253
149 7539
149 14997
149 18937
149 21975
149 22925
149 23917
149 35434
150 13452
150 14001
150 30634
150 38854
150 39791
152 19555
152 22527
152 25716
152 31408
153 26422
154 886
154 4571
154 19199
154 36674
155 479
155 7308
155 16026
155 16709
155 20263
155 25573
155 34467
155 38802
156 35004
156 37891
156 39426
157 21366
157 34866
157 35048
157 35201
157 39187
158 5937
158 14649
158 20490
158 36881
159 1619
159 4614
159 29354
159 29867
159 36547
159 39543
160 5141
160 5415
160 7844
160 10885
160 24639
161 9799
161 12235
161 13742
161 16465
161 16955
161 27741
162 25734
163 9587
163 18352
163 26051
163 33618
163 35236
164 2318
164 12670
164 12982
164 13446
164 14204
164 15718
164 29878
164 31673
164 32425
165 14707
165 17465
165 17803
165 21659
165 22021
166 13118
166 36011
167 9131
167 15335
167 28314
167 32368
167 38779
167 38781
168 2424
168 11684
168 14715
168 16497
168 38404
169 1959
169 5640
169 9535
169 28445
170 5465
170 31046
171 9004
171 10675
171 35947
171 37698
172 1329
172 4072
172 8784
172 17227
172 30960
173 19070
173 28095
173 33217
174 299
174 1405
174 14370
174 19692
174 24991
174 37774
175 3779
175 36643
176 8173
176 14911
176 23018
176 29148
177 12183
177 15709
177 18448
177 30554
177 31971
177 34068
178 1386
178 1532
178 31450
179 33280
180 7069
180 9662
180 36501
181 6801
181 8488
181 10872
181 18802
181 32652
181 38145
181 39980
183 2924
183 3975
183 9909
183 27327
183 35722
184 3611
184 17104
184 28635
184 29111
184 36914
185 8412
185 15686
185 15968
185 26956
185 36832
185 38790
186 896
186 1923
186 5068
186 24128
186 26554
186 36074
187 11516
188 38484
189 10533
189 14853
189 31331
190 15074
190 15274
190 25779
190 32436
190 32983
190 38507
190 38911
191 9407
191 10611
191 11266
191 31625
191 37087
192 12158
192 20398
192 35171
193 2330
193 34622
194 19467
194 25090
196 29437
196 29742
197 1799
197 8641
197 16506
197 29552
198 2517
198 2758
198 10836
198 19029
199 785
199 6857
199 21949
199 22125
199 28387
199 31621
200 19437
200 22766
200 22953
200 29902
201 4547
201 10168
201 15194
201 19011
201 32409
201 32812
202 5054
203 13702
203 32380
203 34180
204 4961
204 6639
204 14320
204 32444
205 6792
205 19211
205 27834
205 36312
206 6671
206 19451
206 31474
206 31496
206 38379
207 8575
207 14572
207 23580
207 25079
207 28866
207 33747
208 1065
208 2959
208 13735
209 2778
209 34583
209 36567
210 1346
210 2968
210 6260
210 15937
210 25627
210 32445
211 1404
211 36607
212 14596
212 17695
212 22330
212 22538
212 35395
213 12523
213 18972
213 25412
213 28214
214 6091
214 8003
214 17180
214 31113
214 31834
214 39570
215 6485
215 32512
216 21294
217 6346
217 12452
217 13239
217 20762
217 25495
218 3068
218 23586
218 28157
218 32724
219 22804
219 25214
220 21290
220 31153
221 895
221 20130
221 28754
221 32266
221 39074
222 34718
223 14678
223 22776
224 19991
224 31916
224 38624
225 4178
225 30699
226 1670
226 16162
226 23755
226 35866
227 12477
227 13192
227 20372
228 12107
228 13469
228 38812
229 9603
229 10289
229 17158
229 29063
229 30126
229 30884
229 39972
230 2356
230 5459
230 27315
231 13543
231 14009
231 14535
231 16669
232 3811
232 4213
232 8231
232 12691
232 18032
233 16430
234 4133
234 26661
234 28614
235 2719
235 17179
235 22672
235 31329
235 37748
236 542
236 11697
236 12199
236 13129
236 21804
236 22656
236 27007
236 39329
237 27593
238 26459
238 32426
239 7655
239 10376
239 13631
239 20888
239 22339
239 23990
239 27361
240 1748
240 17167
240 19360
240 20590
240 20829
240 21682
240 25073
240 27545
240 30562
241 7234
241 19548
241 20936
241 23030
241 24774
241 30077
241 39516
242 17014
242 21702
242 25637
242 33709
243 13938
243 14453
243 29557
243 35222
243 35574
244 10122
244 23548
244 27057
244 34779
244 36572
245 13490
245 14530
245 21750
245 25306
245 25804
245 28523
245 28984
246 4475
246 4659
246 14636
246 18115
246 20139
246 25208
246 29634
246 36519
247 3854
247 7370
247 10323
247 11800
247 20869
247 21633
247 22808
247 33093
248 10027
248 26882
248 36261
248 37378
249 9670
249 21388
249 31723
250 5284
250 7092
250 17939
250 24771
250 25798
250 30441
251 4758
251 15454
251 18968
251 19489
252 1372
252 3433
252 10876
252 34938
252 39611
253 5684
253 8924
253 11471
253 15577
253 18452
254 13947
254 18391
254 21210
254 24567
255 5216
255 9593
255 25594
255 36498
256 18204
256 20208
256 36936
256 39039
257 11602
257 29563
258 12170
258 17051
259 8113
260 22146
261 5706
261 16796
262 35153
263 5653
263 11032
263 31511
264 1834
264 12393
264 24762
264 25740
264 35144
264 35665
265 671
265 4061
265 13764
265 15434
265 16908
265 19303
265 24440
266 4252
266 7044
266 20800
266 30021
267 1349
267 7562
267 28782
267 35215
268 3350
268 8571
268 30677
269 1487
269 1569
269 16948
269 32993
269 37332
270 32030
271 9747
271 19181
271 25282
272 461
272 2717
273 2482
274 6009
274 9180
274 20242
274 24869
274 28658
274 30829
275 9938
275 32047
275 35018
276 16967
276 34016
277 13719
278 17435
278 25440
279 2080
279 28191
279 35146
279 37521
280 9599
280 13458
280 18856
280 21667
281 24602
281 27089
281 36492
281 36957
282 16937
282 17875
283 10768
283 13578
283 21115
283 24471
283 35059
284 1104
284 2318
284 14795
284 29452
284 29526
284 35589
285 3308
285 8363
285 23782
286 2887
286 6490
286 18774
286 24338
286 37196
287 18908
287 29865
287 37244
288 9227
288 10227
288 11463
288 26475
288 26680
288 30265
288 33049
289 1123
289 5048
289 37221
290 4427
290 14051
290 24727
290 31523
292 3765
292 37561
293 21161
293 30172
293 30529
293 31529
294 3780
294 8792
294 18525
294 21875
294 25325
294 31983
295 13898
295 16838
295 20620
295 25487
295 33071
295 36671
296 5439
296 26018
296 29298
296 32880
296 37964
297 16797
297 37280
298 22075
298 27189
298 31083
298 35127
299 4515
299 5189
299 6222
299 21926
299 29800
299 30879
300 786
300 14986
300 29781
300 31119
301 9334
301 9341
301 17257
302 12399
302 25452
302 32039
302 33090
302 37684
303 26318
303 29966
304 1386
304 9590
304 24511
305 1456
305 14771
305 24819
306 949
306 16566
306 16999
306 18680
306 27145
306 27205
306 31225
306 35963
306 39743
307 8319
307 15840
307 20523
307 23639
307 31121
308 2283
308 14410
308 18284
308 20182
308 20985
309 18622
309 18903
309 22938
309 23534
309 24143
309 25952
309 34579
310 817
310 2679
310 22276
310 36328
311 9929
311 12425
312 9421
312 18900
312 20345
312 27014
312 33372
313 20385
313 31187
313 34768
313 38208
313 39057
314 2069
314 22588
315 4136
315 13693
315 13972
315 15505
315 24125
315 26663
315 29837
316 1078
316 14120
316 15458
316 19581
316 27855
316 39209
317 10050
317 27451
317 38175
318 1106
318 7123
318 10794
318 12480
318 23273
318 24559
318 29963
319 3619
319 7411
319 8321
319 12125
319 17811
319 19904
319 21506
319 29703
319 31469
319 35602
319 35947
320 13854
321 6290
321 17476
321 26151
321 33242
322 5879
322 6527
322 12768
322 15696
322 17304
322 22994
322 35753
322 38293
323 24687
324 13613
324 23218
324 24075
324 33414
325 6223
325 6625
325 12047
325 21340
325 22871
325 23501
325 33003
326 2494
326 25965
326 28644
326 38515
327 14813
327 29391
327 33622
328 11450
328 12644
328 17433
328 18968
329 11338
329 35392
329 36304
330 644
330 8968
330 9428
330 23356
330 30791
331 6492
331 7794
331 15816
331 17508
331 26302
331 26847
332 378
332 2687
332 14196
332 25232
333 3527
333 4380
333 25065
333 28576
333 35341
333 36245
333 39569
334 4800
334 15014
334 33794
334 35322
335 15914
335 17805
335 21285
335 27748
335 37262
336 2504
336 11223
336 31300
336 32496
336 32533
337 3988
337 6942
337 35310
338 6878
338 10933
338 18122
338 19486
339 17386
339 18806
340 11914
340 38519
341 1187
341 10113
341 16855
341 39037
342 4713
342 27536
342 39432
343 500
343 2168
343 7115
343 7577
343 22110
343 27561
343 29835
344 14451
344 24163
344 26955
344 30575
344 33247
344 37238
345 4198
345 14794
345 22885
346 9671
346 13613
346 14746
346 18236
346 20020
346 23242
346 26576
347 4257
347 7783
347 17197
347 23615
347 23670
348 13981
348 14540
348 35870
348 36821
348 36926
349 3697
349 11773
349 18109
349 19521
349 23318
349 24860
349 25642
349 26124
349 37367
350 5173
350 9098
350 16704
350 27337
350 35145
350 36070
351 5685
351 9033
351 9687
351 10960
351 22574
351 23619
351 39430
352 2755
352 15728
352 39802
353 5189
353 17399
353 20905
354 923
354 10067
354 12910
354 18133
354 19569
355 13792
355 15612
355 15642
355 16497
355 20867
355 37677
356 1211
356 2608
356 6198
356 12620
356 13789
356 20020
356 24776
357 28778
358 585
359 13377
359 13453
360 13641
360 18162
360 32187
361 10100
361 11214
361 17640
361 27817
361 29969
361 30253
362 15232
362 35180
363 1986
363 7915
364 11913
364 16130
364 24956
364 26526
365 17226
365 39567
366 19000
366 33201
367 7470
367 13457
367 23002
367 24420
367 30015
368 12499
368 16734
368 16987
369 1491
369 6610
369 8298
369 9196
369 27825
369 33009
369 39372
370 8603
370 24062
371 2575
371 2924
371 8420
371 9241
371 9250
371 27373
371 37303
372 4704
372 19564
372 22554
372 24149
374 521
374 8048
374 12589
374 18447
374 31176
374 32180
375 913
375 11612
375 14176
375 20737
375 22290
375 33986
375 36122
376 9201
376 9585
376 11530
376 11624
376 27498
377 1565
377 4225
377 6157
377 16158
377 21430
377 24471
377 32644
377 33345
377 35590
378 12731
379 1357
379 15842
379 18412
379 23501
379 27940
379 35847
379 37835
380 18594
380 33320
381 19802
381 25991
381 30242
382 13707
382 31025
383 866
383 1548
383 11746
383 13460
383 13630
383 26811
383 27793
383 36451
384 13282
384 15341
384 16138
384 23386
385 14528
385 29277
385 36475
385 38915
386 5194
386 13281
386 35676
386 36103
387 3068
387 8282
387 26230
388 30418
389 3158
389 20381
389 32644
389 38603
390 688
390 15520
390 19441
391 3196
391 12402
391 14602
391 22545
391 32233
392 9795
392 33706
392 38497
393 3326
393 3909
393 12705
393 17115
393 29664
393 31123
393 32618
394 4990
394 36551
395 5886
395 28932
395 38170
396 12311
396 12653
396 32468
396 32751
397 10952
399 6642
399 7525
399 16421
399 26766
399 29431
399 29685
400 12364
400 15362
400 30193
401 10190
401 12546
402 11225
402 24920
402 36523
402 37689
403 2149
404 39768
405 19400
406 19725
406 19928
406 24951
406 34685
407 16922
407 17011
407 22620
407 25741
407 36182
408 9990
408 12026
408 21453
408 35126
409 5895
409 13990
409 34098
409 35837
410 8249
410 17768
410 26199
410 37594
410 39190
411 17594
411 26528
411 27939
411 32072
411 39047
412 21029
412 28294
412 34723
412 38091
412 38648
413 6208
413 9690
413 22796
413 26974
413 35932
414 4659
414 6732
414 15720
414 39596
415 6166
415 14612
415 29437
416 10644
417 19735
417 37101
418 7665
418 11074
419 1650
419 32837
419 33100
420 5997
420 32446
421 9199
421 14264
421 19679
422 6428
422 6607
422 10670
422 19434
422 33980
423 20162
423 24329
424 4648
424 8378
424 11268
424 14407
424 18974
424 23245
424 25444
424 27892
424 36475
425 1138
425 1327
425 21638
425 23781
425 37034
425 37171
426 639
426 6869
426 7042
426 29789
426 30757
427 3045
427 17877
427 22627
428 732
428 13769
428 17118
429 9199
429 21813
429 27917
429 28153
429 29910
430 9985
430 12839
430 21216
430 22190
430 27147
430 34764
431 32664
432 3223
432 11510
432 14204
432 25731
432 32418
432 33978
433 2104
433 15248
433 16971
433 17047
433 24735
434 4493
434 23125
434 33948
434 35022
435 7400
435 8284
435 23199
436 4896
436 7527
437 4369
437 5242
437 26957
437 30656
437 31642
437 36562
438 6856
438 16306
438 18418
438 32045
438 39252
439 3702
439 27763
440 3207
440 14896
440 27308
440 34794
440 36452
441 7288
441 9383
441 18353
441 20271
441 22150
441 30787
441 39716
442 1759
442 27554
442 35485
443 38422
444 14616
444 14805
444 39476
445 10952
446 8371
446 12937
446 28845
447 6747
447 11473
447 20206
447 24759
447 32182
447 32414
447 34842
447 35499
447 35802
448 3338
448 5683
448 28150
449 2086
449 35557
451 7593
451 20078
451 33276
451 37120
451 39438
452 10587
452 33647
453 592
453 2067
453 18452
453 22440
453 26795
453 28872
454 6050
454 13420
454 15555
454 20768
454 30695
454 38417
455 11054
455 22296
455 26415
455 34740
456 6957
456 11180
456 11200
456 35313
457 5710
457 6785
457 10709
457 14230
457 32224
457 32474
457 32967
458 775
458 7211
458 11672
458 16782
458 31384
458 33898
458 35918
458 39053
459 21791
459 22489
459 22528
459 34122
460 1228
460 19404
461 14552
461 26224
462 5362
462 9427
462 23046
463 8634
463 11168
463 19679
464 12115
464 26973
465 1772
465 6703
465 30993
466 5553
466 7907
466 20842
466 22283
466 32224
466 32772
467 25345
467 34816
468 20838
468 24164
469 1577
469 13578
469 25593
469 29077
470 3932
470 19212
470 20370
470 38907
471 2513
471 3098
471 7052
471 13295
471 17280
471 31432
471 31629
471 39453
472 2565
472 12948
472 24256
472 31895
472 37723
472 39779
473 2854
473 4277
473 17752
473 25750
473 32513
474 12171
474 13293
475 810
475 4417
475 12524
475 15131
475 26860
475 30213
475 30875
476 3686
476 7003
476 24101
476 33788
477 4711
477 12930
477 15124
477 18895
477 20039
477 30751
477 32006
478 4560
478 10764
478 16916
478 18896
478 27500
478 35749
479 18977
479 24163
479 33590
480 6311
480 18256
480 20886
480 33304
481 5236
481 18684
481 37593
482 9465
482 13668
482 16399
482 21958
482 30215
482 31658
482 39733
483 4486
483 4989
483 7612
483 16458
483 26988
483 29129
483 29175
483 30177
483 34439
483 36477
483 37696
484 1580
484 12582
484 17822
484 22681
484 25577
485 6687
485 9387
485 24078
485 39576
486 1157
486 3564
486 5764
486 8921
486 28844
486 30810
486 36869
486 38112
487 2952
487 3149
487 14897
487 37292
487 39566
488 4719
488 9375
488 32007
488 32510
489 7895
489 33526
489 34161
490 10106
490 14086
490 19419
491 4697
491 19762
491 25165
491 27058
491 36627
492 838
492 22052
492 27519
493 1826
493 4728
493 6235
493 6519
493 21291
493 38581
494 2826
494 3559
494 8086
494 20225
494 23591
494 24674
494 29317
494 34594
495 7509
495 26295
495 35636
495 36340
496 3314
496 4333
496 12544
496 39814
497 6723
497 26012
497 26685
497 35690
498 2979
498 16663
498 17873
498 31117
498 37184
499 11309
499 19315
499 21863
499 26350
499 29460
499 34028
500 20441
500 24077
501 36186
502 2730
502 9753
502 18659
502 24690
503 4840
503 10522
503 12905
503 26196
503 26908
504 9478
504 14357
504 24408
504 33396
504 37201
505 7900
506 14807
506 22384
506 32732
506 37174
507 7545
507 9336
507 9415
507 37544
508 18812
508 22946
508 31615
508 36773
508 38835
509 7107
509 17091
509 21830
509 28265
510 10721
510 34191
511 6841
511 11709
511 24965
511 25351
511 39008
512 3078
512 14851
512 24514
513 1712
513 3387
513 3458
513 27260
514 17958
514 20614
515 12437
515 21078
515 38686
516 5348
516 19426
516 22818
517 2773
517 6472
517 14522
518 37530
518 38632
519 4054
519 4213
519 16193
519 36609
520 2587
520 4975
520 8182
520 12234
520 15479
521 10532
522 35733
523 22368
523 34565
524 10525
524 12353
525 3428
525 7474
525 7901
525 18994
525 21276
525 23677
525 29906
525 35586
527 12136
527 18212
527 27167
527 34153
527 39893
528 9538
528 19196
529 33264
529 34355
529 34694
530 2126
530 24607
530 37909
531 15170
531 29319
531 34952
531 39048
532 7744
532 20318
532 26458
532 34229
533 2633
533 34135
533 37726
533 38114
534 20213
534 26115
534 34316
534 34904
535 8697
535 13527
535 14344
535 15186
536 19188
536 21586
536 27122
536 34779
537 7071
537 19234
538 5710
538 16794
538 25095
539 15725
539 27987
540 1700
540 5750
540 9709
540 10742
540 13116
540 13590
540 23018
540 27626
540 38875
541 4985
541 17064
541 17439
541 22624
541 27387
542 2718
542 3878
542 22174
542 32568
542 35044
543 6959
543 7308
543 14016
544 27277
544 30764
545 9841
545 17982
545 18598
545 23502
545 31213
546 8571
546 27711
546 33190
547 4808
547 24891
547 26251
547 39609
548 1081
548 11455
548 14955
548 25761
549 3412
549 4644
549 7025
549 9090
549 10669
549 38589
550 15566
550 19052
551 39092
553 11233
553 22671
553 24926
553 34160
554 11214
554 25167
554 31724
555 6326
555 16157
555 16355
555 19974
556 7940
556 11539
556 28979
556 32879
556 33935
557 14519
557 15183
557 18507
557 23947
557 24695
557 36624
558 2370
558 2604
558 8796
558 12934
558 34464
558 36558
558 36764
559 8343
560 12157
560 17495
560 23981
560 32969
560 35412
561 671
561 29707
561 33281
562 20362
563 11040
563 16797
563 35013
564 3019
564 7973
564 17771
564 21846
564 35266
564 37250
564 39642
565 1910
565 9296
565 25515
565 26103
565 28267
565 29827
566 23687
566 31111
566 34463
567 5337
567 10865
567 13060
567 14168
567 34515
568 5803
568 16440
568 17569
568 34489
568 35196
568 35957
568 36299
568 39173
569 10817
569 13653
569 30920
569 33066
569 34680
570 10158
570 10301
570 15395
571 4476
571 11667
571 19740
572 10193
572 23034
572 38406
573 2550
573 13861
574 20654
574 32715
574 39470
575 7306
575 10364
575 19545
576 7552
576 8179
576 9841
576 27618
578 637
578 1840
578 3692
578 4952
578 7329
578 28983
578 35775
579 6059
579 8753
579 9661
579 25869
579 26913
580 2471
580 10377
580 12598
580 17554
580 19709
580 27066
580 27738
581 5133
581 5139
581 6264
581 23262
581 32274
582 4381
582 12171
582 17713
582 25783
583 10136
583 19453
583 23641
583 39020
584 3839
584 5335
584 5939
584 7554
584 15701
584 19308
584 23108
584 37476
584 38955
584 39645
586 17579
587 8872
587 37759
588 5949
588 28055
588 33433
588 33599
589 5876
589 23619
589 31736
589 32352
589 32628
589 35784
589 36430
590 6581
590 15290
590 16331
590 27252
590 28478
590 32396
591 20955
591 23840
591 37584
592 6207
592 14281
592 23623
592 28169
592 32181
593 18341
593 25155
594 10359
594 21885
594 31421
594 36884
594 39195
595 4867
595 36899
596 18295
596 26165
597 28292
597 39302
597 39462
598 23944
599 22482
600 977
600 20843
600 27268
600 35247
600 35281
601 6215
601 8075
601 16262
601 19476
601 23420
601 35326
601 39687
602 16961
603 10862
603 39850
604 3569
604 8613
604 34147
604 39965
605 5442
605 12071
605 18465
605 21437
605 21487
605 21615
605 25151
606 11046
606 16230
607 1720
607 9856
607 23725
607 25542
608 12178
608 34804
609 1610
609 14366
609 20488
609 21075
609 24898
609 29059
609 33428
610 8861
610 9897
610 11135
610 12068
610 23672
610 33559
611 10382
611 17211
611 19327
612 20553
612 30194
612 34000
613 12341
613 14861
613 26273
613 28644
613 37143
613 38681
614 1889
614 22275
614 26507
614 26757
614 29119
615 16417
615 17189
615 22946
615 25571
615 38758
616 1676
616 1789
616 9824
616 20580
617 1149
617 10280
617 17952
617 35341
618 17100
618 23519
618 29975
618 30002
618 39459
619 8541
619 12717
619 35662
620 4907
620 6160
620 8759
620 12689
621 2429
621 5035
621 22258
621 30386
621 36641
622 1581
622 7735
622 14913
622 24523
623 3792
623 25006
624 4523
624 5697
624 15343
624 29300
625 6142
625 7304
625 11123
625 22787
626 13405
626 13881
626 37649
627 4953
627 18814
627 28590
627 35770
628 3466
628 8807
628 28635
628 33243
628 34379
628 37306
628 39214
629 2723
629 4630
629 29862
630 3813
630 22082
630 30129
630 34713
631 3167
631 9335
631 11268
631 15948
631 21042
631 25383
632 6570
632 22789
632 24027
632 29577
632 39489
633 739
633 973
633 15751
633 19023
633 26440
633 34874
633 35066
634 5845
634 8255
634 12316
634 14061
634 15539
634 27593
635 2122
635 2229
635 7188
635 14634
636 782
636 1207
636 4565
636 19936
637 3916
637 10328
637 35904
638 8533
638 16191
638 16533
638 20862
638 38120
639 7463
639 13011
639 13976
639 16224
640 1712
640 25731
640 26307
640 30971
640 36384
641 9980
641 24086
641 26304
642 8722
642 30368
642 36067
643 1181
643 27534
643 34152
643 39557
644 4358
644 14605
644 21413
644 28817
645 11120
645 11710
645 22883
645 26008
646 2253
646 9941
646 30755
647 11535
647 12445
647 13018
647 23849
647 29015
648 1223
648 8877
648 8892
648 19095
648 25125
648 26154
648 30402
648 34137
649 1931
650 1216
650 13041
650 17257
650 24043
650 33187
650 34883
650 36884
652 1518
652 5276
652 5775
652 29474
653 28830
653 28874
654 4682
654 5273
654 23458
654 34202
654 35890
655 2427
655 10841
655 11963
655 20978
656 14395
656 37670
657 5940
657 7835
657 15384
657 20606
657 21400
657 33591
657 33622
658 22173
658 28017
658 29806
658 36007
659 11395
659 35483
660 12786
660 23596
661 15075
661 18021
662 12363
662 14206
663 4973
663 11754
663 17444
663 27425
663 37051
664 1879
664 16253
664 23651
664 36866
665 889
665 19815
665 20149
665 26107
666 1573
666 13059
666 26587
667 9063
667 15137
667 17465
667 20320
667 30260
667 34460
667 34801
668 1391
668 5720
668 19323
668 29911
669 10417
669 22786
670 9903
670 21526
670 23774
671 13919
671 30311
671 34176
672 3900
672 37663
672 38887
673 8613
673 12787
673 19264
673 19480
674 16123
674 16209
674 22615
674 38300
675 4155
675 5383
675 11950
675 16461
676 8095
676 15726
676 26556
676 26620
677 16703
677 20846
678 19230
678 37894
679 8461
679 8704
679 16882
679 17185
679 20219
679 30455
680 6347
680 24041
680 37756
681 12645
681 18392
681 31705
682 4466
682 5544
682 11063
682 12308
682 30468
682 37302
683 8192
683 14153
683 16010
683 28184
683 37517
683 39829
684 3360
684 10579
684 14653
684 26686
685 2675
685 15203
685 32587
686 4998
686 7968
686 12258
686 33312
686 37626
687 12782
687 23546
688 15677
688 20913
688 27300
688 34591
688 39596
689 2379
689 5014
689 8331
689 13982
689 14142
690 10168
690 16061
690 17355
690 20631
690 32448
691 8053
691 10825
691 33556
692 826
692 4520
692 5374
692 13688
692 34813
693 16251
693 32991
693 33729
694 2817
694 18388
694 33151
695 2075
695 6394
695 16467
695 27402
696 2947
696 7447
696 25875
696 26352
696 27089
696 27867
697 17199
697 20057
697 21922
697 32863
698 6170
698 17167
698 20563
698 22098
698 29158
699 4782
699 18701
700 16482
700 33131
700 37253
701 9497
701 9645
701 15497
701 19468
701 19540
701 22152
701 33242
701 34778
702 8690
702 10320
702 27930
702 30677
702 38092
703 5994
703 20429
703 25502
703 27195
703 32649
703 36541
704 4720
704 23355
704 39432
705 35113
706 4730
706 27843
707 5431
707 14359
708 9953
708 10967
708 15126
708 27955
708 28107
709 14187
709 23440
709 27733
709 33835
709 36195
710 10251
710 16979
710 25545
710 26368
710 26465
710 31432
711 8520
711 23977
711 25874
711 29222
711 30860
712 11785
712 14335
712 23655
712 33691
712 33946
712 34979
712 38385
712 39257
713 2056
713 8089
713 9068
713 21835
713 28885
713 34733
714 1119
714 5503
714 31746
715 11131
715 12901
715 23607
716 10957
716 12869
716 21864
716 33826
716 33850
717 12156
717 34867
717 38373
718 1812
718 11239
718 14034
718 25399
718 27681
718 29878
719 22330
719 24284
720 7944
720 19883
721 25525
721 30227
721 32823
721 32958
721 33029
721 34972
721 37374
722 3579
722 28867
722 30839
723 10464
723 23358
723 26767
724 1003
724 2999
724 4375
724 16125
724 23508
724 24937
724 34942
725 12885
725 16689
725 28565
725 29965
725 34877
725 37200
726 14980
726 18139
726 20933
726 22041
726 33957
726 39773
727 10231
727 15365
727 19539
727 23977
727 31307
728 8062
728 15739
728 17268
728 26188
728 29803
728 32221
728 36123
728 37514
728 38725
729 33383
729 35666
730 10496
730 26890
730 32353
730 39304
731 8696
731 15631
731 33123
732 1567
732 17025
732 23355
732 28698
732 38397
733 9092
733 14912
733 35026
733 36687
733 38736
734 14352
734 18615
735 27020
736 38619
737 11670
737 15720
737 34731
738 5385
738 10703
738 14229
738 14547
738 20065
739 2954
739 5849
739 32356
740 6279
740 8715
740 30667
741 14902
741 22742
741 25393
741 25924
741 27320
741 33496
742 13559
742 29665
742 32853
743 5265
743 9290
743 10716
743 14307
743 22667
743 25088
743 25778
743 31570
744 2057
744 2896
744 25861
744 34355
745 13477
745 24760
745 36535
746 7922
746 15452
746 20612
746 22888
747 10746
747 20940
748 20256
748 20433
748 30158
749 14653
749 26765
749 26899
750 4762
750 12181
750 13888
750 21614
750 23414
750 23733
750 35531
750 37688
751 9761
751 9818
751 13105
751 13167
751 21323
751 24935
751 25903
753 3961
753 4808
753 7232
753 9445
753 23607
753 25620
754 8301
754 19276
754 27635
754 28945
754 30071
755 1009
755 24454
755 37894
756 12350
756 17244
756 23726
756 30680
757 4982
757 9252
757 14435
757 17949
757 31031
757 34945
757 37781
758 2765
758 3669
758 6120
758 9627
758 16335
758 23944
759 4900
759 5474
760 1827
760 7091
760 25313
760 30106
761 7141
761 8523
761 10575
761 27605
761 30651
761 35629
761 37608
762 15443
762 16738
762 29950
763 1335
763 3770
763 15265
763 15632
763 15708
763 17424
763 27074
763 30317
763 36673
764 6400
764 13208
764 14788
764 16096
764 32745
765 6527
765 8294
765 18612
765 22697
765 24265
766 822
766 3813
766 20490
767 1993
767 13302
767 20188
768 27565
768 33186
769 1986
769 4052
769 30043
769 30427
770 19729
771 11185
771 12241
771 31538
771 36677
772 4532
772 5358
772 11139
772 16112
772 17554
772 21624
772 28807
772 30991
773 1870
773 2055
773 25826
773 27102
774 1601
774 8354
774 9721
774 19120
774 36583
775 26053
775 29415
775 30434
776 12986
776 26813
776 29279
776 30929
777 1110
777 4769
777 7263
777 8154
777 28798
777 34333
778 2379
778 7633
778 12116
778 24673
778 26775
779 30214
779 36880
780 37055
781 16680
781 25187
782 4914
782 19116
782 23214
782 26528
783 2357
783 10401
783 13926
783 17930
783 22229
783 32541
783 36893
784 8894
784 20387
784 35250
785 1177
785 3861
785 13382
785 19447
786 914
786 6268
786 10207
786 29420
786 37428
787 874
787 13889
787 13985
787 29767
788 20583
789 2691
789 13643
789 24655
789 35314
789 35685
789 36326
790 22911
790 24078
791 13346
791 35404
792 2014
792 12553
792 22743
792 34444
793 1970
794 17119
794 19374
794 30713
794 36703
795 3555
795 7233
795 16032
795 17199
795 21059
795 31069
795 36420
796 18584
796 33605
796 38557
797 8641
797 13253
797 29107
797 31484
798 1678
798 32440
798 38515
799 1119
799 26142
799 35627
800 10856
800 15304
801 11275
801 15006
801 25622
801 31443
802 14586
802 39040
803 3870
803 28095
803 28333
804 1004
804 3265
804 5675
804 9002
804 37390
805 21317
806 4055
806 10444
806 26397
806 33673
806 34038
806 37131
807 8076
807 16417
808 5733
808 29909
809 3422
809 11173
809 22981
810 7363
810 34542
811 1586
811 3361
811 8083
811 12238
811 20055
811 28649
811 29935
811 33086
812 4509
812 5346
813 24341
813 25938
813 26680
813 37566
814 3911
814 21886
815 1123
815 37285
816 11316
817 16726
817 18983
817 38331
819 3384
819 12233
819 18646
819 21266
819 21629
820 8890
820 34153
821 3990
821 5671
821 12471
821 17075
821 18386
821 18394
822 10126
822 12179
822 35955
823 9955
823 20151
823 23199
823 28219
824 16557
824 23132
824 26808
824 32182
825 22125
825 26307
825 26768
825 27031
825 29817
826 6781
826 7398
826 11733
826 19295
826 36275
827 11915
828 5497
828 17233
828 36954
829 11383
829 12369
829 26637
829 39775
830 17382
831 3003
831 3458
831 8341
831 21649
832 29386
832 30964
832 31209
832 37696
832 38154
833 2634
833 14120
833 16665
833 24278
833 28078
834 21195
834 25488
834 26689
834 35335
834 39894
835 6348
835 8339
835 21534
835 38763
836 3986
836 5741
836 11907
836 26644
836 38762
836 38853
837 5512
837 8036
837 19225
837 19272
837 22969
837 28304
837 28657
838 19777
838 32897
839 12175
839 29069
841 15402
841 17298
841 19088
841 23885
842 5055
842 12917
842 34877
842 39111
843 13777
843 23686
843 29501
843 37015
844 6672
844 12536
844 23162
844 36158
845 6696
845 16457
845 18726
845 27568
846 22076
846 23894
847 33988
848 965
848 2122
848 23048
848 25844
848 26401
849 8586
849 25418
849 28390
849 30145
850 20652
850 39216
851 1960
851 9058
851 18086
851 21588
851 28100
851 33408
852 12629
852 27834
852 30070
853 1682
853 5366
853 7127
853 9077
853 13552
853 14774
853 33675
853 35027
854 8723
854 14669
854 16251
854 23355
854 24233
854 24495
855 7421
855 8046
855 25650
855 29803
856 5902
856 9922
856 12847
856 28258
856 29323
856 39603
857 6327
857 7354
857 15428
858 1408
858 9009
858 16007
858 22511
859 6505
859 15439
859 15691
860 5566
860 33046
860 37925
861 7036
861 8871
861 22538
861 33642
861 34097
862 2957
862 6254
862 8163
862 26491
862 37193
862 37957
863 15745
863 31316
863 37317
864 5941
864 19268
864 21786
864 26499
864 27436
864 32235
864 32694
864 34113
865 20541
865 21455
865 29942
865 30433
865 35770
866 15774
866 19734
866 39358
867 6054
869 5514
869 14123
869 20004
869 20023
869 23936
869 27454
869 28503
869 39037
870 3459
870 11128
870 16798
870 20490
870 22881
870 28415
871 24530
871 30213
872 880
872 6112
872 7368
872 14301
873 24715
874 1834
874 14381
874 35119
875 3716
875 34687
876 4333
876 5612
876 9255
876 25029
876 38395
876 39066
877 30503
877 32055
878 7291
878 7474
878 11294
878 16534
878 28157
879 12689
879 35334
881 4149
881 13829
881 14839
881 17817
881 21822
881 39661
882 12756
882 14159
882 16667
882 20385
882 21565
883 1869
883 9808
883 23516
883 25560
883 29178
883 32572
884 18411
884 20117
884 35443
885 4288
885 13859
885 19847
886 18091
887 23158
887 31466
887 31946
888 13859
888 13874
888 18613
888 19806
888 20436
888 30271
888 35539
888 39483
889 3008
889 10703
889 25832
889 31849
889 32612
890 5730
890 6068
890 7240
890 11938
890 21183
890 23311
890 24735
891 7474
891 10782
891 27156
891 33796
891 36969
892 19813
892 35103
892 38878
893 6920
893 23127
893 29567
893 39635
894 9408
894 18935
894 24947
894 29603
894 32165
894 39778
895 16719
895 23021
895 24150
895 24521
896 7565
896 14317
896 16885
896 20367
896 33843
896 33876
897 1736
897 1968
897 3891
897 6073
897 28618
897 38915
898 8540
898 33790
899 34710
899 38964
900 22865
900 24309
900 33985
900 35786
901 18705
901 21400
901 32425
902 10625
902 21868
902 31135
903 5120
903 8574
903 14038
903 20069
903 39022
904 15789
904 18576
904 33575
904 37236
905 4252
905 13011
905 30890
906 11781
906 15625
906 16733
907 3079
907 4804
907 5268
907 12754
909 6915
909 33380
910 33244
911 1014
911 2235
911 3365
911 17516
911 38076
912 3822
912 4127
912 9136
912 10407
913 5545
913 35326
913 35389
914 17059
914 26212
914 26305
914 27020
914 38087
915 2636
915 2737
916 6421
916 6546
916 7804
916 13370
916 13530
916 37545
916 38269
917 7484
917 27389
917 38312
918 5064
918 29210
919 3025
919 6879
919 8369
919 8543
919 17772
919 32271
920 15518
920 22853
920 39734
921 2746
921 10397
921 37852
922 7495
922 16282
922 24077
922 25894
922 35402
923 13875
923 28247
923 33952
923 36581
924 11464
924 17573
924 22802
924 23348
924 32313
924 37814
925 4703
925 17578
925 31624
925 36835
926 11175
926 25553
926 30045
926 34959
926 36377
927 2562
927 6762
927 11282
927 14909
927 30623
927 32222
927 32550
928 13453
929 12836
929 24078
929 29893
929 30916
930 2471
930 11192
930 12513
930 12621
930 17976
930 21843
930 23321
930 36343
931 10333
931 20515
931 29157
931 29863
931 30426
932 1733
932 3099
932 35581
932 37629
932 39200
933 13440
934 4981
934 8851
934 16221
934 25818
934 26907
934 35202
934 38944
935 2101
935 6370
935 10118
935 17755
935 20398
935 31573
935 39709
936 20326
936 24588
936 26844
936 28315
937 23435
938 16478
938 33948
939 9166
939 25156
939 32570
940 4775
940 24826
940 28164
940 29804
940 31079
941 1375
941 13268
941 25713
941 37631
942 4466
942 7721
942 32586
942 32922
942 34764
943 1765
943 9141
943 24568
943 39003
944 4473
944 11057
944 28634
944 36521
945 3643
945 10274
945 14822
945 26297
946 15203
946 16452
946 27603
947 8238
947 31460
947 32781
948 1303
948 11468
948 21592
948 21888
949 3246
949 6011
949 23656
949 33628
950 7249
950 16400
950 26081
950 30596
951 15251
951 21331
951 34141
951 38182
952 1600
952 6044
952 14922
952 22381
952 25103
953 2637
953 4709
953 6615
953 18450
953 19092
953 20860
953 21272
953 34666
954 3324
954 6015
954 12482
954 29887
955 9197
955 30702
955 31295
955 35187
956 15905
956 20393
956 34558
957 37342
958 1489
958 9266
958 14226
958 19739
958 28545
958 29494
958 31739
959 6590
959 9775
959 16683
959 30410
959 32425
959 36914
960 6437
960 23000
960 23365
960 28215
960 36564
961 5952
961 21207
961 22094
961 23771
961 28523
961 29700
962 3838
962 6813
962 17537
962 32913
962 38092
963 6488
963 18088
965 2909
965 3417
965 6312
965 8792
965 14082
965 23287
965 25312
966 4981
966 9585
966 10007
966 28725
966 33449
967 36502
967 39312
968 3654
968 19265
968 29345
968 32479
968 34251
969 11245
969 14140
969 34126
970 26378
970 27547
970 33773
971 1958
971 5907
971 19001
971 36340
972 32104
972 35174
973 21795
973 35521
974 5918
974 15127
974 19427
974 25492
974 35634
975 23027
976 2087
976 14801
977 4979
977 34869
978 7039
978 7130
978 11232
978 11846
978 14599
978 15239
978 21313
979 4316
979 17354
979 25225
979 33855
980 18186
980 18360
980 28106
980 35354
980 37113
981 6692
981 7091
981 25686
982 4703
982 32637
982 33514
983 29568
984 8651
984 9780
984 18639
984 20902
984 37929
985 24060
985 34313
986 988
986 6472
986 8187
986 14922
986 21967
986 26578
986 29879
986 30044
987 12714
987 15754
987 16748
988 5970
988 9644
988 27159
988 36702
989 9512
989 19613
989 26117
990 1832
990 3083
990 11721
990 17057
990 33598
990 36384
990 36609
991 16833
991 20695
991 25222
991 28766
992 17047
992 22155
993 18501
993 22003
994 3165
994 27603
995 11520
995 16019
995 31115
995 37132
995 38212
996 5712
996 24902
996 29533
997 1258
997 2022
997 34057
998 10373
998 11141
998 20800
999 1915
999 6204
999 7341
999 39449
1000 2097
1000 8320
1000 15744
1000 32758
1001 21604
1001 23420
1001 32913
1001 38283
1002 5903
1002 6448
1002 8062
1002 14376
1002 24936
1002 30472
1002 31499
1003 6628
1003 14300
1003 30360
1003 33945
1004 4967
1004 21696
1004 23345
1004 32720
1005 7212
1005 13661
1005 16095
1005 31211
1006 34987
1007 5317
1007 15690
1007 36304
1008 5965
1008 15697
1008 35012
1009 3768
1009 9677
1009 27462
1009 29156
1009 37237
1010 2494
1010 13265
1010 15912
1011 21923
1012 6107
1012 8329
1012 12654
1012 15284
1012 18147
1012 18233
1012 29577
1012 31577
1013 13455
1013 17200
1013 18173
1013 27749
1014 3736
1014 21385
1014 32680
1014 38072
1015 5620
1015 22403
1015 27290
1015 32724
1015 39025
1015 39597
1016 16987
1016 22703
1016 29421
1016 33032
1017 6382
1017 14852
1017 22478
1017 32240
1017 33748
1017 35015
1018 36919
1018 37719
1019 3711
1019 12496
1019 36479
1020 30710
1020 32059
1020 34577
1021 8883
1022 3016
1022 14413
1022 14414
1022 15503
1022 21031
1022 21520
1023 1562
1023 5580
1023 11225
1023 25663
1023 29554
1023 35380
1024 1134
1024 21110
1024 27222
1024 32345
1024 35874
1024 38516
1025 8984
1025 11392
1025 24303
1025 26338
1026 10197
1026 11963
1026 12507
1026 14828
1026 19641
1026 20060
1026 25840
1026 27534
1026 30924
1027 10694
1027 20914
1027 21643
1027 22223
1027 31554
1028 26536
1028 35236
1029 25004
1029 36217
1029 38717
1030 3190
1030 28685
1031 10851
1031 13959
1031 14204
1031 21735
1031 31834
1031 34295
1031 38150
1032 25336
1032 29684
1032 36752
1032 39415
1033 1668
1033 10886
1033 34100
1033 35578
1034 9823
1034 25260
1034 26184
1034 29120
1034 34757
1035 6597
1035 8558
1035 19399
1035 20081
1035 20477
1036 5364
1036 14835
1036 28578
1037 9052
1037 30614
1037 33786
1037 39396
1038 1885
1038 22146
1039 26060
1039 31980
1039 32888
1040 12035
1040 18714
1040 22780
1041 4564
1041 15533
1041 20867
1041 31474
1042 2961
1043 6846
1043 7949
1043 19898
1043 28561
1043 35889
1044 1971
1044 8200
1044 12279
1044 16815
1044 22202
1044 30273
1044 30524
1044 37173
1045 5917
1045 10695
1045 12549
1045 15916
1046 2579
1047 3610
1047 9282
1047 10503
1047 10939
1047 15706
1047 28163
1048 4754
1048 8807
1048 20435
1049 15164
1049 19696
1050 7535
1050 34120
1051 22247
1051 30919
1051 39912
1052 4147
1052 13586
1052 27550
1052 29816
1052 37307
1053 1988
1053 5962
1053 20959
1053 28604
1053 33574
1053 33724
1053 37457
1054 3522
1054 27660
1054 30520
1054 36305
1055 3820
1055 34879
1055 35000
1056 34673
1057 1850
1057 5480
1057 5592
1057 5826
1057 29407
1057 37401
1057 37942
1058 23123
1058 27157
1059 1737
1059 6951
1059 7029
1059 7415
1059 9360
1059 15306
1059 23634
1059 26120
1059 30993
1059 33779
1059 35092
1060 7770
1060 13882
1060 35606
1060 37974
1061 3577
1061 15706
1061 34734
1062 3579
1062 23645
1063 2451
1063 31538
1063 34619
1064 3251
1064 9676
1064 9814
1064 11256
1064 14017
1064 27150
1065 14681
1065 22919
1065 29261
1065 29299
1065 31156
1065 33470
1065 36842
1066 11906
1066 18280
1066 22930
1066 23778
1066 30893
1067 16413
1067 33947
1068 16691
1068 21139
1068 31433
1068 34367
1069 1284
1069 4281
1069 16524
1069 21022
1069 22583
1070 1229
1070 17647
1070 18740
1070 25881
1070 33718
1071 6103
1071 7008
1071 10888
1071 17388
1071 23896
1072 3164
1072 38490
1073 6254
1073 9053
1073 12856
1073 17756
1073 22551
1073 32448
1074 19257
1074 35543
1074 39665
1075 13296
1075 13932
1075 14881
1075 15575
1075 26711
1075 36875
1076 3066
1076 4408
1076 7290
1076 26921
1076 38565
1077 30393
1077 34515
1078 12227
1078 13671
1078 38183
1079 2397
1079 24700
1079 33955
1080 9349
1080 16054
1080 20164
1080 24763
1080 26185
1080 31360
1080 33837
1080 37961
1081 9054
1081 13695
1081 18966
1081 24285
1081 27912
1081 31452
1081 34965
1081 37084
1082 2644
1082 7669
1083 6765
1083 12409
1083 13628
1083 25551
1083 25765
1083 35739
1084 9078
1084 38255
1085 25826
1085 29926
1085 32582
1085 33068
1085 34600
1086 7950
1086 9868
1086 19224
1086 30876
1086 35653
1087 2641
1087 3338
1087 9026
1087 20318
1087 39873
1088 12563
1088 12590
1088 36979
1089 2466
1089 5207
1089 13282
1089 15641
1089 19142
1089 20052
1089 24992
1089 38436
1090 10682
1090 32936
1090 38578
1090 39585
1091 14613
1092 18573
1092 23629
1092 33628
1093 4177
1093 4305
1093 4647
1093 6083
1093 7401
1093 17306
1093 25442
1093 32513
1093 35788
1094 11664
1094 21806
1094 27533
1094 35495
1095 3825
1095 10361
1095 24718
1095 37719
1096 9007
1096 10757
1096 21952
1096 38312
1097 1244
1097 3915
1097 12223
1097 30237
1097 31724
1097 31908
1097 31985
1097 35285
1098 5816
1098 12478
1098 18693
1098 25950
1099 5973
1099 14385
1099 22025
1099 27635
1099 28022
1099 28615
1099 29925
1099 32620
1099 33126
1099 38913
1100 9130
1100 16209
1100 21474
1101 2756
1101 7593
1101 27195
1101 39225
1102 6840
1102 12677
1102 15357
1102 28000
1102 35681
1103 6364
1103 6385
1103 6941
1103 7299
1103 14713
1103 14820
1103 20678
1103 28158
1103 31853
1103 37846
1104 9780
1104 16282
1104 30600
1104 36465
1104 39267
1105 13851
1105 32764
1105 36110
1105 39069
1106 6649
1106 15660
1106 31454
1106 37634
1106 37990
1107 11609
1107 24928
1107 29779
1107 37512
1108 17488
1108 20359
1108 31233
1108 32719
1109 3825
1109 8973
1109 34925
1110 2529
1110 22557
1110 25585
1110 37439
1111 28423
1111 29906
1111 31972
1112 7658
1112 20284
1112 22444
1112 24674
1112 31687
1112 32045
1112 38228
1113 21590
1113 22406
1113 22418
1113 36142
1113 37266
1114 25970
1114 32261
1115 20347
1115 31699
1116 6974
1116 21081
1116 21240
1116 34620
1116 35465
1117 3690
1117 14493
1117 23523
1117 23771
1118 7236
1118 7534
1118 12010
1119 11435
1119 17235
1119 22322
1119 27340
1120 25241
1120 30629
1121 2376
1121 37366
1121 38601
1121 38942
1122 10124
1122 11370
1122 24371
1122 25297
1122 35042
1123 7616
1123 16097
1123 28975
1123 38676
1124 7782
1124 12239
1124 12841
1124 15083
1124 36172
1125 2852
1125 9417
1125 13121
1125 21402
1125 22168
1125 34211
1125 35161
1125 36413
1126 15900
1126 20717
1126 38799
1127 17184
1127 19074
1127 32320
1127 37734
1128 6403
1128 23410
1129 1238
1129 16316
1129 27676
1129 31301
1130 8444
1130 20565
1130 21647
1130 30915
1130 35965
1131 10730
1131 20943
1132 28004
1132 37265
1133 18281
1133 22915
1133 35999
1134 3269
1134 7221
1134 34204
1135 4385
1135 20850
1135 37838
1136 4295
1137 22969
1137 29211
1138 7795
1138 8438
1138 16973
1138 20410
1138 23206
1139 7429
1139 9685
1139 12497
1140 1317
1140 13097
1140 16456
1140 21083
1140 30266
1140 33227
1141 13402
1141 22701
1141 34602
1142 10650
1142 24335
1142 29795
1142 29909
1142 36378
1143 12941
1144 4303
1145 5183
1145 6295
1146 1579
1146 17259
1146 19680
1146 22885
1146 24953
1146 27126
1146 29219
1146 29428
1146 37883
1147 7318
1147 26551
1148 9858
1148 26956
1148 30871
1149 12802
1149 18197
1149 32731
1149 39510
1150 3073
1150 3080
1150 7467
1150 22526
1151 14611
1151 30502
1152 4927
1152 33787
1153 17138
1153 17456
1153 18917
1153 23325
1154 5090
1154 12529
1155 2763
1155 25161
1156 17019
1157 12855
1157 24730
1157 33164
1157 36443
1157 36591
1158 13396
1158 21628
1158 24983
1158 25778
1158 29825
1158 35804
1158 36033
1159 2141
1159 12438
1159 17988
1159 20733
1159 22965
1159 29857
1159 30216
1160 1554
1160 8952
1160 10161
1160 14712
1160 15685
1160 28294
1160 28601
1160 31189
1160 37920
1161 28443
1161 31678
1162 30074
1163 8985
1163 16802
1163 29893
1164 6231
1164 6441
1164 6609
1164 17544
1164 22009
1164 24347
1164 24505
1164 27915
1164 28353
1164 32063
1164 32452
1164 33550
1165 3049
1166 1385
1166 5617
1166 11139
1166 19658
1166 20846
1167 8522
1167 10100
1167 19455
1167 29699
1167 34455
1167 35578
1167 36466
1167 37686
1167 37824
1168 22190
1168 24222
1168 36517
1168 38140
1169 24028
1169 28273
1169 31205
1170 18597
1170 21467
1170 23482
1170 26933
1170 27193
1170 33650
1170 36713
1170 37730
1171 7346
1171 11092
1171 19709
1171 37119
1171 37930
1172 10323
1172 10661
1172 14233
1172 29956
1172 30501
1173 9394
1173 17805
1173 38526
1174 2760
1174 17986
1174 19831
1175 1356
1175 17329
1176 1592
1176 2099
1176 36486
1177 27519
1178 6569
1178 22195
1178 22934
1178 30264
1178 33063
1178 34259
1178 36362
1179 14056
1179 17441
1179 28397
1180 7507
1180 12115
1181 10177
1181 13190
1181 14502
1181 31570
1181 32669
1182 7965
1182 20641
1182 29616
1183 5049
1183 9182
1183 10435
1183 16909
1183 20107
1183 28706
1184 17936
1184 32356
1184 35186
1184 37334
1185 24416
1185 31593
1185 37750
1185 38438
1186 15506
1186 19921
1186 23109
1186 23402
1187 6319
1187 14248
1187 16573
1187 18363
1187 24514
1187 26811
1187 32397
1188 16102
1188 16933
1188 24523
1188 34164
1188 37525
1189 4205
1189 21386
1189 29172
1189 31196
1189 32721
1189 34956
1189 35476
1190 3389
1190 13955
1190 18527
1190 30125
1191 10110
1191 28584
1191 30359
1191 33587
1192 9467
1192 17192
1193 2582
1193 4453
1193 20655
1193 24989
1193 25463
1193 27640
1193 37423
1194 9615
1194 14281
1194 16823
1195 8241
1195 9449
1195 9956
1195 17599
1195 23257
1195 33270
1195 38331
1196 14417
1196 15508
1196 25851
1196 36156
1196 37278
1197 38359
1198 22314
1198 30928
1199 11607
1199 18556
1199 30404
1199 32243
1200 1681
1200 25306
1202 3327
1202 18479
1202 26872
1202 28412
1202 29748
1203 4342
1203 21391
1203 25571
1204 17249
1204 18720
1204 20453
1204 20637
1204 30592
1205 4822
1205 13206
1205 23605
1206 20320
1206 38932
1207 5282
1207 6415
1207 8916
1207 9702
1208 11927
1208 14874
1208 30435
1209 9231
1209 27505
1209 27983
1209 36469
1210 7300
1210 15046
1210 21518
1210 22968
1210 25184
1210 31204
1211 8752
1211 26897
1211 30498
1211 34683
1212 33028
1212 35919
1213 10504
1213 37332
1214 31783
1214 37876
1215 27027
1215 27352
1216 7869
1216 10150
1216 22956
1216 29752
1216 36134
1217 3446
1217 7307
1217 10748
1217 27184
1217 28813
1218 8985
1218 20412
1218 36420
1219 1907
1219 3048
1219 4642
1219 5393
1219 10387
1220 9597
1220 15362
1220 22241
1220 23480
1220 28942
1221 1640
1221 8121
1221 12955
1221 17072
1221 20573
1221 21094
1221 36579
1222 26429
1222 28869
1222 30084
1222 36041
1222 37000
1223 3057
1223 6556
1223 10522
1223 11578
1223 15333
1223 33467
1224 14802
1224 26086
1224 28106
1224 39803
1225 2278
1225 6217
1225 28401
1225 35323
1226 16020
1226 19879
1226 35425
1227 4116
1227 4196
1227 22611
1227 29611
1228 1964
1228 8976
1228 12523
1228 21502
1228 24377
1228 24549
1228 27363
1228 32981
1229 16197
1229 38095
1230 3259
1230 16148
1230 24992
1230 28499
1231 13713
1231 29422
1231 30964
1231 32177
1232 2399
1232 10093
1232 13573
1232 13993
1232 16936
1232 18856
1232 32091
1233 8870
1233 24556
1234 5336
1234 21787
1234 22639
1234 26369
1234 34653
1235 13410
1235 17040
1235 19760
1235 24291
1236 11880
1236 16931
1236 20761
1236 24766
1236 29806
1236 38799
1237 1869
1237 3100
1238 16840
1238 22525
1238 24920
1238 30240
1239 5908
1239 8551
1240 3110
1240 8092
1240 10360
1240 23878
1240 32793
1241 28997
1241 30243
1241 31855
1241 33479
1241 34095
1241 38677
1242 12872
1242 27746
1242 28041
1242 34354
1243 1402
1243 11845
1243 13591
1243 21029
1243 21547
1243 36220
1244 8873
1244 21170
1244 31484
1244 33297
1244 36406
1244 38551
1244 39014
1245 13443
1245 23838
1245 28859
1246 2267
1246 19160
1246 28036
1246 35424
1246 39646
1247 5334
1247 32551
1247 35655
1247 36958
1247 38059
1248 24082
1248 36111
1249 11872
1249 27066
1249 29030
1249 34009
1249 35287
1250 1393
1250 21027
1251 12115
1251 24959
1252 14924
1252 21952
1252 22075
1252 37563
1253 18937
1253 27631
1253 29760
1254 3840
1254 10799
1254 17765
1254 27879
1254 33968
1255 17004
1255 18614
1255 30483
1255 32018
1256 15419
1256 32134
1257 5260
1257 27196
1257 30887
1258 15279
1258 29481
1259 23092
1259 23876
1259 24398
1260 7137
1260 11602
1260 23329
1260 31104
1261 8571
1261 8881
1261 21761
1261 27846
1261 38271
1262 18486
1262 24932
1262 27611
1263 21734
1263 26724
1263 34653
1263 38795
1264 1996
1264 3694
1264 22498
1264 37050
1265 6150
1265 7553
1265 10210
1265 17800
1265 30772
1265 35651
1266 3292
1266 15442
1266 33996
1266 35526
1267 2479
1267 2510
1267 4894
1267 7298
1267 22008
1267 39130
1268 12949
1268 15613
1268 15627
1268 16470
1268 31340
1269 4606
1269 8788
1269 9920
1269 12030
1269 13640
1269 16984
1270 9343
1270 18076
1270 20971
1270 24636
1270 25921
1270 34501
1270 39070
1271 10965
1271 16254
1271 16422
1271 16483
1271 33100
1272 3123
1273 2410
1273 4018
1273 14220
1275 8173
1275 8456
1275 23800
1275 24905
1275 28319
1275 31003
1276 3071
1276 8117
1276 16063
1276 22552
1276 34150
1277 20200
1278 2998
1278 18090
1278 25659
1278 33950
1279 4627
1279 12046
1279 20760
1279 33793
1280 21265
1280 37859
1281 6678
1281 11545
1281 22988
1281 24311
1281 39401
1282 7703
1282 18135
1283 27644
1283 35936
1284 22034
1284 24224
1284 26767
1285 7700
1285 23188
1285 23980
1285 25995
1285 33026
1285 37676
1286 5750
1286 16442
1286 17663
1286 35004
1287 10030
1287 10960
1287 32717
1288 12030
1288 23517
1288 37663
1288 39050
1289 2831
1289 6256
1289 10261
1289 21945
1289 24546
1290 6379
1290 13769
1290 24054
1290 39400
1291 7961
1291 19670
1291 29209
1291 31502
1291 38547
1292 11286
1292 22250
1292 26214
1293 27714
1293 35876
1293 36886
1293 39485
1294 26515
1294 26972
1294 29597
1295 6122
1295 18887
1295 24525
1295 32061
1296 4494
1296 7757
1296 8615
1296 33367
1297 8405
1297 15960
1297 18614
1297 31308
1297 31831
1298 8189
1298 11477
1298 35885
1299 39265
1300 21027
1301 11118
1301 22057
1301 30302
1302 4563
1302 18877
1302 21295
1302 32824
1302 33609
1303 8748
1303 17660
1303 24825
1303 28828
1304 4254
1304 12118
1304 33279
1305 13708
1305 25429
1305 26327
1305 28442
1305 31104
1305 37098
1306 6072
1306 6357
1306 15243
1306 23817
1307 2251
1307 10764
1307 12629
1307 13926
1307 22605
1307 23855
1307 34268
1308 15562
1308 21613
1308 22815
1308 23892
1308 26191
1308 38501
1309 10011
1309 24900
1309 39429
1309 39980
1311 17685
1312 5997
1312 21265
1312 34114
1312 37265
1312 37631
1313 5598
1313 10354
1313 20728
1314 11593
1314 17179
1314 19240
1314 19690
1314 21594
1314 26811
1314 30723
1314 31199
1314 34644
1314 34659
1315 11263
1315 19426
1315 32888
1316 11083
1316 23505
1316 24827
1316 38536
1317 14315
1317 37700
1318 10463
1318 14128
1318 14943
1318 25642
1318 26170
1318 28009
1318 33776
1319 4655
1319 37517
1320 4105
1320 9437
1320 21794
1321 17059
1321 18362
1321 24862
1321 31743
1322 2109
1322 26733
1322 32146
1323 19271
1323 28766
1324 12934
1324 13414
1324 20413
1324 29627
1325 2863
1325 14335
1325 15552
1325 24439
1326 5570
1326 12595
1326 35688
1327 4353
1327 4427
1327 17861
1327 21673
1327 22654
1327 24741
1327 38072
1328 7383
1328 10658
1328 10816
1328 13781
1328 16939
1328 24001
1329 12104
1329 27772
1329 27805
1329 31769
1329 32606
1331 22754
1331 27747
1331 28934
1332 34381
1333 2360
1333 3214
1333 14341
1333 24139
1333 30130
1334 3890
1334 4573
1334 5144
1334 8658
1335 18912
1335 24940
1335 25685
1335 26032
1335 30430
1335 31652
1335 37835
1336 1854
1336 7202
1336 29500
1337 10533
1337 23864
1338 8297
1338 26552
1338 38373
1339 4049
1339 16758
1339 32440
1339 33081
1340 1452
1340 4827
1340 7632
1340 12929
1340 15561
1340 19913
1340 32905
1340 34580
1340 35465
1341 1495
1341 5070
1341 8573
1341 13114
1341 16439
1341 20362
1341 28694
1341 31641
1342 11659
1342 19046
1342 33246
1343 14998
1343 19017
1343 25590
1343 28166
1344 21400
1344 37970
1345 22332
1345 26993
1345 35015
1345 39015
1346 2564
1346 15639
1346 15878
1346 19449
1346 19472
1346 28937
1347 1842
1347 10762
1347 12261
1347 23906
1347 24678
1347 30591
1348 2118
1348 10566
1348 17329
1348 26553
1349 5162
1349 17691
1349 18074
1349 25478
1349 34263
1351 1821
1351 9263
1351 12447
1351 18379
1351 25710
1352 9067
1352 9364
1352 9942
1352 15486
1353 11297
1353 12068
1353 20515
1353 27006
1353 32647
1353 33958
1354 28151
1354 32897
1355 4926
1355 9522
1355 34088
1356 8818
1356 13039
1356 19872
1356 20281
1357 6208
1357 6958
1357 13926
1357 28497
1358 7797
1358 8523
1358 18501
1358 22109
1358 25414
1358 34121
1359 1926
1359 4711
1359 8854
1359 26811
1359 27611
1359 31497
1359 32418
1359 39825
1360 2149
1360 5320
1360 9001
1360 13937
1360 15636
1361 2274
1361 4232
1361 21223
1361 21474
1361 35452
1361 36421
1362 7876
1362 25794
1363 7267
1363 18881
1363 34921
1363 37055
1364 10012
1364 11826
1364 21343
1364 35663
1365 7763
1365 39038
1366 8578
1366 10306
1366 10811
1366 15348
1366 17722
1366 33681
1367 4446
1367 38621
1368 16857
1368 26971
1368 27611
1369 11239
1369 16990
1369 29937
1369 35403
1370 6190
1370 10168
1370 16564
1370 27780
1370 29468
1371 10679
1371 24945
1371 35138
1372 5372
1372 6891
1372 24135
1372 33836
1372 38817
1373 2152
1373 10601
1374 11619
1374 25560
1374 33400
1375 2477
1375 10853
1375 15187
1375 20917
1375 23822
1375 29211
1375 29938
1376 10516
1376 23732
1376 36936
1377 5032
1377 6454
1377 15633
1377 17756
1377 26697
1377 36769
1378 13241
1378 32552
1378 38857
1379 2603
1379 6714
1379 7035
1379 8370
1379 15164
1379 27231
1379 29997
1379 31443
1380 6409
1380 11941
1380 19569
1380 32312
1380 35325
1380 37990
1381 13372
1381 36684
1381 36801
1382 2154
1382 10358
1382 18883
1382 19944
1383 16061
1384 16466
1384 29737
1384 37731
1385 3644
1385 19001
1385 20917
1385 23103
1385 31487
1386 9096
1386 29705
1386 32086
1386 33044
1387 2277
1387 2518
1387 23061
1387 26077
1387 30697
1387 30834
1387 33217
1387 36103
1388 5823
1388 21790
1388 25023
1389 2560
1389 14393
1389 30984
1389 33315
1390 2986
1390 3828
1390 6465
1390 20513
1391 4891
1391 6279
1391 13989
1391 17951
1391 25432
1391 36037
1392 15421
1392 16010
1392 16820
1392 17845
1392 29826
1393 21317
1393 23699
1393 31939
1393 33955
1393 34563
1394 12643
1394 14246
1394 17392
1394 23573
1394 24290
1394 38051
1395 9446
1395 9622
1395 21589
1396 17122
1396 27527
1396 30761
1396 30800
1396 30812
1397 9285
1397 10779
1397 11057
1397 20585
1397 23059
1397 25295
1397 30785
1397 32815
1397 36136
1398 19091
1398 36177
1399 27503
1400 7314
1400 12803
1400 18419
1400 19525
1400 23014
1400 29698
1401 4410
1401 4995
1401 8675
1401 22625
1401 23123
1401 29470
1402 2364
1402 4512
1402 9174
1402 27117
1402 34608
1403 9369
1403 20041
1403 22701
1403 39647
1404 3998
1404 18588
1404 24412
1405 4587
1405 6148
1405 11650
1405 24653
1405 30522
1405 39969
1406 29553
1406 38028
1407 4590
1407 16638
1407 30835
1408 18401
1408 18592
1408 20210
1408 25255
1408 30369
1408 38142
1409 6270
1409 8330
1409 10494
1409 11169
1409 21735
1409 22669
1409 24084
1409 26806
1410 18464
1411 17737
1411 21182
1411 36205
1411 37789
1412 12588
1412 33961
1413 9127
1413 19262
1413 20786
1413 35612
1413 39276
1414 5600
1414 12778
1414 12976
1414 16546
1414 24365
1414 33386
1415 3491
1415 8250
1415 14819
1415 15226
1416 10790
1416 28611
1416 32349
1416 38375
1416 38824
1417 3493
1417 4487
1417 8807
1417 15238
1417 25531
1417 26466
1417 29024
1417 36380
1418 10333
1418 15262
1418 28844
1418 31960
1418 31998
1418 36157
1419 6859
1419 21337
1419 28806
1419 36634
1420 8504
1420 10474
1420 22247
1420 22920
1420 35063
1420 39723
1421 10710
1422 8977
1422 20951
1423 5484
1423 11591
1423 13663
1423 15425
1424 39306
1425 16681
1425 27971
1425 31563
1426 19744
1426 34388
1427 8393
1427 14790
1427 19771
1428 15562
1428 16352
1429 9571
1429 13593
1429 26682
1429 27465
1429 28858
1429 33155
1429 37014
1430 24246
1430 28274
1431 12669
1431 23356
1431 26153
1432 11534
1432 13198
1432 21417
1432 25809
1432 30514
1433 21000
1434 8268
1434 15337
1434 18738
1434 20093
1434 24554
1435 1827
1435 2090
1435 3077
1435 4154
1435 14690
1435 21833
1435 29419
1435 29985
1435 33599
1436 8652
1436 9598
1436 15362
1436 21671
1436 28102
1437 20812
1437 26122
1437 27266
1438 6007
1438 16583
1438 17374
1438 19865
1438 24787
1439 1744
1439 28756
1439 34277
1439 38645
1440 32389
1441 3241
1441 14536
1442 26144
1443 6676
1443 8783
1443 19823
1443 36245
1444 16055
1444 17390
1444 25610
1444 39031
1445 22304
1445 26974
1445 27112
1446 5611
1446 8891
1446 13356
1446 34538
1447 8171
1447 8172
1447 10373
1447 33545
1448 14449
1448 19299
1448 37482
1449 9637
1449 10360
1449 25402
1449 32976
1450 4255
1450 5091
1450 7734
1450 10953
1450 13304
1450 17355
1450 28458
1450 38686
1451 8602
1451 9205
1451 10423
1451 12887
1451 34395
1451 38501
1452 5434
1452 10676
1452 14044
1452 17333
1452 21085
1453 13890
1453 35538
1454 3209
1454 8875
1454 20205
1454 35439
1454 35944
1455 24589
1456 6736
1456 31408
1457 2967
1457 13781
1457 19478
1458 3830
1458 20828
1458 22459
1458 32984
1458 35061
1458 37260
1459 6987
1459 8826
1459 25394
1459 27343
1459 30171
1459 32589
1460 2106
1460 11196
1460 17716
1460 25805
1460 29057
1461 1934
1461 2278
1461 7041
1461 8844
1461 13254
1461 35475
1462 7493
1462 13062
1462 16681
1462 17534
1462 18074
1463 8667
1463 14829
1464 8150
1464 8812
1464 22179
1464 25018
1465 6992
1465 18038
1465 19623
1465 34415
1466 16409
1466 19191
1466 37043
1467 9722
1467 9983
1467 17109
1467 17122
1467 27608
1467 28214
1467 38719
1468 9226
1468 10273
1468 39191
1469 3501
1469 16590
1469 20597
1469 23663
1469 31084
1470 16651
1470 21710
1470 24814
1470 32856
1470 36935
1471 34653
1472 2613
1472 13120
1472 27267
1473 17802
1473 22646
1473 28095
1474 28936
1474 34214
1474 39567
1475 3336
1475 32743
1475 34885
1476 15556
1476 29285
1477 4939
1477 12955
1477 13849
1477 23882
1477 26228
1478 9505
1478 14287
1478 23371
1479 7662
1479 19230
1479 21795
1479 26115
1479 28688
1479 32762
1479 33999
1479 38507
1480 9287
1480 14802
1480 26034
1481 9405
1481 13694
1481 19031
1481 31722
1481 36690
1482 11088
1482 13883
1482 29711
1483 15704
1484 7390
1484 26765
1484 32597
1485 9525
1485 11484
1485 18032
1485 21140
1485 22772
1485 28569
1485 38122
1486 29342
1486 32691
1487 2555
1487 12911
1487 21663
1487 23430
1487 28186
1488 6179
1488 7853
1488 8809
1488 20817
1488 24096
1488 30243
1488 31794
1488 35046
1489 4141
1489 21695
1489 21900
1489 26917
1490 8660
1490 39547
1491 33101
1492 4610
1492 7079
1492 8004
1492 12335
1492 33170
1492 35092
1492 35870
1493 30454
1493 31731
1493 32986
1494 8355
1494 17802
1494 29744
1494 34816
1494 38742
1495 2380
1495 3111
1495 16466
1495 36206
1496 1555
1496 36621
1497 8527
1497 12488
1497 19520
1497 22308
1497 35626
1498 2353
1498 5921
1498 6181
1498 9465
1498 11356
1498 13867
1498 37677
1498 39026
1499 1770
1499 5331
1499 11138
1499 24219
1499 27386
1499 30566
1499 35633
1500 18959
1500 32972
1500 33239
1500 38447
1501 11868
1501 13933
1501 14458
1501 26948
1501 39419
1502 29094
1503 2584
1503 28036
1503 32695
1503 36981
1504 7991
1504 30362
1504 38300
1505 10896
1505 12640
1505 26009
1505 28925
1505 38684
1506 11650
1506 13660
1506 18601
1506 25147
1506 38026
1507 5047
1507 17116
1507 19199
1507 39063
1508 5715
1508 9622
1508 20656
1508 21530
1509 2887
1509 3631
1509 9838
1509 11507
1509 11757
1509 35954
1510 10292
1510 15896
1510 15903
1510 25643
1510 27988
1510 30056
1510 31484
1511 17043
1511 21528
1512 21139
1513 1926
1513 2253
1513 29411
1513 39792
1514 11942
1514 21337
1514 24543
1514 26365
1515 10277
1515 20653
1515 35180
1516 6302
1516 35467
1516 38506
1517 3566
1517 27754
1517 28716
1517 33567
1518 29845
1518 38013
1518 38666
1519 20059
1519 21369
1519 23841
1520 31247
1521 8575
1521 15474
1521 15870
1521 31380
1521 35337
1521 36551
1522 4337
1522 5572
1522 5958
1522 24861
1522 25502
1522 33791
1523 2906
1523 16900
1524 1619
1524 24052
1525 15511
1525 23521
1525 30042
1525 34208
1526 4659
1526 21764
1526 22457
1527 32810
1528 6397
1528 21143
1529 19935
1529 26246
1529 30351
1529 36052
1530 2776
1530 3931
1530 26384
1530 32415
1531 4281
1531 16805
1531 23847
1531 27169
1531 35343
1532 30427
1532 37339
1533 17291
1534 5751
1534 7170
1534 28738
1535 3643
1536 4528
1536 10294
1536 22082
1536 29364
1536 29625
1537 13087
1537 14067
1537 23540
1537 24612
1538 9982
1538 12177
1538 16138
1538 19895
1538 32493
1538 36234
1538 36460
1538 36603
1539 4687
1539 6467
1539 32314
1540 5506
1540 10106
1540 14223
1540 18035
1540 37897
1540 39477
1541 5093
1541 17148
1541 19111
1541 24634
1541 27414
1543 14481
1543 35110
1544 4924
1544 15978
1544 19594
1544 34336
1545 5483
1545 6850
1545 14895
1545 31046
1545 36964
1545 38927
1546 6188
1546 11822
1546 25728
1546 26747
1546 27108
1546 28905
1546 31204
1547 4753
1548 6141
1548 35889
1548 38323
1549 24229
1549 30678
1550 3303
1550 6257
1550 7099
1550 12714
1550 21471
1550 30109
1551 16401
1551 18043
1551 22359
1551 26701
1552 2162
1552 3588
1552 17111
1552 20926
1552 32934
1552 34946
1553 4104
1553 11029
1553 23583
1553 25755
1553 30351
1553 36992
1554 10280
1554 14479
1554 23292
1554 24019
1554 38836
1555 2354
1555 10875
1555 16644
1556 12470
1557 4028
1557 12757
1557 23915
1557 25701
1557 30903
1557 32231
1558 5927
1558 14901
1558 15841
1558 35735
1558 37881
1559 10654
1559 27030
1559 31204
1559 33427
1559 34773
1559 36896
1560 14304
1560 16284
1560 18582
1560 20176
1560 33974
1560 36126
1560 37404
1561 12547
1561 15772
1562 19850
1562 20791
1562 26279
1562 39961
1563 17684
1563 27371
1563 29905
1565 13162
1565 27705
1566 14089
1566 22319
1566 23041
1566 32393
1566 36064
1567 12607
1567 15187
1567 15345
1567 20452
1567 22544
1567 24584
1567 25091
1568 20977
1568 23572
1568 32570
1568 33099
1569 5548
1569 10271
1569 18312
1569 22583
1569 26342
1569 33148
1570 13754
1571 1578
1571 11211
1571 12110
1571 19070
1572 36476
1572 39066
1573 15508
1573 21743
1573 22919
1573 23198
1573 24690
1574 6263
1574 12970
1574 19258
1574 19943
1574 26044
1574 26068
1574 26634
1574 28924
1574 32249
1575 4604
1575 39761
1576 4615
1576 18293
1576 20353
1576 30172
1577 22875
1577 25953
1577 33118
1578 6310
1578 10308
1578 38137
1579 15253
1579 37239
1579 39430
1580 9669
1580 13109
1580 19463
1580 21596
1580 25062
1580 32887
1580 35030
1581 5038
1581 11390
1581 13434
1581 14460
1581 21886
1581 38802
1582 17554
1582 17741
1582 32760
1582 32949
1583 15829
1583 20100
1583 24592
1583 32162
1584 4602
1584 15926
1584 23731
1584 30344
1584 33233
1584 35421
1585 8663
1585 28807
1585 30907
1585 38745
1586 9558
1586 13064
1586 38651
1587 5152
1587 5322
1587 12850
1587 36458
1588 2627
1588 10573
1588 20222
1589 22105
1589 26049
1589 30887
1589 35032
1590 3987
1590 13879
1590 21337
1590 22760
1591 8245
1591 10453
1591 18835
1591 29467
1591 30168
1591 38999
1591 39690
1592 13723
1592 17846
1592 18685
1592 25961
1592 27626
1593 14880
1593 15520
1593 16444
1594 6827
1594 23773
1595 9492
1595 14929
1596 3657
1596 6358
1596 23124
1597 11197
1597 22885
1597 25385
1598 26696
1598 30119
1598 34213
1599 6191
1599 15414
1599 19406
1599 29682
1599 36204
1600 6965
1600 10447
1600 16903
1600 34858
1600 35276
1601 15535
1601 21765
1601 34609
1602 18003
1602 22109
1602 34448
1603 17585
1603 19460
1603 26148
1603 28355
1604 2742
1604 21957
1605 7298
1605 11949
1605 25617
1606 22809
1606 28688
1606 37297
1607 9301
1607 18941
1607 24862
1607 39703
1608 10150
1608 19907
1608 25507
1608 29506
1609 6411
1609 6903
1609 21659
1610 35409
1610 39442
1611 15057
1611 19067
1611 19977
1611 30432
1612 5598
1612 20101
1612 35034
1613 6954
1613 24215
1613 35253
1613 35461
1614 1737
1615 32617
1616 7543
1616 11743
1616 18855
1616 38391
1617 7063
1617 9138
1617 32379
1618 21947
1618 34593
1619 14645
1619 21435
1619 26399
1619 26444
1619 28708
1619 29056
1620 1916
1620 7653
1620 8108
1620 14110
1620 32807
1621 9459
1621 31560
1622 4484
1622 4939
1622 10022
1622 23805
1622 38957
1623 6082
1623 10084
1623 16567
1623 20158
1623 31497
1623 34243
1624 8135
1624 9588
1624 16898
1624 34568
1624 38626
1624 39995
1625 7006
1625 23945
1625 38904
1626 12861
1626 25049
1626 33263
1626 37118
1627 6417
1627 18640
1628 3414
1628 7340
1628 16523
1628 35861
1629 2585
1629 29884
1629 36182
1630 14611
1630 32394
1631 5443
1631 13216
1631 13586
1631 24552
1632 13014
1632 21210
1632 21640
1632 24014
1632 39703
1633 2777
1633 24993
1633 31038
1633 39632
1634 9363
1634 11147
1634 13889
1635 10033
1635 22452
1635 24908
1635 25620
1636 2658
1636 19885
1636 20565
1636 21781
1636 24872
1637 11359
1637 33021
1638 3715
1638 4090
1638 32268
1638 35698
1639 4975
1639 6271
1639 10057
1639 14160
1639 14424
1639 27668
1640 8857
1640 10743
1640 15912
1640 31724
1640 32546
1640 33077
1641 10146
1641 22812
1641 29293
1642 17299
1642 20950
1642 23068
1642 31319
1643 16107
1643 36897
1644 1983
1644 10365
1644 25893
1644 32890
1644 33903
1645 35501
1646 7575
1646 9213
1646 20415
1646 22388
1646 22722
1646 24187
1646 35907
1647 11105
1647 14100
1647 17646
1647 20298
1647 24332
1647 26757
1647 27536
1647 36833
1648 29021
1649 9444
1649 16876
1649 19047
1649 20731
1649 21998
1649 22112
1649 23052
1649 31149
1649 33256
1650 2359
1650 10597
1651 13519
1651 16613
1651 37678
1652 2704
1652 11318
1652 11639
1652 14395
1652 25074
1652 31339
1653 4382
1653 24230
1654 15861
1654 29748
1654 31478
1654 35333
1655 6616
1655 12620
1655 38015
1656 2721
1656 13079
1656 14725
1656 33414
1657 3402
1657 11591
1657 15394
1657 16315
1657 35988
1658 1704
1658 2609
1658 6630
1658 18750
1658 39228
1659 2716
1659 5201
1659 21181
1659 23353
1659 37297
1660 15046
1660 18562
1661 16287
1661 18553
1661 23587
1661 28081
1661 28512
1661 31417
1661 37829
1662 11228
1662 23558
1662 23742
1662 29025
1662 38778
1662 38843
1663 2336
1663 29023
1663 29058
1663 33773
1663 35438
1663 36494
1664 2139
1664 2821
1664 29878
1664 33082
1664 34608
1664 38309
1665 8861
1665 37152
1666 15295
1666 22635
1666 23417
1667 2931
1668 19970
1668 29259
1668 32027
1668 36023
1668 36406
1668 39946
1669 23948
1669 28753
1670 6897
1670 9576
1670 24603
1671 3777
1671 14265
1672 6199
1672 13799
1672 15404
1672 33347
1673 13166
1673 33203
1675 15279
1675 22135
1675 28508
1675 36358
1676 6035
1676 9791
1676 15104
1676 15473
1676 18876
1676 21490
1676 25229
1676 31995
1676 37825
1677 12455
1677 17282
1677 22939
1677 27046
1678 5477
1678 12812
1678 22665
1678 29814
1679 20917
1679 21117
1680 4380
1680 15488
1680 25925
1680 26585
1680 37746
1681 17752
1681 31161
1681 32683
1682 10746
1682 17766
1682 24346
1683 1999
1683 2552
1683 9343
1683 18077
1683 24298
1683 29768
1683 36504
1683 37977
1683 38116
1684 5749
1684 6079
1684 20744
1684 28212
1685 12505
1685 21924
1685 22617
1685 28128
1685 34350
1686 36386
1687 14347
1687 14517
1687 25171
1687 33184
1688 2822
1688 9475
1688 11516
1688 31101
1688 33439
1688 34353
1688 34389
1689 5842
1689 22788
1690 36478
1690 39545
1690 39910
1691 2549
1691 3378
1691 4078
1691 9233
1691 30200
1691 31738
1692 5062
1692 10862
1692 22597
1692 29269
1692 33005
1693 26530
1693 28957
1693 29344
1693 34302
1694 27094
1695 26572
1695 29372
1695 36491
1696 2710
1696 9016
1696 11302
1696 16358
1696 23484
1696 30521
1696 31100
1697 4462
1697 37722
1698 19970
1698 33409
1699 20468
1699 21193
1699 25231
1699 27387
1699 36611
1700 2110
1700 2515
1700 9346
1700 22230
1700 26149
1700 31099
1700 34842
1701 2780
1701 29831
1701 37864
1702 6352
1702 20911
1702 25223
1703 3376
1704 19058
1704 33491
1704 34679
1705 2254
1705 5417
1705 9122
1705 18749
1705 22427
1705 23970
1705 32310
1705 32363
1705 34187
1706 15319
1706 22330
1706 32601
1707 15090
1708 15115
1708 18703
1708 22314
1708 29110
1708 29599
1708 32986
1709 2993
1709 24465
1709 32062
1710 2863
1710 10813
1710 10942
1710 14768
1710 18134
1710 21933
1710 30787
1711 3759
1711 13285
1711 17106
1712 14033
1712 14276
1712 33768
1713 11252
1713 16947
1713 17285
1713 26576
1714 12366
1714 12670
1714 27233
1715 10072
1715 18341
1715 20762
1716 30527
1716 34835
1717 1962
1717 4398
1717 8847
1717 16460
1717 16631
1717 23669
1717 28532
1717 29971
1717 39733
1718 11533
1718 13751
1718 15141
1718 24527
1719 13180
1719 17200
1719 28258
1720 17616
1720 25717
1720 26771
1720 32237
1721 7243
1721 10494
1721 11741
1721 13769
1721 13872
1721 14142
1721 24321
1722 4642
1722 14341
1723 11663
1723 20275
1723 25395
1723 28617
1723 37578
1723 39112
1724 13891
1724 16893
1724 21600
1724 35986
1725 4084
1725 5483
1725 5740
1725 8345
1725 18579
1725 20805
1725 36729
1726 2636
1726 5809
1726 10042
1726 27148
1726 33531
1726 34525
1727 10993
1727 17034
1727 17320
1727 25770
1727 28232
1727 36542
1728 7235
1728 12995
1729 3129
1729 12028
1729 12129
1729 39945
1730 1973
1730 10435
1730 19223
1730 25913
1730 28930
1730 36942
1731 14523
1731 26841
1732 5122
1732 24590
1732 24990
1733 5982
1733 10803
1733 20159
1733 21662
1734 3923
1734 8558
1734 30658
1735 2028
1735 16627
1735 19194
1735 26934
1735 32419
1735 39067
1736 5722
1736 16263
1736 20087
1736 21179
1736 21542
1736 26617
1736 27284
1737 3528
1737 3602
1737 15095
1737 22432
1737 24540
1737 26385
1737 39057
1738 3889
1738 25298
1739 2537
1739 11451
1739 15224
1739 25298
1739 27693
1739 39357
1740 3808
1741 23458
1741 25772
1742 4165
1742 9672
1743 4573
1743 9476
1743 14548
1743 17859
1743 18653
1743 19283
1745 16054
1745 28726
1745 35006
1745 35621
1746 15717
1746 22574
1746 24987
1746 29919
1747 2936
1747 13901
1747 20129
1747 31862
1748 10067
1748 10763
1748 18117
1748 21827
1748 23664
1748 29167
1749 5167
1749 5637
1749 10654
1749 13532
1749 14289
1749 14782
1749 15146
1749 35860
1750 7296
1750 14256
1750 36795
1751 2086
1751 5059
1751 5307
1751 27661
1752 10388
1753 2848
1753 12269
1753 15219
1753 16836
1753 16957
1753 19274
1753 38774
1754 2847
1754 2860
1754 2871
1754 14733
1754 23603
1754 24230
1755 3682
1755 22108
1756 3798
1756 8200
1757 4674
1757 10680
1757 17430
1757 33315
1757 34299
1757 35851
1757 39333
1758 8479
1758 24330
1758 27515
1758 34319
1759 9480
1759 17203
1759 31996
1759 32662
1759 33560
1759 36636
1760 33735
1761 3777
1761 22641
1761 36681
1762 11146
1763 8873
1763 20289
1764 8985
1764 10786
1764 14318
1764 26510
1765 6522
1765 10581
1765 26396
1766 3192
1766 6208
1766 17707
1766 20634
1766 20724
1766 26406
1767 12357
1768 20691
1768 24892
1769 7824
1769 7922
1769 10250
1769 13090
1769 31224
1769 39855
1770 2793
1770 18558
1770 37512
1771 24670
1772 32445
1772 34036
1772 37225
1773 4231
1773 28620
1773 35037
1774 20849
1774 20989
1774 32106
1774 35603
1775 17026
1775 28726
1776 11511
1776 15357
1776 24818
1776 26666
1776 34304
1777 6041
1777 24690
1778 14342
1778 22096
1778 39923
1779 7331
1779 28475
1779 30201
1779 30296
1779 34568
1780 11979
1780 36182
1781 2980
1781 3664
1781 7508
1781 17670
1781 23255
1781 35683
1782 1938
1782 33516
1782 36230
1782 37963
1783 2958
1783 22301
1783 37045
1783 37428
1784 8485
1784 10806
1784 17557
1784 27696
1785 8760
1785 16252
1785 19665
1785 22945
1785 27106
1785 38380
1786 5846
1786 7079
1786 9394
1786 16857
1786 25811
1786 31115
1787 2119
1787 4775
1787 26493
1787 36087
1788 3456
1788 7699
1788 18199
1788 23607
1788 30634
1788 32141
1789 24666
1789 36555
1790 10130
1790 12286
1790 13877
1790 15516
1791 13325
1791 19200
1791 22233
1791 25528
1792 5945
1792 11926
1792 17754
1792 21638
1792 34376
1793 3935
1793 16952
1793 18497
1793 18735
1793 27648
1793 31641
1793 33705
1794 17313
1795 8262
1795 16175
1795 26968
1795 34679
1795 39802
1796 15279
1796 26583
1796 28669
1798 11309
1798 21593
1798 39647
1799 6793
1799 14989
1799 21198
1799 24286
1799 30195
1799 31483
1799 36811
1800 15077
1800 15157
1800 16633
1800 23448
1800 29129
1801 6091
1801 10627
1801 15239
1801 19649
1802 4912
1802 9237
1802 20354
1802 24875
1802 25230
1802 27214
1802 38571
1803 4802
1803 16131
1803 16544
1803 22078
1803 29215
1803 31649
1804 18293
1804 30857
1804 31104
1804 33222
1805 7861
1805 8670
1805 12262
1805 26483
1806 7812
1806 22717
1806 28887
1807 13077
1807 13088
1807 16507
1807 19651
1807 21762
1807 24477
1808 10738
1808 14264
1808 15192
1808 17595
1808 22527
1808 25786
1808 28285
1809 6189
1809 19411
1809 27164
1809 33979
1809 37997
1810 3806
1810 4268
1811 16734
1811 26959
1811 38187
1812 6907
1812 12582
1812 20647
1812 22534
1812 24565
1812 27423
1812 38468
1813 28024
1813 36543
1813 37419
1814 30222
1814 33451
1815 6472
1816 39079
1817 22071
1817 26010
1817 26722
1817 28481
1817 34038
1817 35016
1818 9231
1818 14118
1818 14152
1818 33315
1818 36303
1818 38905
1819 13871
1819 14409
1819 25921
1819 27679
1820 2399
1820 28602
1821 8346
1821 26241
1821 26615
1821 31410
1822 6813
1822 10765
1822 14927
1823 3011
1824 8880
1824 34742
1824 36740
1825 2568
1825 19811
1826 6798
1826 11887
1826 12187
1826 29312
1827 7425
1827 27548
1827 31246
1827 33275
1828 13498
1828 16689
1828 24969
1828 25794
1828 33846
1829 18802
1829 19257
1829 32748
1830 2481
1830 23102
1830 32814
1830 34010
1831 26863
1831 32274
1832 13292
1833 5268
1833 23609
1833 26499
1833 27243
1833 29412
1834 3825
1834 28762
1835 3608
1835 12454
1835 24059
1835 24660
1835 25605
1835 26144
1835 26262
1836 6184
1836 7259
1836 25663
1836 30188
1837 16204
1837 19810
1837 20489
1837 28922
1837 31521
1838 15428
1838 20478
1838 25971
1839 3005
1839 5271
1839 10013
1839 25262
1839 30853
1839 38257
1839 39461
1840 13987
1840 15352
1840 16160
1840 19400
1841 1869
1841 11920
1841 13933
1841 27838
1841 29529
1841 31331
1841 38389
1842 3511
1842 15278
1843 7086
1843 21631
1843 34354
1843 38508
1844 6393
1844 21191
1844 29654
1844 30717
1844 38070
1845 9751
1845 20502
1845 24181
1845 29606
1846 8665
1846 12226
1846 15868
1846 18737
1846 22441
1846 26036
1846 31463
1847 13751
1847 25859
1847 28222
1847 33549
1847 35092
1848 5557
1848 23255
1848 31630
1849 18177
1849 19108
1849 24358
1849 28756
1849 29904
1849 35342
1849 37602
1849 37923
1850 6939
1850 11071
1850 15214
1850 30022
1850 39129
1851 17401
1852 10788
1852 12610
1852 21792
1852 34636
1853 18525
1853 22680
1853 25663
1853 39176
1854 9301
1854 18528
1854 22850
1854 28241
1854 35367
1855 5531
1856 12663
1856 26825
1857 2085
1857 13350
1857 27342
1858 10637
1858 13806
1858 32876
1858 36217
1858 37866
1859 11750
1859 18851
1859 28126
1859 35589
1860 7070
1860 13586
1860 20995
1860 23151
1860 24455
1861 13129
1861 31831
1861 33562
1862 30236
1863 11608
1863 27451
1863 28545
1864 18691
1864 32892
1864 36158
1865 18313
1865 30589
1866 9473
1866 19591
1866 21343
1866 36872
1866 37147
1867 13386
1867 24674
1867 29041
1869 10982
1869 38716
1870 9592
1870 13061
1870 16750
1870 18240
1870 25836
1870 32835
1871 15461
1871 20621
1871 32422
1872 4151
1872 10842
1872 23376
1872 35017
1873 16334
1873 24171
1873 33039
1873 33392
1873 35867
1874 13769
1874 34450
1875 10987
1875 29769
1875 30661
1875 33710
1876 19755
1876 21805
1876 27146
1876 31318
1877 21815
1878 6339
1878 13255
1878 17463
1878 24466
1879 3471
1879 24558
1879 28676
1880 15597
1881 22810
1881 28443
1882 2362
1882 2568
1882 13772
1882 23832
1882 26833
1882 33271
1884 10357
1884 31830
1884 37537
1885 4164
1885 16779
1885 29676
1885 32896
1886 5282
1886 12767
1886 13335
1886 39434
1887 20811
1887 20983
1887 32665
1888 2413
1888 16887
1888 33220
1889 12781
1889 17766
1889 24119
1889 28440
1889 31944
1889 33407
1889 34469
1890 3549
1890 4560
1890 5778
1890 13667
1890 13821
1890 28104
1890 33156
1890 34433
1891 9235
1891 13253
1891 15717
1891 35491
1892 17829
1892 27275
1892 28611
1893 2752
1893 16660
1893 36460
1894 6460
1894 26687
1894 35427
1894 36867
1895 13390
1895 34190
1895 34939
1895 37662
1896 2533
1896 7161
1896 21304
1896 24451
1896 28577
1896 30275
1896 30918
1896 32746
1896 33427
1896 37699
1897 3012
1897 27411
1897 39531
1898 8389
1898 18639
1899 10004
1899 17227
1899 29538
1899 34533
1899 35589
1900 5739
1900 9774
1900 33417
1900 35691
1901 17338
1901 19992
1901 22187
1902 4627
1902 7088
1902 9784
1902 19060
1902 27200
1902 35738
1903 23816
1903 36912
1903 39800
1904 12518
1904 28669
1904 29363
1905 22741
1905 26563
1905 27050
1905 37760
1906 8041
1906 9851
1906 9986
1906 11739
1906 18642
1906 19982
1906 23521
1906 24159
1906 25322
1906 29005
1906 34840
1908 15809
1908 25309
1908 28707
1909 3106
1909 6287
1909 8193
1909 22874
1909 26331
1909 32047
1909 34571
1910 35821
1911 4714
1911 10882
1911 27609
1911 29844
1912 12499
1912 29726
1912 29778
1913 14295
1913 24771
1913 39800
1914 30786
1914 37799
1915 5823
1915 27668
1916 4668
1916 6740
1916 17994
1916 38205
1917 24450
1917 28125
1917 31921
1917 31975
1917 37716
1918 28848
1919 4230
1919 5801
1919 20119
1920 18564
1921 10888
1922 2036
1922 10053
1922 21903
1923 19829
1924 34299
1925 2713
1925 3557
1925 12511
1925 20093
1925 20462
1925 31362
1925 32238
1926 8897
1927 17857
1927 32098
1927 38522
1928 7752
1928 21435
1928 22705
1928 31216
1928 33497
1928 34122
1929 12428
1929 26584
1929 29903
1929 35281
1929 35906
1930 10067
1930 13019
1930 15028
1930 21881
1930 22230
1930 23462
1930 24311
1930 29604
1930 37324
1931 19395
1931 25295
1932 12433
1932 17836
1933 15163
1933 20542
1933 32353
1933 33562
1934 11981
1934 12482
1934 33081
1934 34698
1935 23432
1935 25863
1935 29000
1935 33125
1936 2367
1936 13136
1936 15071
1936 15300
1937 7847
1937 33134
1937 34817
1937 39841
1938 3977
1938 8660
1938 18419
1939 7760
1939 11867
1939 13798
1939 32270
1940 12867
1940 15964
1940 16898
1940 20815
1940 37165
1941 2428
1941 32966
1941 35875
1941 39724
1942 8928
1942 13532
1942 22322
1942 30244
1942 32896
1943 3102
1943 8352
1943 8713
1943 8806
1943 11041
1943 12764
1943 19013
1943 27270
1943 38402
1943 39313
1944 10834
1946 7089
1946 9272
1946 13207
1946 20520
1946 27790
1946 34478
1946 39398
1947 8373
1947 9157
1947 13220
1947 14723
1947 35308
1947 39352
1948 11636
1948 25981
1948 26122
1948 31830
1948 36324
1949 4508
1949 16128
1949 20221
1950 18023
1950 21261
1950 23260
1950 26720
1950 35833
1951 3348
1951 17337
1951 18233
1951 30354
1951 38729
1952 14196
1952 15075
1952 15466
1952 16524
1952 18110
1952 19214
1952 30283
1953 11652
1954 2146
1954 2291
1954 14323
1954 14873
1954 24518
1954 29206
1954 32064
1954 32377
1954 39392
1955 2953
1955 30798
1955 36028
1956 16632
1956 20656
1956 27185
1956 30474
1957 3424
1957 13798
1957 29803
1957 35496
1958 3201
1958 8190
1958 12224
1959 2091
1959 7079
1959 15222
1959 23921
1960 13403
1960 16596
1960 19260
1960 26037
1960 35979
1961 15232
1961 16020
1962 9584
1962 20335
1963 13803
1963 14580
1963 21444
1963 26549
1963 31221
1963 33395
1963 35823
1964 4115
1964 4254
1964 13939
1964 18856
1964 27395
1964 38170
1964 38453
1964 38769
1965 6472
1965 6493
1965 9203
1965 9702
1965 16106
1965 16619
1966 5793
1966 6201
1966 11090
1966 18584
1966 20863
1966 30507
1966 35307
1966 35694
1966 39123
1968 3819
1968 7049
1968 9206
1968 26201
1968 27842
1968 29464
1969 6697
1969 7331
1970 10860
1970 17673
1970 20854
1971 8570
1971 24052
1971 28742
1971 33322
1971 33589
1971 38461
1972 11528
1972 15958
1972 22714
1972 26527
1972 34556
1973 8719
1973 17016
1973 24309
1974 7226
1974 13609
1974 22600
1974 31628
1974 36671
1975 25049
1976 6231
1976 16078
1976 20800
1976 31048
1977 17741
1977 19884
1977 25185
1977 37802
1978 5830
1978 8350
1978 9743
1978 18410
1978 23085
1979 4612
1979 23026
1979 23948
1979 23984
1979 33374
1980 20032
1980 25298
1980 31417
1980 36661
1981 7808
1981 10749
1981 11207
1981 12083
1981 15352
1981 17458
1981 24161
1981 36034
1981 37620
1983 8731
1983 8957
1983 19258
1983 30367
1984 31354
1985 1989
1985 6617
1985 36807
1985 39886
1986 2096
1986 7215
1986 15526
1986 31260
1986 32084
1987 12119
1987 17957
1987 27889
1987 32147
1987 39359
1988 12060
1989 22963
1989 27929
1990 11065
1990 30378
1990 32655
1990 37171
1991 22401
1991 25300
1991 26645
1991 27936
1992 2901
1992 9425
1992 10601
1992 27229
1992 28722
1992 28808
1992 35997
1993 23628
1993 23826
1993 24245
1993 29830
1993 32674
1993 36832
1994 5695
1994 12981
1994 16088
1994 19226
1994 35989
1995 9457
1995 13814
1995 17392
1995 19859
1996 4453
1996 12007
1996 16785
1997 6233
1997 24247
1998 26321
1999 8066
1999 20962
1999 22566
1999 33107
2000 4853
2000 33781
2000 37208
2001 16901
2002 20962
2002 21249
2002 27446
2002 29169
2002 37289
2003 6302
2003 25938
2004 5117
2004 9981
2004 10524
2004 25220
2004 35894
2004 36726
2005 8131
2006 7677
2006 16634
2006 17783
2006 17947
2007 9795
2007 19507
2007 21908
2007 23584
2007 26471
2007 29425
2007 30158
2008 19234
2008 28586
2009 16938
2009 36120
2010 12067
2010 14253
2010 22162
2010 24260
2010 31994
2011 33495
2012 12231
2012 26751
2012 32119
2012 34970
2013 2605
2013 8024
2013 14490
2013 32127
2014 8940
2014 29217
2014 33326
2015 5382
2015 7884
2015 11679
2015 16639
2015 20278
2015 25793
2015 39464
2016 12654
2016 34404
2016 37780
2017 10895
2017 12643
2017 23312
2017 27652
2017 36483
2018 10055
2018 10955
2018 12714
2018 16305
2018 16437
2018 17102
2018 23288
2018 23594
2018 27452
2019 2573
2019 2995
2019 6998
2019 29296
2020 25175
2020 30422
2020 32157
2021 3076
2021 14986
2021 24533
2022 14823
2023 2928
2023 7413
2023 7676
2023 19109
2023 25318
2023 26960
2023 39393
2024 7203
2024 10070
2024 22591
2024 30221
2025 12987
2025 24650
2026 36925
2027 12398
2027 24397
2027 25201
2027 30529
2027 31299
2028 13240
2028 16922
2028 17184
2028 17461
2028 27932
2029 3160
2029 12362
2029 18586
2029 23893
2030 17694
2030 34970
2031 4045
2031 7323
2032 4185
2032 7891
2032 10386
2032 11416
2032 26836
2033 16131
2033 29205
2033 37915
2034 3167
2034 16475
2034 32299
2034 34345
2034 38746
2035 17042
2035 23185
2035 25145
2035 25506
2035 31617
2036 4102
2036 8484
2036 11614
2036 21147
2036 38692
2037 10048
2037 20695
2037 29841
2038 26795
2038 29980
2038 31631
2039 17208
2039 30166
2039 38321
2040 6783
2041 9456
2041 10365
2041 29118
2041 29315
2042 7053
2042 10179
2042 27862
2043 17126
2043 23714
2043 33244
2045 2361
2045 29272
2046 16304
2047 7733
2047 7738
2047 8941
2047 8953
2047 9766
2047 10301
2047 13029
2047 16832
2047 24092
2047 33109
2047 37542
2048 6728
2048 25985
2048 33912
2049 12370
2049 34963
2050 19122
2050 31153
2050 31460
2050 32061
2050 34296
2051 13669
2051 17826
2051 31683
2052 3736
2052 8124
2052 16640
2052 23713
2052 32931
2053 4981
2053 17718
2053 37292
2054 8860
2054 10653
2054 16057
2054 17191
2054 22855
2055 2460
2055 7011
2055 20193
2055 23398
2055 25810
2055 30094
2055 38931
2056 3077
2056 11558
2056 13680
2056 16970
2056 26418
2057 5025
2057 23991
2058 3767
2058 8685
2058 30699
2058 32856
2058 36291
2059 10127
2059 11076
2059 13966
2060 22394
2060 23394
2060 27025
2060 27102
2061 12336
2061 18172
2062 16258
2062 25470
2062 35700
2063 9149
2063 11238
2063 18599
2063 24496
2063 27150
2064 6307
2064 11387
2064 12657
2064 15522
2064 18258
2064 39815
2065 13367
2065 29086
2065 31140
2065 35368
2066 6842
2066 9431
2066 22012
2066 35949
2067 10587
2067 21997
2068 6304
2068 6618
2068 18386
2068 21375
2068 25409
2068 30318
2068 34560
2069 4196
2069 23626
2069 33657
2069 37739
2069 39203
2069 39465
2070 5975
2070 8525
2070 10524
2070 11184
2070 16025
2070 22260
2070 36190
2071 21864
2071 22467
2071 25477
2071 32493
2072 7463
2072 7780
2072 12009
2072 14267
2073 14256
2073 23459
2073 36928
2074 24991
2075 3289
2075 3290
2075 6570
2075 9160
2075 22915
2075 28255
2076 7368
2076 16506
2076 37540
2077 23982
2077 29261
2077 31114
2077 31488
2077 32141
2077 34166
2077 36928
2077 37745
2078 7395
2078 15442
2078 21155
2078 30456
2078 38894
2079 15620
2079 25764
2079 31471
2079 39501
2080 4758
2080 7708
2080 18166
2080 30679
2080 34794
2081 3784
2081 5269
2081 12608
2081 24525
2081 37196
2082 7816
2082 12766
2082 21551
2082 38783
2083 12769
2083 16517
2083 20164
2083 28628
2084 3996
2084 6959
2084 18799
2084 19655
2084 25350
2084 28553
2084 29583
2085 9085
2085 12379
2085 15112
2085 24348
2086 2531
2086 9403
2086 15923
2086 24689
2086 30965
2086 32206
2087 7896
2087 35425
2088 3670
2088 7147
2088 18800
2088 26022
2088 27297
2088 37559
2088 39204
2089 12616
2089 25774
2089 37215
2090 19491
2090 21051
2091 13675
2091 17995
2091 22475
2091 26698
2091 39910
2092 14549
2092 14565
2092 16139
2092 17257
2092 20557
2092 25995
2092 30051
2092 31031
2092 35067
2093 20707
2093 22214
2093 29422
2094 5832
2094 12948
2094 34385
2094 36541
2094 38167
2095 2212
2095 15232
2095 29062
2095 29444
2095 29987
2095 35308
2096 12577
2096 24979
2097 6812
2097 7049
2097 24259
2098 2584
2098 7351
2098 10008
2098 13631
2098 22373
2098 22449
2098 35088
2100 29259
2101 4918
2101 8253
2101 16623
2101 18784
2101 22423
2101 33128
2102 37819
2102 38269
2103 8229
2103 20216
2103 32360
2104 28887
2105 8314
2105 11501
2105 27536
2106 9841
2106 13189
2107 26417
2108 22401
2109 10843
2109 27097
2110 6596
2110 9483
2110 12020
2110 17110
2110 21835
2110 25088
2110 35901
2111 7333
2111 22713
2111 25921
2111 32379
2112 35531
2113 11527
2113 19660
2113 30055
2114 3457
2114 6605
2114 17997
2114 18151
2114 24532
2114 26873
2115 22346
2116 22538
2116 27240
2116 38684
2117 6211
2117 13335
2117 15143
2117 17357
2117 22898
2117 38561
2117 38659
2118 22468
2119 5078
2119 20495
2119 24135
2119 25037
2119 35008
2120 3867
2120 6302
2120 13912
2120 30434
2121 3192
2121 9320
2121 14298
2121 23913
2121 30800
2121 34919
2123 11497
2123 20441
2123 27261
2123 27342
2123 31740
2124 3630
2124 4263
2124 15017
2124 20893
2124 26482
2124 28250
2124 32450
2124 33721
2124 36612
2125 3077
2125 11682
2125 21170
2125 30503
2125 33470
2125 39773
2126 9283
2126 15075
2126 19207
2126 19402
2126 23704
2127 14843
2127 22151
2128 10776
2128 14059
2128 14955
2128 19483
2128 22188
2128 24253
2128 32099
2128 35481
2128 36743
2128 37415
2128 38475
2129 6776
2129 24786
2129 30553
2129 37533
2130 2534
2130 6216
2130 25557
2130 30338
2130 33722
2130 38834
2131 2617
2131 13872
2131 25457
2131 33902
2132 15625
2132 21406
2132 27652
2133 10349
2133 18522
2133 30169
2133 33191
2134 20678
2134 27802
2134 34473
2135 14350
2135 25425
2135 27665
2135 31616
2135 33924
2135 37765
2136 2913
2136 19116
2136 28062
2137 25430
2137 26651
2138 4438
2138 5489
2138 8670
2138 14890
2138 28060
2138 30348
2138 37734
2139 8937
2139 14757
2139 21190
2139 25674
2140 2740
2141 6424
2141 7092
2141 25042
2141 28957
2141 29111
2141 29850
2141 31468
2141 34668
2142 4471
2142 25651
2142 37158
2143 9525
2143 13259
2143 27487
2143 32387
2143 38391
2144 18691
2144 21801
2144 38534
2145 5875
2145 14719
2145 18686
2145 35916
2146 16109
2146 27497
2146 32308
2147 4502
2147 7872
2147 13268
2147 27966
2147 39769
2148 9921
2148 21691
2148 37471
2148 38170
2149 24472
2149 25716
2149 30919
2149 36185
2149 37495
2150 8173
2150 8239
2150 18060
2150 20121
2151 2412
2151 3831
2151 21550
2151 27534
2151 27917
2152 14292
2152 17481
2154 2752
2154 4553
2154 17541
2154 28430
2154 32419
2154 33912
2154 34311
2154 37168
2155 3977
2156 6916
2156 9068
2156 13900
2156 15370
2157 11935
2157 21878
2157 26220
2157 31405
2158 8247
2158 30263
2158 33095
2158 38296
2158 39230
2159 10359
2159 21341
2159 38335
2160 23432
2161 19988
2161 37972
2162 12973
2162 29359
2162 31228
2162 31462
2162 34298
2163 35376
2164 26099
2164 30629
2164 37603
2165 6517
2165 20774
2165 21580
2165 22228
2167 11061
2168 8649
2168 8817
2168 13532
2168 17698
2168 28572
2168 28976
2168 36207
2169 3002
2169 10788
2169 22794
2170 27410
2170 27708
2171 5037
2171 25720
2171 26299
2172 3005
2172 21760
2172 25050
2172 39669
2173 11203
2173 24013
2173 27189
2173 28334
2173 31045
2173 33734
2174 14155
2174 23228
2174 27395
2174 36707
2174 37565
2175 8976
2175 26777
2175 31830
2175 33224
2176 28602
2177 3773
2177 10213
2177 34141
2178 32028
2178 32189
2178 37386
2178 38603
2179 2493
2179 13976
2179 19778
2179 31781
2180 3443
2180 11811
2180 19328
2181 4932
2181 10289
2181 16623
2181 24983
2181 25594
2181 33197
2182 4249
2182 8068
2182 13681
2182 16905
2183 5225
2183 14425
2183 32030
2184 3035
2184 10886
2184 13266
2184 15010
2184 20795
2184 34075
2184 39272
2185 7261
2185 11865
2185 15673
2185 15694
2185 16861
2185 23399
2186 11695
2186 26741
2186 39147
2187 13581
2187 14505
2187 20119
2188 17714
2188 20680
2188 24842
2189 5140
2189 10419
2189 10934
2189 18184
2190 37576
2190 37995
2191 4536
2191 22851
2191 24054
2191 24262
2191 32418
2191 37376
2191 38222
2192 3841
2192 9169
2192 14164
2193 5310
2193 10232
2193 12820
2193 22232
2193 30452
2194 2501
2194 31093
2195 5914
2195 20187
2196 3034
2196 3447
2196 5082
2196 21513
2196 31058
2196 36086
2197 5056
2197 8843
2197 22906
2197 28868
2198 14470
2198 24982
2198 30639
2198 36681
2199 6338
2199 12413
2199 34147
2200 7403
2201 14449
2201 16277
2201 25671
2201 30689
2202 23338
2202 31372
2202 35132
2204 15083
2204 18261
2204 27530
2205 12718
2205 26429
2205 27143
2205 30655
2205 32156
2206 5171
2206 18794
2206 24992
2207 12085
2207 22323
2207 28298
2207 30782
2208 23988
2209 8108
2209 10586
2209 25101
2210 3963
2210 5011
2210 15241
2210 20650
2210 39517
2211 7717
2211 11225
2211 19653
2211 25850
2211 28654
2212 8830
2212 28207
2212 32845
2212 36853
2212 39396
2213 29251
2214 10930
2214 12571
2214 24382
2214 29826
2215 7874
2215 29189
2216 5126
2216 9395
2216 11646
2216 13451
2217 18095
2217 21690
2217 30698
2217 37032
2218 13117
2218 31006
2219 16821
2219 25527
2219 30837
2219 34955
2220 17902
2220 26528
2220 33861
2220 33956
2221 9063
2221 15106
2221 28115
2221 32454
2221 34653
2222 17564
2222 28715
2222 32559
2223 5898
2223 8383
2223 14132
2224 31623
2225 24731
2225 37352
2225 37503
2226 9148
2226 14513
2226 21039
2226 27649
2226 38421
2227 8983
2227 17436
2227 19055
2227 24558
2227 31002
2227 31827
2227 31981
2228 9860
2228 14105
2228 36092
2229 7138
2229 12461
2229 29748
2229 36346
2230 14780
2230 24392
2230 32117
2230 32681
2231 6594
2231 10927
2231 19202
2231 28530
2231 37642
2232 6590
2232 8289
2232 13263
2232 27521
2232 30640
2232 31709
2232 37845
2233 11085
2233 22924
2234 10122
2234 23198
2234 27167
2234 36161
2234 39579
2235 8313
2235 31935
2236 19965
2236 30875
2236 36567
2237 39682
2238 8514
2238 12707
2238 23331
2238 28040
2238 29494
2239 2243
2239 2605
2239 5123
2239 6884
2239 10888
2239 11996
2239 23398
2239 25017
2239 36041
2239 39512
2240 2710
2240 17036
2240 32716
2241 17662
2241 18606
2241 20538
2241 20781
2241 20917
2241 25283
2241 27620
2241 35962
2241 36367
2241 38101
2241 39171
2242 21938
2242 25054
2243 22497
2243 27529
2244 13502
2244 14930
2244 17406
2244 28512
2245 29539
2245 32153
2246 3712
2246 5461
2246 9648
2246 28669
2246 35896
2246 38671
2247 19638
2247 26443
2247 30103
2247 33426
2248 5551
2248 10598
2248 36824
2249 2492
2249 13473
2249 15941
2250 3231
2250 6820
2250 16526
2250 19257
2250 22263
2250 23737
2250 30951
2250 33623
2251 6469
2251 14637
2251 23227
2251 28811
2251 32914
2252 6444
2252 10155
2253 19014
2253 19417
2253 26995
2254 10157
2254 13458
2254 16186
2254 29428
2254 29812
2254 35967
2255 8472
2255 22185
2255 22399
2255 31893
2255 36735
2255 37177
2256 7908
2257 11681
2257 13246
2257 26800
2258 24267
2258 32296
2258 36131
2259 4575
2259 27057
2259 29588
2259 30604
2261 5889
2261 17505
2261 22219
2261 34426
2261 39905
2262 9485
2262 14588
2262 16568
2262 20946
2262 35901
2262 37343
2263 12346
2263 19012
2263 39421
2264 4702
2264 20122
2264 34236
2264 36447
2264 39146
2265 4594
2265 16490
2265 30632
2265 38451
2265 39655
2266 2968
2266 4206
2266 5222
2266 18347
2266 23493
2266 25727
2266 29212
2267 5785
2267 18699
2267 19568
2267 25920
2267 35911
2267 38694
2268 15570
2268 16410
2268 29740
2269 8903
2269 10737
2269 17165
2269 25047
2270 2827
2270 8863
2270 19332
2270 38021
2271 4742
2271 22531
2271 24456
2271 31855
2271 34422
2272 4212
2272 14295
2272 22400
2272 27205
2272 28415
2272 31318
2272 33143
2272 36397
2273 17596
2273 25638
2273 33917
2274 6084
2274 13475
2274 19236
2275 6861
2275 6950
2275 11752
2275 12560
2275 15593
2275 23357
2275 25416
2276 5818
2276 28391
2276 32070
2276 38677
2277 20753
2277 22410
2277 30669
2278 7728
2278 12460
2278 15733
2278 32392
2278 38423
2279 2701
2279 20951
2279 26073
2279 34221
2280 2478
2280 34338
2280 36906
2280 38772
2281 2902
2281 4722
2281 18942
2281 27787
2281 34051
2281 38078
2281 38354
2282 5436
2282 13473
2282 21937
2282 24375
2282 32156
2283 15662
2283 24500
2283 28756
2284 2600
2284 5036
2284 8541
2284 10589
2284 11095
2284 17460
2284 24364
2285 4873
2286 3977
2286 29670
2286 37756
2287 10953
2287 13967
2287 13974
2287 19859
2288 7583
2288 19638
2288 25857
2288 34487
2289 3727
2289 9220
2289 25927
2289 33136
2290 21343
2290 22351
2290 32010
2290 34465
2291 17042
2291 18096
2291 19708
2291 31915
2292 4048
2292 19299
2292 32317
2292 39066
2293 3617
2293 16356
2293 20545
2293 30231
2294 8416
2294 9956
2294 32275
2294 39909
2295 5228
2295 5310
2295 36845
2296 2571
2296 17018
2297 3044
2297 9849
2297 12780
2297 29336
2298 25266
2298 30700
2298 33512
2299 16701
2300 7678
2300 24984
2301 19563
2301 20917
2301 25018
2301 35617
2301 36380
2302 12072
2302 12711
2302 15493
2302 22691
2302 26127
2302 33110
2303 20019
2303 37728
2303 38844
2304 4893
2304 9614
2304 12061
2304 20921
2304 24828
2304 25590
2304 29037
2304 39410
2305 2884
2305 21278
2305 22988
2305 27916
2305 33058
2305 37756
2306 11643
2306 35376
2306 36439
2307 3435
2307 13682
2307 16927
2307 34256
2308 10595
2308 12436
2308 25685
2309 31448
2309 34911
2309 37944
2310 11708
2310 22657
2310 27073
2311 4012
2312 3468
2312 8524
2312 25624
2312 27141
2312 31744
2313 2974
2313 34206
2314 13888
2314 16431
2314 18555
2314 37937
2315 9224
2315 10735
2315 22703
2315 23542
2315 31291
2316 11494
2316 24108
2317 13215
2317 23903
2318 13228
2318 34460
2318 36389
2319 2612
2319 14685
2319 16008
2319 20729
2319 23456
2319 30478
2320 15363
2320 15748
2320 16099
2320 23083
2320 26543
2320 31549
2321 8899
2321 9571
2321 29025
2321 29462
2322 5317
2322 9764
2322 29534
2322 36274
2323 6435
2323 10590
2323 16288
2323 31378
2324 23875
2324 26188
2325 3935
2325 10355
2325 13164
2325 28074
2326 7733
2326 10629
2326 11780
2326 15481
2326 16819
2326 39704
2327 21374
2327 25451
2327 38937
2328 17891
2328 18444
2328 30586
2328 39708
2329 20425
2329 21020
2329 28256
2331 13797
2331 22645
2331 29126
2332 13993
2332 15163
2332 18992
2332 28466
2333 4863
2333 5033
2333 6294
2333 27422
2333 31576
2333 36691
2334 6312
2334 9197
2334 15378
2335 16076
2335 20353
2335 34214
2336 11097
2336 16081
2336 30173
2337 15291
2337 17221
2337 39286
2338 3745
2338 19384
2338 29118
2339 6934
2340 3111
2340 4024
2340 12167
2340 15625
2340 20247
2340 23899
2341 14687
2341 15744
2341 20928
2341 30650
2342 8401
2342 21032
2342 27276
2342 28257
2342 30127
2343 35487
2344 35332
2345 8088
2345 20914
2345 32652
2345 34781
2346 7684
2346 18271
2346 27773
2346 31340
2347 12926
2348 8542
2348 18612
2349 2990
2349 9847
2349 10222
2349 10289
2349 18156
2349 22696
2350 5917
2350 15892
2350 19860
2350 27757
2350 31192
2351 10073
2351 15930
2351 38486
2352 4100
2352 9325
2352 15243
2352 34979
2352 36539
2352 37876
2353 12286
2353 20484
2353 35120
2354 26415
2354 29250
2354 37231
2354 38476
2355 11308
2355 17321
2356 2849
2356 10417
2356 21878
2356 27878
2356 32773
2357 6808
2357 11362
2357 24677
2357 28450
2358 5579
2358 7334
2358 14800
2359 2724
2360 28941
2360 31995
2360 32264
2361 38401
2362 4954
2362 14079
2362 22523
2362 39761
2363 19837
2364 8481
2364 28081
2364 32889
2365 12259
2365 21308
2366 9339
2366 14392
2366 20682
2367 9485
2367 16108
2367 28149
2367 31321
2368 9765
2368 11952
2368 13256
2368 25451
2368 26629
2369 9691
2369 15024
2369 17982
2369 31886
2370 20959
2370 21564
2370 27318
2370 27396
2370 31004
2371 28724
2371 34620
2371 37331
2371 38511
2372 2677
2372 4954
2372 17995
2372 24614
2372 37166
2373 8795
2373 18446
2374 2465
2374 8258
2375 19047
2375 22776
2376 12989
2376 19337
2376 20890
2377 3266
2377 5228
2377 8544
2377 10207
2377 36909
2378 16500
2378 30009
2378 36262
2378 36354
2379 31329
2379 32193
2380 15728
2380 27565
2380 39143
2381 27176
2381 28524
2381 30323
2381 34228
2381 37914
2381 37924
2382 10047
2382 21227
2382 25739
2382 33907
2383 3562
2383 4046
2383 7189
2383 29971
2383 34006
2384 39268
2385 6561
2385 28949
2385 36738
2386 26522
2386 37207
2386 37834
2387 8574
2387 12453
2387 14794
2387 19019
2387 24839
2387 31692
2388 6617
2388 7830
2388 8251
2388 12796
2388 17448
2388 24256
2388 25470
2388 33148
2388 33549
2389 10105
2390 3990
2390 5144
2390 6624
2390 24919
2390 25405
2390 31168
2391 10908
2391 14345
2391 31730
2391 32258
2392 6687
2392 25055
2392 28938
2392 36185
2393 2987
2393 21205
2393 21646
2393 27009
2393 35897
2394 11439
2394 20751
2394 38698
2395 5978
2395 16111
2395 18278
2395 26491
2395 27705
2395 35506
2395 37582
2396 20913
2396 23650
2396 23770
2396 37241
2397 16215
2398 5484
2398 5911
2398 30525
2399 4046
2399 5382
2399 11446
2399 28288
2399 32867
2399 37409
2400 4649
2400 14714
2400 26047
2401 7641
2401 10286
2401 23470
2401 30033
2401 34739
2402 34054
2402 39255
2403 20370
2403 21324
2403 23411
2403 25069
2403 29310
2404 6771
2404 11869
2404 17522
2404 29210
2404 30424
2404 32748
2405 5902
2405 20001
2405 38404
2405 39814
2406 4080
2406 14213
2407 33842
2408 14908
2409 6335
2409 10465
2409 15489
2409 23005
2409 29786
2409 30625
2410 5094
2410 10663
2410 20942
2410 27748
2410 29506
2411 12307
2411 21037
2411 35470
2412 6833
2412 19065
2412 35457
2413 24063
2414 4193
2414 17431
2414 26056
2414 26221
2414 34984
2415 3634
2415 5598
2415 8009
2415 13067
2415 35604
2416 8336
2416 13852
2416 33887
2417 13639
2417 15355
2418 4003
2418 14415
2418 21516
2418 36888
2419 4785
2419 5302
2419 10352
2419 13772
2419 23135
2419 28149
2420 33956
2421 17143
2421 23594
2422 15036
2422 15321
2422 17585
2422 19071
2423 26003
2423 28885
2423 30148
2424 3533
2424 6797
2424 18761
2424 24535
2425 37598
2426 23802
2426 35590
2427 7163
2427 25597
2428 5994
2428 27677
2429 5484
2429 17012
2430 2587
2430 4093
2430 29189
2431 6131
2431 7399
2431 9109
2431 10105
2431 29621
2432 21148
2432 27518
2432 34763
2433 4023
2433 15530
2433 17648
2434 5763
2434 11593
2434 12882
2434 17941
2434 21590
2434 36258
2435 10412
2435 17363
2435 23335
2436 25355
2436 25578
2436 27557
2436 29570
2436 31920
2437 8305
2437 13613
2437 15217
2437 15237
2437 25277
2437 31431
2438 3451
2438 14302
2438 31496
2439 3971
2439 15168
2440 15888
2440 25870
2441 10544
2441 21305
2441 23367
2441 29505
2441 31793
2442 20278
2442 23300
2442 29865
2442 30070
2443 8193
2443 14416
2443 19636
2443 21224
2443 29722
2444 4557
2444 11739
2444 17378
2445 3393
2445 7286
2446 14434
2446 22815
2446 37566
2447 8013
2447 19514
2447 27580
2447 28913
2447 35545
2448 13736
2448 19755
2448 26028
2449 25836
2450 9861
2450 22847
2450 29223
2450 36532
2451 7012
2451 19743
2452 22473
2452 27091
2453 13530
2453 36872
2453 37594
2454 12929
2454 35039
2454 39634
2455 36094
2456 10530
2456 30057
2456 39054
2457 17870
2457 23387
2457 34671
2457 37069
2458 6281
2458 13296
2458 15910
2459 7168
2459 11128
2459 14056
2459 28242
2459 29129
2459 38062
2460 8256
2460 20434
2460 21311
2460 28165
2460 30609
2461 25109
2461 31546
2462 17034
2463 12705
2463 19390
2463 28151
2464 10423
2464 28519
2465 7953
2465 11608
2465 15221
2465 16214
2466 12747
2466 17745
2466 21273
2466 26416
2466 29597
2466 37728
2467 16078
2467 18386
2467 18936
2467 22597
2468 12436
2468 14159
2468 19351
2469 11307
2469 11604
2469 18206
2469 26308
2469 29494
2469 33190
2469 38362
2470 3402
2470 11508
2470 18437
2471 35681
2471 38233
2472 9730
2472 25842
2472 33074
2473 7431
2473 18958
2473 33834
2474 4351
2474 14753
2474 28996
2475 3944
2475 6418
2475 34764
2475 35035
2475 39411
2475 39424
2476 6042
2476 15715
2477 8334
2477 19244
2477 33286
2477 39138
2478 2816
2478 33257
2479 8315
2479 17456
2479 33208
2479 38363
2479 39881
2480 6003
2480 28828
2480 30409
2480 32533
2481 24201
2481 30835
2482 3253
2482 6587
2482 29336
2483 8850
2483 25050
2484 25312
2484 32566
2484 35236
2485 3749
2485 10345
2485 26537
2485 34534
2486 29334
2487 7312
2487 10657
2488 17562
2488 18116
2488 18499
2489 4947
2489 9724
2489 10167
2489 26255
2489 26951
2489 27718
2489 30885
2490 16646
2490 21003
2490 31545
2490 32547
2491 19651
2491 33633
2491 39759
2492 6286
2492 14477
2492 16815
2492 20438
2492 26624
2493 9365
2493 15762
2493 30289
2494 2550
2494 3805
2494 10457
2494 13720
2494 14989
2494 19372
2494 20422
2494 34218
2494 34233
2495 6938
2495 11845
2496 21551
2496 36482
2497 9003
2497 24590
2497 25197
2497 32104
2497 33223
2497 34135
2497 38165
2497 38362
2498 11225
2498 15140
2498 24231
2498 26951
2498 39654
2499 3857
2499 6173
2499 6653
2499 11580
2499 22852
2499 26819
2500 11605
2500 14082
2501 14008
2501 14058
2501 15621
2501 32048
2502 6894
2503 12984
2503 15727
2503 17442
2503 25540
2504 23284
2504 38279
2504 39939
2505 15165
2506 13786
2506 16566
2506 17363
2506 17454
2506 19598
2506 22269
2506 38058
2507 13025
2508 4452
2508 13880
2508 27147
2508 31339
2508 32803
2508 38953
2508 39685
2509 13602
2509 16084
2509 24093
2509 32979
2509 37555
2510 14484
2510 19218
2510 19308
2510 20594
2510 22169
2510 28058
2510 37223
2511 3136
2511 6750
2511 17665
2511 19083
2511 19924
2511 26783
2511 30717
2511 31973
2512 14921
2512 18120
2512 18316
2512 24882
2512 29058
2512 32294
2513 4576
2513 8040
2513 19930
2513 39088
2514 15026
2514 29623
2515 6871
2515 16438
2515 19510
2515 20266
2515 35813
2516 5297
2516 11281
2516 13246
2516 16231
2516 20221
2516 33898
2517 5639
2517 8174
2517 23398
2517 25634
2518 8925
2518 20706
2518 22024
2518 22402
2519 9703
2519 9724
2519 16021
2520 18697
2521 13336
2521 13578
2521 18576
2521 20893
2521 21681
2521 22250
2522 14754
2522 28841
2522 36931
2523 14937
2523 30684
2523 34302
2524 7104
2524 19647
2525 3289
2525 10646
2525 35599
2526 32451
2526 39830
2527 10064
2527 15275
2527 15875
2527 31660
2527 33839
2527 35751
2527 38551
2528 6315
2528 12140
2529 9935
2529 13829
2529 17981
2529 22473
2529 25175
2529 32003
2529 32698
2530 6421
2530 11606
2530 16795
2530 20891
2530 30984
2530 32927
2530 34926
2530 37937
2531 4434
2531 15993
2531 22707
2532 19477
2532 21425
2532 23555
2533 6944
2533 7159
2533 12571
2533 22846
2533 24946
2534 3129
2534 26832
2534 27095
2534 27653
2534 29308
2534 31891
2535 13190
2535 20269
2536 3727
2536 12858
2536 26452
2536 29641
2536 32467
2537 12925
2537 15031
2537 20933
2537 21176
2537 29959
2538 9442
2538 20468
2538 22181
2538 24319
2538 24657
2538 26192
2538 37735
2539 9353
2539 17410
2539 27481
2539 34344
2540 30695
2540 35604
2541 11544
2541 34076
2541 38968
2542 10365
2542 10731
2542 33003
2542 36632
2543 11947
2543 22351
2543 24525
2543 27042
2543 29621
2543 31069
2543 34990
2544 26828
2545 27284
2545 28320
2545 38025
2546 5128
2546 5628
2546 13046
2546 13091
2546 37319
2546 39659
2547 14876
2547 30767
2547 37197
2548 14124
2548 20503
2548 38242
2548 39307
2549 12821
2549 15868
2549 16819
2549 17888
2549 38180
2550 11134
2550 31465
2551 6207
2551 12711
2551 18309
2551 19882
2551 24014
2551 31699
2551 35961
2552 5467
2552 19914
2552 24601
2552 33364
2553 3822
2553 30599
2554 23016
2554 26396
2555 6772
2555 8718
2555 19477
2555 19870
2555 37171
2556 8245
2556 17635
2556 22303
2556 27000
2556 29532
2556 30640
2556 35322
2556 37433
2557 3270
2557 14071
2557 16114
2557 17345
2557 27092
2557 31497
2558 7358
2558 13223
2558 20401
2558 31575
2558 35741
2559 5098
2559 8300
2559 26904
2559 28403
2559 37332
2560 10143
2560 12754
2560 16748
2560 28500
2560 31745
2560 38279
2561 3649
2561 21830
2561 25901
2561 26676
2561 29027
2561 38777
2562 12599
2562 13711
2562 21387
2562 21423
2563 3481
2563 7713
2563 8354
2563 12032
2563 34782
2563 39660
2564 9569
2564 16630
2564 35100
2565 16045
2565 20610
2565 30914
2565 35029
2566 22558
2567 16770
2567 17768
2567 18372
2567 22250
2567 38602
2567 38648
2568 22482
2568 31766
2568 34375
2569 3638
2569 16723
2569 17597
2569 31268
2570 6437
2570 13664
2570 25203
2570 27226
2571 4627
2571 6618
2571 8329
2571 12476
2571 25524
2571 38382
2571 39286
2572 30437
2572 38904
2573 30273
2573 35951
2573 36486
2574 10090
2574 15971
2574 27309
2574 39629
2575 4553
2575 29422
2576 6633
2576 8620
2576 9410
2576 12337
2576 16205
2576 19924
2576 20836
2576 24229
2576 32809
2576 35726
2577 13274
2577 22945
2577 34491
2578 2926
2578 13111
2578 22176
2578 24402
2578 37168
2579 6594
2579 23200
2579 24591
2580 14632
2580 20186
2580 34349
2580 34719
2580 39462
2581 10033
2582 27023
2582 28051
2582 30896
2583 2692
2583 13766
2583 17630
2583 22513
2583 37623
2584 8154
2584 31776
2584 35500
2585 6114
2585 19390
2585 30752
2586 10851
2586 12816
2586 26407
2587 16377
2587 17366
2587 35381
2588 37613
2589 18921
2589 26273
2589 30014
2590 19964
2590 20455
2590 39703
2591 9661
2591 12241
2591 19350
2591 25690
2591 32471
2591 34653
2591 36279
2591 39836
2592 10078
2592 14558
2592 19980
2592 21388
2592 23161
2592 33419
2593 10634
2593 23252
2593 37186
2594 5866
2594 23881
2594 24081
2595 9868
2595 13853
2595 15821
2595 19331
2595 20474
2595 39123
2596 12796
2596 22763
2596 30334
2597 25225
2597 35728
2597 38093
2598 18304
2598 28462
2598 30926
2599 35289
2599 35481
2600 39171
2601 20078
2601 20534
2602 18272
2602 23126
2602 26263
2603 8992
2603 20305
2603 23145
2603 28094
2603 31938
2603 32171
2604 4121
2604 24114
2605 17092
2605 25358
2605 26313
2606 6470
2606 9907
2606 10014
2606 11119
2606 15002
2606 35439
2607 11822
2607 23509
2607 27520
2607 34737
2608 5028
2608 6680
2608 13146
2608 15586
2608 20917
2608 36351
2608 37312
2609 13167
2609 15737
2609 26046
2610 19095
2610 24811
2610 27593
2610 27695
2610 37939
2611 9696
2611 11808
2611 16538
2611 25899
2612 37047
2613 27542
2614 14947
2614 15295
2614 30204
2614 32588
2615 16328
2615 32075
2615 35472
2616 4081
2616 8440
2616 8660
2616 15783
2616 19798
2616 25765
2616 39003
2617 24802
2617 31064
2618 2655
2618 28754
2619 5058
2619 12226
2619 35600
2619 36672
2620 7884
2620 8172
2620 21506
2620 21826
2620 28449
2620 29422
2620 31546
2620 35279
2621 7635
2621 21203
2622 7160
2622 15486
2622 20375
2623 19633
2623 27186
2623 35647
2624 6653
2624 10058
2624 11032
2624 11283
2624 19187
2624 23442
2624 39358
2625 9210
2625 9710
2625 12453
2625 20784
2625 25853
2626 14056
2626 14507
2626 16469
2626 35785
2627 2643
2627 2978
2627 23725
2627 24119
2627 31071
2628 19670
2628 26335
2629 29500
2629 37067
2629 37594
2629 39603
2630 35550
2631 21565
2632 6090
2632 20443
2632 21748
2632 25696
2632 33799
2632 35679
2633 23416
2633 23861
2633 26271
2633 39457
2634 18110
2635 11236
2635 13389
2635 33016
2636 3542
2636 9853
2636 34367
2636 39955
2637 20064
2638 4015
2638 9292
2638 15745
2638 19329
2638 29685
2639 7827
2639 36341
2639 37020
2640 8580
2640 14339
2640 21486
2641 8363
2641 21813
2641 21920
2641 22610
2641 24188
2641 28155
2641 36553
2642 38810
2643 2846
2643 13419
2643 32739
2644 17165
2644 34296
2645 6927
2645 19401
2645 30016
2645 31390
2645 35485
2646 8000
2646 10808
2646 12340
2646 32328
2647 5030
2647 8700
2647 13963
2647 15702
2647 16039
2647 16528
2647 27124
2648 15179
2648 36845
2648 39297
2649 12371
2650 2654
2650 4659
2650 18841
2651 11126
2651 18050
2651 18295
2651 37494
2652 10728
2652 13446
2652 14727
2652 34637
2653 7699
2653 15988
2653 21797
2654 7255
2654 23947
2655 16579
2655 16823
2655 23966
2655 33194
2655 34427
2656 16035
2656 24083
2656 35544
2656 36044
2657 5692
2657 17869
2658 13381
2658 16968
2658 35940
2658 38901
2658 39923
2659 11572
2659 15903
2659 19534
2659 29604
2660 9153
2660 9782
2660 11645
2660 17161
2660 23438
2660 32787
2661 7379
2661 13625
2661 13696
2661 14743
2661 20614
2661 21190
2661 31909
2662 10999
2662 16997
2662 27102
2662 36092
2662 36208
2662 38485
2663 4860
2663 24112
2663 32236
2663 38510
2664 6148
2664 11539
2664 16006
2665 15472
2665 19259
2665 28059
2665 32940
2665 34899
2665 39742
2666 15754
2666 18282
2666 22807
2666 25247
2666 28302
2666 29984
2667 8961
2667 28987
2668 6387
2668 15076
2668 22453
2668 33922
2668 37761
2669 32504
2670 5737
2670 6996
2670 8884
2670 9324
2670 19099
2670 26176
2670 26229
2670 27715
2671 7592
2671 25754
2671 28016
2671 29011
2672 19881
2672 30582
2672 33030
2672 36361
2673 20158
2673 33811
2673 36441
2674 11189
2674 16887
2674 19325
2674 32835
2674 34177
2674 34975
2674 38023
2675 4113
2675 15015
2675 18192
2675 19578
2675 21446
2675 36331
2675 38971
2676 24012
2676 28564
2676 35027
2677 15379
2677 27006
2678 15460
2678 29333
2679 4020
2679 29343
2680 13107
2680 16903
2680 20305
2681 20069
2681 24502
2681 25672
2682 5252
2682 17994
2682 19746
2682 21507
2683 3437
2683 14084
2683 37594
2684 7157
2684 17223
2684 25571
2684 28897
2684 34768
2685 13769
2685 37679
2686 6027
2686 9168
2686 27194
2686 32248
2687 4891
2688 5675
2688 11807
2688 16762
2688 17398
2688 19132
2688 31972
2688 35006
2689 27894
2690 3897
2690 11871
2691 16363
2691 17841
2691 24171
2691 25709
2691 29888
2691 31002
2691 37626
2692 9046
2692 10364
2692 38454
2693 10826
2693 12848
2693 19435
2693 21256
2693 24259
2693 26138
2694 11638
2694 20992
2694 24862
2695 13028
2695 17281
2695 21593
2695 28738
2695 37505
2696 18640
2696 22349
2696 23954
2697 26285
2697 32728
2697 34211
2697 35327
2698 8974
2699 20194
2699 27247
2699 37464
2700 15844
2701 20533
2701 21056
2701 30261
2701 33732
2703 22938
2703 31911
2703 36545
2704 20792
2704 27017
2704 32412
2704 36234
2705 11225
2705 23320
2706 12762
2706 20835
2706 30379
2706 34444
2707 3864
2707 6038
2707 12402
2707 13849
2707 18509
2707 19083
2707 24504
2708 10238
2708 13359
2708 16475
2708 27088
2709 6935
2709 13740
2709 17943
2709 21153
2709 39740
2710 11778
2711 3213
2711 14770
2711 20861
2711 27278
2711 32076
2711 35356
2712 4709
2712 16448
2712 19936
2713 2852
2713 11695
2713 37768
2714 11777
2714 13592
2714 32949
2714 34442
2715 5122
2715 5611
2715 17774
2715 25408
2716 11888
2716 15775
2716 30764
2717 5193
2717 15314
2717 16425
2717 29970
2717 36880
2717 39927
2718 15106
2718 22570
2718 33583
2719 6392
2719 8798
2719 9807
2719 10942
2719 30608
2719 38447
2720 17995
2720 26999
2721 19189
2721 37903
2722 3179
2722 9238
2722 17276
2722 20067
2722 20144
2722 32840
2722 33239
2722 34381
2722 36279
2723 19552
2723 34030
2723 38339
2724 14277
2724 24979
2725 23713
2725 33379
2725 38574
2726 16001
2726 20321
2726 20699
2726 24235
2726 37380
2726 38124
2727 8758
2727 11755
2727 21946
2727 29802
2727 37298
2727 39281
2728 3998
2728 9028
2728 30461
2729 32392
2729 37386
2730 3450
2730 6718
2730 15701
2730 26061
2730 33881
2730 37263
2731 5598
2731 10378
2731 29687
2732 35690
2733 6992
2733 10240
2733 19309
2733 34005
2733 34599
2733 34866
2734 5901
2734 24534
2734 27072
2734 35978
2735 11574
2735 13709
2735 25587
2735 25924
2735 38111
2736 4932
2736 6041
2736 7323
2736 26931
2736 27933
2736 37279
2736 39030
2737 9830
2737 17037
2737 25291
2737 33027
2738 23910
2738 28585
2739 3422
2739 4139
2739 9307
2739 16173
2739 17043
2739 26673
2740 14282
2740 16155
2741 2927
2741 11001
2741 12979
2741 19891
2741 36081
2742 13991
2742 19924
2743 28460
2743 29351
2743 31703
2743 37780
2744 17711
2745 9934
2745 11377
2745 27261
2745 34635
2746 11548
2746 19535
2746 21376
2746 22971
2746 27722
2746 32204
2746 34709
2747 16753
2748 14438
2748 19190
2748 33696
2748 34743
2748 36678
2749 8241
2749 9347
2749 10788
2750 16835
2750 38990
2751 10094
2751 15290
2751 30678
2752 10585
2753 4259
2753 15624
2753 19476
2753 22777
2753 23208
2754 6137
2754 11619
2754 24291
2754 24588
2754 28144
2755 35123
2756 6541
2756 16359
2756 38932
2757 7557
2757 18871
2757 22788
2757 25822
2757 34822
2757 39394
2758 33610
2759 5103
2759 20484
2760 18323
2760 27801
2760 28287
2760 30559
2761 23935
2761 25878
2761 26205
2762 8491
2763 8359
2763 17933
2763 20137
2763 25400
2764 17952
2764 18404
2764 25142
2765 13358
2765 16362
2765 18476
2765 31208
2766 13847
2766 27993
2766 28115
2767 4549
2767 21542
2767 26911
2768 3393
2768 36358
2768 38062
2769 8947
2769 17915
2769 35877
2770 11344
2770 12344
2770 18951
2770 20143
2770 26945
2770 30571
2770 35829
2771 4614
2771 6561
2771 7539
2771 15695
2771 16801
2771 30297
2772 10153
2772 15473
2772 20895
2772 22959
2772 23073
2772 24171
2772 38874
2773 3790
2773 23980
2773 24554
2773 27083
2773 28378
2773 30908
2773 32295
2774 3089
2774 5552
2774 6835
2774 14138
2774 16808
2775 14734
2775 19215
2775 20987
2775 28720
2775 28779
2775 29979
2775 34566
2775 39092
2776 14490
2776 14953
2776 29868
2777 4430
2777 29078
2777 35859
2778 16432
2778 34734
2779 4725
2779 19645
2779 20332
2779 24407
2780 6909
2780 10398
2780 15824
2780 29319
2780 29758
2781 12306
2781 12940
2781 32002
2782 4087
2782 24347
2783 14437
2783 25271
2783 31702
2784 22020
2784 23864
2784 32560
2785 3417
2785 17206
2785 18788
2785 22036
2785 24513
2785 32943
2785 33656
2786 10678
2786 21228
2786 25932
2786 27534
2786 32096
2787 7530
2787 15129
2788 29500
2788 34053
2788 37576
2789 2926
2789 4366
2789 5369
2791 11210
2791 23035
2792 18522
2792 22031
2792 34719
2793 9129
2793 25424
2793 28367
2793 31681
2794 7529
2794 10170
2794 25245
2795 32575
2795 32950
2796 9976
2796 17165
2796 21320
2796 39418
2797 9684
2797 23114
2797 39717
2798 7628
2798 13660
2798 15777
2798 23592
2798 33310
2798 34906
2799 7181
2799 27439
2799 33989
2800 16848
2800 32772
2801 18575
2802 9245
2802 14316
2802 22619
2802 32218
2802 35147
2803 6129
2803 15123
2803 24194
2804 12395
2804 16621
2804 28327
2805 3354
2805 3931
2805 8216
2805 11911
2805 26509
2805 38816
2806 3180
2806 21952
2806 22851
2806 23711
2806 36788
2806 39778
2807 24549
2807 25315
2808 6272
2808 34881
2809 29405
2809 29629
2810 5487
2810 15499
2810 35776
2811 6378
2811 9909
2811 20659
2811 24629
2811 26094
2812 12297
2813 3984
2813 22148
2813 26634
2813 29694
2813 30616
2814 3062
2814 5341
2814 36369
2815 14272
2815 15698
2815 30470
2816 21130
2817 5217
2817 5792
2817 16473
2817 27449
2817 36335
2818 4815
2818 20374
2819 3264
2819 7153
2819 14471
2819 38987
2820 29979
2821 9633
2821 16803
2821 20058
2821 31501
2822 8400
2822 23018
2822 38284
2823 3849
2823 16052
2823 25725
2824 17191
2824 29831
2824 39907
2825 32411
2825 34145
2826 11152
2826 16138
2826 21319
2826 33882
2827 20384
2827 21547
2828 3378
2828 20954
2828 21250
2828 24145
2828 32194
2828 33557
2830 14681
2830 15124
2830 16574
2830 19136
2830 30049
2830 37509
2830 39275
2831 15627
2831 18175
2831 24345
2831 26472
2831 33680
2832 5690
2832 24977
2832 29643
2832 38992
2833 16460
2833 21281
2833 29559
2833 30368
2833 37353
2834 9003
2834 33470
2835 5378
2835 11068
2835 27339
2835 29631
2835 31880
2836 8660
2836 22967
2836 23079
2836 27643
2836 27673
2837 7485
2837 14389
2837 17907
2837 28415
2837 33420
2838 21792
2838 33147
2838 38303
2839 10670
2839 27792
2839 36514
2839 38445
2840 7612
2840 28833
2841 15883
2841 17635
2841 28544
2842 7524
2842 13101
2842 22830
2842 27160
2843 17006
2843 27038
2843 31756
2843 36228
2844 5764
2844 11528
2844 15490
2844 16197
2844 39311
2845 9969
2845 36111
2846 12977
2847 24286
2847 26558
2847 27892
2848 19522
2848 35258
2849 35491
2850 12928
2850 19873
2850 23271
2850 27447
2850 33179
2850 37253
2851 7224
2851 23962
2851 24248
2851 29065
2851 36672
2851 39606
2852 3387
2852 9675
2852 16711
2852 21776
2852 38621
2853 7987
2853 22872
2853 35578
2854 21613
2854 29917
2855 5121
2855 39786
2856 9696
2856 36497
2856 36814
2857 4946
2857 25386
2857 27366
2857 39930
2858 35572
2858 38170
2859 21889
2859 30453
2860 20728
2860 22409
2860 28836
2860 28853
2860 38851
2861 5864
2861 12484
2861 28958
2861 31130
2862 5086
2862 17057
2862 22657
2863 12848
2863 21441
2863 38412
2864 5671
2864 15747
2864 17910
2864 31297
2864 35529
2865 29240
2866 6285
2866 10948
2866 13215
2866 29776
2866 30157
2867 2886
2867 9367
2867 17763
2867 21244
2867 22079
2867 24112
2867 39747
2868 4553
2868 7029
2868 17394
2868 25685
2868 26603
2868 32241
2869 4806
2869 15172
2869 18809
2870 17929
2870 31584
2871 12315
2871 13119
2871 14540
2871 28063
2872 5800
2872 34301
2872 36423
2873 5202
2873 13674
2873 30031
2873 36461
2874 4750
2874 18749
2874 27081
2874 33188
2874 37132
2874 39892
2875 5564
2875 6112
2875 12236
2875 20238
2875 26897
2876 3725
2876 9654
2876 16233
2876 20899
2876 28223
2876 35714
2877 3090
2877 18655
2877 35796
2878 18137
2878 25717
2878 27270
2878 29398
2878 37703
2879 18036
2879 28633
2879 39764
2880 33355
2880 35686
2881 3164
2881 7267
2881 8752
2881 27296
2881 28432
2881 32317
2882 5146
2883 31522
2883 32553
2883 34191
2884 23237
2885 5510
2885 17584
2885 19822
2885 31126
2885 37558
2886 8721
2886 18223
2886 33150
2887 17651
2887 23131
2887 26790
2887 30505
2887 32038
2888 27211
2889 11790
2889 18589
2889 21217
2889 29034
2890 5753
2890 33463
2891 33692
2892 38163
2893 6276
2893 7785
2893 11692
2893 21308
2893 22143
2893 33762
2894 13751
2894 25978
2894 26804
2894 29267
2894 29766
2894 31671
2895 21723
2895 22358
2895 32549
2895 33260
2896 9135
2896 16742
2896 24496
2896 25252
2896 29270
2897 10086
2897 13415
2897 31965
2897 34610
2897 34658
2897 36515
2897 36944
2898 9043
2898 31521
2898 32933
2899 19742
2899 20690
2899 25397
2899 33579
2900 12785
2901 7764
2901 22688
2901 32826
2901 33872
2902 13630
2902 13922
2902 21424
2902 22329
2902 27468
2902 38333
2903 15399
2903 15940
2903 21754
2903 26352
2903 35249
2903 35457
2903 39171
2904 4814
2904 31446
2905 19760
2905 20356
2905 26367
2905 31851
2905 33102
2905 33876
2905 35750
2906 22790
2906 29014
2906 34465
2907 8612
2907 9017
2907 29669
2907 33213
2908 4327
2908 10397
2908 21451
2908 33950
2908 38055
2908 39575
2909 3251
2909 13266
2909 18611
2909 35383
2910 6861
2910 15626
2910 25316
2911 15709
2911 30142
2911 32427
2911 33602
2912 7278
2912 8568
2912 11810
2912 28083
2913 7970
2913 11802
2913 12462
2913 23423
2913 30215
2914 32178
2915 4002
2915 12677
2915 21424
2915 28361
2916 11739
2917 24278
2918 4347
2918 22149
2918 30745
2918 31973
2919 5331
2919 15322
2919 16011
2919 23344
2920 18623
2920 27126
2920 33218
2920 37222
2921 12374
2921 21633
2921 24961
2922 4722
2922 6249
2922 24372
2922 31726
2923 7089
2923 9510
2924 14887
2924 25312
2924 35096
2925 10732
2925 18488
2925 21660
2925 26069
2927 5085
2927 12915
2927 32153
2927 38808
2928 11427
2928 13561
2928 31652
2928 34619
2929 15866
2929 17083
2929 24521
2929 25567
2929 37545
2929 38333
2930 6895
2930 7777
2930 9346
2930 21403
2930 30804
2930 35549
2931 6483
2931 10966
2931 16060
2932 15504
2932 19017
2932 26557
2932 35758
2932 36365
2933 6937
2933 26742
2934 11150
2934 19600
2934 22697
2934 32925
2935 8018
2935 16236
2935 19541
2935 22507
2935 23249
2935 28911
2935 31605
2935 39902
2936 3727
2936 15086
2936 22867
2936 34420
2936 37387
2937 14283
2937 17946
2937 36276
2937 37136
2938 6658
2938 8466
2938 14822
2939 8149
2939 9587
2939 14095
2939 14795
2939 27067
2939 27374
2940 5870
2940 10630
2940 17178
2940 20739
2940 33334
2941 4247
2941 5580
2941 32454
2942 3473
2942 4839
2942 21662
2943 8023
2943 9602
2943 23203
2943 32062
2943 32582
2943 38602
2944 6343
2944 8608
2944 13785
2944 28806
2944 33405
2944 35361
2944 38677
2945 4783
2945 12428
2945 27331
2946 7687
2946 25154
2946 36756
2947 18129
2947 28090
2947 35377
2948 21872
2949 19853
2949 30718
2950 17540
2951 7604
2951 16183
2951 18209
2951 22073
2951 28839
2952 8830
2952 14558
2952 17029
2953 8470
2953 20396
2953 24042
2953 34535
2953 38807
2954 8854
2954 21350
2954 22843
2954 35732
2954 39051
2955 27104
2956 12592
2956 22517
2956 27872
2956 31223
2957 13738
2958 11026
2958 16004
2959 6058
2959 6724
2959 37890
2960 24927
2960 37271
2961 15548
2961 19801
2961 35405
2962 8340
2962 17782
2962 33241
2963 8788
2963 9882
2963 22253
2963 23791
2963 31853
2963 35989
2964 6305
2964 12513
2964 26389
2964 29300
2964 37928
2965 8313
2965 9861
2965 23144
2965 26105
2965 35783
2966 6665
2966 36320
2966 37067
2967 4644
2967 20310
2967 27645
2967 30363
2967 33772
2967 36460
2968 3364
2968 8585
2968 20253
2968 38894
2969 5685
2969 6637
2970 32855
2970 35043
2970 36336
2971 13708
2972 5751
2972 6921
2972 8036
2972 14040
2972 22568
2973 11982
2973 23668
2973 26848
2973 27243
2974 25756
2974 31395
2974 35481
2974 37291
2974 38384
2974 39314
2975 16652
2975 37926
2976 20876
2976 35165
2976 36508
2976 39045
2977 9333
2977 14295
2977 32561
2978 28049
2979 4894
2979 10689
2979 32874
2979 36892
2980 11822
2980 17609
2980 22178
2981 10092
2981 11498
2981 16499
2981 27906
2982 12017
2982 23700
2983 10228
2984 23319
2984 28089
2984 30051
2985 4612
2985 19653
2985 33949
2985 37043
2986 38352
2986 39808
2987 9522
2987 12345
2987 19004
2987 19063
2987 32530
2987 38849
2988 17085
2988 18894
2988 35332
2989 4646
2989 8375
2989 12331
2989 19394
2990 6742
2990 7390
2990 12998
2990 32197
2990 37066
2991 6603
2991 31404
2992 4759
2992 5902
2993 3026
2994 12585
2994 17307
2994 36557
2995 6448
2995 11611
2995 31966
2995 36419
2996 3822
2996 8544
2996 31030
2996 34306
2997 5759
2997 16274
2997 18866
2997 34857
2998 3387
2998 16085
2998 20129
2998 32078
2999 12293
2999 12655
2999 14899
3000 6793
3000 11564
3000 15545
3000 19902
3000 29353
3000 34539
3001 31779
3001 33935
3002 19166
3002 21151
3002 25379
3002 27835
3003 15267
3004 3806
3004 6744
3004 18237
3004 22371
3004 34871
3004 37163
3005 13741
3005 16441
3005 33731
3005 38195
3006 3603
3006 5308
3006 12613
3006 13393
3006 19541
3006 24338
3007 13437
3007 17146
3007 21158
3008 11597
3008 15609
3008 35322
3009 3208
3009 3318
3009 8173
3009 14410
3009 16339
3009 28570
3009 39075
3010 8992
3010 14922
3010 20250
3010 26642
3010 30913
3010 35604
3011 5755
3011 16113
3011 21946
3012 9888
3012 17811
3012 28918
3013 15146
3013 16664
3013 18534
3014 20409
3014 20742
3015 21362
3015 32525
3015 38784
3016 10386
3016 13261
3016 14782
3016 20935
3016 39584
3017 10404
3017 17823
3017 34627
3018 9211
3018 21515
3019 7049
3019 12938
3019 18502
3019 28965
3019 29154
3020 10660
3020 18221
3020 22036
3020 24516
3020 29823
3020 31867
3020 33973
3020 38265
3021 9426
3021 11525
3021 30329
3022 11268
3022 13344
3022 16730
3022 31468
3023 8396
3023 9617
3023 15635
3023 35906
3023 36814
3024 8935
3024 9704
3024 15840
3024 37759
3025 10302
3026 14639
3026 18940
3026 25449
3026 38917
3027 4438
3027 8026
3027 15340
3027 21531
3028 14356
3028 18665
3028 35207
3029 6798
3029 9517
3029 10928
3029 22423
3029 27541
3030 8902
3030 30190
3030 31122
3031 18238
3031 28515
3032 10927
3032 14696
3032 20464
3032 29860
3032 31982
3032 39787
3033 4370
3033 6069
3033 11645
3034 10840
3034 18473
3034 22412
3034 30533
3034 37158
3035 11798
3035 28118
3035 30776
3035 31107
3036 6527
3036 9862
3036 10303
3036 14934
3036 26493
3036 32069
3037 3299
3037 4793
3037 7205
3037 8241
3037 17246
3037 17835
3037 27114
3037 34954
3038 4122
3038 26605
3038 34867
3038 37861
3040 7981
3040 12700
3040 37330
3041 3152
3041 23609
3041 34798
3041 35512
3041 37442
3041 39487
3042 8331
3042 13204
3042 14361
3042 17897
3042 21316
3042 24159
3043 14839
3043 17434
3043 17666
3043 29897
3043 33064
3044 12898
3045 4160
3045 8088
3045 8556
3046 5567
3046 7395
3046 16588
3046 32597
3046 32834
3047 14483
3047 20107
3047 20522
3047 28972
3047 30693
3048 3705
3048 10027
3048 30165
3049 5599
3049 21981
3049 23535
3049 28540
3049 31670
3049 36710
3049 36970
3050 17863
3050 21753
3050 22035
3050 26428
3050 33957
3050 38846
3051 15613
3052 15274
3053 14778
3053 22040
3053 25580
3054 23847
3054 37425
3055 22147
3056 12684
3056 14502
3056 30380
3057 23709
3057 39697
3058 6931
3058 7227
3058 26682
3059 6913
3059 13795
3059 22064
3060 5336
3060 19261
3060 38045
3061 11351
3061 19178
3061 36213
3061 39045
3062 4138
3062 5132
3062 10382
3062 25993
3062 38920
3063 9779
3063 15365
3063 20225
3063 25096
3063 35646
3064 3386
3064 3763
3064 6514
3064 7335
3064 10351
3064 15869
3064 17435
3064 24988
3064 29155
3064 33403
3065 4625
3065 19901
3065 29434
3066 4828
3066 11931
3066 14502
3066 27548
3067 27229
3067 29124
3068 9035
3068 29590
3069 10748
3069 16759
3069 35550
3069 37519
3070 8761
3070 18082
3070 38042
3070 39757
3071 13841
3071 14225
3071 35680
3072 10113
3072 15755
3072 29913
3072 33929
3072 34181
3072 35497
3073 3829
3073 6416
3073 17093
3073 30783
3073 32519
3074 25465
3074 26834
3075 7289
3075 11768
3075 37367
3076 18664
3076 30387
3077 20122
3077 24456
3077 30489
3077 36625
3078 25087
3079 10706
3079 14741
3079 20550
3079 33270
3080 16168
3080 24088
3080 29483
3081 10868
3081 20281
3081 24309
3081 25013
3081 25387
3081 38672
3081 39844
3082 7886
3082 14035
3082 14383
3082 17783
3082 26132
3082 26758
3083 4795
3083 10491
3083 20582
3084 13666
3084 16451
3084 20726
3084 29836
3084 39488
3085 9645
3085 16090
3085 16890
3086 22865
3087 8163
3087 10475
3087 30519
3087 33489
3088 3385
3088 23471
3088 38063
3089 4881
3089 12770
3089 18677
3089 39647
3090 26222
3090 29400
3090 35017
3091 7389
3091 12503
3091 20849
3091 28258
3091 34827
3091 37560
3091 37871
3092 14091
3092 19558
3092 31389
3093 5667
3093 18146
3093 18226
3093 31860
3093 36178
3093 36821
3093 37895
3093 38417
3094 23087
3095 5529
3095 10139
3095 15802
3095 24282
3096 29361
3097 36467
3098 17342
3098 18186
3098 21686
3098 32327
3098 36054
3099 15074
3100 11920
3100 21191
3100 22865
3100 27906
3100 36450
3101 26229
3102 24794
3102 28807
3102 34698
3102 36253
3103 13006
3103 14947
3103 15046
3103 21019
3103 30242
3104 12085
3105 29902
3105 30540
3105 32247
3106 7746
3106 16650
3106 18441
3106 24140
3106 26682
3106 28783
3106 36179
3107 10906
3107 14685
3107 17173
3107 18958
3107 22871
3107 31253
3108 10996
3108 24993
3108 29072
3109 13842
3109 15018
3109 36775
3110 6178
3110 12836
3110 18691
3110 20570
3110 29063
3110 32642
3111 14790
3111 24989
3111 30633
3111 33434
3112 6287
3112 7091
3112 23817
3112 29092
3112 34789
3112 36844
3112 36995
3112 37782
3113 5382
3113 11545
3113 18986
3113 31015
3114 13530
3114 23919
3114 35704
3116 16991
3116 17610
3116 23375
3116 32726
3116 36966
3117 6423
3117 19174
3117 24406
3117 29692
3117 32160
3118 18164
3118 37729
3119 3203
3119 13091
3119 37681
3120 9289
3120 11500
3120 30236
3120 34594
3121 7015
3121 10229
3121 20658
3121 39804
3122 7906
3122 28789
3122 31725
3123 4317
3123 8607
3123 12634
3123 24021
3123 29807
3124 7742
3124 12571
3124 38028
3124 39757
3125 15053
3125 22466
3125 24456
3125 36299
3126 10568
3126 19376
3127 6437
3127 28521
3127 36923
3128 37814
3128 38420
3129 11007
3129 15022
3129 22210
3129 23048
3129 24243
3130 37329
3131 4587
3131 22867
3131 25239
3131 25311
3131 35598
3132 12482
3132 14125
3132 19645
3132 27274
3132 33441
3133 10424
3133 25038
3133 30511
3133 34641
3133 38405
3134 11137
3134 17120
3134 18641
3134 34591
3134 36473
3135 4660
3135 20790
3135 26237
3135 31340
3135 35007
3136 13094
3136 29571
3136 30625
3137 24500
3138 7700
3138 31640
3139 15165
3139 19177
3139 22692
3139 33602
3140 34315
3141 4168
3141 4290
3141 5189
3141 16573
3141 18518
3141 39649
3142 9054
3142 14797
3142 17473
3142 19144
3142 34854
3143 28757
3144 5730
3144 13446
3144 19820
3144 31086
3144 36838
3145 6655
3145 11272
3145 21701
3145 24895
3145 39820
3146 7027
3146 10614
3146 23670
3146 30306
3147 4498
3147 8471
3147 28732
3148 19230
3148 19639
3149 3278
3149 15491
3149 17964
3149 18624
3149 23522
3149 34460
3150 13230
3150 13946
3150 33988
3150 37793
3151 5749
3151 9056
3151 9749
3151 26163
3152 15731
3153 6728
3153 20936
3153 30919
3154 4172
3154 5244
3154 27071
3154 28454
3155 8385
3155 16178
3155 21704
3155 26024
3155 36267
3155 37061
3156 5878
3156 22007
3156 33859
3157 9103
3157 21703
3157 34683
3158 6065
3158 11410
3158 27482
3158 33221
3159 5838
3159 6059
3159 21488
3160 4953
3160 13372
3160 23422
3160 23590
3160 34585
3160 36854
3161 4085
3161 15834
3161 17567
3162 32320
3163 16010
3163 16287
3163 33291
3164 16056
3164 39763
3165 12047
3166 15756
3166 16386
3166 21629
3166 22181
3166 23475
3166 28168
3166 31398
3167 8117
3167 13818
3168 3950
3168 7698
3168 14736
3168 18255
3168 26593
3168 31130
3168 35150
3169 15172
3169 19358
3169 20788
3169 21472
3169 25503
3169 30612
3169 32662
3170 17091
3170 22117
3170 23140
3170 39078
3172 19030
3172 39180
3173 5785
3173 6680
3173 12244
3173 16726
3173 23790
3173 24827
3173 27552
3173 32012
3174 20280
3174 22331
3174 25142
3174 25280
3174 33732
3175 14727
3175 21659
3176 19275
3176 26249
3176 39156
3177 12042
3177 14017
3177 29916
3177 30487
3178 18923
3178 20890
3178 34204
3178 38448
3178 38468
3179 5418
3179 17863
3179 20962
3179 37166
3179 37692
3180 11567
3180 33916
3181 5302
3181 12398
3181 17513
3181 28591
3181 31202
3182 25055
3182 26707
3182 30421
3182 33962
3182 34070
3182 37494
3183 20078
3183 31099
3183 31121
3183 34155
3184 6892
3184 28143
3185 15107
3185 16849
3185 22050
3185 24229
3186 7393
3186 13151
3186 22430
3186 26249
3187 14342
3187 19014
3187 36146
3188 5484
3188 23620
3189 6597
3189 22658
3189 38111
3190 12028
3190 20491
3191 17714
3191 36545
3193 13593
3194 4020
3194 6727
3194 15849
3194 20785
3194 38217
3196 9754
3196 20654
3196 37059
3196 38500
3197 4533
3197 13192
3197 19733
3197 32193
3198 5074
3198 7996
3198 10611
3198 24071
3198 29780
3198 38750
3199 5249
3199 7504
3199 16788
3199 27935
3199 39339
3200 15767
3200 24646
3200 36277
3201 4131
3201 7780
3201 15976
3201 17624
3201 23471
3201 32944
3201 33797
3202 25633
3202 35403
3202 39975
3203 28315
3203 34606
3204 21433
3204 33425
3205 3589
3205 12740
3205 19637
3205 25650
3205 34033
3205 38094
3206 18678
3206 38934
3206 39584
3207 22338
3207 31339
3208 10705
3208 12251
3208 13217
3208 27140
3208 34687
3209 3730
3209 28105
3209 33805
3210 5092
3210 7874
3210 11043
3210 35030
3211 17869
3212 7999
3212 20371
3212 29260
3212 36167
3213 12147
3213 18076
3213 21876
3213 24631
3213 27176
3213 38952
3214 17995
3214 18315
3215 10979
3215 17568
3215 39178
3216 5888
3216 15156
3217 10578
3217 14648
3217 19660
3217 24748
3217 31374
3218 9405
3219 10845
3219 28910
3219 31153
3220 26163
3220 27409
3220 30485
3221 5569
3221 22217
3221 27112
3222 4254
3222 16696
3222 20228
3222 38500
3223 16583
3223 19983
3223 20800
3224 23292
3224 28837
3225 4028
3225 14571
3225 14751
3225 23249
3226 10150
3226 17062
3226 25883
3226 31094
3226 36008
3227 4391
3227 9132
3227 13883
3227 15307
3227 39696
3228 3595
3228 4667
3228 21456
3228 22059
3228 22959
3228 37948
3229 10714
3229 28040
3230 8681
3230 23094
3230 25977
3230 32742
3231 7391
3231 19750
3231 22472
3231 23466
3232 9844
3232 14072
3232 17218
3232 32199
3233 8562
3234 15594
3234 20292
3234 25185
3235 18267
3236 21121
3236 21560
3236 39805
3237 4921
3237 14987
3237 20257
3237 25945
3237 33935
3237 37552
3238 26010
3238 37189
3238 39949
3239 4864
3239 18399
3239 27182
3239 28995
3239 38396
3240 5245
3240 7553
3240 8211
3240 11310
3240 21829
3241 8779
3241 15060
3241 31600
3241 39035
3242 13033
3242 17779
3242 30924
3243 10240
3243 19293
3244 29600
3244 29949
3245 10884
3245 32282
3245 34306
3245 39701
3246 8635
3246 20158
3246 22321
3246 33852
3247 15732
3247 15894
3248 10704
3248 14796
3248 15977
3248 20591
3248 21035
3249 5947
3249 15137
3249 20237
3249 24449
3249 24724
3249 34511
3250 23947
3251 25915
3252 37009
3253 19704
3253 29214
3253 30675
3253 35146
3254 4001
3254 4269
3254 15560
3254 18136
3254 20548
3255 9864
3255 15945
3255 32296
3255 34989
3256 9149
3256 10075
3256 18856
3256 19555
3256 26950
3256 29661
3256 33836
3256 37893
3257 7096
3257 17442
3257 21144
3257 29032
3257 33549
3257 38481
3258 4228
3258 4386
3258 13473
3258 15741
3258 32199
3258 39733
3259 15835
3259 17960
3259 23251
3259 28697
3259 29119
3259 29808
3259 30598
3260 8158
3260 14323
3260 15144
3260 19360
3260 20858
3260 36433
3260 39642
3261 15254
3261 28348
3262 3928
3262 19648
3262 24264
3262 28188
3262 31971
3263 29960
3263 34048
3264 12871
3264 14403
3264 16479
3264 18219
3264 24200
3264 29076
3264 33017
3265 15798
3265 15923
3265 17106
3265 20603
3265 27405
3265 29969
3265 37352
3266 5604
3266 10132
3267 4666
3267 22859
3268 8205
3268 12611
3268 18918
3268 26128
3268 29692
3268 37606
3270 21791
3271 3734
3271 3898
3271 8567
3271 29658
3271 34315
3272 7048
3272 11334
3272 14817
3272 16649
3272 20768
3272 27719
3272 32262
3272 38322
3272 39923
3273 5210
3273 8741
3273 9028
3273 10369
3273 20429
3273 22463
3274 8069
3274 8469
3274 11321
3274 31570
3275 24152
3275 26613
3276 10835
3276 15216
3276 34713
3277 3697
3277 6886
3277 18124
3277 38855
3278 9145
3278 10182
3278 19797
3278 23438
3279 8041
3279 19534
3279 22940
3279 36627
3280 8021
3280 9318
3280 9516
3280 12865
3280 38078
3280 38694
3281 14533
3281 18335
3281 21411
3281 33099
3281 34852
3282 12319
3282 14222
3282 15186
3282 15521
3283 4693
3283 20458
3283 22839
3284 4738
3284 26125
3284 34445
3284 34478
3285 18722
3285 25724
3286 3830
3286 10608
3286 14962
3286 16962
3286 20672
3286 22822
3286 26328
3287 9574
3287 36309
3287 36405
3287 38534
3288 20192
3288 25566
3288 28471
3289 3433
3289 3878
3289 16900
3289 27878
3289 28642
3289 33050
3289 34379
3289 35014
3290 10730
3290 19479
3290 34220
3291 5270
3292 19717
3292 34672
3292 39674
3293 5706
3293 6118
3293 11619
3293 32331
3295 39045
3296 5588
3296 13878
3296 19211
3296 34012
3297 7734
3297 8350
3297 9946
3297 12125
3297 13808
3297 23051
3297 38301
3297 38353
3298 12482
3298 23669
3299 5353
3299 18233
3299 33148
3300 20580
3300 33591
3301 6194
3301 19589
3301 22244
3301 29320
3301 38887
3302 24703
3302 27287
3302 32150
3303 10494
3303 14333
3303 25864
3303 27485
3303 27514
3303 28412
3303 38720
3304 9084
3304 13324
3304 18329
3304 21337
3304 28672
3304 30530
3304 31303
3304 32170
3305 12145
3305 14401
3305 26634
3306 19172
3306 27338
3306 33899
3308 6622
3308 18659
3308 29213
3308 32922
3308 36364
3308 36701
3309 11386
3309 38204
3310 4323
3310 29100
3311 7653
3311 17417
3311 27366
3311 28013
3311 30430
3312 15830
3312 20620
3312 33087
3313 13439
3313 16226
3313 25295
3313 25655
3313 27226
3313 29650
3314 8009
3314 9387
3314 14033
3314 39635
3315 8812
3315 20607
3315 37868
3316 3879
3317 11179
3317 16973
3317 22934
3317 23662
3317 29555
3318 20265
3318 23392
3319 6140
3319 6287
3319 10180
3319 20204
3319 28765
3320 5948
3320 7219
3320 8828
3320 26174
3321 18874
3321 23500
3321 30143
3322 25784
3323 5369
3323 6472
3323 30610
3324 9532
3324 11212
3324 31689
3324 37361
3325 9217
3325 12605
3325 23442
3325 25210
3326 5032
3326 14126
3326 15505
3326 17185
3326 27059
3326 31692
3326 33646
3327 5534
3327 7316
3327 22564
3327 23405
3327 26500
3327 29388
3328 4114
3328 22859
3328 29604
3328 38808
3329 4085
3329 5663
3329 20532
3329 20814
3329 26477
3329 39983
3330 25435
3331 19708
3331 27874
3331 31610
3331 33379
3332 7940
3332 9758
3333 11945
3333 16542
3333 25907
3333 26406
3333 29462
3334 4904
3334 7099
3334 10407
3334 22155
3334 34953
3335 7426
3335 17857
3335 25375
3336 7361
3336 9195
3336 14094
3336 24184
3336 31319
3337 3548
3337 9381
3337 18795
3337 19696
3337 27543
3337 34388
3338 4497
3338 25011
3338 32587
3339 5199
3339 31483
3340 5823
3340 13978
3340 14206
3340 27258
3340 34454
3340 38605
3342 11079
3342 16080
3342 17429
3342 18804
3342 20771
3342 29198
3343 8715
3343 27186
3343 29713
3343 35340
3344 5320
3344 9211
3344 10221
3344 15534
3344 20623
3345 25734
3346 11379
3346 17354
3346 36953
3346 37011
3347 6967
3347 8522
3347 14538
3347 23970
3347 28733
3347 35172
3348 12701
3348 20747
3348 28689
3348 30637
3349 5598
3349 15685
3349 17091
3349 19055
3349 20065
3349 25790
3349 28903
3349 35057
3349 39656
3350 11892
3350 23787
3350 38322
3350 39790
3351 7975
3351 15107
3351 19497
3351 26159
3351 29216
3351 35540
3352 7201
3352 32913
3352 35729
3353 4314
3353 23103
3353 28668
3353 29575
3353 33184
3353 36850
3354 26603
3354 30732
3354 33162
3354 33285
3355 24105
3355 26140
3355 36452
3356 4077
3356 16176
3356 20950
3356 28522
3357 4218
3357 11859
3357 19489
3357 37145
3358 16694
3358 19555
3359 4738
3359 12012
3359 23556
3359 32925
3360 6508
3360 19076
3360 25258
3360 26468
3360 27268
3360 28888
3360 39678
3361 10047
3361 32451
3361 35955
3362 5680
3362 7295
3362 17175
3363 22661
3363 38199
3363 38940
3364 18709
3364 25039
3364 26583
3364 27226
3365 11877
3365 13094
3365 20136
3366 7259
3366 11914
3366 12349
3366 12998
3367 4705
3367 21882
3368 7004
3368 12911
3368 24297
3368 32413
3368 35714
3369 13743
3370 11976
3370 23266
3370 25172
3370 28653
3370 28861
3370 32102
3371 4818
3371 7193
3371 30924
3371 32544
3371 32659
3372 3636
3372 11184
3372 11802
3372 26480
3373 15069
3373 33055
3375 14849
3376 3862
3376 6830
3376 11616
3377 39671
3378 9624
3378 11727
3378 11941
3378 17740
3378 27877
3378 38952
3379 13479
3379 16562
3379 17848
3380 8558
3380 13898
3380 22209
3380 31054
3381 5434
3381 8134
3381 23836
3381 28993
3381 29788
3382 17633
3382 26066
3382 37597
3383 6974
3383 8773
3383 11187
3383 27769
3383 31943
3383 33656
3383 36183
3384 5051
3384 8921
3384 29839
3385 11711
3385 18144
3385 26206
3385 29436
3386 6958
3386 20180
3387 17803
3387 20917
3388 7028
3388 10621
3388 17932
3388 19754
3388 21653
3388 25789
3388 39763
3389 13894
3390 18576
3390 32266
3391 11673
3391 20877
3391 30838
3391 31084
3392 11070
3392 20735
3392 27879
3392 34299
3393 26619
3393 34566
3393 38172
3394 5865
3394 7043
3394 22412
3394 28831
3395 15008
3395 15783
3395 19039
3396 3839
3396 33447
3396 36221
3397 6768
3397 30362
3398 10356
3398 29896
3399 7523
3399 21992
3399 22386
3399 31913
3400 6051
3400 26778
3401 11513
3401 12502
3401 13062
3401 16680
3401 21306
3401 31764
3401 32635
3401 39258
3402 12036
3402 15851
3402 17451
3402 26414
3402 28902
3402 39609
3403 19874
3405 7367
3405 16921
3406 4982
3406 8435
3406 37502
3407 31695
3407 33658
3407 37477
3408 4303
3408 21089
3408 33302
3409 8783
3409 12537
3409 15161
3409 17114
3409 30358
3410 20667
3411 16392
3411 24313
3411 35040
3411 35981
3412 7473
3412 8790
3412 16369
3412 31732
3413 7720
3413 12409
3414 10980
3414 25708
3414 36720
3414 39361
3415 31964
3415 32276
3415 34495
3415 36277
3416 10345
3416 17447
3416 20845
3417 6597
3417 16167
3417 29342
3418 28755
3418 34257
3419 4156
3419 22859
3419 28597
3419 35285
3420 6512
3420 9041
3420 9598
3420 13696
3420 15449
3420 17073
3420 27595
3420 30173
3421 5238
3421 38021
3422 6118
3422 20112
3423 6275
3423 23120
3423 25107
3423 28113
3423 38231
3424 14050
3424 25077
3424 27862
3425 6291
3425 9558
3425 10207
3425 17558
3425 39919
3426 5145
3426 17977
3426 26523
3427 6276
3427 21246
3429 4581
3430 22277
3430 32188
3431 12350
3431 22032
3431 26355
3431 36379
3432 7886
3432 16750
3432 16799
3432 35498
3433 11994
3433 19468
3433 32747
3434 10946
3434 24370
3434 32776
3435 12960
3435 22391
3435 32741
3436 12376
3436 25956
3436 38128
3436 39652
3437 13721
3437 23979
3437 29884
3437 30574
3437 39520
3438 5092
3438 11716
3438 17093
3438 36457
3438 39177
3439 4300
3439 6403
3440 4507
3440 5659
3440 15196
3440 19380
3440 27509
3441 39871
3442 8562
3442 8616
3442 12852
3442 16604
3442 23283
3443 11839
3443 21343
3443 25696
3443 28030
3443 31339
3443 34288
3443 34445
3444 7295
3444 12871
3444 30227
3444 33749
3444 35643
3444 37420
3447 10327
3447 17761
3448 15741
3448 19372
3448 27086
3448 31679
3449 6049
3449 8851
3449 9567
3449 12479
3449 18091
3449 29425
3449 35046
3449 38900
3450 6531
3450 17331
3450 20894
3450 22733
3450 30992
3450 38539
3451 32202
3451 38560
3452 14514
3452 25887
3452 31865
3453 5887
3453 21240
3453 29287
3455 10223
3455 17910
3455 19614
3456 12052
3456 17916
3456 36306
3457 16989
3457 30427
3457 32950
3458 26584
3458 26943
3459 21829
3459 35247
3460 13833
3460 18372
3461 13062
3461 14416
3461 17153
3461 31956
3462 9495
3462 19063
3462 31885
3463 19552
3463 35775
3463 39677
3464 10549
3464 21939
3464 29048
3465 7909
3465 10705
3465 24371
3466 23118
3466 29648
3467 28844
3467 31511
3467 32798
3467 36707
3467 39049
3468 3763
3468 7601
3468 20652
3468 22131
3469 7823
3469 29515
3470 12544
3470 19397
3470 21259
3470 23598
3470 25887
3471 5287
3471 6027
3471 15359
3471 20970
3471 21598
3471 27624
3471 32644
3472 9350
3473 6435
3473 8996
3474 8227
3474 17928
3474 28383
3474 37110
3475 4078
3475 7994
3475 21073
3475 22527
3475 28794
3477 6033
3477 33275
3478 5420
3478 8161
3478 19040
3478 19985
3478 28251
3479 23362
3479 26751
3480 12548
3480 23929
3480 34682
3480 37417
3481 7658
3481 11407
3481 15057
3481 22696
3481 24158
3482 5973
3482 11587
3482 34298
3483 8000
3483 12579
3483 18654
3483 21501
3483 23582
3483 25284
3483 30600
3484 9916
3484 20122
3484 29383
3485 14161
3485 20244
3485 25871
3485 32705
3485 38251
3486 6345
3486 11341
3486 12306
3486 22780
3486 25234
3487 25950
3487 27159
3487 29602
3487 38540
3488 8209
3488 12638
3488 24694
3488 36640
3489 13498
3489 35461
3489 36230
3489 38533
3490 5808
3490 13128
3490 20780
3491 25841
3492 3723
3492 21927
3492 25567
3493 3819
3493 36087
3494 5601
3494 6778
3494 28209
3495 5474
3495 35365
3496 4339
3496 7812
3496 13576
3496 37029
3496 39325
3497 17292
3497 30182
3497 33566
3497 39342
3498 5680
3498 8524
3498 16224
3499 7819
3499 9833
3499 14374
3499 27844
3500 18702
3500 29238
3500 33420
3500 36746
3501 13202
3501 16138
3501 17379
3501 18252
3501 22729
3501 32170
3501 32413
3501 32964
3501 36382
3502 5022
3502 5735
3502 20868
3502 28417
3502 36997
3502 37089
3503 24587
3503 33064
3504 5673
3504 15044
3504 22881
3504 25181
3504 27127
3504 31972
3504 34979
3505 6785
3505 7017
3505 7155
3505 12337
3505 20224
3505 35303
3505 37299
3505 39506
3506 10336
3506 11597
3506 16195
3506 22156
3506 25993
3506 32804
3506 33793
3506 38874
3507 27934
3508 10248
3508 15563
3508 16925
3508 26515
3508 36720
3509 22596
3509 22760
3509 28972
3509 29578
3509 31275
3510 14521
3510 29536
3510 34782
3511 6809
3511 18686
3511 20484
3511 26361
3511 32353
3512 15576
3512 18244
3512 21830
3512 24917
3512 30403
3512 35031
3513 16537
3513 33053
3515 20490
3515 21458
3515 23999
3515 35883
3515 36699
3515 37563
3516 16538
3516 17553
3516 29003
3516 29094
3517 15786
3517 16699
3517 19811
3517 20330
3518 7968
3518 11717
3518 12176
3518 15561
3518 29066
3518 34280
3518 39748
3519 6506
3519 13260
3519 24205
3519 25426
3519 32358
3520 13456
3520 15720
3520 16696
3521 20517
3521 24457
3521 30751
3522 18252
3522 20946
3522 26057
3522 27915
3522 35346
3522 39655
3523 4907
3523 16125
3523 25522
3523 27749
3523 39072
3524 8841
3524 11625
3524 15047
3524 34590
3525 13923
3525 19452
3525 29330
3525 29914
3527 9364
3527 15467
3527 15579
3527 21546
3527 23973
3527 28863
3528 12609
3528 16634
3528 39420
3529 36016
3530 6266
3530 6528
3530 7182
3530 31389
3531 4565
3531 18482
3531 32707
3532 5192
3532 14013
3532 20569
3532 26828
3532 35698
3532 36305
3533 4214
3533 9631
3533 16461
3533 19424
3533 30938
3533 31195
3533 37972
3533 37984
3534 10851
3534 30974
3534 32257
3535 37583
3535 38893
3536 15792
3536 31740
3537 15595
3537 35514
3538 29639
3540 6350
3541 21475
3541 28115
3541 37853
3541 38108
3542 7511
3542 30906
3542 34145
3543 6501
3543 11128
3543 15866
3543 18423
3543 19071
3544 5508
3545 28422
3545 30823
3545 33136
3545 34907
3546 7331
3546 14482
3547 6405
3547 13581
3547 14532
3547 15103
3547 25506
3548 23971
3548 28966
3549 10354
3549 12053
3549 16264
3549 29080
3550 23000
3550 28028
3550 38151
3551 9880
3551 13244
3551 13896
3551 18908
3551 28922
3552 20888
3552 29010
3552 38089
3553 12946
3553 17461
3553 22557
3553 35147
3554 14610
3554 18285
3554 19691
3554 29098
3555 10049
3555 23708
3555 30804
3556 8702
3556 11168
3556 25464
3556 25540
3556 25675
3556 30799
3557 7249
3557 10968
3557 11347
3557 19237
3557 39895
3558 4087
3558 7389
3558 13228
3558 29106
3558 35032
3559 10495
3559 17201
3559 26638
3560 4257
3560 19521
3560 20741
3560 21919
3560 28350
3560 39322
3561 24897
3561 27789
3561 30171
3561 34527
3562 12920
3562 24051
3562 24738
3562 38276
3563 5537
3563 17401
3564 18900
3565 3926
3565 13289
3565 13336
3565 19098
3565 27422
3565 28194
3565 35358
3565 37992
3566 23842
3566 29239
3566 33701
3567 15164
3567 21531
3567 38364
3568 29155
3568 32191
3569 7290
3569 9722
3569 20528
3569 30614
3569 34723
3569 39654
3570 6468
3570 31942
3571 13330
3571 15801
3571 18606
3571 23929
3571 31258
3572 10239
3572 25613
3572 36337
3572 36885
3573 8146
3573 12751
3573 18997
3573 21799
3573 31982
3574 3687
3574 17364
3574 22944
3574 27571
3574 27656
3574 29468
3574 34030
3574 36391
3575 27078
3575 27084
3576 6839
3576 14101
3576 19369
3576 27655
3577 3896
3577 4154
3577 11323
3577 20705
3577 20929
3579 9139
3579 18811
3579 29290
3580 7111
3580 8863
3580 14789
3580 14913
3580 15881
3580 19358
3580 30616
3580 36229
3580 37723
3581 8616
3581 13320
3581 17912
3581 18794
3581 23727
3581 30759
3582 5610
3582 18744
3582 31915
3582 34934
3582 38761
3583 14259
3583 15236
3583 20678
3583 22326
3583 27648
3584 20232
3585 6152
3585 11156
3585 21334
3585 27102
3586 6832
3586 9046
3586 22700
3586 29170
3586 31622
3586 34423
3587 12630
3587 24231
3588 9029
3588 9445
3588 27586
3588 28705
3589 9535
3589 16152
3589 25388
3589 28877
3589 35253
3589 38618
3589 38921
3590 11423
3590 14332
3590 18789
3591 11454
3592 15482
3592 38541
3592 39925
3593 21481
3593 25857
3593 35469
3593 37084
3594 11233
3594 20164
3594 27544
3594 29744
3595 9337
3595 11044
3595 25103
3595 35700
3596 8914
3596 18106
3596 22978
3596 24970
3596 37484
3596 38015
3597 14037
3597 20352
3597 22038
3598 5838
3598 7996
3598 34730
3598 34977
3599 4074
3599 7431
3599 21482
3599 32112
3601 7997
3601 9191
3601 15574
3601 17607
3601 27047
3601 28202
3601 36066
3602 7774
3602 12465
3602 15126
3602 23485
3603 3705
3603 10894
3603 15531
3603 23216
3603 27853
3604 14327
3604 33050
3604 33590
3605 24461
3605 29232
3605 35090
3606 12227
3606 17241
3606 19976
3606 30553
3606 32342
3606 33285
3607 33709
3608 20195
3608 20546
3608 23862
3608 25712
3608 26113
3608 36916
3608 38914
3608 39550
3609 8594
3609 9874
3609 26466
3609 31934
3609 34245
3610 8244
3610 11096
3610 11569
3610 13651
3610 18992
3610 21294
3610 23702
3610 24680
3611 8947
3611 10028
3611 23323
3611 24258
3612 17619
3613 5257
3613 9153
3613 14023
3613 19211
3613 26229
3613 30003
3613 39169
3614 3956
3614 8036
3614 9376
3614 10504
3614 29038
3615 26933
3615 30462
3615 38331
3616 14661
3616 16143
3616 22755
3616 31145
3616 31280
3616 33959
3617 21274
3617 24015
3617 25177
3617 37484
3618 9701
3618 22256
3618 34670
3619 10460
3619 12344
3619 33155
3619 34015
3619 34626
3619 35181
3620 3817
3620 8807
3620 19963
3620 23382
3620 39559
3621 4541
3621 32132
3621 34430
3622 25090
3622 31010
3622 37095
3623 17749
3623 27945
3624 4296
3624 7125
3624 22597
3624 31862
3624 34164
3624 37262
3625 16163
3626 15577
3626 22884
3626 24339
3626 31058
3626 35312
3627 24555
3627 28432
3628 19249
3628 25239
3628 31681
3628 33072
3629 4006
3629 4353
3630 21192
3630 29140
3631 6271
3631 8303
3631 19776
3631 30527
3631 30960
3632 5230
3632 15614
3633 12465
3633 35090
3633 36668
3633 38067
3634 23682
3635 16255
3635 35808
3636 4395
3636 4925
3636 9766
3636 10950
3636 15312
3636 16850
3636 22456
3636 25824
3636 31712
3636 36476
3637 12559
3637 29217
3637 31684
3637 34429
3637 39664
3638 3985
3638 5322
3638 9514
3638 25149
3638 29314
3638 32485
3639 10404
3639 18970
3639 20588
3639 35433
3640 3795
3640 19819
3641 17279
3641 27358
3641 31792
3641 38871
3642 7077
3642 8070
3642 25394
3642 34704
3642 38107
3643 6650
3643 10111
3643 12133
3643 17440
3643 20572
3643 34777
3644 11010
3644 14306
3645 4010
3645 12243
3645 19570
3645 19952
3645 20126
3646 23230
3646 23950
3646 34297
3647 7796
3647 27552
3647 27814
3647 30798
3649 11775
3649 31494
3649 38414
3650 6803
3650 8753
3650 14608
3651 5206
3651 7032
3651 10867
3651 23324
3651 28469
3651 31189
3652 9422
3652 26316
3653 17979
3653 23181
3654 19222
3654 20863
3654 32726
3655 19078
3656 8954
3656 14710
3656 15106
3656 33543
3657 15253
3658 11092
3658 17579
3658 25454
3659 8775
3659 12373
3659 34379
3660 29275
3660 35711
3660 38430
3661 9639
3661 11970
3661 13091
3661 21468
3661 24411
3661 37230
3662 5256
3662 7326
3662 19756
3662 25243
3663 9307
3663 32673
3663 34047
3663 39754
3664 5611
3664 37264
3665 6840
3665 13024
3665 22129
3665 23748
3666 33031
3666 39941
3667 14917
3667 24598
3667 37536
3668 11133
3668 32745
3668 37673
3669 9763
3669 14711
3669 16533
3669 20398
3670 8595
3670 12512
3670 39223
3671 8029
3671 13991
3671 27148
3671 28958
3671 30552
3672 8196
3672 14438
3672 24513
3672 34667
3673 6074
3673 25383
3674 10554
3674 13891
3674 38762
3675 4610
3675 17889
3675 32969
3675 33275
3676 5541
3676 14962
3676 22160
3677 4098
3677 23952
3677 35469
3677 36252
3678 9830
3678 17639
3678 22984
3678 29788
3679 6451
3679 14837
3679 18610
3679 22963
3679 38993
3680 24085
3680 24980
3680 32987
3680 33651
3681 11369
3681 12651
3681 20464
3681 29196
3682 12053
3683 4835
3683 15655
3683 22199
3685 4152
3685 18549
3685 24599
3685 24658
3685 34506
3685 38202
3686 12234
3686 12704
3686 27086
3687 20046
3687 23554
3687 33845
3687 39205
3688 17897
3688 28986
3688 30341
3689 11220
3689 11345
3689 27744
3689 39441
3690 27081
3690 28977
3690 37631
3691 19511
3691 27717
3692 4150
3692 26428
3692 36024
3692 38376
3693 6104
3693 10016
3693 20653
3693 22141
3693 28943
3693 29609
3693 38035
3694 10921
3694 11014
3694 20308
3694 30519
3694 34983
3695 3772
3695 15536
3695 21129
3696 4907
3696 16115
3696 19715
3696 26403
3697 16805
3698 4968
3698 8121
3698 10942
3698 15214
3698 26756
3698 37711
3699 14629
3699 20852
3699 25221
3700 16951
3700 17817
3700 19180
3700 21064
3701 27252
3701 34585
3701 37225
3701 39520
3701 39867
3702 11355
3702 22308
3702 24954
3702 32731
3703 18310
3703 28719
3703 38348
3704 7134
3704 9540
3704 18439
3704 18947
3704 26501
3704 28651
3704 32497
3705 17116
3705 25973
3706 5856
3706 22866
3706 27265
3707 11585
3707 19990
3707 32516
3708 5438
3708 8039
3708 13438
3708 18079
3708 21370
3709 15251
3709 28639
3709 29462
3709 33294
3709 35435
3709 36513
3710 4221
3710 7101
3710 16791
3710 26711
3711 18679
3711 29552
3711 38979
3712 4694
3712 31817
3712 37259
3713 27045
3713 38138
3714 24202
3714 25374
3714 31777
3714 33185
3715 14916
3715 17309
3715 20877
3716 19141
3716 25229
3716 26991
3716 27538
3717 7322
3717 25128
3717 32096
3717 32816
3717 35215
3718 9321
3718 12643
3718 20399
3719 4582
3719 5757
3719 10263
3719 18439
3719 19683
3719 34559
3720 9210
3721 20037
3721 23751
3721 31255
3721 37119
3722 10160
3722 18870
3723 21772
3724 35433
3724 36333
3725 11164
3725 22783
3725 24253
3725 35566
3726 5447
3726 14905
3726 18597
3726 32743
3726 33439
3726 35992
3726 37827
3727 6431
3727 9791
3727 23489
3728 28143
3729 27491
3729 31693
3730 12303
3730 22014
3730 26964
3730 39071
3731 8417
3731 14407
3731 15187
3731 22840
3731 25221
3731 28264
3731 30711
3732 12599
3732 17204
3732 24926
3732 26817
3732 27904
3732 34632
3733 22151
3733 31046
3733 38957
3734 17890
3734 18976
3734 30086
3735 12526
3735 21867
3735 24489
3735 29885
3735 38545
3736 11428
3736 18696
3736 28221
3737 10532
3737 11590
3737 13021
3737 21191
3738 38570
3739 9351
3739 15662
3739 31625
3739 36551
3739 37813
3740 6169
3740 6550
3740 7489
3740 10753
3740 37913
3741 6984
3741 9686
3741 11688
3741 30590
3742 8363
3742 15556
3742 17946
3742 22026
3742 32266
3742 36937
3743 4395
3743 10911
3743 26156
3743 30226
3743 30559
3743 32180
3743 33935
3744 6522
3744 14419
3744 35684
3745 4576
3745 7185
3745 10959
3745 12645
3745 15430
3745 15678
3746 14078
3746 21628
3746 25434
3746 27492
3746 39948
3747 10487
3747 12152
3747 14349
3747 28329
3747 34525
3748 12073
3748 21055
3748 39262
3749 21074
3749 28461
3749 38684
3750 12139
3750 12998
3750 18395
3750 22295
3750 34600
3751 6188
3751 31797
3752 13832
3753 9981
3753 20082
3753 22154
3753 32108
3753 36320
3754 8745
3754 14579
3754 19658
3754 24555
3754 24623
3755 6816
3755 10392
3755 11114
3755 21199
3755 23234
3755 28861
3756 17288
3756 19330
3756 28779
3757 8418
3757 33954
3758 9810
3758 38211
3759 18711
3759 29354
3759 31081
3759 37143
3760 22944
3760 24056
3760 28568
3760 32526
3760 39505
3761 11342
3761 35979
3762 11999
3762 12870
3762 38919
3763 14642
3763 15559
3763 17500
3763 37120
3764 12350
3764 26735
3764 32742
3764 34516
3764 36436
3764 39143
3765 5368
3765 15989
3765 22876
3765 29829
3765 35268
3766 12104
3766 25923
3767 4045
3767 19957
3767 33613
3768 35244
3768 37257
3769 19037
3769 22546
3769 39056
3770 25289
3770 25330
3771 8222
3771 16090
3771 37981
3772 20982
3773 9511
3773 16665
3773 20258
3773 28954
3773 32856
3773 35990
3774 11937
3774 13430
3774 19149
3774 25465
3774 35355
3774 37464
3775 22918
3776 18538
3776 26846
3777 8686
3777 9144
3777 11903
3777 25648
3777 26142
3777 31624
3777 31885
3778 23520
3778 33628
3779 8825
3779 9916
3779 14972
3779 20821
3779 27018
3779 32637
3779 34605
3779 37679
3780 7242
3780 11273
3780 35961
3781 5889
3781 22889
3781 23485
3782 16054
3782 20689
3782 22036
3782 32062
3783 14180
3783 15592
3783 23364
3783 23879
3783 39629
3784 15898
3784 22065
3784 22648
3784 23052
3784 27901
3784 37477
3785 24372
3785 38060
3785 38173
3786 9205
3786 20046
3786 20217
3786 33526
3786 39646
3788 7693
3788 10816
3789 23493
3789 32628
3789 35397
3789 38209
3790 4756
3790 20749
3791 33802
3792 8901
3793 9630
3793 16864
3793 20570
3793 22188
3793 22729
3793 25105
3793 38942
3794 22662
3794 29303
3794 37770
3795 8216
3795 9814
3795 17418
3795 19586
3795 19986
3795 22171
3795 24977
3795 37574
3796 12516
3796 16041
3796 17778
3796 37707
3796 39975
3797 13159
3797 22779
3798 20111
3799 16886
3799 34631
3800 3904
3800 8714
3800 20356
3800 32251
3801 6548
3801 11194
3802 27290
3802 39626
3803 3834
3803 11611
3803 15743
3803 20499
3803 21033
3803 30288
3803 33380
3803 38006
3804 9957
3804 17987
3804 19687
3804 24465
3805 16267
3805 23780
3805 33865
3805 35920
3805 36554
3806 3817
3806 10177
3806 17611
3806 18911
3806 28589
3806 33453
3806 39012
3807 6707
3807 7679
3807 25241
3808 14417
3808 19394
3809 3873
3809 4803
3809 5054
3809 37023
3810 5251
3810 5338
3810 13354
3810 15443
3811 6244
3811 20178
3811 21168
3811 21899
3811 32850
3811 33518
3811 34873
3812 9889
3812 19569
3812 30913
3812 36419
3813 8842
3813 13359
3813 24551
3813 26973
3813 35518
3814 7014
3814 8574
3814 24379
3814 31823
3814 33929
3814 34019
3814 35902
3814 39943
3815 12069
3816 8811
3816 12293
3816 13948
3816 32697
3816 39588
3817 4248
3817 15392
3817 17477
3817 37493
3818 11045
3818 19741
3819 4788
3820 8979
3820 38696
3821 16426
3822 18126
3822 22454
3822 23562
3822 32539
3823 5466
3824 4616
3824 5980
3824 25420
3824 31369
3824 31937
3824 34646
3824 38574
3825 10320
3825 13771
3825 21914
3825 37417
3825 37510
3826 25537
3826 26487
3827 10721
3827 16029
3827 33775
3827 35626
3827 35881
3827 39377
3828 32818
3828 34259
3828 36319
3829 17706
3829 26791
3829 27903
3829 29269
3829 31469
3829 32369
3830 4993
3830 12922
3830 14083
3830 15805
3830 21648
3830 29725
3830 39793
3831 9221
3831 22864
3832 14040
3832 17927
3832 18941
3832 30896
3832 37474
3833 16766
3833 26930
3833 36614
3833 39914
3834 19541
3834 21616
3834 25537
3835 15805
3835 16531
3835 26523
3835 34705
3836 11706
3836 13232
3836 27800
3837 4725
3837 30644
3838 9187
3838 11337
3838 14347
3838 24877
3838 32944
3838 35916
3839 11688
3839 12870
3839 21180
3839 38763
3839 38770
3840 9194
3840 20570
3840 34626
3841 18463
3842 6887
3842 12317
3842 39866
3843 6574
3843 34143
3844 22799
3844 34193
3845 12188
3845 30575
3846 9779
3846 10973
3846 12168
3846 12276
3846 19433
3846 24109
3846 27879
3846 39005
3847 13467
3847 28611
3847 29574
3847 35442
3847 35908
3847 37533
3848 18962
3849 6809
3849 9175
3849 14165
3849 18033
3849 24937
3849 35211
3849 39655
3850 4090
3850 14283
3850 25757
3850 29649
3851 13953
3851 25029
3852 23917
3852 26665
3852 35957
3853 36686
3853 38250
3853 38682
3854 19781
3855 22641
3855 25431
3856 13164
3856 14479
3856 20343
3857 17607
3857 20787
3857 21649
3857 31322
3857 33762
3857 33832
3857 36197
3858 4403
3858 6564
3858 28341
3858 32014
3858 37519
3858 38881
3859 19690
3859 32977
3859 33428
3860 5976
3860 16069
3860 25121
3860 29938
3861 11596
3861 16984
3861 22035
3862 33450
3863 18692
3863 27538
3863 39405
3864 12940
3864 15183
3864 28685
3864 30085
3864 34819
3864 38636
3865 5054
3865 9982
3865 13903
3865 16427
3865 30713
3865 33294
3866 11406
3866 31013
3866 34093
3867 5427
3867 12614
3867 18808
3867 38448
3867 38632
3867 39716
3867 39948
3868 6477
3868 12589
3868 22462
3869 4387
3869 6124
3869 8093
3869 11966
3869 18456
3869 34942
3869 36508
3870 5458
3870 10529
3870 10770
3870 10986
3870 12563
3870 23274
3870 31263
3870 36354
3871 4392
3871 20739
3871 31194
3871 35369
3871 38417
3872 11776
3872 19511
3872 24888
3872 37223
3873 9543
3873 14277
3873 14656
3873 15097
3873 26089
3873 28094
3873 30302
3873 36968
3874 16975
3874 20605
3874 25575
3875 5721
3875 26500
3875 28524
3876 5819
3876 11621
3876 14164
3876 15830
3876 17409
3876 27316
3876 39583
3877 5394
3877 7881
3877 14966
3877 27514
3877 38359
3878 9408
3878 37924
3880 6626
3880 7702
3880 23650
3880 25645
3880 38825
3881 17943
3881 21930
3881 29228
3881 29863
3882 7226
3882 11200
3882 26732
3882 32381
3882 35452
3882 39848
3883 13359
3883 20211
3883 24069
3883 34944
3884 9054
3884 19208
3884 22460
3884 25241
3885 5734
3885 22133
3885 22931
3886 12265
3886 13048
3886 19877
3886 22192
3886 26364
3886 35528
3887 4413
3887 22458
3887 24182
3887 32274
3887 33922
3888 8997
3888 10936
3888 28868
3888 29186
3889 7053
3889 8503
3889 11166
3889 32136
3890 8635
3890 17726
3890 24925
3891 14967
3891 20252
3891 31425
3891 32139
3892 5480
3892 7360
3892 7678
3892 8115
3892 8526
3892 12782
3893 4821
3893 8257
3893 23396
3893 24009
3893 31417
3893 33928
3894 34601
3895 23232
3896 31877
3896 37205
3897 21788
3898 4316
3898 14211
3898 15065
3898 29729
3899 9834
3899 30072
3899 33645
3899 38663
3900 11261
3900 24008
3900 33180
3900 35686
3901 6136
3901 30893
3901 32879
3902 6381
3902 6587
3902 21617
3902 26961
3902 34626
3903 13205
3903 21696
3903 22265
3903 32510
3904 22598
3904 24061
3904 29526
3904 38392
3905 30154
3905 32762
3906 13790
3906 39106
3907 6427
3907 16329
3907 21157
3907 26134
3907 31957
3908 24816
3908 26844
3908 35742
3909 6750
3909 28044
3909 34149
3910 4251
3910 14277
3910 39293
3911 8608
3911 14244
3911 19621
3911 20927
3911 22283
3911 22844
3912 10280
3912 16057
3913 11751
3913 19891
3913 38179
3914 4161
3914 7102
3914 23707
3914 29562
3915 25632
3916 9152
3916 10751
3916 26370
3917 6969
3917 9543
3917 21076
3917 31158
3917 31677
3917 33590
3917 35190
3918 5785
3918 14594
3918 27407
3918 33650
3919 15570
3919 17643
3920 7214
3920 14899
3920 15158
3920 28461
3920 32796
3920 39781
3921 6904
3921 11667
3921 27752
3922 3955
3923 4557
3923 10733
3923 14262
3923 21331
3924 13861
3924 16123
3924 39671
3924 40000
3925 4816
3925 34083
3926 5023
3926 7119
3926 7822
3926 30466
3926 31007
3927 28179
3927 37723
3928 6370
3928 14032
3928 16831
3929 6733
3929 17610
3929 34369
3929 35610
3930 5605
3930 26310
3931 26082
3931 34267
3931 37484
3932 33492
3932 35402
3933 11534
3933 16137
3933 21334
3933 32682
3933 34752
3935 12852
3935 13961
3935 14957
3935 21207
3935 29131
3935 31977
3935 33476
3935 36072
3936 4632
3936 19521
3937 19490
3937 21620
3937 25064
3938 5460
3938 5678
3938 6708
3938 7774
3938 16057
3938 18644
3938 19973
3939 4419
3939 11789
3939 33602
3940 13162
3940 31583
3941 5963
3941 20390
3942 5726
3942 21653
3942 29243
3943 20032
3943 24292
3943 31771
3943 34819
3944 11843
3944 14979
3944 17773
3945 10774
3945 38408
3946 13970
3946 21829
3946 25889
3946 33355
3946 34153
3947 7273
3947 8889
3947 9609
3947 16222
3947 28640
3948 10118
3948 10131
3949 6237
3949 8801
3949 11002
3949 13368
3949 20504
3949 25111
3950 26823
3950 27447
3950 28239
3950 38113
3951 5717
3951 7859
3951 8509
3951 10495
3951 20429
3951 29680
3951 32021
3951 33818
3952 36624
3953 21723
3953 26402
3953 32180
3954 26806
3954 29569
3954 37656
3955 34013
3956 4387
3956 7750
3956 16717
3956 17309
3956 19847
3956 26416
3957 5214
3957 23916
3958 30710
3958 31646
3959 7453
3959 15040
3960 31060
3961 14937
3961 38916
3962 5425
3962 29708
3962 33644
3963 5156
3963 6764
3963 39195
3964 8860
3964 9988
3964 18502
3964 39234
3965 25055
3965 26797
3965 30744
3965 32731
3965 37105
3966 5097
3966 31243
3966 36698
3966 38091
3967 26900
3967 27026
3967 35812
3968 12539
3968 23487
3968 26112
3969 11638
3969 16007
3969 33085
3970 4665
3970 8642
3970 23818
3970 37404
3971 21624
3971 36694
3972 34799
3973 8983
3973 12877
3973 30497
3973 31765
3974 12885
3974 35385
3975 4764
3975 5663
3975 31843
3975 36306
3975 37401
3976 15537
3976 25557
3976 37609
3978 14759
3979 24157
3979 34761
3979 39339
3980 6760
3980 12393
3980 12895
3980 15901
3980 20405
3980 21197
3981 32993
3982 10549
3982 12359
3982 19509
3982 31019
3982 33425
3982 39595
3983 5830
3983 7167
3983 25802
3983 25914
3983 28815
3983 30281
3984 11996
3984 15034
3985 16218
3986 6016
3986 8676
3986 19580
3986 32930
3986 39663
3987 8035
3987 17204
3988 5708
3988 34702
3989 4608
3989 6375
3989 14554
3989 23096
3990 11493
3990 17637
3990 22086
3991 7030
3991 15836
3991 18754
3991 27070
3991 35809
3991 36399
3992 5192
3992 7706
3992 36658
3993 7018
3993 9789
3993 17757
3993 33341
3993 34025
3995 10348
3995 13651
3995 15304
3995 23900
3995 26667
3996 6575
3996 8854
3996 34669
3997 10243
3998 27666
3998 39191
3999 5801
3999 21312
3999 24577
3999 33529
4000 7702
4000 34137
4000 36326
4001 6267
4001 9572
4001 15512
4001 36375
4002 27348
4002 31012
4002 32754
4003 12132
4003 16205
4003 18773
4004 13902
4004 30454
4004 35302
4005 10743
4005 15144
4005 22633
4005 35154
4006 18066
4006 36457
4006 39927
4007 13696
4007 33186
4008 14171
4008 36724
4008 39212
4009 7051
4009 8075
4009 10841
4009 10948
4009 14587
4009 20105
4009 22397
4009 23954
4009 27568
4009 37358
4010 5216
4010 17312
4011 11025
4011 11187
4011 13992
4011 32023
4012 18040
4012 27187
4012 33068
4012 37823
4012 39835
4013 32568
4013 33191
4014 7270
4014 8101
4014 19288
4014 31342
4015 4946
4015 14158
4015 16778
4015 22874
4015 25269
4015 30810
4015 37055
4016 14860
4016 16595
4016 39686
4017 16159
4017 22836
4017 29820
4017 35406
4017 38316
4018 11880
4018 13541
4018 20406
4018 26202
4018 31655
4018 37767
4018 38706
4019 10674
4019 17125
4019 27034
4020 13287
4020 13550
4020 25763
4020 32586
4021 9327
4021 25386
4021 28015
4021 36644
4022 6534
4022 11863
4022 14720
4022 22210
4022 23681
4022 25100
4022 25118
4022 31254
4022 38416
4023 14527
4023 18436
4023 20429
4023 30626
4023 34090
4023 35117
4024 12817
4024 14482
4024 16460
4024 23094
4024 31730
4025 4214
4025 12975
4025 39330
4026 13506
4026 16751
4026 25379
4027 13283
4027 22128
4027 30880
4028 8197
4028 12340
4028 34322
4028 35782
4029 16453
4029 25259
4030 8689
4030 36887
4031 11960
4031 17451
4031 20495
4031 23163
4031 24685
4031 39283
4032 9564
4032 13085
4032 30790
4032 37208
4032 38623
4033 13833
4033 19986
4034 35124
4034 38665
4036 6217
4036 10947
4036 22556
4036 34411
4036 39951
4037 5121
4037 25414
4037 25595
4037 28112
4037 33720
4037 39867
4038 12831
4038 13261
4038 15675
4038 30304
4038 39621
4039 37757
4040 15150
4040 30543
4040 37528
4041 14760
4041 16534
4041 17640
4041 23857
4042 15835
4042 20479
4042 32347
4042 34593
4042 37361
4043 11030
4044 10301
4044 13626
4044 33894
4045 6824
4045 7151
4045 13795
4046 29721
4046 30413
4046 37630
4047 5359
4047 16137
4047 18878
4047 30556
4047 38681
4048 16116
4048 26729
4048 37079
4049 7015
4049 7151
4049 16984
4049 21224
4049 22418
4049 28018
4049 31860
4050 4255
4050 10459
4050 11115
4050 18889
4050 22436
4050 27321
4050 31155
4050 37092
4051 8336
4051 21200
4051 24651
4053 12381
4053 19780
4053 19801
4053 33943
4053 38275
4053 38615
4053 39866
4054 14475
4054 32307
4056 16361
4057 10083
4057 23725
4057 37293
4058 19568
4058 31233
4059 4784
4059 12088
4059 17502
4059 30796
4060 10534
4060 38538
4061 12428
4061 31103
4062 14520
4062 32215
4063 27028
4063 34301
4064 6728
4064 33127
4064 39067
4064 39881
4065 9055
4065 11802
4065 26698
4065 30378
4066 10427
4066 37208
4067 10850
4067 18606
4067 22817
4067 26952
4068 4558
4068 16183
4068 23338
4069 20733
4069 31386
4069 32446
4070 25326
4070 34551
4070 35358
4071 34578
4071 38482
4072 31998
4073 6015
4073 13343
4073 21713
4073 31472
4073 35014
4074 8378
4074 10002
4074 21450
4074 35427
4076 4953
4076 10385
4076 23774
4076 27363
4076 38628
4077 5123
4077 6978
4077 19018
4077 33843
4077 34132
4077 34738
4078 38845
4079 7597
4079 8047
4079 10473
4079 20514
4079 21944
4079 28468
4080 16702
4080 18951
4080 21032
4080 32010
4081 7206
4081 34981
4082 12372
4082 16277
4082 19360
4082 36821
4083 11646
4083 39511
4084 21054
4084 23413
4084 25348
4084 31082
4085 28847
4085 37342
4085 38055
4086 6444
4086 9137
4086 16681
4086 17423
4086 39437
4087 15285
4087 18816
4087 25250
4087 27082
4087 31147
4087 35860
4088 19307
4088 32164
4090 4390
4090 21452
4091 9186
4091 10584
4091 33189
4091 38224
4092 6756
4092 26225
4092 32393
4092 36106
4093 16939
4093 26231
4093 27978
4093 34718
4094 7917
4094 39206
4095 24202
4095 25120
4095 33852
4095 35001
4095 38143
4096 4821
4096 10224
4096 18183
4097 31701
4097 33094
4098 12133
4099 5737
4099 10821
4099 17838
4099 22457
4099 31960
4099 32865
4099 35688
4099 36994
4100 11854
4100 14568
4100 32393
4101 16434
4102 8683
4102 13657
4102 17611
4103 4668
4103 5378
4103 17285
4103 17335
4103 29067
4104 15677
4104 26091
4104 36393
4105 6464
4105 11504
4105 11946
4105 20594
4105 28039
4106 4350
4106 7474
4106 16156
4106 34468
4107 6933
4107 17300
4107 37512
4108 18605
4109 5015
4109 5086
4109 13094
4109 16140
4109 24899
4110 14021
4110 18741
4110 20837
4110 29259
4110 29382
4111 15243
4111 21148
4111 26846
4111 38797
4112 8096
4112 14963
4112 16089
4112 19105
4112 35115
4113 9456
4114 9911
4114 22496
4114 32139
4114 33350
4114 36786
4114 38606
4115 9760
4115 16861
4115 19368
4116 14783
4116 17290
4116 29497
4117 16586
4117 17034
4117 39623
4118 9214
4118 11673
4118 14413
4118 26978
4118 37940
4119 6241
4119 13086
4119 17560
4119 19205
4119 29232
4120 22485
4120 32160
4121 4578
4121 11150
4121 20319
4121 20500
4122 7185
4122 18430
4122 19525
4122 28198
4122 39645
4122 39963
4123 5407
4123 5544
4123 12189
4123 17793
4123 17918
4124 6922
4124 9180
4124 12369
4124 32236
4124 38182
4125 20242
4125 23699
4125 25756
4125 25758
4125 28115
4126 14721
4126 17738
4126 33418
4126 39475
4127 10159
4127 23984
4127 33188
4128 4705
4128 8969
4128 25765
4129 5751
4129 7468
4129 30901
4129 34806
4130 4441
4130 19114
4130 25278
4130 31138
4130 35606
4130 35743
4131 16161
4131 21195
4131 21969
4131 22691
4131 31289
4131 38133
4132 4260
4132 8579
4132 17274
4132 17456
4132 20039
4132 23359
4133 30203
4133 39928
4134 18360
4135 4716
4135 10324
4135 11153
4135 23993
4135 33371
4135 37770
4136 31161
4137 6738
4137 19802
4137 24796
4137 33244
4137 33336
4138 9932
4138 13368
4138 15180
4138 20479
4138 24789
4138 36134
4138 37814
4139 20811
4140 29351
4140 31056
4140 31235
4141 21941
4142 16168
4142 28426
4143 5907
4143 11770
4143 14704
4144 21427
4145 4339
4145 8764
4145 18730
4146 17464
4146 32772
4147 9083
4147 26318
4147 29680
4148 7539
4148 18951
4149 16214
4150 10682
4150 19234
4150 32783
4150 39248
4151 5228
4151 14098
4151 26084
4151 31728
4152 12084
4152 14084
4152 38386
4152 39036
4153 28133
4153 28191
4153 29069
4153 29357
4153 38727
4154 25526
4154 37577
4155 18926
4155 25815
4155 29981
4155 34801
4155 35418
4155 35869
4156 18872
4156 25891
4156 32541
4156 32843
4156 38846
4157 4793
4157 9504
4157 33227
4158 18518
4158 20197
4158 22942
4158 36420
4159 7334
4159 9949
4159 13174
4159 39174
4160 12334
4160 17631
4160 30656
4161 5365
4161 18247
4161 22254
4162 4848
4162 20594
4162 21770
4162 25974
4162 27299
4162 28010
4163 19581
4164 5202
4164 9518
4164 27806
4165 7991
4165 14030
4165 18383
4165 18566
4165 19087
4165 21190
4165 24612
4166 9764
4166 18310
4166 27484
4167 5730
4167 17727
4167 24738
4167 32414
4167 33154
4168 28311
4168 36086
4169 4313
4169 33436
4170 13248
4170 21957
4170 25703
4170 26895
4170 35107
4170 35417
4171 11586
4171 17291
4171 21228
4172 20159
4172 26419
4172 35194
4172 35644
4173 10746
4173 15361
4173 16929
4173 20698
4173 28123
4174 6423
4174 12274
4174 13599
4174 32820
4174 37285
4175 5903
4175 11069
4175 14140
4175 14245
4175 27483
4175 37318
4175 38094
4176 7247
4176 21278
4177 26549
4177 33028
4178 4399
4178 21142
4178 30620
4179 34122
4179 34715
4180 5585
4180 6563
4180 9706
4180 25628
4180 26959
4180 30032
4181 8803
4181 9207
4182 10944
4182 14583
4182 39192
4183 5269
4183 15426
4183 32124
4184 9378
4184 9989
4184 10387
4185 14450
4185 22668
4185 28291
4185 30030
4186 21592
4186 22307
4186 24618
4186 25665
4187 7347
4187 11863
4187 23506
4188 7805
4188 18175
4188 22129
4188 26082
4188 28132
4189 16989
4189 21166
4189 23733
4189 28421
4189 32765
4189 33687
4189 35894
4190 7131
4190 9157
4190 26680
4190 29218
4190 35806
4191 9628
4191 25848
4191 27478
4191 30451
4191 39166
4192 11637
4192 27744
4193 5390
4193 13580
4193 15683
4193 24914
4194 8008
4194 9568
4194 10054
4194 16468
4194 18373
4194 18376
4194 18559
4194 33077
4195 18784
4195 23361
4195 27552
4196 16053
4196 25006
4196 29346
4196 36356
4197 30513
4197 38230
4198 38553
4199 29776
4199 33232
4199 38155
4200 16723
4200 22035
4201 17621
4201 19035
4201 19641
4201 21653
4202 11781
4202 19829
4203 21569
4203 25811
4203 27674
4203 34779
4203 36362
4204 28664
4204 31044
4204 31517
4204 37750
4205 11679
4205 13607
4205 20950
4205 25604
4205 26268
4205 26607
4205 39528
4206 6936
4206 22073
4207 4541
4207 12187
4207 14382
4207 29943
4208 8985
4208 11529
4208 11588
4208 12108
4209 5577
4209 10528
4209 17381
4209 27742
4209 30649
4209 32610
4210 9629
4210 25004
4210 31235
4210 36076
4211 34720
4211 34880
4212 11749
4212 15575
4212 22761
4212 30725
4212 34542
4212 36443
4213 13762
4213 14462
4213 30696
4213 34006
4213 38637
4214 19501
4214 31798
4215 13959
4215 15077
4216 4618
4216 12952
4216 18966
4216 27312
4216 31897
4216 38020
4217 8525
4217 15331
4217 30507
4217 33690
4218 13234
4218 38102
4219 21735
4219 25063
4219 25942
4219 31339
4219 32931
4220 20425
4220 24424
4220 24663
4220 35940
4221 8960
4221 13512
4221 33216
4222 17418
4222 20008
4222 25738
4222 28816
4222 28863
4222 33479
4222 33544
4222 33899
4223 23262
4223 25289
4223 37076
4223 38332
4223 38514
4224 8795
4224 10613
4224 21037
4225 18618
4225 38721
4226 24072
4226 27370
4226 36304
4227 9037
4227 9345
4227 21801
4227 35315
4227 38084
4229 29098
4230 8305
4230 25192
4230 29285
4230 37686
4231 8048
4231 15467
4231 22570
4231 22650
4231 34758
4231 35954
4232 28820
4232 29176
4232 29988
4233 31894
4234 5284
4234 10739
4234 22620
4234 26644
4234 32192
4234 34394
4235 18839
4235 27062
4235 38724
4235 39761
4236 8152
4236 9458
4236 11258
4236 12100
4236 22428
4236 26165
4236 39271
4237 13792
4238 6195
4238 19771
4239 6634
4239 13615
4239 14391
4239 19440
4239 24875
4239 28046
4241 23870
4241 29088
4241 35410
4242 29983
4242 35410
4242 37236
4243 17367
4243 18630
4243 18944
4243 30880
4243 32789
4244 19348
4245 11164
4245 17871
4245 18367
4245 22126
4245 22865
4245 29275
4246 11293
4246 22691
4246 31421
4247 13827
4247 26805
4247 30109
4248 10000
4248 11683
4249 4970
4249 16063
4249 26274
4249 28628
4249 33035
4250 11120
4250 34329
4251 6164
4251 7975
4251 12775
4251 15831
4251 19667
4251 30093
4252 13825
4252 26991
4253 14606
4253 21436
4253 32025
4253 38530
4254 4442
4254 18184
4254 21138
4254 23162
4254 25266
4254 35175
4254 37645
4255 10923
4255 11952
4255 12671
4255 20381
4255 37562
4256 16486
4256 17591
4256 17662
4256 37359
4257 7402
4257 13733
4258 16556
4258 22636
4258 35760
4259 7151
4259 26524
4260 20826
4260 26714
4260 33206
4261 13167
4261 28286
4262 24774
4262 32268
4263 8152
4263 12064
4263 13330
4263 37362
4264 15502
4264 18075
4264 35688
4265 7069
4265 8591
4265 15963
4265 33457
4266 8008
4266 22132
4266 23674
4266 25518
4267 11905
4267 15362
4267 22186
4267 23084
4268 5680
4268 7199
4268 17438
4268 36833
4269 12199
4270 7357
4270 8862
4270 17557
4270 18442
4270 23517
4270 34459
4270 34731
4271 13952
4271 13987
4271 20211
4271 20867
4272 15316
4272 26289
4272 30564
4272 38119
4273 4737
4273 5515
4274 9746
4274 12015
4274 14272
4274 17579
4274 18244
4274 37011
4275 9711
4275 11521
4275 14244
4275 15593
4275 22893
4275 25628
4275 26324
4275 35194
4276 4352
4276 8536
4276 11867
4276 15694
4277 4493
4277 12668
4277 13966
4277 21881
4277 25612
4277 29844
4278 19261
4278 22841
4278 24525
4279 20255
4279 34393
4280 34044
4280 36617
4281 5094
4281 8740
4281 22342
4281 35560
4282 24119
4282 37674
4283 13997
4283 17358
4283 32463
4284 8037
4284 19710
4284 20525
4284 21735
4284 22252
4284 28959
4285 18268
4285 28762
4285 29418
4285 30201
4285 39432
4286 9988
4286 12723
4286 37987
4287 21863
4287 34509
4287 37046
4287 38175
4288 27891
4288 30016
4288 32215
4289 6005
4289 9811
4289 14910
4289 23888
4289 24836
4289 32973
4289 35925
4289 38245
4290 4378
4290 10070
4290 14162
4290 17552
4290 20828
4291 9605
4291 11482
4291 16033
4291 19104
4291 38658
4292 26273
4292 36161
4293 4401
4293 31038
4294 5385
4294 16240
4294 39155
4295 6373
4295 12225
4295 18946
4295 24022
4295 33414
4295 38407
4296 17738
4297 11357
4297 15376
4297 15628
4297 19848
4297 28076
4297 28901
4297 34309
4298 6567
4298 20491
4298 27568
4299 8479
4299 9539
4299 10087
4299 20370
4299 25689
4299 30067
4299 35275
4300 4592
4300 13388
4300 17557
4301 9518
4302 6906
4302 9540
4302 11894
4302 12554
4302 16664
4302 17598
4302 22830
4303 6250
4303 12469
4303 27166
4303 29734
4304 12053
4304 18108
4304 22982
4304 37608
4304 39407
4305 10583
4305 25995
4305 26364
4305 27581
4306 8805
4306 17980
4307 13616
4307 21206
4307 36348
4308 5715
4308 7029
4308 16875
4308 18896
4308 24507
4308 30116
4308 33611
4308 35702
4309 11934
4309 17953
4309 22325
4309 22642
4309 32349
4310 9001
4310 17046
4310 23522
4310 27205
4311 11063
4311 33373
4311 34572
4312 7267
4312 34939
4312 36554
4313 8127
4313 24520
4313 28335
4314 8933
4314 11216
4314 14183
4314 17054
4314 24041
4314 34147
4314 35304
4314 39794
4315 34667
4316 18852
4316 22442
4317 16525
4317 27277
4317 28647
4317 31813
4317 39860
4318 10828
4318 29687
4318 36522
4319 4387
4319 24002
4319 39481
4320 13346
4320 15994
4320 22917
4320 35524
4321 6306
4321 9007
4321 10143
4321 10966
4321 38369
4322 8231
4322 14064
4322 19842
4322 25578
4322 29021
4323 19096
4323 21347
4323 28349
4324 4470
4324 21217
4324 24425
4324 35451
4324 36485
4325 21478
4325 21505
4326 7962
4326 17302
4326 25175
4326 28707
4326 31649
4327 11044
4327 15999
4327 16688
4327 18189
4327 20571
4328 34018
4328 39120
4329 5909
4330 12496
4330 24460
4330 24777
4330 36732
4331 20878
4331 30305
4332 5179
4332 23991
4332 26546
4332 33859
4333 5930
4333 34069
4334 19215
4334 31479
4334 33533
4335 26601
4335 39395
4336 11528
4336 13884
4336 19315
4336 23665
4337 5690
4337 9023
4337 11429
4337 12754
4337 15004
4337 15330
4337 21311
4337 26795
4337 29605
4338 8701
4338 14340
4338 27269
4338 29785
4338 32263
4338 32773
4338 38171
4339 9662
4339 11601
4339 35927
4339 38786
4340 6823
4340 19321
4340 30768
4341 20760
4341 31676
4342 29768
4342 30145
4342 31495
4343 28758
4343 33621
4343 34076
4343 36174
4344 7397
4344 7910
4344 16926
4344 26263
4344 37205
4345 38555
4346 26240
4346 33346
4347 12354
4347 12890
4347 19174
4348 24904
4348 26819
4348 27475
4348 29493
4348 30877
4349 7261
4349 24464
4349 32334
4349 32924
4349 33122
4349 36984
4350 14171
4350 25337
4350 29373
4350 36452
4351 21496
4351 21972
4351 26429
4352 23502
4352 27920
4352 31195
4352 38685
4353 12443
4353 20989
4353 24620
4354 27463
4354 30210
4354 32374
4355 15057
4355 18047
4355 37906
4356 8135
4356 9512
4356 22184
4356 22721
4357 5737
4357 33576
4357 34464
4358 5893
4359 8537
4359 13691
4360 11258
4360 25817
4360 26995
4360 32522
4361 16107
4361 30250
4361 35607
4361 37723
4362 6950
4362 21579
4362 22682
4362 25451
4362 37056
4363 9317
4363 17555
4364 5357
4364 15476
4364 19898
4364 20937
4364 36327
4364 36333
4365 13799
4365 27955
4365 29666
4365 35065
4365 35874
4366 11764
4366 16736
4366 17895
4366 23759
4366 24105
4367 13739
4367 24044
4367 34547
4367 38460
4368 6719
4368 9887
4368 20189
4369 30406
4369 31848
4370 14999
4370 17969
4370 28477
4370 31028
4371 13615
4371 30082
4372 23517
4372 33663
4373 6040
4373 29723
4373 30026
4374 18233
4374 36595
4374 37480
4375 15871
4375 30804
4375 37384
4376 6862
4376 23044
4376 25051
4376 31787
4377 23015
4377 27551
4377 39554
4378 19549
4378 33569
4379 12959
4379 38237
4380 5026
4380 7361
4380 10868
4380 16491
4380 18249
4380 26691
4380 39981
4381 11580
4381 26080
4381 29660
4381 33220
4381 38392
4382 7539
4382 13395
4382 17819
4382 21586
4382 25526
4382 39503
4384 11057
4384 34897
4384 37227
4384 37408
4385 12411
4385 19384
4385 27635
4385 29374
4385 37964
4386 10344
4386 19284
4386 29786
4386 30274
4386 34962
4387 6858
4387 12151
4387 25764
4387 30346
4388 9694
4388 16688
4388 17782
4388 28466
4388 36392
4388 38797
4389 12080
4389 26272
4389 32347
4390 5837
4390 5918
4390 9941
4390 11543
4390 24836
4390 33997
4390 38927
4391 15864
4391 20123
4392 20221
4392 31700
4393 4517
4393 13753
4393 16192
4393 20707
4393 21678
4393 21787
4393 21960
4394 4498
4395 18826
4395 19061
4395 19498
4395 21049
4395 27173
4396 7944
4396 33935
4397 13473
4397 15663
4397 27270
4397 33503
4398 5433
4398 35039
4399 15775
4399 19475
4399 26227
4399 37260
4399 38625
4399 39621
4400 9424
4400 28240
4400 39545
4401 10256
4401 18085
4402 4635
4402 9067
4402 12320
4402 35888
4403 6979
4403 18469
4403 24484
4403 27166
4403 39611
4404 26747
4404 34051
4405 12847
4405 24621
4405 30761
4406 21364
4406 22098
4406 22766
4406 27862
4407 10544
4407 20873
4407 29515
4408 20839
4408 23624
4409 5048
4409 9164
4409 13908
4409 20524
4409 21424
4409 34323
4410 7165
4410 13582
4410 16121
4410 18057
4410 22180
4410 27850
4410 39807
4410 39972
4411 5500
4411 9431
4411 28008
4411 29932
4411 34472
4412 18943
4412 24476
4412 28236
4412 32092
4412 37125
4413 7527
4413 28060
4413 36257
4414 11429
4414 30696
4414 35482
4415 5540
4415 12515
4415 15773
4415 17882
4415 36081
4416 7169
4416 17142
4416 20069
4416 33162
4416 35606
4418 20949
4418 30057
4418 32759
4418 34630
4419 8099
4419 10827
4419 22857
4419 29516
4419 30927
4420 14460
4420 22111
4420 27724
4421 7381
4421 9845
4422 33368
4423 9415
4424 5024
4424 11250
4425 28509
4425 34529
4426 4871
4426 23371
4426 28506
4426 29475
4426 30272
4427 15900
4427 33453
4427 37351
4428 6439
4428 13022
4428 13971
4428 37435
4429 5568
4429 16187
4429 33716
4430 10667
4430 16946
4431 9587
4432 7377
4432 9834
4432 24101
4432 24313
4433 27662
4433 35106
4434 13385
4434 19389
4434 28004
4434 33330
4434 34042
4435 7073
4435 25841
4435 33961
4435 36402
4435 37138
4436 8098
4436 15496
4436 21312
4436 23042
4436 35776
4436 38319
4437 17543
4437 20940
4437 36901
4438 5029
4438 22275
4439 27258
4439 27640
4439 32304
4439 32841
4440 4769
4440 9501
4440 26313
4440 27463
4440 33280
4440 39495
4441 12598
4441 21163
4441 23762
4441 36039
4441 38714
4442 5143
4442 21650
4442 27078
4442 36304
4442 37091
4443 15285
4443 38759
4444 5182
4444 13214
4444 24698
4444 27405
4445 9006
4445 17209
4445 17939
4445 35180
4446 19692
4446 30532
4446 33776
4447 10120
4447 10255
4447 16372
4447 19870
4447 23972
4448 14212
4448 16312
4448 28702
4448 29964
4449 8320
4449 15098
4449 33012
4449 39524
4450 10028
4450 17329
4451 7836
4451 18783
4451 24572
4451 28160
4451 34008
4451 34794
4452 18902
4452 23391
4452 31877
4452 33504
4452 36172
4452 37053
4452 39006
4453 9096
4453 34689
4454 7274
4454 12730
4454 16502
4454 20723
4454 21859
4455 6040
4455 16363
4455 36116
4456 29320
4456 39602
4457 19973
4457 28612
4457 29141
4458 13685
4458 15774
4458 22147
4458 39097
4459 4636
4459 14356
4459 15485
4459 18470
4459 26078
4460 7447
4460 12778
4460 14332
4460 24333
4460 34728
4461 13792
4461 14016
4461 14085
4461 28685
4462 10353
4463 21593
4463 31523
4464 15876
4464 23593
4464 29974
4465 8331
4466 13157
4466 18184
4466 35193
4466 38292
4467 15799
4467 18711
4467 20480
4467 28007
4467 38013
4468 8106
4468 14674
4468 32030
4468 39303
4469 7869
4469 15361
4469 30411
4469 31602
4469 39651
4470 5332
4470 6548
4470 15414
4470 19565
4470 37811
4471 10173
4471 17880
4471 21806
4472 5565
4472 24257
4472 26780
4473 10080
4473 12314
4473 20325
4473 20915
4473 27026
4473 31854
4473 36119
4474 18702
4474 21092
4475 4521
4475 6608
4475 7011
4475 16369
4475 27067
4475 31006
4475 33208
4476 5474
4476 11031
4476 15239
4476 33853
4476 37512
4477 22793
4477 24226
4477 33901
4477 37900
4478 11272
4478 16883
4478 18763
4478 22084
4478 35269
4479 4931
4479 16430
4479 29647
4480 15192
4480 27911
4480 30285
4481 5199
4481 18519
4481 23873
4481 33924
4482 4486
4482 25748
4483 9364
4483 24287
4483 26072
4483 30732
4483 35716
4484 8513
4484 15552
4484 23475
4484 38334
4484 39196
4485 27479
4485 28185
4486 18393
4487 7534
4487 8859
4488 22996
4488 23619
4489 14872
4489 39908
4490 21198
4491 13549
4491 18229
4491 19915
4491 20979
4491 22398
4491 25006
4491 34827
4492 21515
4492 36146
4492 38474
4493 10693
4493 13648
4493 30672
4495 4683
4495 18866
4495 28816
4495 32522
4496 11101
4496 12086
4496 16056
4496 20425
4496 23731
4496 28637
4496 39402
4497 8510
4497 26660
4497 28470
4498 7331
4498 14712
4498 30754
4499 14419
4499 14507
4499 17991
4499 35483
4499 37532
4500 5305
4500 10205
4500 26914
4500 29665
4501 6973
4501 10250
4501 17869
4501 22097
4501 28095
4501 32042
4502 12680
4502 14920
4502 15512
4502 23170
4503 14045
4503 29648
4504 6104
4504 17171
4504 30863
4504 31004
4504 32338
4505 6817
4505 20509
4505 37009
4506 4623
4506 8512
4506 15165
4506 25103
4506 32261
4506 33672
4507 8351
4507 28783
4507 29474
4507 37156
4508 7415
4508 28158
4508 30752
4509 6814
4509 20053
4509 38303
4510 5891
4510 37832
4511 6303
4511 6616
4511 20612
4511 24157
4511 25941
4511 36309
4512 24498
4512 38388
4513 30748
4513 33591
4513 38338
4514 5607
4514 16209
4514 23246
4514 25072
4515 22668
4515 26366
4515 32481
4515 33908
4515 38714
4516 6680
4516 16541
4516 22316
4517 8304
4517 13431
4517 16093
4517 18455
4518 9277
4518 22069
4518 29658
4518 39180
4519 18886
4519 21442
4519 25537
4519 25846
4519 38972
4520 7632
4520 9411
4521 7514
4521 8702
4521 11963
4521 35931
4522 16904
4522 18291
4522 22660
4523 5138
4523 6554
4523 33533
4523 33775
4523 35011
4523 39993
4524 7035
4524 8193
4524 12926
4524 13953
4524 21209
4524 28181
4524 33445
4525 23867
4525 26811
4526 4827
4526 7183
4526 7767
4526 15396
4526 19801
4526 35459
4526 39330
4527 18215
4527 20061
4527 39928
4528 12383
4528 16844
4528 17274
4528 37111
4529 17713
4529 25276
4529 35180
4529 35582
4530 4560
4530 27786
4530 30324
4531 11058
4531 24688
4531 33256
4533 9878
4533 33895
4534 5209
4534 14340
4534 29661
4534 31302
4535 4960
4535 17950
4535 25543
4535 28818
4536 11516
4536 21151
4536 33412
4537 8670
4537 16258
4537 25835
4537 26567
4537 33195
4537 34618
4537 37402
4537 37980
4538 9219
4538 13548
4538 14588
4538 27574
4540 27167
4541 8646
4541 10234
4541 16728
4541 22405
4542 18210
4542 23838
4542 26636
4542 27180
4542 28145
4542 37087
4543 24945
4543 26225
4543 30568
4544 13764
4544 38233
4545 9548
4545 16596
4545 22299
4545 26644
4546 23403
4546 24618
4546 27070
4546 28726
4546 39729
4547 10225
4547 11018
4547 27637
4547 38836
4548 34365
4548 39059
4549 11757
4549 21226
4549 35415
4550 11921
4550 15129
4550 22342
4550 30767
4550 31990
4551 8800
4551 11080
4551 13979
4551 28415
4552 9821
4552 16014
4552 20321
4552 23661
4552 26277
4552 33666
4552 34771
4553 20225
4554 11401
4554 14717
4554 15879
4555 8123
4555 14405
4555 25256
4555 34285
4555 35102
4555 37044
4556 6691
4556 8232
4556 10957
4556 21294
4556 32380
4556 33799
4557 18209
4557 18485
4557 36612
4558 17617
4558 34506
4558 38319
4559 32492
4560 5810
4560 10880
4560 23493
4560 25248
4560 27848
4560 34693
4561 12923
4561 14000
4561 17603
4562 22212
4562 37038
4563 5557
4563 11835
4563 15287
4563 20017
4563 25394
4564 15999
4564 21024
4564 30700
4564 32097
4564 34213
4564 36927
4564 38829
4565 16110
4565 18155
4565 19258
4565 20958
4565 22619
4565 24397
4566 6981
4566 7275
4566 27151
4566 29107
4566 34402
4567 7553
4567 19862
4567 24136
4567 26675
4567 28099
4567 28890
4567 38775
4568 18822
4568 20522
4568 30015
4569 17336
4569 24387
4569 26065
4569 36031
4569 36761
4569 36946
4570 13370
4570 15922
4570 16038
4571 14216
4571 26099
4571 26561
4571 26845
4571 27613
4571 32652
4571 39157
4572 6118
4572 12157
4572 19799
4572 28178
4573 4581
4573 6858
4573 18171
4573 20076
4573 26274
4574 16831
4575 4739
4575 26000
4575 35500
4576 21152
4576 26626
4576 29520
4577 29456
4579 25447
4579 26314
4579 30384
4580 4932
4580 18860
4581 6905
4581 7673
4581 13150
4581 15683
4581 15728
4581 22875
4582 9939
4582 12564
4582 21277
4584 31288
4584 39368
4585 15103
4585 20909
4585 29099
4585 36471
4586 5915
4586 13584
4586 19959
4586 33385
4587 7670
4587 17788
4587 26228
4587 30318
4587 35722
4588 4636
4588 7991
4588 16716
4588 21711
4588 22437
4588 24894
4589 9196
4589 15278
4589 17435
4589 19826
4589 22313
4590 5376
4590 26009
4590 30884
4590 30970
4591 15895
4591 19520
4592 29323
4592 29764
4593 14073
4593 20160
4594 7842
4594 14162
4594 15422
4594 22944
4594 27220
4594 28109
4594 33618
4594 39028
4595 10542
4595 13019
4595 27719
4596 9153
4596 22336
4596 37134
4596 38289
4597 4797
4597 10889
4597 12621
4597 16047
4597 24919
4597 38760
4598 6416
4598 23158
4598 25621
4598 31356
4598 39335
4599 23102
4599 24088
4599 32007
4600 9110
4600 33509
4601 4903
4601 13521
4601 20544
4601 21703
4601 27409
4601 28590
4601 38383
4602 6617
4602 9899
4602 10078
4602 18331
4603 7131
4603 19390
4603 30836
4603 35415
4603 36320
4604 6288
4604 10401
4604 28309
4606 24882
4606 32787
4607 9528
4607 25547
4607 39912
4608 12773
4608 13272
4608 16814
4608 26558
4608 34411
4608 39584
4609 7843
4609 15575
4609 17964
4609 39008
4610 8636
4610 20890
4610 39764
4611 11588
4611 18609
4611 31663
4612 7074
4612 20633
4612 30958
4612 38485
4613 36460
4614 6992
4614 11241
4616 7029
4616 22622
4617 10999
4617 12974
4617 31556
4617 33580
4617 34044
4618 22767
4618 24486
4618 35340
4618 36774
4619 10957
4619 28835
4619 34033
4619 35604
4620 20023
4620 38399
4621 7114
4621 39934
4622 27544
4622 29705
4622 31354
4622 36818
4622 38222
4623 19682
4624 15272
4624 24501
4624 30233
4624 34779
4624 39437
4624 39893
4625 18270
4625 26282
4625 36066
4626 10512
4626 21174
4626 23713
4626 26507
4626 29209
4627 4822
4627 10607
4627 12427
4627 15896
4627 28058
4627 32308
4628 11947
4628 13207
4628 22144
4628 24440
4628 32824
4629 14158
4629 29563
4630 21029
4630 34559
4631 8673
4631 10927
4631 15989
4631 21805
4631 36676
4632 6319
4632 9540
4632 19693
4632 22775
4632 27124
4632 36109
4633 9531
4633 15499
4633 21890
4633 22270
4633 38121
4634 14265
4634 24518
4634 35134
4634 36706
4635 18899
4636 12177
4636 21728
4636 34423
4636 35785
4637 11519
4637 32933
4637 33860
4637 38908
4638 9335
4638 23605
4638 26517
4638 30533
4639 12714
4639 22356
4640 20176
4640 25432
4640 26340
4640 34480
4641 5656
4641 38544
4642 7766
4642 11838
4642 12587
4642 13996
4643 4712
4643 12657
4643 25518
4643 29358
4643 34460
4644 26374
4644 34335
4644 36520
4645 9178
4645 12676
4646 15956
4646 17496
4646 24618
4646 29370
4646 29689
4647 9333
4647 20974
4647 30451
4647 34565
4648 38608
4649 7541
4649 7587
4649 11908
4649 22595
4649 36929
4651 38932
4652 21520
4652 22019
4652 30420
4653 5166
4653 6275
4653 8979
4653 21835
4653 24091
4654 10171
4654 29335
4654 34368
4655 8464
4655 10311
4655 16430
4655 25863
4655 26227
4656 12599
4656 38227
4656 38479
4657 11893
4658 19174
4659 6900
4659 11125
4659 13654
4659 27941
4660 15112
4660 16373
4660 28783
4660 32666
4661 9809
4661 12543
4661 22813
4661 37078
4664 14424
4665 5794
4665 5854
4665 29461
4666 6291
4666 7884
4666 32454
4667 4789
4667 19369
4667 25087
4667 35456
4667 37864
4667 38587
4668 12493
4668 19682
4668 34325
4668 39486
4669 6318
4669 30609
4670 16398
4670 16463
4670 24823
4670 29120
4670 29364
4671 39868
4672 9918
4672 39428
4673 6827
4673 7369
4673 26950
4673 34285
4673 36487
4673 39886
4674 31527
4674 37348
4674 39338
4675 22811
4675 23797
4675 24226
4675 31724
4676 14386
4676 25149
4676 26823
4677 23214
4677 24383
4677 27075
4678 6412
4678 7046
4678 12330
4678 15999
4678 29167
4678 36304
4679 5409
4679 11749
4679 16273
4679 16290
4679 17342
4679 35476
4679 38629
4680 5167
4680 10520
4680 24069
4680 29754
4680 34369
4681 15624
4681 24184
4682 24734
4683 6740
4684 16482
4684 22742
4684 25114
4684 27330
4684 31264
4684 34505
4685 4981
4685 12194
4685 14253
4685 28978
4685 30533
4686 26246
4687 5931
4687 8520
4687 14095
4687 17525
4687 29178
4687 29292
4688 5860
4688 31273
4688 36677
4689 6820
4689 14198
4689 34861
4690 7275
4690 15248
4690 19398
4690 25134
4691 14265
4691 24024
4692 29463
4694 13974
4694 39362
4695 10152
4695 20643
4695 32502
4696 5534
4696 19711
4696 25823
4696 32468
4697 6677
4697 14596
4697 32559
4697 33455
4698 9262
4698 10928
4698 22287
4698 25607
4699 6691
4700 5188
4700 12123
4701 13905
4701 23791
4701 37856
4702 12411
4702 30065
4702 36770
4703 23544
4703 32417
4704 23823
4704 31121
4704 32541
4704 36659
4705 15606
4705 23475
4706 17638
4706 22131
4706 27391
4707 5437
4707 20059
4707 30600
4707 36261
4708 17317
4708 36975
4709 9350
4709 9455
4709 37424
4710 29233
4710 31761
4710 37800
4711 10343
4711 11861
4711 14816
4711 15211
4711 23957
4712 6651
4712 9586
4712 12408
4712 13134
4712 29117
4712 34434
4712 39523
4713 6991
4713 12206
4713 14165
4714 18117
4714 38129
4715 7384
4715 10246
4715 12042
4715 20213
4715 24344
4716 10314
4716 31846
4716 33018
4717 25340
4717 33733
4717 36355
4718 10220
4718 12843
4718 17937
4718 25768
4719 12045
4719 16098
4719 24934
4719 30309
4720 4836
4720 9025
4720 10782
4720 15477
4721 20645
4721 34916
4722 4968
4722 14068
4723 6171
4723 29628
4723 35020
4724 13206
4725 13094
4725 19755
4725 27529
4725 35936
4725 36182
4726 22600
4726 23746
4726 31155
4727 11987
4727 15444
4727 34042
4727 36861
4727 38531
4728 5282
4728 11589
4728 21321
4728 35172
4729 37259
4730 6193
4731 6915
4731 17530
4731 18575
4731 24459
4731 26140
4732 9928
4732 10188
4732 11410
4733 5239
4733 7578
4733 8080
4733 12577
4733 14145
4733 15253
4733 30189
4733 30636
4734 31281
4734 36334
4736 7387
4736 27685
4736 29637
4736 35158
4736 38368
4737 5253
4737 11010
4737 11347
4737 20314
4737 33312
4737 36553
4737 36619
4738 29377
4739 15757
4739 17945
4739 29893
4739 36182
4740 20487
4740 20964
4740 22969
4740 33857
4741 17089
4741 18769
4741 37030
4742 15343
4742 29628
4743 12483
4743 31420
4743 33305
4744 18072
4744 21140
4745 22237
4745 28957
4746 12370
4746 13052
4746 14650
4746 19229
4746 24083
4746 28423
4748 27273
4748 31950
4749 9153
4749 15360
4749 20519
4749 23490
4749 30553
4749 38410
4750 14354
4750 14586
4750 15056
4750 35553
4750 37318
4752 8023
4752 11843
4752 12964
4752 25483
4753 7065
4753 8610
4753 16813
4753 17662
4753 18652
4753 25987
4753 32384
4754 16808
4754 33439
4754 37002
4755 37565
4755 38929
4756 24523
4756 27942
4756 30586
4756 34383
4757 4985
4757 7067
4757 10489
4757 19232
4758 13708
4758 29098
4759 5206
4759 21225
4760 6733
4760 6877
4760 14323
4761 27346
4761 31540
4762 5451
4762 6100
4762 10650
4762 12991
4762 17969
4763 4853
4763 21124
4763 35491
4763 38164
4764 4779
4764 14192
4764 16811
4764 16975
4764 32981
4764 33853
4765 14484
4765 19298
4765 26647
4766 5164
4766 5575
4766 20950
4766 35033
4767 14388
4767 18819
4767 19012
4767 22946
4767 34300
4768 5410
4768 30864
4768 35607
4769 25829
4769 31320
4770 11955
4770 18128
4770 32065
4770 38255
4771 26495
4771 35335
4771 38013
4772 20579
4773 26913
4774 39584
4775 10244
4775 18905
4775 21190
4775 36940
4775 37196
4776 8525
4776 12265
4776 17050
4776 26262
4776 36518
4777 11137
4777 23911
4777 29332
4778 5416
4778 5532
4778 23405
4778 39553
4779 15085
4779 16174
4780 16103
4780 19967
4780 25992
4780 26753
4780 30114
4780 33526
4780 35177
4780 38266
4781 26844
4781 27023
4781 36696
4781 39480
4782 11988
4782 14861
4782 17978
4782 19054
4782 23050
4782 32841
4782 33566
4782 34813
4782 35537
4782 37244
4783 9242
4783 25525
4783 34818
4783 39435
4784 15472
4784 17064
4784 28819
4784 32281
4785 9190
4785 20395
4785 25703
4785 38179
4786 11031
4786 13862
4786 27833
4786 38279
4787 26497
4787 32222
4788 12737
4788 24596
4788 24946
4788 30208
4788 33468
4789 6766
4789 14951
4789 26142
4789 39060
4790 9957
4790 12838
4790 20369
4791 7451
4791 16515
4791 20466
4792 12620
4792 35767
4793 19498
4793 20709
4793 26110
4793 27405
4793 32621
4793 33514
4794 19000
4795 20841
4795 32018
4795 36879
4796 12643
4796 12795
4796 24545
4796 31606
4797 8534
4797 21277
4797 32681
4797 39594
4798 8627
4798 10447
4799 26003
4799 29604
4799 34846
4801 17586
4801 23578
4801 27986
4801 28353
4802 25077
4802 30694
4802 36238
4802 37833
4803 21687
4803 24366
4803 27754
4803 28135
4803 31688
4804 14676
4804 17752
4804 25019
4804 25302
4804 29405
4804 35522
4805 6443
4805 6992
4805 8156
4805 8648
4805 9182
4805 10352
4805 15773
4805 23922
4805 32193
4805 34272
4805 34409
4806 20248
4806 24276
4806 31077
4806 32383
4807 8668
4807 20484
4807 24168
4808 4895
4808 13260
4808 15340
4808 21990
4809 7548
4809 13834
4809 16562
4809 26264
4809 37376
4810 32914
4810 37643
4811 7166
4811 16035
4811 22877
4812 5486
4812 37117
4813 17727
4813 19267
4813 20285
4813 28299
4814 7800
4814 11873
4814 14658
4814 39584
4815 7455
4815 19471
4815 32430
4815 37598
4816 5877
4816 13330
4816 27061
4817 24545
4817 29078
4817 39672
4818 23833
4818 26565
4818 31641
4818 34399
4819 6937
4819 11264
4819 24116
4820 14941
4820 16515
4820 16678
4820 21791
4820 30895
4821 8292
4821 25801
4821 32086
4822 10033
4822 20827
4822 20941
4822 31301
4822 32500
4822 32849
4822 33694
4822 35414
4823 27256
4823 33363
4823 36018
4824 22454
4824 26602
4825 18116
4825 19770
4825 27821
4825 29083
4825 29109
4825 39960
4826 36275
4826 36794
4827 21032
4828 12285
4828 25276
4828 36374
4829 7404
4829 11200
4829 27199
4830 20151
4830 36138
4831 16162
4831 28093
4831 35815
4832 18794
4832 33795
4832 35248
4832 38918
4833 20200
4833 28461
4833 32376
4834 23720
4835 14558
4835 24970
4835 36669
4836 7396
4836 8792
4836 15713
4836 16269
4836 18284
4837 7893
4837 11241
4837 13037
4837 17866
4837 23133
4837 24528
4837 29123
4837 35177
4838 8041
4838 17770
4838 31472
4838 34064
4839 10696
4839 13919
4839 16101
4839 24864
4840 8173
4840 16037
4841 9244
4841 18441
4841 24212
4841 27735
4841 27834
4841 38400
4841 38564
4842 32956
4843 10016
4843 10633
4843 37103
4844 8683
4845 6459
4845 28330
4845 28876
4845 32598
4845 32710
4847 17365
4847 21636
4847 23525
4847 26736
4847 30038
4847 32532
4848 14140
4848 17350
4848 26589
4848 28567
4849 18108
4849 37642
4850 17694
4850 36054
4850 38213
4851 12073
4851 12171
4851 13956
4851 31078
4851 38395
4852 14576
4852 18246
4852 23253
4853 19645
4853 27869
4853 36225
4855 10258
4855 11100
4855 15584
4855 17128
4855 22421
4856 5652
4856 13245
4856 16319
4856 24671
4856 37448
4857 13918
4858 11804
4858 19677
4858 22103
4858 29647
4858 32828
4859 7029
4859 16576
4859 28918
4859 39222
4860 11510
4860 13347
4861 5573
4861 10780
4862 33162
4862 37748
4862 38369
4863 6476
4863 13365
4863 14151
4863 22426
4864 9595
4864 17582
4864 23970
4864 38707
4865 15363
4865 21066
4866 38185
4867 7486
4867 16141
4867 18108
4867 20895
4867 37494
4868 10193
4868 27117
4868 38660
4869 5521
4869 6749
4869 7425
4869 11098
4869 16233
4869 29412
4869 30020
4869 34888
4869 38745
4870 6435
4870 6504
4870 6705
4870 19583
4871 12381
4871 15749
4871 21387
4871 25008
4871 26697
4871 33195
4871 38737
4872 31980
4872 34428
4873 16161
4873 19185
4873 31444
4874 22993
4875 5120
4875 23258
4875 28290
4875 38761
4877 36511
4878 8279
4878 10969
4878 27716
4879 7401
4879 24027
4879 27363
4879 36273
4880 14418
4880 15089
4880 17191
4880 34840
4880 35476
4880 37322
4880 37677
4882 22896
4883 9077
4883 16152
4884 6313
4884 24559
4885 8976
4885 20136
4886 6618
4886 12349
4886 18658
4887 23954
4888 10596
4888 12182
4888 22375
4889 29476
4889 35546
4890 6035
4890 17528
4890 27985
4890 32934
4890 38391
4891 18007
4892 5515
4892 16426
4892 23540
4892 35741
4893 10931
4893 16872
4893 24025
4893 28054
4893 28928
4894 6502
4894 26324
4895 8423
4895 8962
4895 16270
4895 16668
4895 18504
4895 34539
4896 20636
4896 30938
4896 36572
4897 11776
4897 19991
4897 22465
4897 27483
4897 28244
4897 39000
4898 11681
4898 21500
4898 27005
4899 9550
4899 20336
4899 28100
4899 33521
4900 18289
4900 24084
4900 25122
4901 5163
4901 15945
4901 36555
4902 18254
4903 5821
4903 22636
4904 13457
4905 27029
4905 27160
4905 28835
4905 30384
4905 35988
4906 7095
4906 18402
4906 26327
4907 8093
4907 30968
4907 34835
4908 12535
4908 13053
4908 15825
4908 22322
4908 24484
4908 26175
4909 4950
4909 14941
4909 38039
4910 5309
4910 9214
4910 13222
4910 24341
4910 30051
4910 34485
4910 35203
4911 7003
4911 35327
4912 17148
4912 17719
4912 18836
4913 8625
4913 9204
4913 20779
4913 23373
4913 24716
4913 28349
4913 30710
4913 34114
4913 36942
4914 29954
4915 9707
4915 29244
4915 31402
4915 33388
4915 39890
4916 10606
4916 22806
4917 10520
4917 11274
4917 19330
4917 28899
4918 30784
4918 32121
4919 6912
4919 7425
4919 14804
4919 21416
4919 22933
4919 27707
4919 33966
4920 29599
4920 32882
4921 28595
4922 5722
4922 6417
4922 30718
4922 34423
4923 11880
4923 35112
4923 35994
4923 38393
4924 5819
4924 7665
4925 24367
4925 25001
4925 35472
4926 26043
4926 30724
4927 13627
4928 20860
4928 34160
4929 32724
4930 8010
4930 22720
4931 6875
4931 13581
4932 15566
4932 25380
4932 31562
4933 24453
4933 26178
4933 30353
4933 38945
4934 9516
4934 12743
4934 16277
4934 18037
4934 21755
4936 9046
4936 10636
4936 16193
4936 20778
4937 11606
4937 19681
4937 27487
4937 29062
4938 28310
4938 31830
4938 33619
4938 37176
4939 20608
4939 39255
4940 25253
4941 5947
4941 10797
4941 13356
4941 13526
4941 18515
4941 21043
4942 5440
4942 14058
4942 15448
4942 23409
4942 25337
4942 25572
4942 39868
4943 22152
4943 29175
4943 35257
4944 19185
4944 23375
4944 28150
4944 36580
4944 37045
4945 25554
4945 31439
4946 28781
4947 11624
4947 24227
4947 25176
4948 14621
4948 15732
4948 18285
4948 29331
4948 35400
4949 16869
4949 27653
4950 16510
4950 30577
4950 32214
4951 13033
4951 15847
4951 21929
4951 29231
4951 34853
4951 35333
4952 15997
4952 20894
4952 27161
4952 30168
4952 31122
4952 32129
4952 36996
4953 7500
4953 8132
4953 18575
4954 10436
4954 17121
4954 18736
4954 28552
4954 37682
4955 7059
4956 17934
4956 24031
4956 28879
4957 5942
4957 35465
4958 5508
4958 17580
4959 5834
4959 22666
4960 10755
4960 39840
4961 12982
4961 22839
4961 27083
4962 9524
4962 29534
4962 39221
4963 5013
4963 17332
4963 19374
4963 22971
4963 24440
4964 13320
4964 39131
4965 13671
4965 14046
4966 5735
4966 8156
4966 8493
4966 16158
4967 14320
4967 33845
4968 10016
4968 26896
4968 37735
4969 17566
4969 21945
4970 4982
4970 19468
4970 21028
4970 27409
4970 30347
4971 5570
4971 30923
4971 35589
4972 25621
4972 29890
4973 9696
4973 13618
4973 17023
4974 11272
4974 12254
4974 13108
4974 27505
4975 5756
4975 9016
4976 14524
4976 17732
4976 27038
4976 29631
4977 5393
4977 12067
4977 20619
4977 23762
4977 28192
4978 5691
4978 12191
4978 16086
4978 16642
4978 20038
4978 22392
4978 34513
4978 38809
4979 14158
4979 24418
4979 24422
4979 24557
4979 32243
4979 38107
4980 8377
4980 18609
4980 24255
4980 31726
4981 14708
4981 21976
4981 37144
4982 6756
4982 27847
4982 29235
4982 36899
4983 18801
4983 23197
4983 27207
4983 27491
4985 33454
4986 7019
4986 13285
4986 37865
4986 38904
4987 8276
4987 14981
4987 21294
4987 22412
4987 24870
4987 28128
4987 29263
4987 30020
4987 31850
4987 33146
4987 37586
4988 10957
4988 25925
4988 35136
4989 24108
4989 25811
4989 29260
4989 38915
4990 13276
4991 6973
4991 13086
4991 31010
4991 31733
4991 35462
4991 39381
4992 11582
4992 15473
4992 36394
4993 31279
4993 34375
4994 7426
4994 7609
4994 33796
4995 5091
4995 5348
4995 14044
4995 39544
4996 13255
4996 17878
4996 29112
4997 14663
4997 17222
4997 28505
4997 30811
4997 35056
4997 35677
4997 39214
4998 22665
4998 30085
4998 39306
4999 17732
4999 22208
4999 31561
4999 33415
5000 28205
5000 37054
5001 23613
5001 27733
5001 28044
5002 11567
5002 12695
5002 20931
5002 23306
5002 28648
5003 15321
5003 19584
5003 22564
5004 9392
5004 10099
5004 12868
5004 16276
5004 19877
5004 23154
5004 24749
5004 32368
5005 11670
5005 23716
5005 26742
5005 39454
5006 25844
5006 36814
5007 13072
5008 9548
5008 30905
5009 12875
5009 21073
5009 24156
5009 34466
5010 18255
5010 19274
5010 26015
5010 32838
5011 15257
5011 18850
5011 22157
5011 32828
5011 37583
5011 39411
5012 10177
5012 34464
5013 7975
5013 13928
5013 16374
5013 16798
5013 26805
5013 27714
5013 30896
5013 32356
5014 5502
5014 9292
5014 14346
5014 24363
5015 11011
5015 14556
5015 20187
5015 20957
5015 25972
5016 5745
5016 6981
5016 7664
5016 12588
5016 12932
5016 17069
5016 17331
5016 25414
5016 33342
5017 7300
5017 32962
5018 11184
5018 15264
5018 28111
5018 28365
5018 28413
5018 28683
5019 22117
5020 19261
5021 11964
5021 17756
5021 22940
5021 23619
5022 23913
5022 29088
5022 35933
5022 36222
5023 6889
5023 8588
5023 11233
5023 31682
5024 26022
5024 32570
5025 15748
5025 18177
5025 23961
5025 31251
5025 37593
5025 39008
5026 8829
5026 13730
5027 7111
5027 11139
5027 23456
5027 25540
5027 26294
5028 9039
5028 18518
5028 21970
5028 22507
5028 30770
5029 9226
5029 20733
5029 28726
5029 34775
5030 20092
5030 24213
5030 26100
5030 32734
5030 38825
5031 26722
5032 14573
5032 15290
5032 18661
5032 33859
5033 7290
5033 14864
5033 15230
5033 17854
5034 13606
5034 34678
5035 29157
5036 13531
5036 37425
5036 38137
5037 11010
5037 16207
5037 20892
5037 22767
5037 24783
5037 31163
5038 33073
5038 39929
5039 5837
5039 15056
5039 19164
5039 22016
5039 25783
5039 39314
5040 25500
5040 27748
5040 35263
5040 38100
5041 5718
5041 14932
5041 15545
5041 20708
5041 27007
5041 39324
5042 22786
5042 39382
5043 7494
5043 8349
5043 33919
5044 26860
5044 27710
5044 30115
5044 34660
5045 25136
5045 39740
5046 6008
5046 23859
5046 28204
5046 33270
5046 39937
5047 32008
5048 17729
5048 20832
5048 27553
5048 34337
5049 5405
5049 21794
5049 27428
5050 9110
5050 10887
5050 11108
5050 23396
5050 24076
5050 24621
5050 27854
5051 10018
5051 16351
5051 20669
5051 27645
5051 30968
5051 34393
5052 7883
5052 12559
5052 25019
5052 28000
5052 29120
5052 34849
5053 6228
5053 6251
5053 11690
5053 15421
5053 31499
5054 7932
5054 11064
5054 38509
5054 39619
5055 5424
5055 22762
5055 26081
5055 37176
5056 23276
5056 24195
5056 26377
5056 34133
5056 35860
5056 38707
5057 36364
5058 8822
5058 11664
5058 13851
5058 18397
5058 31147
5058 32849
5059 14352
5059 15565
5059 22807
5060 15165
5060 26436
5060 31390
5061 21559
5061 29766
5062 16410
5062 28992
5062 30733
5062 30811
5063 13995
5063 34948
5064 29043
5064 37345
5065 7115
5065 12292
5065 13269
5065 30196
5066 10261
5066 15107
5066 18406
5066 26385
5066 32782
5067 5217
5067 16613
5068 5854
5068 8240
5068 10693
5068 11197
5068 22269
5068 27608
5068 38880
5069 6901
5069 18041
5069 23659
5069 25472
5069 31498
5070 15975
5070 36994
5071 10708
5071 13893
5071 16451
5071 26890
5072 10526
5072 14632
5072 25752
5072 33889
5073 19810
5073 30554
5074 20516
5074 23858
5074 30158
5074 33245
5074 34604
5075 15277
5075 18765
5075 34456
5076 6240
5076 7851
5076 9325
5076 35674
5077 9263
5078 24834
5078 28915
5079 12212
5079 22980
5079 23254
5079 27081
5079 27520
5079 28043
5079 37678
5080 17261
5080 21514
5080 26006
5080 37868
5081 13280
5081 14959
5081 22779
5081 28491
5081 31761
5082 19733
5082 20771
5082 25179
5082 35868
5083 8037
5083 16635
5083 23524
5084 14726
5085 7200
5085 12496
5085 16810
5085 17592
5085 34644
5086 10367
5087 8033
5087 8176
5087 11351
5087 12340
5087 31569
5087 34012
5088 14072
5088 17672
5088 37538
5089 19931
5089 22965
5089 38126
5090 13188
5090 13944
5090 32753
5090 33724
5090 39463
5091 17240
5091 18625
5091 24913
5092 21417
5092 24218
5092 27534
5092 36561
5092 38818
5093 5565
5093 9689
5093 25409
5094 8079
5094 12837
5094 22568
5095 5144
5095 6459
5095 7673
5095 17162
5095 17801
5095 18072
5095 28927
5095 37238
5096 6914
5097 16081
5097 22043
5097 32982
5098 8210
5098 9136
5098 14267
5098 14308
5098 35096
5098 36445
5098 37480
5099 33909
5099 39951
5100 9950
5100 17311
5100 29427
5100 36882
5102 25065
5102 25979
5102 30090
5102 31876
5102 39192
5103 9698
5103 12803
5103 22212
5104 14851
5104 17027
5104 18015
5104 29709
5104 31018
5105 9774
5105 13386
5105 23925
5105 23979
5105 33651
5106 5520
5106 6847
5106 11054
5107 13571
5107 31371
5107 34034
5108 11129
5108 14588
5108 25270
5108 32360
5110 27100
5110 31003
5111 28981
5111 30910
5111 31800
5112 11018
5112 13154
5112 34007
5112 39033
5113 7747
5113 20262
5113 25572
5113 33640
5113 36177
5114 5857
5114 15497
5114 18046
5114 22852
5114 28976
5115 8951
5115 19552
5116 6999
5116 9940
5116 15548
5116 21576
5116 33073
5116 35547
5117 5244
5117 6316
5117 8242
5117 38806
5118 13860
5118 27435
5118 33449
5118 35481
5119 6148
5119 10556
5119 18866
5119 21885
5119 33492
5119 35557
5119 38819
5120 9813
5120 32042
5120 37310
5121 19652
5121 24376
5121 29356
5121 31526
5122 11427
5122 14758
5122 21658
5122 23748
5123 16600
5123 28886
5123 29038
5123 31862
5124 8587
5124 13649
5125 12083
5125 28856
5126 11072
5126 17294
5127 8608
5127 24037
5127 24421
5127 31162
5127 34306
5128 8360
5128 9389
5128 9928
5128 15795
5128 20185
5128 22621
5128 32035
5128 35286
5129 6311
5129 7795
5129 9129
5129 18897
5129 26675
5129 28776
5129 34164
5130 12951
5130 17133
5131 5405
5131 7293
5131 26073
5131 27142
5132 30562
5132 30854
5132 35380
5133 5365
5133 26522
5133 26635
5134 9391
5134 9849
5134 12544
5134 23980
5134 32923
5134 36003
5135 17010
5135 29863
5135 39467
5136 9874
5136 18375
5137 6541
5137 7048
5137 10153
5137 16616
5137 37813
5138 25911
5138 39577
5139 17905
5139 35288
5140 15985
5140 25714
5140 32006
5140 33921
5140 36061
5140 36346
5141 9486
5141 11239
5141 19222
5141 22610
5141 25503
5141 36975
5142 7485
5142 13645
5142 22554
5142 38073
5142 38551
5143 28542
5143 32330
5144 18956
5144 21781
5144 31420
5144 36623
5145 15125
5146 5904
5146 8555
5146 12143
5146 18257
5146 18593
5146 26506
5147 5648
5147 7252
5147 24749
5147 25115
5147 29038
5147 31605
5148 13386
5148 37016
5149 5870
5149 8045
5149 12728
5149 18801
5149 29611
5149 29614
5150 13699
5150 18984
5150 23142
5151 10024
5151 25416
5151 25609
5151 32834
5152 7600
5152 31512
5152 38045
5153 24525
5154 11901
5154 34247
5154 39560
5155 16060
5155 21148
5155 23213
5156 11251
5157 8414
5157 9500
5157 17260
5157 23930
5157 28351
5157 29210
5158 11809
5158 13444
5158 18489
5158 18738
5158 21882
5158 24642
5158 37397
5159 5856
5159 16047
5159 17806
5159 19781
5159 21388
5159 23810
5159 28863
5160 18098
5160 23952
5160 26872
5160 38496
5161 31349
5162 9987
5162 27349
5162 28462
5162 32393
5163 6863
5163 8885
5163 18611
5163 19982
5163 26175
5163 31074
5163 34257
5163 38531
5164 5538
5164 7450
5164 17560
5164 29015
5164 32222
5164 35669
5164 38954
5164 39509
5165 6937
5165 22198
5165 25807
5165 38746
5166 13178
5166 25150
5166 26907
5167 20598
5167 29052
5168 10404
5168 13286
5168 14455
5168 19664
5168 30452
5168 31395
5168 36162
5169 8021
5169 14022
5169 16188
5169 17163
5169 19580
5169 27990
5169 35384
5170 9814
5170 29541
5170 33743
5171 7434
5171 23533
5172 7059
5172 12397
5172 30133
5172 39542
5173 33200
5176 10387
5176 23985
5176 33102
5177 13086
5177 22812
5177 25337
5178 12676
5178 13067
5178 14855
5178 23236
5178 35140
5178 38650
5178 39228
5179 32406
5180 8254
5180 22609
5180 25140
5180 26071
5180 34761
5180 36291
5181 13555
5181 28350
5181 39247
5182 28871
5183 7093
5183 27890
5184 12478
5184 12753
5184 18641
5184 25139
5185 27024
5185 27834
5185 39474
5187 26776
5187 27593
5188 8639
5188 12666
5188 22561
5188 27350
5188 31079
5188 32646
5188 36325
5188 36647
5189 15652
5189 16604
5189 21834
5189 39577
5190 7662
5190 9679
5190 21420
5190 32320
5191 6583
5191 35356
5193 15931
5194 17114
5194 17650
5194 25525
5194 29037
5194 33979
5194 36047
5195 9331
5195 35048
5195 39503
5196 8099
5196 11162
5196 20534
5197 7118
5197 8735
5197 37932
5198 13292
5198 15662
5199 7355
5199 12572
5199 15901
5199 22064
5199 26204
5200 21195
5200 28457
5200 29096
5200 38870
5201 16930
5201 21650
5201 22280
5201 26550
5202 5670
5202 27228
5202 32644
5202 36393
5203 7594
5203 27292
5203 32711
5203 32932
5204 9976
5204 14140
5204 16522
5204 25253
5204 27942
5205 7278
5205 22301
5205 28760
5205 38438
5206 29101
5206 29237
5206 35853
5207 13903
5207 15123
5208 20433
5208 25150
5209 10698
5209 12333
5210 9328
5210 16444
5210 21542
5211 17537
5211 19469
5211 22258
5211 27387
5211 32195
5212 20504
5212 38292
5213 10330
5213 33489
5214 23059
5214 26375
5214 32673
5214 33532
5214 39225
5215 32933
5215 37355
5216 14050
5216 27841
5217 9769
5217 26257
5217 33042
5217 34482
5217 38030
5218 10360
5218 15300
5218 16454
5218 23429
5218 24131
5218 25025
5218 26956
5218 31422
5218 38647
5219 7140
5219 15952
5219 16931
5219 26409
5220 14733
5220 15813
5220 32377
5221 5930
5221 16544
5222 28686
5222 36084
5223 6814
5223 35572
5223 39883
5224 6490
5224 9655
5224 15698
5224 18825
5224 27757
5224 35293
5225 25215
5225 25319
5225 28009
5226 38233
5227 26238
5228 5402
5228 12001
5229 25164
5230 23915
5231 6947
5231 9360
5231 14937
5231 17508
5231 22699
5231 24394
5231 27153
5231 27475
5232 19713
5232 24531
5233 14110
5233 14981
5233 26695
5234 9205
5234 33251
5234 33403
5235 11589
5235 16367
5235 20622
5235 29332
5235 30957
5236 19385
5236 24797
5236 32474
5237 8404
5237 32406
5237 33618
5237 38971
5238 13750
5238 23636
5238 23668
5238 26159
5238 29359
5238 35619
5239 9836
5239 33083
5240 6976
5240 6996
5240 8541
5240 13575
5240 22534
5240 26380
5240 33464
5241 10369
5241 20689
5241 36918
5242 24605
5242 32095
5243 9994
5243 15426
5244 10823
5244 34335
5245 7705
5245 9991
5245 14826
5245 18597
5245 27427
5245 37509
5246 12802
5246 32302
5246 37414
5247 7198
5247 13770
5247 18563
5247 22350
5247 29733
5247 37629
5247 38648
5248 10276
5248 11838
5248 17341
5248 20948
5248 27694
5249 18775
5249 18816
5249 27175
5249 32106
5249 39290
5250 5734
5250 16139
5250 26778
5250 32479
5251 11454
5251 12726
5251 16881
5252 6941
5252 21822
5252 22513
5252 26996
5252 32398
5252 38759
5253 12032
5253 22831
5253 25615
5253 27662
5254 6424
5254 16260
5255 6902
5255 14125
5255 15702
5255 23365
5256 24856
5257 5317
5257 8059
5257 8709
5257 33132
5258 16025
5258 27440
5259 13983
5260 8105
5260 13923
5260 27499
5261 11189
5261 37685
5261 39153
5262 12903
5262 29260
5263 16680
5263 18420
5263 19222
5263 21466
5263 39163
5264 14612
5264 17327
5264 18651
5264 22172
5264 31084
5264 32066
5264 36416
5265 23064
5265 32051
5265 35653
5265 35699
5266 21299
5266 29134
5266 31673
5266 36769
5266 37055
5267 6535
5267 36323
5268 7693
5268 30396
5268 35115
5269 7438
5269 27331
5270 34154
5270 34773
5271 15736
5271 22457
5272 8181
5272 9679
5272 13258
5273 8945
5273 13344
5273 21760
5273 22508
5273 29253
5273 29766
5274 11191
5274 28248
5275 8291
5275 13801
5275 14821
5275 29726
5275 38923
5276 13184
5276 15606
5276 22734
5277 13211
5277 37789
5278 16037
5278 27992
5278 28449
5278 31380
5278 36669
5278 37927
5279 8076
5279 21101
5279 24464
5279 25193
5279 28093
5279 29405
5279 36995
5280 6157
5280 7506
5280 9554
5280 17318
5280 25070
5281 19951
5281 21316
5281 23660
5281 34048
5282 18089
5282 21143
5282 24608
5282 25748
5282 25884
5282 26348
5282 35770
5283 15519
5283 31949
5283 36509
5283 37166
5283 37879
5283 38352
5284 8114
5284 10426
5284 26867
5284 29633
5285 6235
5285 16230
5285 19990
5285 20418
5285 24217
5285 25476
5285 28431
5286 14067
5286 18775
5286 24002
5286 24147
5286 29734
5287 5324
5287 12188
5287 31704
5289 10920
5289 15276
5289 20367
5290 23288
5290 23500
5290 35178
5290 39610
5291 8471
5291 10519
5291 10834
5291 17348
5291 22405
5291 35526
5292 36325
5292 37989
5293 7809
5293 10215
5293 30444
5294 8693
5294 22905
5294 33825
5295 11869
5295 19654
5296 11212
5296 14324
5296 20229
5296 21106
5296 28892
5296 33114
5298 19804
5298 23017
5298 27255
5298 33641
5299 12593
5299 13999
5300 39086
5300 39171
5301 6564
5301 12748
5301 32702
5302 14078
5302 16995
5302 21984
5302 27145
5302 29570
5302 39128
5302 39404
5303 11335
5303 16792
5303 17478
5303 18422
5304 15562
5304 21525
5305 9304
5305 9590
5305 14507
5305 20770
5305 31113
5306 7038
5306 8906
5306 12902
5306 26407
5307 25634
5307 26880
5308 11786
5308 24446
5308 29182
5308 34059
5309 20534
5309 33050
5309 34175
5310 13418
5310 17754
5310 21302
5310 33473
5311 13092
5311 13851
5311 17342
5311 28691
5313 5697
5313 12216
5313 14876
5313 27406
5314 12798
5314 15122
5314 29650
5314 33136
5314 34202
5314 38290
5315 13596
5315 14905
5315 21856
5317 7544
5317 8086
5317 13900
5317 15433
5317 19501
5317 30382
5318 5429
5318 11579
5318 13010
5318 17801
5318 19035
5318 20480
5318 27008
5318 31703
5318 33724
5318 33737
5318 35856
5319 9918
5319 12987
5319 21869
5319 27271
5319 34199
5320 25405
5321 17236
5321 19821
5321 27528
5322 16298
5322 21704
5322 24563
5322 29996
5323 7537
5323 20610
5323 24651
5323 26603
5323 28846
5323 30225
5323 36822
5324 14320
5324 16562
5325 11580
5325 18821
5325 23114
5326 7988
5326 9010
5326 19087
5326 35057
5327 18961
5327 20585
5327 26059
5327 27618
5327 28170
5327 32810
5327 33966
5327 36399
5327 36713
5328 7251
5328 11271
5328 14863
5328 28924
5328 30353
5329 13090
5329 21611
5329 36233
5329 39993
5330 16917
5330 36061
5330 39471
5331 6355
5331 11153
5331 28460
5331 34392
5332 11336
5332 19025
5333 20774
5333 24522
5333 30988
5333 34480
5334 9099
5334 22521
5335 14332
5335 19373
5336 5783
5336 7551
5336 15315
5336 16513
5336 18775
5337 15617
5337 15630
5338 12202
5338 12838
5338 18701
5339 12778
5339 17521
5339 19620
5340 32603
5340 38739
5341 11496
5341 20503
5341 28360
5341 38939
5342 20095
5342 39481
5343 6990
5343 11278
5344 22314
5344 32930
5345 19788
5345 19968
5345 31491
5345 32052
5346 6295
5346 10826
5346 12143
5346 27260
5347 18890
5347 22481
5348 12515
5348 29476
5350 32737
5351 13393
5351 30921
5352 11544
5352 18051
5352 20867
5352 33682
5352 38443
5353 6191
5353 38249
5354 6322
5354 8732
5354 14730
5354 16552
5354 31096
5355 8851
5355 20573
5355 21334
5355 28950
5355 30631
5356 14517
5356 19891
5357 11644
5357 38046
5358 7062
5358 7093
5358 11940
5358 22736
5358 26627
5359 9449
5359 19793
5359 32317
5359 38485
5360 15028
5360 22143
5360 24424
5360 31681
5360 36427
5361 6757
5361 9135
5361 16055
5361 22542
5361 38055
5362 8935
5362 11095
5362 28216
5363 13430
5363 22452
5363 24992
5363 27797
5363 30335
5363 31041
5364 10118
5364 10800
5364 10803
5364 25308
5364 37896
5364 38311
5365 6615
5365 6710
5365 9725
5365 33220
5365 34844
5366 9673
5366 35486
5367 7962
5367 15714
5368 14350
5368 23156
5368 34454
5368 35973
5369 6699
5369 6809
5369 12431
5369 17049
5369 34083
5370 25248
5370 35166
5370 36021
5371 6605
5371 6949
5371 28686
5371 36974
5372 9016
5372 9504
5372 9746
5372 12284
5372 25235
5372 30992
5372 36803
5373 13385
5373 27426
5374 5455
5374 6839
5374 12517
5374 25112
5374 36874
5376 16309
5376 22153
5376 28678
5376 39450
5377 6890
5377 14937
5377 17892
5379 12140
5379 13591
5379 20458
5379 25013
5379 25660
5379 28650
5380 18425
5381 8442
5381 31902
5382 11094
5382 11555
5382 14633
5382 15598
5382 16358
5382 26017
5382 31114
5382 36224
5383 21432
5383 28159
5383 29312
5383 36579
5383 36858
5384 10874
5384 20990
5384 38879
5385 11956
5385 12827
5385 21273
5385 23459
5385 25022
5385 31239
5385 33624
5386 11385
5386 15008
5386 17867
5386 20062
5386 20097
5386 22451
5387 11581
5387 15066
5387 27475
5387 31674
5387 35791
5387 36840
5388 33245
5388 37981
5389 8082
5389 14066
5389 34972
5390 7825
5390 16299
5390 19185
5391 7146
5391 18691
5392 8864
5392 13847
5392 15501
5392 35718
5393 9066
5393 18513
5393 27780
5393 33459
5394 27723
5395 8440
5395 11049
5395 22296
5396 14221
5396 18261
5396 25099
5396 33682
5396 35496
5396 35548
5396 39354
5397 10368
5397 30441
5397 35624
5397 39407
5398 7768
5398 9238
5398 29041
5398 32986
5400 24129
5400 26962
5401 8097
5401 26784
5401 29085
5401 32645
5401 38055
5402 6246
5402 27814
5402 32177
5402 35321
5403 12991
5403 22419
5403 29098
5403 39298
5404 22238
5404 31889
5404 32664
5404 33005
5404 35423
5405 16747
5405 28432
5406 10851
5407 26450
5408 10119
5408 23183
5408 26448
5408 38759
5409 12056
5409 15515
5409 15912
5409 19101
5409 29483
5409 39391
5410 25229
5410 32764
5410 33499
5410 39118
5410 39860
5411 29915
5411 37164
5412 10833
5412 29718
5412 35895
5412 39356
5413 7949
5413 24028
5413 30452
5413 39998
5414 22299
5415 6963
5415 10328
5415 13127
5415 39261
5416 23971
5416 27878
5416 31448
5416 34229
5417 7060
5417 10312
5417 12305
5417 32684
5417 38826
5418 27322
5419 10428
5419 23573
5419 30051
5420 38749
5421 20207
5421 33148
5422 15421
5422 20327
5422 30671
5423 10096
5423 19222
5423 21930
5423 31415
5423 32073
5423 36219
5424 7135
5424 10685
5424 17403
5424 39246
5425 36312
5425 37200
5426 20921
5426 40000
5427 27008
5427 32101
5428 10987
5428 25076
5428 32101
5429 12012
5429 15193
5429 31804
5430 7424
5430 12753
5430 20069
5431 27012
5431 28671
5432 18438
5432 20439
5432 24607
5432 35263
5433 31475
5434 7403
5434 14962
5435 6554
5435 15480
5436 6515
5436 8609
5436 26053
5436 27563
5436 29813
5436 33489
5436 37086
5436 39136
5437 21832
5438 6611
5438 12086
5438 14122
5438 23064
5438 23322
5438 30229
5438 30930
5438 36246
5439 9751
5439 11970
5439 15824
5439 28325
5440 10337
5440 14423
5440 25621
5440 26957
5440 28483
5440 30011
5440 37054
5441 18909
5441 35383
5441 36025
5442 6479
5443 9817
5443 11335
5443 11345
5443 11673
5443 17636
5443 28745
5444 35388
5445 8099
5445 18374
5446 25980
5448 8443
5448 13240
5448 25718
5448 35357
5449 9458
5449 10086
5449 23190
5449 28517
5450 5732
5450 10852
5450 14359
5450 14767
5450 17800
5450 20504
5450 25669
5450 29030
5450 36997
5451 7887
5451 9186
5451 33288
5452 10177
5452 15145
5452 17525
5452 30139
5452 34961
5452 35649
5453 21112
5453 25878
5453 29806
5453 30798
5453 37484
5454 11596
5454 13101
5454 26637
5455 10120
5455 16638
5455 23271
5455 24679
5455 28287
5456 28372
5456 29314
5456 29527
5456 34085
5456 38034
5457 8400
5457 10797
5457 16473
5458 13874
5458 15976
5458 25997
5458 38972
5459 19910
5459 21546
5459 28391
5460 31444
5461 14532
5461 22093
5462 13779
5462 17312
5463 7753
5463 17951
5463 25486
5463 31423
5463 36148
5464 9788
5464 15029
5464 16055
5464 28973
5464 29683
5464 31804
5465 8929
5465 28336
5465 36467
5466 6355
5466 12808
5466 19851
5466 30558
5467 23795
5468 35840
5468 38779
5469 25563
5469 27824
5469 29488
5469 36061
5470 19813
5471 11557
5471 15149
5471 27982
5471 29604
5471 35198
5472 12037
5472 25350
5473 19642
5473 26388
5474 15262
5474 18189
5474 21077
5474 22906
5474 34100
5475 12178
5475 13360
5475 26596
5476 9761
5476 19881
5476 21585
5476 30539
5476 36749
5477 33830
5477 38849
5478 26858
5479 7150
5479 33012
5479 33576
5479 34328
5480 7456
5480 37192
5481 9009
5481 13315
5482 26485
5482 28002
5483 22395
5483 25162
5484 9361
5484 39195
5485 32838
5486 12882
5486 35016
5487 19203
5487 33253
5488 39523
5489 9338
5489 11539
5489 20352
5489 21125
5489 28741
5489 35630
5490 14343
5490 25111
5490 37925
5490 39460
5490 39507
5491 10627
5491 32939
5492 7342
5492 34520
5494 25779
5495 6094
5495 8612
5495 13319
5495 23511
5495 32770
5496 18876
5496 22317
5496 26181
5496 27482
5496 34919
5496 36098
5497 15033
5497 31422
5497 33897
5497 35111
5498 6380
5498 6588
5498 9633
5498 34743
5499 17968
5499 21298
5499 26243
5499 33956
5499 35775
5499 37265
5500 20855
5501 13930
5501 26183
5501 36754
5502 19801
5502 29809
5502 36268
5502 39002
5503 32311
5503 33917
5503 36012
5504 14138
5504 19937
5504 23129
5504 23558
5504 27237
5504 37726
5504 39514
5506 30575
5506 39228
5508 16932
5509 13302
5509 22240
5509 30174
5510 16903
5510 17315
5510 25520
5510 37799
5512 11658
5512 34866
5513 7232
5513 12945
5513 14151
5513 16710
5513 27516
5513 29932
5513 38683
5514 11913
5514 13448
5514 37223
5515 5542
5515 18806
5515 27113
5515 36006
5516 21285
5516 23520
5516 33749
5516 39676
5517 12583
5517 23854
5518 5626
5518 19858
5518 30383
5518 31193
5518 33077
5519 8623
5519 10187
5519 23212
5519 26698
5519 32000
5519 36754
5520 13278
5520 27810
5520 30111
5520 33615
5521 14940
5521 16684
5521 25410
5521 38265
5522 8393
5522 33966
5523 36036
5523 38524
5524 14785
5524 16934
5524 20129
5524 30351
5525 11003
5525 15833
5525 18416
5525 31005
5525 35458
5525 35553
5526 6920
5526 7535
5526 17527
5526 24895
5527 7764
5528 10211
5528 18459
5528 31609
5529 8523
5529 17773
5529 19182
5529 19496
5529 24537
5530 17922
5530 21110
5530 24861
5530 32324
5531 21755
5531 23582
5531 25417
5532 7888
5532 19036
5532 21848
5532 28987
5533 10710
5534 10396
5534 23964
5534 38110
5534 39552
5535 12538
5535 22838
5535 27575
5536 9415
5536 29122
5536 30878
5536 35276
5537 5538
5537 6978
5537 14330
5537 14684
5537 28513
5537 31812
5537 33186
5538 17091
5538 34525
5539 22128
5540 8358
5540 24200
5541 14832
5541 23046
5541 27509
5542 33002
5543 31356
5543 31635
5543 31911
5543 32735
5544 16394
5544 20738
5544 29705
5544 29801
5544 36824
5545 7733
5545 9201
5545 9829
5545 33102
5545 33813
5546 11998
5546 26391
5546 29039
5547 7180
5547 11645
5547 18539
5547 21458
5548 38453
5549 8680
5549 15681
5549 23920
5549 28908
5550 21189
5550 39412
5551 7194
5551 27652
5551 32422
5551 36600
5552 6590
5552 23895
5553 28347
5553 39174
5554 6363
5554 11079
5554 11514
5554 13776
5554 15596
5554 31106
5554 39002
5555 13270
5555 27417
5556 9692
5556 10094
5556 21667
5556 22268
5556 29473
5556 36515
5556 39730
5557 8750
5557 15386
5557 27657
5557 39802
5558 6670
5558 13203
5558 18107
5558 23588
5558 38690
5559 17597
5559 35783
5560 10460
5560 17402
5560 20206
5560 37569
5561 8648
5561 11192
5562 12761
5562 25142
5562 26243
5562 27456
5562 34123
5562 34250
5563 7442
5563 30273
5563 32211
5563 36704
5564 16714
5564 17269
5564 18398
5564 19756
5564 19968
5564 31554
5566 21448
5566 24348
5566 34895
5567 6670
5567 16748
5567 20438
5567 28517
5567 29726
5567 30078
5568 7822
5568 20364
5569 5617
5569 7002
5569 16017
5569 20731
5569 30311
5570 6641
5570 18990
5571 8381
5571 36692
5573 20872
5573 38061
5574 7303
5574 7320
5574 35113
5575 6877
5575 8602
5575 10213
5575 12844
5575 14000
5575 24573
5575 35173
5576 25264
5576 35768
5577 7490
5577 13534
5577 19068
5577 25716
5577 36650
5577 37943
5577 38652
5578 10550
5578 23397
5578 26367
5578 28358
5578 29869
5578 30992
5578 36964
5579 9570
5579 22380
5581 11931
5581 18270
5582 25896
5582 36282
5582 37770
5583 6850
5583 7264
5583 14994
5583 21942
5584 21570
5584 31689
5585 9617
5585 16004
5585 24574
5586 10339
5586 26185
5587 7891
5587 8298
5587 12673
5588 24118
5588 25980
5589 13179
5589 14180
5589 20242
5589 27294
5590 8998
5590 20964
5590 24828
5590 36582
5591 7843
5591 26649
5591 27403
5591 29097
5592 15373
5592 20604
5592 24546
5593 10626
5593 11557
5593 14246
5593 27450
5593 32549
5594 6186
5594 20745
5594 28098
5595 7683
5595 17039
5595 23848
5595 26326
5596 9768
5596 14319
5596 16059
5597 17470
5597 25432
5597 37759
5598 6451
5598 12999
5598 20167
5599 16520
5599 38926
5600 32240
5600 36823
5601 28098
5601 32963
5602 10425
5602 24197
5603 7976
5603 10346
5603 15699
5603 22038
5603 23803
5603 34113
5603 37373
5603 38088
5603 38877
5603 39230
5604 10330
5604 11730
5604 14147
5604 24976
5604 26188
5604 29780
5604 39427
5605 17648
5606 14071
5607 8796
5607 15019
5607 16918
5607 35671
5608 9975
5608 17105
5608 18811
5610 18615
5610 22544
5611 18476
5611 24539
5611 25393
5611 37526
5612 8594
5612 10725
5612 12972
5612 19930
5612 23091
5613 35760
5614 13426
5614 30077
5615 15855
5615 27986
5615 29969
5615 39573
5616 10541
5616 21989
5616 32438
5617 22600
5617 26897
5617 31488
5617 37531
5618 29055
5618 29107
5618 31022
5618 37568
5619 9865
5619 29852
5619 31323
5620 24873
5620 36491
5620 37228
5621 19487
5621 25311
5621 32172
5621 39988
5622 8621
5622 12523
5622 25243
5623 11626
5623 15281
5624 18344
5624 31180
5625 20646
5625 37629
5626 17935
5626 18562
5626 19656
5626 26395
5626 28693
5626 28877
5627 22628
5627 28441
5627 31842
5628 6971
5628 8751
5628 20551
5628 22154
5628 22500
5628 24762
5629 15179
5629 26505
5630 5911
5630 8100
5630 19924
5630 32684
5630 38797
5631 6152
5631 26191
5631 36653
5632 10460
5632 31794
5633 7536
5633 20221
5633 22741
5633 23501
5633 36462
5633 38643
5634 10461
5634 20561
5634 32460
5635 6373
5636 14394
5636 35017
5637 9610
5637 13204
5637 29422
5638 6476
5638 6669
5638 9490
5638 36296
5639 12123
5639 23891
5639 27091
5639 29986
5639 31971
5640 6446
5640 18425
5641 7424
5641 9215
5641 19509
5641 26506
5642 10859
5642 13354
5642 20857
5642 24653
5642 25438
5642 39016
5643 7223
5643 15854
5643 23591
5644 16662
5645 14899
5645 15859
5645 25920
5645 33786
5645 37354
5646 23350
5646 28310
5646 30480
5647 14697
5647 33249
5648 6659
5648 14989
5648 24304
5648 24516
5648 25377
5649 32470
5650 16497
5650 16553
5650 19251
5650 26591
5650 30808
5651 17826
5651 19300
5652 7072
5652 7133
5652 10021
5653 10988
5653 12047
5653 22215
5653 28975
5653 29595
5654 15423
5654 21058
5655 14469
5655 32206
5655 33492
5656 26485
5657 28943
5657 35475
5658 9279
5658 18413
5658 26669
5658 38256
5659 9471
5659 27981
5660 12105
5660 15063
5660 18367
5660 21174
5660 28077
5660 29181
5660 29989
5660 34447
5660 37536
5661 23256
5661 30693
5662 13902
5662 25856
5662 31468
5663 15302
5664 8068
5664 15919
5664 19818
5664 36613
5665 12710
5665 22054
5666 5736
5666 11606
5666 12395
5667 17951
5668 5811
5668 10727
5668 11519
5668 23036
5668 37132
5669 14675
5669 19442
5669 21951
5669 24870
5669 33114
5669 33772
5669 34428
5669 35418
5670 7493
5670 13717
5671 16720
5671 39910
5672 16283
5672 28348
5673 21789
5673 22193
5673 28982
5673 35709
5674 13234
5674 19398
5674 25351
5674 31934
5675 25156
5676 16885
5676 35145
5677 10447
5677 15178
5677 27679
5677 34406
5678 13164
5678 37742
5679 6130
5679 8601
5679 9342
5679 14828
5679 33514
5680 14995
5680 15477
5680 16864
5680 30191
5680 31257
5682 11760
5682 14036
5682 14040
5682 35521
5683 10184
5683 20558
5683 26641
5683 35602
5683 36097
5684 6165
5684 30817
5685 24161
5685 35096
5686 17874
5686 38125
5687 15163
5687 39045
5688 6827
5689 12564
5689 24500
5689 26503
5689 37473
5690 10931
5690 18032
5690 26581
5690 32705
5690 38997
5692 5866
5693 12791
5693 33789
5693 38514
5694 7071
5694 8038
5694 18048
5694 23792
5694 25895
5694 26627
5695 33456
5695 34489
5695 37115
5696 14028
5697 11093
5697 11468
5697 20108
5698 7301
5698 10878
5698 16685
5698 32694
5699 7845
5699 10238
5699 27017
5699 34692
5699 38239
5700 13271
5700 17966
5700 21933
5700 22677
5700 26569
5700 39316
5701 7889
5701 34105
5701 38111
5702 7117
5702 22787
5702 24678
5703 6075
5703 28564
5704 10834
5704 15189
5704 22061
5704 32463
5704 33377
5704 36383
5705 8694
5706 9281
5706 19327
5706 26616
5706 27061
5706 30538
5707 15346
5708 6093
5708 6250
5708 7241
5708 10163
5708 10954
5708 16032
5708 17143
5708 17903
5708 19370
5708 21163
5708 25013
5709 13038
5709 22374
5709 26811
5709 29574
5709 35646
5710 12285
5711 18028
5711 39401
5712 16667
5712 18274
5712 33625
5712 35467
5713 23430
5713 29329
5713 31167
5714 22222
5714 30081
5715 11157
5715 11507
5716 9098
5716 9114
5716 18018
5717 8833
5717 14518
5717 25747
5717 34620
5718 34256
5719 6539
5719 7850
5719 13902
5719 18686
5719 21972
5720 13119
5720 20749
5720 26017
5722 25910
5722 28701
5722 31327
5722 33141
5723 6469
5723 11272
5723 26544
5723 26556
5723 32316
5723 38638
5724 16821
5724 22172
5724 28648
5725 34544
5726 11220
5726 14616
5726 15759
5726 16220
5726 24046
5726 24689
5726 28533
5726 30535
5727 23837
5727 35845
5728 19332
5728 38301
5729 10893
5729 14500
5729 25710
5729 37821
5730 28248
5731 17065
5731 18395
5731 27916
5731 38338
5732 12549
5732 20941
5732 25801
5733 14435
5733 15385
5733 21747
5733 35653
5733 38618
5734 21490
5734 31348
5735 8313
5735 17311
5735 18510
5735 18730
5735 39330
5736 14912
5736 15029
5736 23530
5737 8516
5737 9300
5737 10963
5737 27797
5737 39523
5738 5948
5738 8740
5738 11919
5738 36068
5739 11973
5739 15590
5739 22372
5739 28939
5740 6453
5740 26462
5740 28752
5740 35182
5740 39818
5742 32032
5742 37846
5743 7040
5743 8585
5743 15940
5743 20356
5743 23921
5743 28305
5743 35326
5744 6153
5744 7174
5744 16455
5744 21021
5744 30846
5745 5778
5745 9768
5745 10561
5746 18974
5746 25645
5746 29149
5746 31657
5746 35039
5746 37571
5747 29619
5747 31704
5747 33660
5748 6310
5748 15094
5748 18653
5748 19088
5748 23483
5748 31602
5748 33514
5748 37716
5748 38633
5749 11410
5749 20711
5749 22221
5749 22256
5749 24697
5749 38805
5750 17913
5750 31181
5750 36730
5750 37403
5750 37926
5751 25298
5751 29762
5752 10366
5752 14037
5752 27365
5753 15927
5753 24760
5753 30924
5753 32410
5753 35714
5753 38548
5754 6210
5754 19215
5754 38881
5755 19364
5755 26340
5755 31091
5755 39734
5756 9605
5756 20525
5756 26131
5756 36591
5756 39866
5757 15370
5757 39942
5758 26620
5758 37514
5759 8466
5759 8523
5759 9235
5759 32122
5760 6639
5761 5932
5761 11903
5761 17180
5761 24279
5762 11401
5762 26021
5762 29046
5762 36002
5762 38751
5762 39205
5763 21996
5763 32965
5763 33849
5764 25728
5764 32023
5765 17672
5766 32907
5766 35626
5767 22776
5767 28166
5767 38951
5768 13933
5768 27857
5768 32149
5768 34717
5768 35687
5769 17133
5770 28892
5770 34997
5770 38930
5771 7983
5771 9598
5771 12537
5771 20702
5771 28384
5771 30712
5772 14803
5772 18804
5772 27582
5773 12579
5773 17180
5773 24254
5773 31163
5773 38575
5776 8282
5776 9586
5776 11158
5776 16822
5776 21597
5776 30261
5776 35218
5777 20254
5778 37966
5779 33159
5780 9857
5780 19121
5780 26073
5781 9963
5781 10745
5781 27575
5781 29441
5781 36729
5782 17691
5782 28635
5783 13292
5783 20559
5783 30203
5783 34231
5785 34302
5786 13194
5786 15078
5786 19530
5786 31579
5787 8839
5787 11933
5787 18974
5787 22838
5787 26142
5787 29825
5788 10690
5788 38322
5790 14566
5790 20178
5791 25296
5792 10376
5792 11556
5792 23973
5792 28338
5793 35374
5794 8019
5794 24363
5795 7282
5795 8569
5795 21765
5795 30817
5795 34062
5796 6842
5796 26289
5796 27622
5796 30902
5796 35240
5796 35770
5797 10135
5797 25972
5797 38779
5798 12227
5798 12270
5798 14547
5798 21586
5798 23874
5799 10113
5799 16072
5799 18919
5799 20331
5799 33541
5800 26720
5801 7028
5801 11401
5802 6881
5802 15110
5802 18224
5802 35317
5803 24049
5803 26751
5804 10051
5804 16573
5804 37556
5804 38363
5805 6995
5805 7909
5805 12728
5805 27929
5805 31454
5805 31754
5807 20176
5807 39398
5808 10252
5808 33029
5808 37042
5808 37637
5809 9262
5809 27319
5810 11196
5810 12345
5810 16655
5810 23058
5810 30252
5810 30446
5810 30742
5810 38342
5811 12303
5811 12740
5812 9471
5812 9964
5812 14969
5812 16856
5812 29795
5812 33713
5813 8807
5813 11015
5813 19152
5813 32202
5813 36151
5814 6820
5814 18890
5814 33804
5815 17045
5815 20782
5815 26944
5816 13110
5816 19147
5816 37351
5817 15575
5817 36431
5817 37116
5818 22268
5819 18258
5819 21137
5819 24208
5819 33982
5819 39511
5820 16440
5820 34921
5821 8811
5821 22145
5823 11686
5823 12230
5823 38954
5824 6491
5824 12617
5824 17602
5824 18540
5824 36854
5824 37896
5824 39088
5824 39555
5825 16388
5825 38638
5826 14163
5827 6579
5827 13359
5827 18013
5827 35317
5828 13493
5828 21028
5829 8916
5829 22787
5829 25165
5830 27210
5830 32960
5831 9319
5831 39016
5832 12873
5832 17361
5832 31080
5832 34784
5833 23789
5833 31323
5834 14161
5834 19541
5834 33708
5835 23155
5835 24587
5835 30240
5836 9245
5836 25226
5838 19748
5838 22249
5838 24955
5838 33255
5839 7196
5839 12846
5839 13059
5839 16799
5839 19764
5839 26796
5840 6280
5840 17616
5840 30547
5841 22497
5841 22942
5841 27623
5841 33767
5841 39902
5842 30187
5843 7952
5843 10255
5843 11938
5843 26560
5843 31970
5843 33828
5843 38952
5844 10030
5844 10556
5844 12822
5844 14614
5844 16268
5844 16375
5844 22661
5844 36051
5844 38585
5846 12863
5846 12974
5846 14737
5846 26350
5846 33270
5847 16519
5847 18968
5847 29192
5847 32634
5848 8831
5848 10459
5849 10313
5849 16786
5849 21617
5849 32981
5850 15472
5850 25459
5850 27970
5850 39202
5850 39320
5851 18903
5851 32152
5852 12229
5852 12649
5853 9712
5853 32620
5853 39482
5854 9455
5854 9744
5854 10279
5854 11816
5855 15242
5855 26007
5856 20623
5856 28861
5856 38788
5857 18483
5857 24220
5857 34756
5858 9524
5858 22584
5858 23762
5858 26643
5858 28008
5858 38693
5859 13451
5859 16033
5860 11101
5860 13350
5860 14180
5860 24779
5860 29197
5860 35153
5861 16371
5861 17063
5861 32384
5861 35687
5862 21328
5862 25053
5862 29250
5862 30851
5862 39547
5863 9609
5863 11749
5863 32156
5863 34553
5864 11593
5864 17772
5864 29372
5866 20576
5866 23143
5866 29063
5867 15979
5867 28553
5867 28887
5868 8686
5868 14491
5868 29685
5870 11100
5870 12614
5870 20894
5870 34718
5871 8685
5871 13041
5872 7376
5872 15491
5872 17889
5872 30149
5873 20552
5873 37409
5873 38150
5874 7633
5874 10896
5874 30832
5875 11792
5875 16381
5875 39697
5876 5927
5876 10648
5876 11292
5876 36030
5876 39372
5876 39951
5877 17415
5877 27633
5877 34276
5877 38506
5878 20890
5878 36311
5879 8313
5879 35520
5879 39788
5880 11978
5880 17090
5880 17227
5880 25871
5880 34789
5881 15486
5881 16449
5882 13399
5882 17142
5882 29262
5883 11136
5883 11819
5884 7148
5884 23341
5884 24577
5884 29509
5885 8749
5885 13269
5885 14689
5885 16908
5885 32159
5886 21697
5886 25182
5886 27399
5886 29363
5887 7651
5887 21131
5887 38258
5887 39329
5888 12010
5888 14494
5888 16660
5888 23991
5888 27355
5889 34520
5890 6192
5890 14975
5890 15890
5890 16732
5890 28802
5890 39233
5891 7809
5891 21794
5891 27677
5891 33274
5891 35424
5891 35644
5892 18622
5892 30774
5893 9510
5893 22225
5893 23151
5893 27732
5893 30824
5893 39032
5894 7531
5894 24811
5894 26345
5894 26623
5894 27731
5894 36537
5895 23026
5895 31896
5895 35209
5896 13556
5896 19088
5896 24032
5898 5951
5898 6558
5898 7186
5899 14435
5899 27675
5899 33763
5900 8822
5900 32226
5901 12041
5901 18955
5901 20166
5901 35120
5902 18106
5902 32304
5903 8850
5903 11181
5903 25940
5904 11685
5905 27964
5905 34798
5906 20063
5906 21776
5906 28946
5906 32640
5906 35789
5906 39772
5907 17073
5907 18086
5907 28566
5908 22757
5908 28796
5909 11691
5909 24727
5909 27026
5910 6720
5910 9687
5910 12905
5910 35086
5911 17515
5911 26962
5911 29341
5911 29957
5911 34498
5911 38277
5912 11730
5912 12674
5912 21164
5912 29774
5914 12093
5914 25641
5915 13769
5915 32657
5916 14896
5916 30062
5916 36820
5917 11012
5917 14172
5917 17324
5917 18788
5917 37679
5918 6298
5918 36289
5919 7344
5919 23170
5919 25432
5920 39469
5921 8002
5921 12297
5921 19182
5921 36440
5922 20346
5922 21097
5922 26967
5923 7287
5923 15773
5923 17847
5923 18978
5924 21394
5924 22874
5925 12448
5925 36805
5925 39991
5926 18715
5926 21753
5926 25630
5926 36115
5927 12066
5927 28755
5927 31210
5927 31703
5928 14303
5928 32817
5928 39634
5929 9271
5929 20659
5929 25003
5929 29756
5930 9314
5930 15264
5930 16914
5930 18608
5931 23912
5931 34630
5932 20109
5933 6735
5933 12120
5933 12902
5933 14244
5933 15254
5933 21422
5933 25351
5934 12330
5934 13930
5934 19763
5935 6377
5935 33814
5936 8555
5936 9537
5936 26994
5937 9917
5938 9700
5938 11015
5938 17938
5938 31137
5939 13468
5939 20062
5939 25531
5939 27027
5940 11666
5940 14105
5940 19988
5940 35474
5940 37036
5941 10125
5941 17194
5941 17513
5941 36156
5942 38943
5943 19421
5944 13587
5944 32009
5944 35218
5944 37669
5945 12859
5945 32915
5945 39592
5946 22118
5946 24109
5947 12264
5947 15664
5947 26867
5947 27178
5947 29354
5948 10164
5948 27789
5948 35824
5949 23245
5949 35985
5950 16121
5950 19293
5950 26827
5950 29036
5950 39157
5951 15560
5951 16720
5952 6520
5952 14725
5952 20443
5952 39137
5953 6230
5953 13235
5953 32547
5954 10699
5954 11173
5954 14200
5954 14740
5954 38708
5955 10955
5955 25662
5955 38994
5956 7082
5956 10098
5956 23425
5956 33412
5957 8135
5957 26858
5957 27396
5958 14938
5958 28909
5959 11383
5959 28458
5959 32038
5959 34690
5959 37180
5960 16595
5960 32616
5961 9533
5961 30626
5961 36804
5962 6346
5962 8594
5962 17972
5962 28236
5962 32528
5963 14245
5963 18679
5963 24544
5963 29012
5963 34937
5963 37181
5964 24735
5964 25592
5964 37144
5964 39661
5965 13727
5965 28221
5966 13624
5966 17918
5966 20693
5966 23728
5966 33941
5967 26339
5967 30167
5967 31902
5968 6221
5968 7771
5968 12769
5968 17940
5968 25855
5968 26014
5968 31295
5969 11255
5969 12130
5969 35871
5969 36313
5970 16720
5970 32449
5971 17970
5971 18641
5971 30657
5971 38194
5972 9729
5972 25312
5972 39467
5973 12932
5973 14749
5973 15401
5974 8084
5974 24718
5974 30518
5975 10702
5975 22760
5975 25086
5976 10123
5977 16277
5978 39017
5979 9385
5979 14508
5979 25826
5979 27038
5980 11781
5980 22030
5980 29634
5980 38880
5981 23551
5981 24960
5981 34759
5982 10014
5982 17865
5982 28224
5982 33079
5983 10344
5983 17215
5983 27699
5983 35266
5984 10898
5984 11251
5984 23752
5985 35897
5985 37991
5986 17993
5986 25151
5986 27419
5986 37366
5987 25021
5987 31103
5988 11675
5988 19068
5988 26007
5988 26555
5988 29124
5989 7074
5989 15941
5989 16123
5989 24664
5989 27765
5989 27803
5989 30229
5989 34219
5990 14156
5990 22207
5991 28428
5992 14486
5992 21449
5992 26276
5992 32896
5992 33546
5992 35145
5993 11070
5993 12451
5993 20234
5993 33350
5994 20611
5994 21199
5994 28724
5995 22498
5995 23299
5995 24549
5995 37058
5995 38261
5996 11779
5996 13610
5996 14324
5996 32730
5996 32907
5996 39761
5997 8755
5997 13925
5997 17850
5997 18401
5998 9910
5998 12608
5998 21967
5998 22525
5998 25192
5999 21567
5999 26627
5999 32670
5999 35322
5999 36954
5999 38471
6000 11956
6000 30290
6000 30963
6001 7434
6001 9012
6001 22763
6001 28547
6004 12757
6004 15851
6004 28284
6004 31633
6004 35342
6005 20494
6005 25242
6005 27756
6005 34644
6006 21330
6006 21734
6006 23257
6006 26285
6007 10073
6007 16365
6007 23751
6007 36162
6007 38773
6008 13561
6008 14513
6008 18502
6008 22807
6008 27226
6008 27609
6008 31604
6008 34875
6008 37677
6008 39912
6009 14048
6009 18440
6009 21163
6010 30440
6010 37623
6011 6392
6011 26166
6011 31371
6011 34606
6013 26282
6013 28902
6013 36858
6013 38227
6014 12295
6014 12386
6014 13258
6014 24106
6014 33631
6015 9669
6015 22822
6015 37026
6015 39535
6016 8564
6016 13747
6016 21207
6016 30789
6016 33741
6016 39625
6017 11343
6018 8095
6018 12222
6018 30932
6018 37633
6019 8669
6019 10933
6019 18535
6019 18997
6019 21479
6019 36643
6020 13146
6020 23449
6020 30790
6020 31607
6020 32021
6020 39550
6021 13158
6021 39120
6022 11222
6022 14070
6022 19483
6022 20535
6023 7377
6023 7768
6023 20025
6024 8112
6024 10420
6024 23209
6024 39884
6025 7621
6025 12992
6025 34567
6025 35968
6026 7288
6026 8932
6026 9477
6026 13236
6026 15290
6026 21609
6026 25889
6026 29622
6026 33266
6026 34327
6026 36168
6027 32502
6027 35806
6028 10346
6028 12084
6028 38946
6030 19774
6030 25526
6031 12290
6031 20355
6031 25385
6032 6874
6032 29002
6032 31700
6033 20834
6033 34626
6034 13088
6034 22004
6034 35617
6035 37477
6036 16178
6036 37169
6038 12216
6038 18702
6038 20962
6038 25418
6038 29021
6038 35978
6038 36701
6038 37903
6039 8675
6039 26824
6039 36885
6040 6235
6040 18158
6040 19780
6040 39226
6041 13982
6041 18334
6041 36289
6042 27378
6042 33494
6043 25121
6043 33107
6043 34331
6044 30862
6044 37490
6044 38704
6045 38404
6046 8146
6046 12135
6046 14093
6046 19968
6046 25637
6047 10679
6048 16337
6049 20476
6049 37617
6050 8181
6050 14666
6050 17888
6050 29646
6051 32453
6051 35216
6052 12072
6052 12120
6052 19478
6052 27744
6053 9725
6053 10594
6053 22013
6053 30509
6054 6940
6054 13153
6054 28904
6054 30390
6054 32119
6056 36170
6057 14791
6057 16010
6057 17813
6057 25511
6057 38857
6059 13345
6060 29448
6060 39033
6061 7668
6061 23070
6061 38399
6061 38789
6062 21079
6062 23680
6062 24231
6062 28699
6062 30431
6062 35398
6062 35661
6062 38224
6063 30873
6063 32020
6064 7298
6064 23031
6064 27303
6064 37789
6065 17185
6065 21703
6066 14568
6066 16813
6066 28591
6066 28629
6066 39774
6067 6936
6067 23702
6067 29929
6067 38520
6068 6131
6068 22516
6069 6994
6069 14073
6069 29294
6069 36653
6070 10940
6070 31153
6071 16403
6071 21499
6071 27623
6072 18869
6072 37591
6073 10368
6073 31211
6074 8413
6074 9629
6074 24816
6075 10950
6075 24793
6075 34825
6076 27247
6077 29255
6077 34757
6078 22563
6079 8514
6079 35967
6079 36112
6080 11426
6080 12045
6080 32162
6081 31416
6081 32870
6082 15971
6082 16376
6082 19512
6082 19827
6082 27204
6082 28029
6082 28148
6083 10661
6083 25369
6083 27953
6084 16324
6084 22781
6084 26008
6084 31446
6085 30123
6085 39011
6086 37138
6087 11145
6087 18136
6088 18348
6088 22184
6088 25943
6088 28834
6088 38878
6089 11659
6089 35128
6089 35987
6090 14624
6090 20549
6091 39671
6092 22089
6092 24044
6093 37420
6094 12654
6094 21727
6094 21865
6094 25263
6094 28652
6094 31126
6094 31443
6094 32581
6095 10456
6096 19441
6096 21548
6096 27792
6096 39212
6097 27691
6097 34101
6098 11034
6098 24640
6098 26466
6098 27399
6098 30304
6099 6498
6099 23878
6099 29135
6099 30958
6100 13826
6100 19548
6100 26292
6100 37299
6101 18090
6101 18112
6102 11125
6102 28411
6103 9149
6103 16202
6103 30269
6103 36869
6104 6623
6104 9030
6104 37787
6105 8781
6105 21159
6105 21410
6105 35205
6106 9912
6106 28693
6106 29511
6107 26979
6107 28906
6107 39646
6108 8191
6109 14846
6109 21520
6109 34507
6109 35910
6110 10421
6110 17637
6110 20292
6110 21671
6110 39797
6111 9299
6111 16890
6111 19269
6111 21562
6111 22106
6111 22196
6111 24278
6111 24879
6111 34831
6111 36764
6111 37199
6112 9959
6112 25218
6112 28017
6113 11726
6113 20698
6113 36470
6114 10128
6114 19577
6114 30205
6114 39940
6115 12955
6115 13585
6115 15109
6115 37863
6116 8556
6116 10661
6116 17126
6116 24436
6116 38269
6116 39863
6117 7170
6117 22663
6117 31536
6118 7542
6118 20998
6118 23510
6118 25052
6119 8063
6119 15942
6119 22386
6119 27115
6119 28211
6121 6512
6121 6765
6121 36439
6122 17378
6122 22149
6123 10775
6123 13524
6123 16747
6123 34293
6124 9599
6124 13151
6124 20001
6124 20046
6124 32085
6125 9085
6125 12896
6125 13700
6125 24889
6126 6428
6126 26364
6126 39620
6127 16994
6127 22224
6127 25571
6127 26453
6127 28927
6128 11701
6128 22853
6128 31345
6128 32149
6129 39679
6130 9415
6130 9571
6130 26171
6130 30667
6130 31390
6131 22770
6131 35504
6132 21984
6132 23932
6132 37749
6133 6514
6133 15830
6133 37808
6134 9471
6134 21575
6135 13246
6135 17940
6135 25011
6135 26742
6135 34650
6136 16248
6136 18127
6136 25959
6136 34851
6137 23904
6137 27735
6137 38249
6137 38842
6138 6830
6138 32037
6138 34415
6139 18208
6139 25284
6139 33384
6139 33939
6139 37776
6140 17832
6140 27427
6141 17545
6141 23088
6141 30978
6141 30980
6141 33878
6142 10483
6142 20812
6142 23780
6142 25301
6142 37898
6142 38140
6143 15966
6143 19776
6143 31366
6143 33621
6145 13048
6145 31675
6145 36904
6146 14898
6146 24222
6146 27074
6146 33016
6146 34198
6146 35823
6147 13691
6147 15961
6147 19393
6147 39717
6148 11558
6148 13518
6148 29507
6148 34688
6148 38230
6149 14092
6149 15308
6149 21530
6149 23449
6149 28426
6149 33642
6149 37687
6150 29790
6150 30977
6150 35629
6151 7008
6151 7407
6151 31446
6151 31529
6152 12238
6152 13057
6152 38427
6155 20155
6155 22552
6155 39833
6156 16447
6156 23745
6157 19465
6157 29519
6157 30869
6158 17730
6158 17840
6158 31010
6158 35698
6159 7092
6159 8869
6159 21915
6159 26430
6159 26749
6160 7846
6160 28578
6161 19166
6161 27637
6162 11814
6162 18424
6162 19188
6162 21509
6163 6952
6163 17369
6163 23585
6163 23703
6163 34718
6163 37123
6164 19190
6165 7516
6165 15361
6165 16814
6165 19060
6165 23340
6165 28625
6165 30823
6165 39039
6166 6823
6166 23255
6166 32017
6167 29425
6168 17966
6168 21342
6168 22936
6168 24762
6168 27160
6168 28286
6169 17532
6169 25089
6169 34352
6170 19000
6171 8800
6171 12678
6171 15211
6171 24421
6172 9080
6172 11089
6172 11510
6172 20894
6173 8425
6173 8927
6173 12728
6173 26961
6173 33901
6173 39676
6174 7214
6174 9713
6174 10407
6174 12342
6174 17696
6174 19952
6174 38102
6174 39436
6175 15598
6175 15680
6175 19481
6175 20788
6175 24589
6175 27598
6175 33677
6176 8733
6176 28417
6177 10248
6177 15732
6179 10349
6179 15474
6179 17347
6179 21838
6179 27459
6179 27995
6181 13825
6181 15995
6181 21403
6181 27995
6182 13529
6182 32448
6182 37220
6182 37407
6182 38837
6183 13072
6183 22279
6183 24701
6183 33954
6183 35983
6184 7375
6184 8355
6184 10317
6184 20248
6184 26106
6184 34256
6184 39975
6185 13098
6185 26357
6186 9674
6186 17121
6186 22145
6187 9918
6187 15228
6187 16334
6187 20902
6188 7515
6188 10900
6188 11688
6188 28385
6188 35607
6189 23325
6189 25451
6190 6402
6190 10933
6190 16952
6190 23165
6190 25301
6190 31756
6191 15017
6191 17519
6191 29056
6191 30403
6192 17786
6193 16332
6193 17574
6193 17825
6194 9351
6194 20976
6195 20209
6196 16397
6196 26950
6197 12190
6197 25648
6197 29181
6197 33786
6198 11690
6198 18413
6198 27393
6198 31416
6198 34962
6199 9743
6199 22497
6199 30615
6200 21038
6200 21750
6200 36218
6200 37417
6201 14311
6201 24322
6201 37032
6202 6793
6202 9998
6202 10943
6202 11282
6202 11450
6202 16026
6202 17277
6202 23870
6202 24393
6202 34196
6203 23881
6204 37444
6205 26656
6205 27315
6205 30209
6205 36141
6206 31982
6206 39437
6207 10088
6207 12351
6207 14480
6207 17308
6207 38041
6208 16960
6208 25772
6209 7034
6209 11301
6209 12866
6209 16720
6209 16829
6209 35156
6209 37762
6210 30337
6211 15658
6211 23134
6211 27192
6211 31176
6211 35799
6212 14344
6212 17004
6212 35543
6213 7391
6213 19474
6214 10800
6215 28271
6216 10476
6216 20054
6216 22109
6216 29791
6216 36115
6216 39103
6217 10175
6217 10721
6217 19175
6217 24478
6218 9552
6218 13293
6218 19312
6218 22340
6218 37152
6219 15440
6219 33647
6219 38941
6220 24428
6220 35754
6221 30418
6221 31339
6221 32295
6221 39737
6222 27705
6223 16650
6223 21750
6223 30534
6223 39028
6224 30388
6224 36294
6225 13488
6225 24882
6225 33703
6225 39167
6226 17308
6227 9161
6227 15370
6227 24166
6227 25773
6228 7663
6228 15506
6228 23808
6228 24751
6228 39504
6229 19447
6229 19801
6229 21002
6229 23571
6229 26211
6229 26679
6230 11714
6230 23680
6230 27021
6231 12803
6231 27683
6231 32130
6231 34917
6232 19486
6232 33346
6232 34889
6233 15984
6233 28880
6233 37183
6234 13404
6234 14815
6234 18845
6235 17272
6235 22045
6235 26400
6236 18671
6236 24860
6236 33755
6236 34343
6236 39425
6237 9216
6238 20147
6239 9226
6239 10594
6239 14898
6239 25947
6239 28722
6239 35631
6239 37277
6239 39782
6240 9029
6240 13739
6240 19197
6240 23757
6240 25416
6240 25507
6240 26910
6241 8045
6241 18408
6241 20542
6241 22246
6241 22578
6241 30250
6241 37929
6242 7030
6242 10989
6242 38500
6243 14191
6243 14930
6243 24665
6243 25206
6244 15202
6244 15458
6244 31270
6244 33519
6245 8918
6246 17820
6246 25744
6246 27591
6247 11903
6247 24266
6247 27658
6247 29443
6248 17664
6248 17735
6248 27361
6248 33199
6248 35445
6248 38230
6249 7619
6249 9181
6249 33571
6249 37711
6250 20491
6250 30032
6250 30631
6251 15435
6251 19349
6251 26656
6251 28886
6251 38891
6252 10605
6252 20937
6252 21032
6252 23612
6252 25037
6253 9363
6253 20354
6254 10938
6254 15603
6254 17048
6255 8236
6255 11383
6255 13880
6255 16855
6255 30250
6256 8636
6256 17096
6256 18708
6256 31690
6257 35714
6258 11330
6258 12145
6258 14669
6258 20240
6258 21791
6258 32280
6259 10309
6259 22454
6259 27240
6259 37861
6260 30166
6261 20031
6261 22926
6261 38914
6261 39551
6262 19994
6262 20696
6262 28719
6262 31735
6262 34220
6262 34239
6263 7988
6263 13834
6263 14579
6263 29178
6263 30088
6263 31901
6264 7189
6264 10456
6264 13965
6264 21086
6265 10957
6265 19889
6265 25744
6265 29013
6265 30231
6265 37363
6265 37991
6266 27940
6266 28777
6266 35649
6267 7062
6267 10065
6267 13314
6267 25622
6267 31288
6268 18754
6268 23010
6268 33656
6268 34213
6269 27902
6270 23235
6270 36434
6270 39851
6271 12818
6271 33267
6271 35557
6271 35819
6271 37251
6272 6678
6272 20821
6273 7780
6273 13023
6273 32146
6273 37943
6274 8646
6274 13040
6274 33765
6275 29684
6275 38051
6276 19685
6277 7750
6278 9045
6278 19753
6278 27847
6278 34875
6279 8374
6279 12827
6279 20248
6280 7803
6280 13459
6280 13658
6280 14196
6280 19200
6280 34067
6281 17858
6282 11688
6282 13832
6282 13833
6282 18136
6282 24330
6282 35253
6283 12642
6283 20736
6283 34920
6283 36855
6284 7444
6284 35939
6284 36476
6284 39563
6284 39733
6285 25866
6286 7899
6286 9567
6286 11996
6286 22853
6286 31651
6286 36142
6286 38833
6287 27367
6288 17114
6288 28969
6288 30520
6288 37460
6289 31757
6289 32161
6289 38528
6290 8199
6290 10355
6290 13758
6290 38513
6291 34832
6291 35021
6292 14918
6292 39561
6293 6545
6293 21306
6293 30798
6293 33290
6293 33898
6294 17156
6294 34300
6295 12398
6296 22324
6296 22348
6297 7032
6297 21264
6297 22670
6297 28331
6298 7227
6298 8157
6298 10279
6298 13062
6298 22165
6298 29392
6298 30218
6299 25323
6299 25751
6299 27552
6299 32231
6299 35388
6300 16106
6300 25298
6300 26866
6300 28782
6301 14468
6301 37148
6301 39501
6302 29267
6303 22760
6303 38705
6303 39091
6304 8650
6304 32186
6305 22897
6305 36632
6305 38037
6306 9942
6306 11343
6306 29208
6306 29587
6306 39444
6307 30429
6307 32935
6307 34770
6308 23126
6308 23990
6308 35684
6309 19819
6309 22006
6309 22079
6309 36335
6310 15282
6310 24207
6310 28252
6310 32630
6310 34185
6311 18932
6311 24836
6311 34118
6311 37659
6313 14984
6314 16175
6314 20462
6314 23556
6314 29886
6314 33520
6314 37020
6314 39926
6315 13257
6315 20483
6316 30056
6316 37589
6317 29761
6317 35650
6318 7498
6318 14894
6318 26903
6318 35087
6319 14130
6319 19307
6319 31003
6319 32547
6319 32673
6319 34657
6320 17190
6320 20194
6320 22674
6320 26807
6320 35037
6321 12511
6321 35953
6321 37509
6322 8923
6322 20518
6322 21634
6322 34667
6322 35186
6323 16605
6323 17323
6323 18726
6323 23271
6323 24537
6324 10106
6324 14595
6324 16777
6324 18053
6324 21536
6324 28203
6325 19952
6325 22331
6325 29047
6325 29323
6325 37533
6326 9793
6326 14085
6326 34880
6327 19436
6328 20792
6328 25809
6328 27366
6328 30923
6328 32949
6329 13267
6329 14948
6329 24501
6329 30608
6330 26416
6330 39407
6331 20696
6331 31017
6331 32310
6332 17828
6332 23221
6332 32839
6332 34500
6333 16982
6333 33103
6333 33218
6334 11068
6334 24080
6334 24651
6334 34124
6335 27788
6335 38396
6335 38582
6336 8141
6336 26570
6336 34017
6336 36070
6337 10578
6337 19261
6337 37936
6338 23114
6338 35982
6339 9892
6339 27485
6341 7842
6341 11899
6341 20680
6341 37266
6342 8096
6342 10122
6342 24868
6342 33248
6343 9205
6343 22464
6343 27190
6343 33369
6343 39299
6344 8945
6344 12858
6344 19879
6345 15519
6345 18934
6345 26907
6346 7887
6346 9615
6346 18956
6346 28257
6346 34791
6346 36068
6346 39175
6347 20869
6347 23242
6347 25462
6347 30555
6347 31808
6348 6395
6348 35237
6348 39325
6349 26340
6349 37081
6350 22715
6350 22779
6350 35843
6350 36437
6350 37801
6351 19085
6351 19276
6351 24821
6352 9235
6352 10581
6352 18749
6352 35915
6353 9171
6353 11584
6353 19546
6353 22342
6353 25585
6353 26758
6354 14594
6354 14841
6354 36032
6355 29760
6356 14274
6356 26636
6357 11327
6357 15753
6357 16448
6357 26342
6357 27944
6357 33309
6357 33445
6358 25416
6359 13649
6359 17173
6359 20330
6359 32556
6359 38655
6360 15470
6360 15857
6360 24689
6360 29573
6360 37741
6361 19496
6362 29740
6362 32787
6362 35925
6363 20058
6364 7044
6364 12305
6364 22135
6364 26434
6365 12321
6365 15736
6365 19761
6365 29594
6365 38360
6366 16101
6366 31009
6366 35459
6367 8799
6367 9218
6367 28553
6368 7970
6368 10869
6368 24372
6368 28063
6368 38189
6369 7578
6369 29893
6369 32890
6370 10069
6370 14278
6370 16127
6370 17646
6370 18228
6370 19339
6370 21148
6370 27462
6370 29123
6370 34981
6371 12362
6371 16172
6371 19295
6371 25153
6371 26947
6371 27864
6372 17308
6372 17345
6372 21618
6372 21825
6372 27831
6373 10148
6373 11503
6373 19048
6373 24157
6373 27387
6374 10153
6374 18552
6374 18766
6374 25519
6374 27305
6375 22298
6375 26618
6376 11994
6376 12907
6376 17291
6376 18900
6376 34963
6376 38434
6377 12533
6377 22300
6377 24790
6377 26164
6378 9192
6378 18615
6379 26045
6379 35340
6379 35837
6380 16333
6380 17018
6380 34982
6381 13376
6381 17694
6381 19925
6381 23898
6381 26849
6381 30488
6381 34864
6381 38747
6382 22273
6382 25598
6382 35329
6383 17353
6383 20498
6383 25783
6383 33729
6383 34173
6383 34386
6383 35473
6383 38739
6384 7148
6385 25288
6385 26398
6385 27478
6385 34169
6385 39450
6386 24899
6387 8133
6388 24817
6389 20840
6390 36624
6391 12562
6391 17165
6391 36611
6391 39349
6391 39895
6392 12890
6392 16283
6392 18328
6392 23208
6393 12552
6393 20875
6393 23288
6393 37701
6394 25275
6394 31623
6395 18065
6395 26828
6395 29949
6395 32377
6397 17921
6397 22209
6397 24416
6397 33173
6397 37929
6398 13001
6398 17481
6399 27358
6400 11428
6400 13732
6400 23004
6400 26873
6401 7543
6401 17966
6401 32682
6401 33282
6402 18847
6402 28084
6402 31380
6402 37342
6403 11444
6403 14663
6403 22276
6403 22904
6403 32845
6404 8256
6404 33941
6405 7587
6405 33666
6405 36709
6406 9934
6406 16119
6406 19188
6406 20564
6406 32003
6406 38812
6407 7650
6407 27801
6408 12669
6408 16646
6408 27690
6408 29270
6408 30301
6408 39329
6409 10223
6409 20082
6409 22655
6409 25141
6409 27350
6409 27822
6409 38283
6409 39091
6410 19782
6410 20064
6410 24557
6410 37805
6411 11891
6411 37745
6412 14200
6412 15822
6412 26907
6412 38221
6413 15827
6414 6943
6414 7583
6414 13475
6414 22251
6414 26263
6414 32515
6414 34079
6415 11053
6416 20230
6416 23958
6417 7648
6417 9805
6417 12940
6417 28547
6418 28045
6419 12846
6419 16993
6419 20193
6419 22370
6419 31692
6420 15766
6421 17387
6421 21652
6421 30417
6421 39720
6422 7495
6422 27294
6422 29557
6422 35592
6422 36455
6423 13656
6423 20910
6423 29661
6423 37434
6423 38382
6423 38837
6424 6859
6424 10922
6424 28511
6424 31215
6424 31567
6424 39568
6425 18774
6425 27838
6425 27839
6426 7979
6426 9323
6426 34270
6426 37602
6427 13517
6427 34832
6427 37034
6428 19716
6428 23709
6428 34836
6429 7356
6429 19699
6429 26511
6429 27043
6430 17480
6431 12127
6431 30038
6431 36239
6431 36267
6432 9579
6432 18721
6433 27913
6434 9832
6434 17795
6434 31930
6435 23297
6435 32414
6436 9925
6436 28226
6437 10913
6438 12276
6438 12529
6438 13035
6438 13186
6438 31314
6438 38823
6439 6737
6439 11158
6439 30042
6439 38218
6440 17262
6440 26804
6440 28588
6440 39173
6441 8005
6441 21896
6442 9048
6442 10661
6443 26477
6443 34094
6443 36307
6444 33147
6445 7978
6445 11958
6445 15460
6445 16959
6445 26157
6445 38808
6445 39593
6446 29611
6447 9764
6447 35046
6449 10778
6449 24553
6449 30163
6449 37643
6450 11524
6450 16673
6450 22057
6451 28308
6451 29416
6451 29497
6452 10365
6452 10663
6452 16167
6452 19672
6452 24306
6452 24674
6452 34115
6453 18863
6453 20132
6454 6499
6454 11268
6454 11294
6454 16952
6454 26062
6454 36751
6455 10225
6455 14966
6455 30697
6455 32312
6456 17661
6456 18446
6456 24089
6456 24296
6456 24497
6456 33126
6456 34983
6457 11890
6457 17460
6457 26607
6457 34252
6458 7005
6458 11483
6458 12868
6458 23468
6458 31702
6458 35908
6459 11499
6459 26154
6459 29312
6460 34230
6461 11750
6461 21611
6461 22177
6461 22794
6461 31625
6462 20862
6462 25921
6462 30183
6462 30502
6462 35357
6462 37368
6463 23675
6465 11732
6466 9574
6466 36188
6467 14257
6467 18475
6467 21968
6467 29197
6467 31711
6468 9629
6468 23322
6468 26239
6468 27037
6468 33331
6468 37486
6468 39301
6469 12253
6469 13406
6469 15332
6469 25919
6469 31818
6469 38225
6470 34658
6470 37726
6470 39768
6471 7295
6471 12344
6471 15124
6471 38369
6471 38409
6472 8922
6472 35035
6472 36251
6473 18041
6473 27830
6473 39015
6474 32078
6474 35282
6475 17536
6475 20068
6475 21174
6476 11199
6476 25731
6476 30973
6476 34533
6476 38955
6477 17070
6477 22994
6477 26988
6477 27323
6477 34920
6478 12708
6478 14854
6478 21511
6478 25757
6478 32967
6479 35158
6479 37938
6480 15233
6480 17975
6480 26544
6481 8929
6481 10057
6481 15632
6481 20995
6481 31851
6481 35225
6482 26868
6482 36749
6483 28083
6484 16951
6484 28574
6484 29324
6485 6855
6485 10792
6485 13258
6485 19216
6485 30817
6485 32599
6486 16203
6486 18229
6486 39182
6487 25784
6488 17966
6488 21811
6488 38058
6489 14952
6490 11674
6490 22436
6490 31191
6491 21039
6491 22232
6491 22889
6491 24140
6491 24261
6491 25115
6492 11131
6492 11744
6492 18859
6492 26192
6492 26734
6492 36756
6493 32129
6494 8644
6494 9293
6494 20795
6494 25990
6494 28871
6495 15841
6495 17071
6495 17961
6495 19344
6495 25698
6495 31778
6495 38920
6495 39302
6496 13692
6496 16693
6496 18592
6496 23063
6496 28983
6496 31972
6496 38266
6497 32139
6498 11802
6498 15184
6498 19280
6498 31440
6498 33433
6499 6508
6499 21138
6499 26591
6499 34975
6500 7910
6500 17321
6500 32657
6500 34112
6500 39245
6501 29596
6501 29989
6502 16978
6503 7772
6503 8148
6503 9738
6503 15529
6503 22938
6504 20354
6504 30781
6504 36020
6505 7887
6505 7910
6505 9544
6505 14886
6505 18867
6505 21327
6505 23304
6505 24450
6505 32792
6506 30402
6506 36097
6507 19276
6507 39462
6508 24093
6508 26259
6508 35691
6510 32802
6511 9262
6511 12600
6511 16182
6511 24097
6511 31148
6512 9346
6512 17512
6512 22108
6512 32548
6512 35513
6513 7349
6514 7470
6515 11957
6515 12800
6515 16350
6515 22672
6515 23029
6516 12022
6516 19334
6516 28887
6516 31292
6516 38308
6517 8556
6517 26763
6517 30947
6518 10910
6518 31935
6519 26346
6519 27359
6519 34026
6520 32242
6521 10235
6521 10415
6521 18056
6521 20329
6521 20961
6522 8945
6522 11129
6522 14759
6522 19813
6522 24794
6522 39174
6523 7915
6523 17582
6523 27043
6523 28529
6524 6874
6524 7819
6524 34943
6525 7131
6525 9902
6525 10144
6525 36780
6525 37211
6526 17258
6526 17410
6526 20929
6526 21655
6526 27070
6526 34268
6527 6653
6527 17056
6527 18744
6527 21492
6527 24868
6527 32414
6527 33724
6527 35309
6527 39504
6528 9307
6528 37197
6528 38622
6529 30257
6529 35868
6529 35951
6530 7499
6530 8892
6530 14303
6530 15742
6531 20338
6532 7145
6532 7771
6532 11447
6532 11984
6532 21860
6532 22293
6532 37781
6532 38970
6533 14938
6533 25758
6534 11516
6534 20334
6534 23573
6534 36663
6536 19484
6537 11849
6537 18507
6537 35472
6538 39960
6540 7061
6540 7378
6540 31739
6541 7052
6541 9583
6541 12796
6542 6698
6542 11217
6542 18266
6542 21955
6543 12899
6543 14853
6543 22613
6543 27745
6544 16386
6544 19523
6544 26812
6545 28551
6546 22111
6546 22956
6546 34230
6547 9831
6547 17644
6547 22532
6547 27411
6548 13628
6548 25259
6549 9569
6549 11094
6549 13189
6549 20102
6549 26271
6549 30051
6550 9823
6550 18364
6550 31875
6550 38080
6550 38209
6551 26602
6551 29578
6552 16412
6552 29259
6552 35863
6552 35977
6553 7931
6553 14051
6553 14486
6553 14556
6553 22398
6554 7059
6554 15850
6554 17735
6554 22559
6554 32263
6554 35218
6555 18655
6555 19564
6556 27985
6556 33355
6556 35802
6556 37776
6556 39767
6557 37885
6558 17642
6558 21781
6558 22388
6558 38385
6559 22335
6559 39458
6560 7821
6560 15191
6560 29051
6560 31698
6561 14602
6561 32433
6561 39985
6562 9937
6562 18424
6562 33106
6562 36963
6563 8194
6563 9174
6563 30031
6564 12066
6564 13479
6564 31112
6564 34639
6565 16595
6565 22003
6565 26363
6565 27284
6566 7360
6566 24129
6566 24209
6566 26646
6566 37026
6567 8948
6567 15208
6567 15714
6567 21413
6567 33373
6567 35769
6568 13222
6568 28925
6569 6929
6569 10162
6569 15291
6569 24902
6569 33178
6571 8115
6571 18912
6571 19715
6572 20908
6572 33249
6573 11218
6573 12794
6573 13749
6573 14290
6573 21629
6573 22312
6573 25037
6574 22936
6574 25717
6574 38606
6574 39306
6575 11769
6575 39652
6577 14573
6578 11623
6578 21581
6578 28438
6579 18508
6579 22706
6579 34658
6580 12216
6580 30213
6580 36697
6581 13229
6581 16357
6581 39466
6583 15910
6583 19245
6583 20288
6583 35818
6584 9745
6584 25079
6584 37284
6585 19087
6585 23413
6585 26317
6585 34728
6586 7172
6586 9982
6586 10185
6586 25653
6586 32311
6587 13280
6587 25262
6588 37263
6589 12019
6589 32544
6589 32933
6589 35527
6590 16707
6590 23752
6590 28663
6591 13533
6592 17640
6592 22691
6592 26255
6592 26428
6592 28815
6593 33418
6593 34516
6594 7147
6594 7451
6594 12388
6594 28646
6595 9998
6595 11323
6595 24020
6595 28138
6595 39893
6597 13555
6597 19139
6597 25479
6597 25582
6597 30317
6597 33839
6597 36896
6599 39148
6600 15914
6600 19902
6600 27697
6601 12124
6601 17623
6602 10864
6602 24999
6602 27024
6602 27823
6602 37914
6603 15068
6603 16649
6604 34939
6604 35965
6605 21714
6606 12774
6606 20261
6606 34153
6606 36514
6607 26886
6607 39476
6608 14183
6608 16859
6608 28170
6609 17560
6609 24615
6610 18649
6610 18696
6611 7796
6611 17779
6611 31215
6612 18036
6612 25375
6612 35815
6612 37896
6613 23133
6613 39288
6614 10189
6614 17269
6615 25691
6616 13757
6616 15688
6616 39355
6617 17884
6617 20150
6617 21260
6617 27203
6617 30700
6617 36500
6618 17064
6618 34347
6619 25500
6619 26968
6619 34973
6620 15462
6620 22415
6620 35651
6621 6648
6621 33430
6622 22431
6623 8944
6623 30705
6623 35626
6623 36383
6623 37031
6623 37961
6624 8206
6624 12223
6624 15028
6624 21927
6624 27808
6625 17647
6625 24050
6626 14423
6626 18146
6626 20953
6626 23507
6626 26501
6626 28663
6627 13759
6627 18937
6627 29300
6628 13676
6628 17520
6628 18769
6628 22550
6628 32805
6629 13200
6629 37078
6630 21378
6630 35536
6631 16334
6631 20968
6631 31472
6631 38971
6632 7049
6632 21866
6632 25914
6632 32014
6632 32639
6632 36219
6632 39802
6633 12776
6633 17590
6633 23680
6634 25929
6634 28982
6634 32017
6635 6989
6635 9241
6635 9969
6635 19334
6635 33567
6635 36541
6635 39482
6636 37659
6637 24018
6637 24479
6637 24848
6637 34303
6638 23891
6638 31039
6639 17029
6639 26787
6639 29880
6639 31095
6640 7742
6640 25026
6640 25065
6641 15640
6641 19835
6641 35146
6641 37607
6642 6971
6642 12324
6642 17965
6642 25374
6642 30299
6643 9095
6643 10766
6643 12243
6643 14721
6643 21805
6643 28031
6643 29176
6644 17373
6645 18868
6646 22577
6646 24638
6646 37649
6648 11369
6648 19194
6648 28086
6648 28340
6648 36676
6649 8600
6649 38226
6650 26827
6651 10269
6651 23703
6651 25279
6651 26933
6651 28609
6651 35465
6652 22570
6652 31693
6653 12189
6653 16460
6653 36673
6654 22684
6654 23809
6654 34211
6654 38067
6654 39653
6655 12342
6655 36965
6655 37700
6655 38566
6655 38697
6656 7478
6656 13585
6656 33439
6656 38904
6657 6884
6657 11040
6657 16995
6657 18363
6658 25293
6658 37516
6659 27040
6659 27267
6659 31177
6660 16180
6660 25030
6660 26938
6661 9480
6661 11924
6661 30295
6661 36641
6662 7355
6662 14217
6662 23397
6662 26152
6663 11698
6663 24467
6663 36283
6664 22827
6665 7402
6665 18076
6665 25718
6665 28191
6665 35378
6666 7162
6666 12569
6666 15764
6666 16621
6666 20082
6666 36999
6666 38408
6667 22213
6668 6772
6668 20016
6668 30435
6668 30817
6668 31755
6668 32027
6668 34281
6668 38689
6668 38903
6669 10746
6669 23483
6669 29282
6669 36302
6669 38858
6670 18937
6670 23483
6671 8487
6671 14410
6671 15392
6671 20970
6671 22093
6671 25603
6671 26334
6672 25092
6672 29097
6672 35496
6672 38000
6672 38720
6673 7576
6673 11823
6673 32069
6673 35151
6674 24040
6674 28892
6674 29786
6675 19992
6675 22086
6675 26546
6675 28262
6676 27727
6677 13464
6677 23325
6677 33488
6677 39078
6678 7080
6678 19231
6678 36874
6678 38310
6678 38989
6680 12237
6680 16965
6681 32520
6681 36186
6681 37736
6682 30033
6682 30477
6683 15928
6683 22891
6683 26667
6683 34270
6683 38739
6684 27554
6684 27619
6684 28068
6685 31351
6685 33281
6685 37430
6686 10483
6686 11352
6686 13330
6686 15987
6686 17409
6686 18234
6686 18788
6686 35509
6687 14966
6688 19961
6688 21479
6688 35645
6689 23959
6690 25697
6690 38579
6691 10623
6692 7890
6692 10861
6692 25490
6692 25594
6692 29917
6693 14386
6693 16141
6693 30758
6693 38634
6694 9798
6694 21076
6694 23281
6695 10436
6696 15806
6697 9673
6697 15128
6697 20982
6697 22048
6698 9889
6698 12620
6698 14258
6698 15720
6698 20523
6698 28642
6698 39327
6699 11705
6699 16192
6699 24834
6699 25918
6699 29308
6699 30237
6700 10450
6700 13665
6700 25291
6700 37855
6702 20355
6702 26742
6703 23635
6705 15641
6705 39358
6706 18538
6706 27556
6707 15600
6707 17959
6707 33438
6707 35336
6708 10131
6708 10149
6708 13838
6708 25296
6708 27254
6708 29364
6709 7979
6709 20584
6709 21957
6709 29891
6709 36214
6710 12636
6710 17190
6710 24493
6710 28424
6710 39132
6711 14558
6711 25825
6711 26569
6711 28159
6712 37376
6713 12565
6713 24796
6713 36518
6713 38373
6714 10657
6714 13169
6714 15740
6714 22430
6714 25571
6714 29151
6714 29818
6715 20787
6715 24659
6715 31989
6716 7136
6716 8607
6716 13019
6716 17457
6716 20553
6718 12788
6718 26088
6719 13983
6719 28493
6719 28875
6719 37586
6721 20440
6722 9724
6722 13722
6722 24467
6722 29715
6722 30479
6722 36710
6723 9207
6724 9261
6724 14015
6724 27607
6724 30674
6725 10081
6725 11357
6725 20291
6725 33359
6726 14985
6726 29740
6728 14613
6728 18900
6728 26941
6728 33483
6729 11055
6729 37196
6729 38503
6729 39766
6730 14859
6731 20148
6731 34064
6732 18542
6732 28142
6733 27852
6733 32604
6733 37030
6733 37955
6733 39174
6733 39808
6734 7656
6734 18826
6734 22634
6734 26785
6734 31320
6734 34140
6734 34954
6734 35082
6735 8957
6735 9930
6735 17464
6735 24123
6735 30453
6735 31449
6736 7439
6736 12038
6736 12594
6736 19290
6736 33101
6737 12477
6737 23192
6738 13923
6738 15633
6738 17476
6738 27586
6738 32597
6739 17695
6739 21575
6740 18647
6740 29768
6740 37508
6741 8111
6741 23518
6741 31784
6742 7542
6742 25730
6743 8188
6743 27865
6744 10362
6745 9200
6745 11343
6745 12467
6745 15894
6745 18755
6745 26499
6746 8642
6747 19705
6748 15348
6748 28989
6748 29185
6749 15141
6749 17661
6749 20255
6749 38346
6750 16489
6751 24503
6752 38605
6752 39819
6752 39874
6753 7050
6753 7325
6753 11045
6753 13706
6753 15836
6753 16661
6753 20192
6753 38642
6754 10139
6754 10767
6754 26208
6754 31981
6754 35062
6755 9875
6755 15030
6755 37801
6756 10373
6756 17956
6756 20255
6756 24182
6756 25295
6756 30394
6756 32013
6756 35953
6757 9967
6757 15587
6757 23562
6757 32711
6758 18794
6758 27332
6758 27402
6758 37421
6760 12980
6760 16380
6760 23938
6761 13620
6762 8279
6762 24024
6762 34254
6763 8636
6763 11321
6763 36394
6765 21680
6765 24990
6765 25857
6765 33845
6766 16311
6767 9602
6767 17964
6767 21106
6768 12015
6768 36390
6770 23876
6770 29170
6771 37631
6771 38835
6772 25791
6772 32913
6773 28433
6773 32289
6773 39010
6774 20496
6774 27465
6774 29866
6774 31291
6775 38804
6776 22599
6777 38564
6777 38921
6778 15310
6778 16945
6778 21877
6779 25793
6780 7600
6780 9816
6780 20226
6781 11764
6781 12370
6781 12987
6781 14836
6781 35998
6782 7259
6782 20449
6782 30299
6783 21250
6783 31725
6784 6803
6784 7885
6784 14794
6784 18025
6784 20911
6784 21465
6784 22880
6784 29519
6784 39577
6785 10270
6785 10473
6785 19007
6785 19571
6785 28892
6785 38709
6786 13327
6786 23158
6786 27106
6786 32050
6786 37546
6787 14550
6787 19466
6787 23448
6788 10388
6788 37263
6789 11193
6789 12437
6789 19320
6789 29496
6789 38600
6790 21804
6790 25780
6790 26170
6791 17890
6791 31942
6791 35334
6791 38903
6791 39706
6792 8815
6792 15616
6792 21621
6792 22627
6792 25320
6792 35851
6793 15822
6793 30180
6794 7357
6794 15825
6795 33435
6796 17281
6796 25872
6796 30263
6798 7447
6798 8025
6798 27480
6798 31370
6799 14337
6799 27684
6799 32421
6800 6890
6800 15009
6800 15668
6800 15755
6800 23159
6800 27165
6801 7749
6801 10568
6801 22400
6801 25455
6801 25877
6801 31197
6802 9336
6802 29996
6803 29966
6804 19544
6804 30047
6804 34554
6805 13558
6805 18686
6805 19751
6805 19884
6805 25819
6805 28095
6805 34716
6806 18417
6806 18960
6806 22528
6806 24699
6806 24871
6806 25526
6806 32361
6807 25519
6807 32991
6807 34849
6807 36739
6808 16363
6809 23351
6809 38055
6809 38742
6810 12567
6810 13301
6810 17920
6810 24381
6810 30488
6810 37854
6811 9087
6811 16638
6812 23044
6812 25889
6812 28289
6812 29283
6813 6842
6813 11790
6813 14889
6813 16418
6813 20555
6814 7841
6814 23720
6814 26177
6814 29037
6815 15991
6815 36722
6815 36968
6816 10338
6816 36202
6817 17001
6817 24808
6818 23415
6818 25106
6819 7472
6819 10595
6820 8976
6820 13620
6820 20098
6820 37906
6822 12659
6822 16029
6823 19265
6823 27599
6823 32304
6823 37868
6824 13299
6824 22019
6824 27509
6824 30921
6825 25003
6825 26621
6826 13606
6826 15367
6826 16734
6826 17099
6826 31072
6827 15062
6827 17562
6827 31684
6827 38141
6828 7110
6828 27495
6829 17394
6829 17440
6829 24693
6829 28168
6830 12926
6830 17323
6830 20110
6830 38294
6831 13093
6831 28183
6832 20179
6832 21690
6833 15640
6833 26065
6833 26592
6833 28262
6833 28864
6833 36115
6833 37500
6834 14070
6834 36916
6835 7005
6835 7285
6835 9825
6835 19233
6835 32115
6835 37427
6836 13082
6836 17347
6836 19456
6836 19868
6837 13317
6837 15124
6837 16163
6837 21307
6837 25852
6837 26679
6837 30584
6837 33425
6837 35857
6837 39199
6838 9692
6838 28531
6839 22989
6839 25310
6840 23175
6840 25904
6841 10803
6841 26556
6841 27398
6842 30062
6842 36113
6843 13769
6843 19264
6843 23847
6843 33217
6844 13121
6844 18010
6844 21358
6844 23250
6844 28518
6845 11906
6845 11951
6845 14374
6845 20783
6846 12938
6846 31521
6847 13326
6847 15098
6847 24841
6847 28857
6847 37118
6848 8891
6848 20661
6848 26552
6848 28229
6849 7663
6849 36602
6850 8760
6850 24727
6850 26359
6850 27209
6851 13064
6851 20398
6851 32843
6852 11724
6852 16804
6852 31027
6852 34622
6852 36450
6852 37769
6854 14284
6854 24006
6854 26386
6855 8062
6855 21619
6856 10190
6856 13141
6856 18037
6856 18191
6856 39610
6857 9314
6857 29793
6858 8821
6858 8963
6858 12876
6858 18099
6858 21951
6858 24172
6858 31222
6858 34767
6858 39277
6859 10826
6859 14109
6859 34435
6860 15833
6860 20508
6860 25178
6861 13994
6861 16397
6861 22298
6861 27601
6861 32113
6862 23824
6862 28074
6862 30909
6862 39662
6863 8848
6863 13246
6863 16994
6863 17952
6863 18096
6864 10887
6864 29343
6864 33550
6865 8034
6865 8498
6865 16673
6866 23575
6866 33507
6867 31426
6868 29071
6868 29117
6869 39774
6870 10428
6870 11569
6870 19797
6870 22175
6870 34627
6871 24559
6871 31898
6872 9238
6872 12240
6872 37061
6873 11205
6873 14360
6873 15710
6873 22755
6873 26966
6873 33715
6873 35351
6874 9262
6874 12976
6874 15835
6874 18147
6874 25762
6874 39483
6875 19497
6876 24067
6877 8944
6877 27040
6877 29130
6877 33108
6877 33782
6878 13632
6878 16447
6878 27569
6878 29612
6878 30451
6878 31888
6879 10998
6879 13252
6879 15700
6879 20341
6880 13198
6880 14219
6880 17372
6880 26931
6880 35600
6881 7077
6881 11514
6881 16230
6881 30787
6881 35156
6882 27867
6882 36123
6883 15807
6883 16679
6884 11640
6884 15596
6884 29407
6885 7173
6885 9206
6885 10423
6885 10578
6885 17343
6885 19374
6886 30290
6887 13418
6887 15029
6887 22885
6888 21621
6889 11686
6889 20998
6889 27847
6889 31189
6889 31648
6889 37031
6890 15876
6890 35216
6891 8812
6891 22713
6891 32525
6892 9606
6892 13582
6892 31205
6892 37342
6893 17454
6893 25314
6894 8913
6894 9562
6894 10254
6894 38510
6895 13118
6895 13249
6895 15693
6895 20582
6895 34949
6896 11789
6896 25908
6897 16647
6897 20413
6898 8725
6898 23814
6898 35150
6899 19134
6899 22228
6899 34460
6899 34929
6899 38158
6900 16546
6900 33264
6900 36996
6901 18337
6901 20939
6901 25485
6901 31292
6901 31882
6901 38270
6902 13838
6902 16986
6902 21696
6902 31600
6903 13027
6903 13729
6903 23207
6903 29390
6904 21443
6904 21801
6904 29753
6905 15424
6905 26606
6905 31990
6906 32847
6906 38220
6906 38779
6906 39453
6907 11679
6907 14589
6907 20630
6907 28305
6907 28322
6907 28900
6908 23145
6908 23719
6908 35858
6908 37138
6909 24797
6909 32287
6910 26552
6911 19496
6912 9787
6912 11936
6912 14580
6912 19201
6912 19202
6912 32574
6913 19207
6913 23141
6913 25112
6913 31681
6914 8319
6914 21134
6914 28687
6914 29458
6915 31547
6915 31828
6916 7395
6916 9856
6916 21434
6916 25918
6917 8531
6917 15870
6917 37670
6918 16644
6918 38026
6919 25956
6919 26786
6920 13635
6920 16336
6920 20930
6921 11326
6921 27481
6921 37229
6922 19572
6922 24337
6922 32207
6923 24942
6924 8081
6924 15867
6924 19944
6924 30907
6924 34701
6925 14011
6925 39275
6926 10953
6926 11173
6926 29398
6927 9358
6927 11514
6927 15460
6927 24530
6928 16921
6928 27489
6928 31401
6929 8812
6929 12768
6929 24178
6929 25153
6929 26797
6929 30927
6929 38704
6930 7914
6930 13700
6930 30277
6931 17662
6931 19495
6931 20578
6931 30040
6932 21073
6932 24576
6932 35907
6932 38479
6933 7767
6933 15878
6933 18003
6933 29995
6933 34554
6934 11680
6934 20301
6934 27043
6934 33437
6935 8918
6935 13241
6935 37288
6936 26128
6936 33291
6936 38777
6937 6974
6937 8417
6937 10534
6937 15164
6938 15878
6938 16284
6938 23192
6938 35263
6939 19406
6939 22259
6939 35096
6940 9571
6941 27822
6941 38422
6942 16262
6942 26065
6943 13377
6943 30791
6943 31134
6943 32296
6944 14561
6945 8976
6945 11009
6945 28396
6945 28636
6945 29706
6946 8796
6946 34772
6946 37480
6947 24273
6947 25099
6948 8048
6948 15721
6948 17119
6948 24458
6949 21184
6949 22877
6949 26682
6949 28315
6949 29886
6950 8199
6950 8582
6950 13674
6950 15063
6950 19044
6950 22762
6950 34034
6950 34596
6950 37570
6950 39653
6951 8847
6951 24079
6951 30053
6952 23717
6952 26085
6952 27031
6952 34679
6952 37429
6952 39135
6953 7444
6953 9518
6953 14244
6953 20591
6953 30739
6953 36555
6954 7127
6954 12677
6954 25341
6954 26966
6954 28688
6956 15179
6956 17382
6956 22133
6956 30153
6956 31901
6957 10309
6957 12644
6957 22644
6957 23469
6957 29778
6958 10184
6958 18715
6958 20514
6958 28948
6958 37558
6959 22487
6959 22697
6959 30404
6959 31352
6960 15870
6960 21406
6960 27151
6960 31389
6960 32032
6961 16536
6961 27953
6961 37061
6961 38194
6962 10049
6962 13012
6962 26883
6962 30686
6962 33835
6963 8735
6963 10343
6963 14763
6963 31664
6964 22495
6964 29704
6965 8795
6965 13361
6965 19031
6965 29889
6965 39690
6966 12169
6966 25461
6967 20221
6967 27322
6967 28272
6967 38744
6968 13776
6968 23514
6968 27453
6968 30163
6968 31625
6968 33402
6968 36087
6968 38669
6969 10355
6970 9644
6970 13119
6970 30316
6970 36137
6970 38787
6971 25989
6971 35167
6971 35376
6971 37197
6972 16272
6973 22777
6973 28091
6973 38530
6974 7414
6974 22291
6974 37207
6974 38859
6975 18647
6975 33858
6976 21827
6976 24035
6976 33048
6976 33225
6977 11668
6977 16141
6978 10640
6978 32246
6979 21318
6979 28058
6979 35032
6980 13360
6980 24390
6980 38614
6980 39930
6981 31033
6982 11689
6984 19417
6984 20630
6984 24827
6984 27709
6984 29273
6984 30105
6984 33147
6984 36492
6985 13596
6985 19741
6985 28850
6985 33453
6985 35214
6986 12052
6986 22087
6986 30411
6987 16720
6987 33892
6987 34244
6987 34441
6987 39316
6988 12330
6988 22401
6988 25780
6988 26047
6988 26406
6988 30715
6989 11051
6989 30706
6990 18228
6990 21413
6990 32341
6990 33393
6991 17832
6991 25818
6991 30897
6992 17124
6992 25800
6992 29618
6993 17310
6994 16877
6994 18613
6994 19508
6995 36804
6996 7127
6996 10265
6996 18612
6996 21439
6996 22970
6996 27666
6996 37097
6996 38578
6997 21388
6997 23116
6997 26274
6997 29204
6997 35353
6998 7230
6998 7546
6998 27641
6998 30129
6999 39491
6999 39598
7000 10791
7000 11399
7000 15405
7000 18520
7000 27338
7000 27549
7000 29162
7000 35125
7001 7196
7001 31193
7001 33260
7002 8151
7002 16444
7002 27391
7003 17341
7003 17937
7003 18353
7003 21852
7003 24141
7004 14781
7004 15192
7004 21876
7004 30215
7004 30926
7004 33152
7004 37061
7005 17424
7005 21889
7005 26743
7005 28277
7005 35466
7006 16771
7006 19408
7006 30725
7006 35420
7006 36815
7007 14480
7007 24360
7008 10714
7008 12475
7008 15514
7008 18413
7008 27232
7008 36756
7009 15733
7009 31603
7009 31873
7009 35558
7010 18243
7010 35865
7010 37030
7010 39417
7011 14179
7011 25208
7011 25474
7012 35118
7013 7257
7013 16260
7013 16787
7013 22230
7013 29406
7014 7352
7014 8176
7014 9801
7014 17117
7014 20250
7014 23197
7014 28836
7015 8597
7015 14399
7015 24503
7015 33724
7016 18290
7016 24779
7016 29792
7016 32512
7017 31615
7018 15553
7019 16258
7019 25438
7019 25522
7020 23079
7020 26693
7020 32878
7021 13462
7021 17501
7021 27659
7021 32244
7021 33894
7022 12579
7022 18440
7022 23689
7022 33762
7022 39280
7022 39580
7023 18227
7023 26358
7024 18100
7024 25181
7024 25188
7024 28752
7024 30998
7024 34662
7025 28367
7025 30190
7026 13925
7026 20519
7026 27219
7027 7104
7027 29186
7028 7632
7028 16705
7028 34963
7029 8785
7029 10573
7029 16594
7029 23481
7029 30116
7029 35721
7029 37474
7030 29708
7030 30991
7030 33405
7031 7929
7031 11841
7032 22181
7032 34398
7032 35031
7032 37716
7033 18118
7033 21865
7033 22548
7033 24889
7033 25786
7034 24113
7034 35702
7034 37311
7035 20839
7035 32306
7035 34721
7036 9509
7036 10256
7036 11251
7036 20643
7036 39584
7039 7938
7039 8333
7039 21395
7039 34170
7040 30887
7040 35538
7041 11935
7041 31579
7042 12738
7042 20597
7042 28630
7042 39959
7043 16595
7043 25209
7044 7604
7045 21296
7045 31581
7045 33948
7045 38802
7046 20560
7046 22460
7046 23623
7046 34390
7046 37681
7047 8518
7047 10689
7047 11299
7047 38262
7048 15115
7048 17236
7048 38448
7049 13675
7049 13688
7049 23381
7050 12808
7050 13142
7051 10888
7051 21647
7051 28390
7052 16593
7052 18525
7052 19285
7052 19335
7052 25884
7053 16906
7053 18824
7053 22865
7053 25657
7054 7338
7054 9540
7054 27542
7054 28356
7054 37007
7054 38226
7055 34338
7056 9046
7056 28553
7057 10094
7057 13116
7058 8337
7058 27468
7058 31391
7058 35327
7058 38856
7059 9726
7059 29739
7060 8266
7060 14732
7060 15411
7060 20470
7060 31181
7060 38037
7060 38617
7061 7230
7061 15164
7061 16153
7061 36023
7062 9748
7062 30558
7062 36722
7062 38069
7062 39997
7063 7963
7063 10381
7063 12801
7063 14640
7063 20729
7063 26055
7064 14811
7064 31236
7064 35150
7064 37487
7064 38486
7065 12501
7065 18778
7065 24670
7065 27251
7065 29250
7065 30703
7065 35217
7065 38981
7066 38716
7067 34388
7067 37646
7068 25013
7068 35806
7068 37962
7069 14231
7069 20592
7069 25541
7069 33635
7069 34463
7070 37708
7071 8786
7071 13127
7071 13997
7072 11309
7072 13878
7072 25592
7073 7921
7073 9949
7073 10361
7073 16096
7073 16937
7073 35833
7074 20297
7074 39973
7075 15672
7075 29595
7076 9537
7077 11449
7077 29547
7077 33468
7078 9734
7078 33857
7079 8615
7079 10141
7079 27205
7079 36072
7080 37047
7081 23789
7082 10892
7082 11079
7082 13153
7082 14163
7082 15727
7082 15903
7082 21236
7082 22211
7082 25296
7082 27352
7082 36551
7083 19394
7083 39943
7084 7317
7084 7817
7084 22441
7084 26212
7084 26763
7084 35183
7085 10285
7085 35034
7086 12504
7086 19327
7086 23311
7086 37363
7087 14590
7087 18524
7088 10310
7088 15030
7088 26073
7088 29756
7089 21618
7089 23905
7089 33301
7090 16244
7090 17934
7090 22084
7090 29093
7091 13246
7091 32564
7092 11915
7092 19853
7092 25072
7092 30158
7092 38876
7093 9756
7093 26618
7094 18607
7094 36774
7095 13360
7096 27635
7097 11132
7097 18794
7097 24631
7097 31956
7098 16145
7098 34598
7099 11266
7099 12571
7099 14498
7099 16695
7099 18086
7099 18224
7099 23251
7099 24165
7100 12024
7101 8437
7101 29447
7101 29448
7101 38001
7102 19993
7102 29185
7102 30257
7103 17576
7103 18994
7103 28589
7103 36198
7104 8182
7104 14012
7104 14906
7104 21169
7105 27133
7105 28132
7106 15506
7106 30262
7107 25518
7107 37504
7108 35268
7109 9156
7109 14645
7109 18132
7109 18206
7109 23341
7110 12894
7110 17220
7110 18801
7110 24382
7110 25845
7110 37876
7111 9076
7111 38525
7112 9856
7112 14080
7112 23080
7112 39055
7114 16955
7114 36142
7115 8754
7115 22084
7115 25176
7115 26966
7115 27821
7116 9271
7116 13030
7116 29919
7116 37133
7117 20655
7117 37031
7118 11278
7118 13545
7118 13936
7118 26854
7120 10020
7120 21683
7120 28679
7120 34225
7121 18309
7121 39853
7122 16205
7122 16837
7122 27367
7123 11401
7123 23421
7125 36761
7126 11536
7126 13728
7126 20067
7126 22602
7126 23981
7126 24411
7126 29699
7126 31851
7127 17386
7127 30735
7128 8990
7128 27090
7128 27268
7129 10510
7129 27665
7130 8408
7131 7286
7131 20836
7132 15631
7132 17656
7132 31832
7132 32263
7132 34840
7132 37676
7133 26803
7134 9883
7134 15694
7134 30347
7135 21459
7135 21796
7135 30932
7135 32208
7135 36230
7136 9091
7136 16087
7136 20753
7137 9308
7137 10324
7137 13177
7137 17823
7137 30079
7138 11797
7138 14248
7138 23217
7138 30867
7139 8770
7139 20638
7141 22210
7141 25583
7142 8665
7142 23986
7143 13053
7143 26321
7143 30756
7143 34920
7144 10190
7144 11726
7144 13242
7144 14524
7144 26200
7144 30552
7145 33583
7146 11278
7146 30706
7147 21547
7147 33946
7147 36936
7147 37314
7148 10237
7148 14516
7148 24019
7148 31822
7149 34211
7150 19427
7152 9409
7152 12755
7152 20044
7152 24166
7153 11467
7153 23980
7153 25739
7153 29411
7154 11533
7154 16007
7154 28801
7155 23527
7156 12223
7156 25549
7156 29198
7156 31595
7156 31679
7156 38891
7157 24938
7158 22054
7158 35501
7159 10065
7159 28356
7159 34301
7160 13003
7160 28195
7160 31303
7160 33808
7160 36908
7161 14408
7161 19337
7161 39565
7162 14008
7162 18769
7162 21021
7162 26206
7163 15871
7163 17680
7163 33376
7163 37744
7163 38287
7163 39055
7164 16082
7164 36615
7165 22771
7165 28783
7166 26237
7166 29931
7166 38749
7167 16673
7168 9192
7168 12529
7169 9980
7169 25692
7170 12527
7170 26203
7170 30036
7171 24575
7172 11059
7172 11608
7172 16592
7172 32075
7172 37464
7173 14352
7173 31382
7173 33249
7174 15145
7174 28125
7174 39448
7175 10034
7175 13030
7175 19466
7176 14815
7176 22886
7176 25185
7176 32347
7176 38507
7177 11302
7177 11559
7177 31100
7177 31577
7178 8899
7178 25593
7178 26368
7178 27849
7178 31059
7178 35903
7179 16676
7179 18743
7179 32106
7180 12828
7180 20938
7180 28545
7181 7575
7181 21514
7181 31638
7181 38626
7182 8200
7182 26324
7182 39756
7183 32626
7184 7409
7184 16638
7184 30973
7185 7801
7185 15334
7185 33169
7186 7929
7186 9509
7186 15166
7186 16867
7186 30145
7186 33980
7187 19983
7187 19995
7187 38141
7187 39583
7188 12935
7188 19848
7189 22864
7189 33190
7190 22985
7191 19836
7191 22071
7191 24633
7191 31643
7191 35743
7192 7605
7192 8712
7192 10349
7192 11338
7192 35671
7193 16330
7193 16896
7193 17645
7193 26714
7193 31189
7194 11339
7194 17701
7194 23044
7194 33519
7195 7681
7195 21693
7195 25861
7195 33109
7196 17474
7196 22114
7196 29764
7197 8455
7197 33994
7198 26876
7198 38212
7199 9801
7199 16140
7199 17824
7200 14896
7200 16034
7200 37348
7201 12360
7201 17343
7201 29201
7202 9590
7202 23310
7202 29442
7202 38914
7203 34976
7204 17069
7204 39316
7205 19710
7205 20061
7206 17300
7206 18924
7206 28936
7207 14593
7207 22300
7207 33083
7207 34102
7208 9823
7208 12154
7208 18116
7208 21805
7208 33056
7208 39404
7209 26267
7210 27956
7210 28296
7211 11890
7211 18694
7212 10176
7212 12461
7212 18205
7212 29022
7212 32614
7212 34092
7212 36499
7213 13073
7213 19989
7213 22294
7213 26080
7214 16277
7214 34740
7215 8547
7215 19530
7215 21011
7216 32861
7217 21324
7217 32267
7218 11463
7218 20160
7218 20462
7218 25661
7218 38858
7219 13003
7219 16979
7219 17734
7220 29075
7221 19832
7221 21021
7222 7255
7222 28237
7222 32000
7222 36804
7223 24453
7223 26117
7223 27898
7223 30519
7223 32375
7223 38112
7224 9688
7224 10414
7224 12008
7224 15121
7224 19079
7224 25548
7224 27380
7224 39799
7225 9689
7225 16637
7225 30516
7225 35066
7225 36332
7225 39601
7226 24897
7226 36521
7227 15218
7227 18021
7227 32065
7228 7997
7228 10088
7228 11522
7228 13975
7228 14532
7228 19358
7228 33037
7228 33914
7229 12858
7229 17179
7229 17187
7229 17842
7229 24087
7229 32023
7229 34492
7230 12535
7230 14489
7230 19841
7230 22279
7231 10372
7231 10664
7231 14976
7231 16921
7231 19488
7232 17113
7232 20440
7232 24105
7232 30559
7232 37760
7233 7907
7233 18537
7233 23287
7234 9023
7234 26408
7235 16767
7235 23474
7235 28300
7235 30343
7235 30381
7236 31562
7237 8930
7237 36753
7238 10599
7238 28089
7239 20411
7239 24261
7239 31843
7239 32994
7240 10970
7240 20498
7240 27396
7240 29493
7241 9038
7241 31847
7241 37259
7242 17057
7242 18076
7242 22169
7242 25490
7242 36571
7243 17404
7243 39734
7244 9527
7244 18222
7245 12079
7245 19654
7245 26062
7245 37661
7246 14173
7246 19183
7246 30102
7246 34438
7247 27920
7248 14382
7248 16515
7248 33346
7248 34067
7249 17083
7249 20567
7249 29205
7250 21853
7250 27771
7250 27784
7250 30252
7251 10507
7251 15824
7251 32167
7251 32944
7252 8796
7252 10644
7252 20493
7252 21966
7252 25222
7253 10550
7253 24526
7253 26409
7253 29535
7253 31195
7254 13535
7254 16587
7254 21868
7254 29842
7254 35426
7254 39554
7255 12210
7255 14032
7255 16875
7255 27750
7255 36340
7256 21000
7256 24027
7257 10160
7257 24987
7257 25235
7258 17882
7258 26817
7258 27332
7259 19587
7259 26548
7259 35591
7259 38084
7260 11318
7260 20454
7260 24938
7263 20978
7263 22393
7263 25891
7264 14971
7264 16520
7264 35943
7265 38262
7265 38345
7266 10755
7266 22323
7266 34582
7267 10687
7267 20257
7267 37470
7268 7459
7268 38528
7269 13187
7269 21774
7269 22125
7270 11218
7270 12645
7270 16246
7270 25013
7270 34465
7270 37410
7270 37984
7271 15715
7271 22066
7272 26321
7272 32029
7273 24686
7273 26486
7273 34150
7274 15734
7274 33775
7275 9446
7275 14997
7275 16058
7275 24696
7276 10092
7276 17224
7276 19869
7276 21366
7276 21524
7277 8359
7277 9712
7277 14370
7277 31588
7277 33344
7278 19756
7278 23486
7278 32584
7279 13628
7279 15616
7279 26345
7279 37881
7280 12544
7280 17147
7280 20005
7280 29386
7280 31223
7281 7859
7281 18418
7281 23579
7281 32827
7282 22638
7283 9112
7283 11110
7283 11954
7283 15546
7284 30015
7285 11021
7285 14947
7285 25853
7285 31100
7285 31723
7285 32946
7286 14843
7286 29233
7286 31278
7287 17473
7287 31041
7287 35539
7288 35913
7289 29949
7289 39261
7290 12876
7290 15054
7290 23424
7290 27600
7290 33194
7290 35062
7291 26060
7291 32253
7292 15859
7293 12938
7293 18348
7293 18366
7293 25706
7293 29669
7294 31325
7294 35500
7295 12769
7295 24653
7296 8889
7296 11469
7296 19586
7296 35331
7297 10030
7297 12757
7297 16258
7297 31942
7298 17474
7298 28059
7299 30170
7299 32106
7299 34107
7300 12960
7300 27683
7300 29803
7300 34633
7301 28475
7301 36166
7302 10795
7302 13957
7302 35990
7303 27487
7303 33887
7303 35751
7304 16530
7304 25482
7304 33974
7305 10062
7305 15007
7305 15650
7305 16098
7305 26823
7305 29449
7306 25031
7307 7699
7307 17011
7307 33540
7308 10401
7308 14156
7308 18091
7308 18280
7308 27836
7308 34905
7309 18014
7309 19063
7309 28124
7312 17916
7312 21962
7312 33483
7312 34092
7312 34217
7312 35878
7313 15795
7313 28289
7313 29118
7314 19848
7314 28097
7315 22150
7315 22197
7315 37731
7316 22231
7316 30254
7317 22266
7317 22666
7317 27291
7317 31199
7317 31796
7317 36267
7318 10227
7318 24245
7319 9485
7321 30074
7321 34551
7322 8307
7322 23121
7323 13708
7323 27790
7324 24891
7324 32366
7324 37682
7325 15397
7325 37926
7325 38288
7326 17628
7326 21701
7326 36062
7327 7631
7328 26860
7328 34390
7329 20172
7329 21055
7329 21266
7329 34824
7329 37917
7330 20938
7330 23951
7331 11937
7331 23029
7331 24701
7331 30852
7331 36324
7332 7377
7332 12191
7332 20387
7332 30670
7333 27141
7333 33486
7333 36770
7334 13822
7334 15443
7334 19232
7334 27113
7334 36290
7335 7757
7335 8959
7335 16255
7335 23733
7335 35884
7335 38771
7336 35411
7336 39446
7337 17806
7338 18438
7338 28134
7338 31025
7338 33381
7338 34401
7338 39169
7339 8680
7339 19906
7340 7979
7340 11401
7340 11554
7340 16860
7340 20914
7341 8420
7341 15965
7341 18858
7341 28051
7341 28321
7341 29105
7341 35821
7341 38449
7342 11012
7342 15161
7342 28563
7343 18548
7344 8734
7344 11948
7344 14632
7344 15742
7344 15920
7344 36616
7345 10679
7345 15514
7346 12994
7346 23181
7346 25928
7346 29759
7346 39708
7347 26287
7348 20077
7348 20943
7348 32082
7349 8656
7349 9693
7349 15087
7349 22769
7349 31657
7350 11516
7350 14061
7350 15781
7351 11245
7351 16457
7351 24047
7351 35631
7351 38351
7352 25783
7353 11250
7353 14529
7353 26134
7353 28509
7353 35342
7353 36851
7354 16436
7354 19014
7355 18984
7355 19197
7356 7574
7356 10460
7356 21019
7356 21732
7356 33877
7356 36123
7357 7939
7357 16085
7357 19188
7358 21716
7358 30081
7358 31671
7358 34577
7359 17113
7359 29610
7360 31069
7360 32135
7360 32794
7360 33142
7360 36818
7361 25927
7361 30682
7361 37493
7362 12296
7362 29330
7362 38582
7363 12396
7363 19678
7363 27187
7363 33518
7364 17864
7364 19470
7364 34339
7365 8673
7365 14644
7365 18406
7365 23637
7365 30446
7365 33402
7366 17340
7366 36420
7367 9102
7368 19928
7368 26634
7368 27752
7368 37727
7369 22727
7369 25945
7370 8441
7370 15045
7370 35243
7372 11267
7372 11879
7372 20651
7372 37125
7373 11983
7373 13666
7373 16115
7373 34174
7375 35346
7376 26614
7376 34072
7377 19106
7378 15723
7378 20058
7378 25651
7378 35293
7379 11235
7379 23656
7379 34405
7379 35788
7380 8238
7380 12448
7380 13761
7380 17436
7380 22827
7380 31265
7380 32613
7381 7873
7381 12622
7382 23317
7382 31384
7382 37388
7383 13615
7383 17666
7383 26253
7383 38118
7384 7873
7384 15677
7384 17879
7385 8036
7385 13109
7385 19729
7385 24204
7386 8204
7386 25794
7386 27706
7387 8322
7387 31966
7387 34380
7388 16301
7389 9515
7389 25183
7390 12454
7390 23831
7391 7947
7391 11007
7391 33594
7392 26961
7393 20844
7393 21684
7393 32314
7393 33222
7393 35201
7393 36317
7394 15438
7394 16726
7394 29847
7395 9527
7395 13687
7395 22927
7395 27597
7395 36616
7395 38569
7397 21197
7397 28735
7397 33138
7398 31031
7399 19849
7400 18280
7400 25949
7401 14823
7401 20799
7401 34968
7402 17114
7402 25028
7402 36419
7403 8005
7403 8521
7404 15378
7404 17532
7404 29274
7404 38097
7405 17551
7405 26469
7406 15286
7406 29856
7406 30702
7406 38096
7407 10531
7407 18019
7407 35798
7407 37126
7408 17396
7408 27420
7409 9288
7409 17964
7409 23037
7409 25455
7409 28213
7409 28501
7409 30018
7410 10507
7410 14659
7410 22480
7410 34697
7411 10029
7411 32825
7412 36395
7412 37528
7413 7925
7413 8025
7413 16095
7413 18155
7413 20682
7413 22479
7414 13332
7414 14671
7414 15112
7414 36293
7414 37156
7415 13449
7416 31232
7417 11290
7418 14641
7418 39252
7418 39386
7419 19727
7419 25126
7419 30917
7420 8123
7420 14339
7420 27049
7420 37674
7421 27762
7422 37106
7423 28266
7424 12613
7424 13780
7424 32813
7425 19536
7425 20242
7426 17371
7426 23079
7426 27688
7427 27637
7427 30552
7428 10348
7428 10686
7428 22642
7429 10999
7429 30506
7429 32906
7429 34649
7429 39783
7430 22364
7430 29254
7430 31585
7431 8202
7431 11564
7431 20072
7431 23540
7431 27017
7431 27503
7431 30117
7431 33057
7431 39057
7432 8685
7432 18301
7432 19071
7432 27949
7432 39602
7433 7475
7433 15991
7433 37351
7434 13010
7434 22140
7434 32717
7435 15281
7435 18016
7435 34831
7436 10867
7436 18283
7437 13826
7437 33591
7438 23851
7438 30202
7438 35008
7439 11591
7439 15742
7439 17737
7439 19872
7439 20174
7439 22931
7439 36850
7440 19546
7440 27476
7440 30856
7440 34137
7440 34864
7441 19086
7442 9190
7442 15441
7442 37529
7442 38812
7443 18769
7443 30655
7443 35363
7444 10039
7444 27387
7445 10643
7445 11000
7445 13100
7445 16629
7445 25354
7445 26943
7445 34155
7446 29952
7446 35777
7447 14219
7447 28314
7448 10349
7448 14296
7448 19400
7448 22942
7448 32485
7448 35959
7449 28341
7449 31445
7450 12099
7450 37123
7451 25802
7452 15544
7452 27922
7453 16614
7453 17900
7453 21780
7453 39117
7454 8685
7455 17068
7455 17331
7455 20393
7456 11330
7456 15627
7456 16406
7456 17275
7457 11504
7457 13973
7457 30504
7458 22320
7458 23508
7458 26787
7459 13621
7459 15333
7459 18090
7459 29546
7460 14308
7460 15393
7460 18244
7460 20114
7460 24814
7460 28121
7461 15978
7461 16554
7461 19469
7461 22849
7461 30418
7461 38854
7462 9864
7462 11270
7462 17881
7462 32649
7462 38446
7463 28721
7463 31494
7463 34465
7464 11351
7464 14494
7464 30951
7464 36881
7464 38202
7465 20405
7465 20454
7465 26109
7465 36766
7466 13249
7466 14993
7466 25145
7466 27551
7467 38174
7467 38852
7468 12280
7468 19571
7468 33965
7468 39875
7469 19870
7469 26326
7469 31192
7470 8969
7470 36401
7471 17007
7471 18746
7471 22389
7472 37748
7473 29721
7474 27743
7474 27905
7474 30854
7474 34940
7475 21022
7475 39390
7476 9803
7476 15019
7476 35386
7477 18824
7477 27556
7478 16233
7478 25538
7478 26394
7478 30053
7479 7536
7479 23868
7479 25238
7479 29967
7479 38871
7480 7962
7480 10043
7480 27738
7480 36057
7481 25633
7481 31357
7481 34378
7481 37869
7481 39651
7482 17550
7482 20792
7482 22805
7482 25510
7482 31099
7482 33674
7482 38417
7483 15885
7483 29658
7483 38618
7485 25651
7485 28607
7485 32533
7485 35546
7486 10348
7486 22707
7486 24212
7487 13744
7487 20820
7487 22282
7487 22368
7487 35996
7487 36614
7487 38963
7488 19090
7488 37055
7488 39547
7488 39916
7489 14947
7489 20678
7489 22977
7490 18035
7490 18219
7490 19233
7490 32979
7491 14955
7491 25127
7491 25911
7492 12454
7492 25129
7492 28597
7492 35499
7493 17452
7494 18165
7494 30595
7494 32792
7495 15689
7495 27310
7495 39248
7496 11609
7496 13008
7496 16827
7496 25879
7497 8511
7497 12464
7497 19686
7498 8461
7498 22437
7498 22999
7498 24893
7498 32086
7498 37594
7499 14350
7499 24168
7499 29883
7499 39346
7500 11826
7500 15016
7500 17886
7500 27257
7500 35424
7500 38428
7501 14657
7501 16712
7501 21986
7501 26981
7502 17186
7502 19772
7502 23551
7502 28895
7502 36612
7503 11633
7503 12285
7503 24865
7503 28306
7504 22862
7504 30643
7505 24500
7505 38776
7506 17317
7506 18161
7506 39008
7507 11802
7507 21681
7507 34364
7508 8637
7508 21338
7508 25693
7508 28641
7509 10361
7509 17244
7509 28597
7512 10906
7513 25684
7513 30089
7513 32448
7513 33820
7514 11735
7514 15856
7514 20904
7514 25582
7514 28805
7514 34624
7515 8874
7515 15265
7515 15667
7515 33354
7516 12085
7516 14861
7516 37357
7517 7605
7517 25190
7518 8699
7518 10428
7518 17370
7518 22659
7518 33565
7518 38331
7519 11263
7519 13369
7519 33441
7520 12088
7520 20336
7520 24780
7521 23564
7521 24077
7521 29035
7522 20107
7522 32047
7523 12066
7523 19606
7524 9079
7524 16429
7524 25448
7524 38209
7524 38708
7524 39364
7525 7803
7525 14557
7525 23868
7525 29722
7525 34297
7525 38912
7526 16540
7526 24785
7526 27036
7526 28070
7526 35869
7527 16209
7528 7905
7528 35206
7529 13178
7529 17346
7529 25019
7529 33762
7530 9063
7530 16543
7530 31783
7530 34962
7530 38067
7530 38514
7530 39831
7531 12533
7531 37105
7532 11212
7532 11879
7532 17052
7532 17627
7532 33855
7534 9230
7534 12800
7534 13986
7534 22010
7534 22053
7534 27086
7535 18866
7535 30042
7535 34447
7535 38674
7536 8007
7536 17872
7536 27827
7537 19191
7537 20063
7537 36077
7538 8330
7538 12662
7538 25632
7538 27768
7539 11402
7539 12902
7539 19911
7539 25646
7539 32651
7539 34016
7539 35220
7540 11275
7540 18958
7540 26211
7541 17751
7541 20175
7541 21828
7541 32441
7541 35057
7542 23759
7542 23958
7542 35613
7542 37203
7543 12249
7543 17133
7544 14874
7544 14986
7544 23827
7544 31533
7544 31715
7545 11259
7545 11290
7545 18965
7545 32539
7545 33749
7546 12068
7546 36447
7546 37544
7546 39000
7547 19861
7547 30692
7547 30762
7547 37925
7548 9166
7548 9683
7548 10051
7548 17337
7548 35179
7548 39881
7549 24521
7551 12943
7551 23052
7551 27626
7551 34991
7552 20267
7552 25137
7552 33761
7552 36428
7553 26463
7553 28076
7554 10273
7554 13267
7554 18126
7554 29658
7554 38909
7555 27312
7555 28858
7555 30794
7555 33917
7555 37520
7556 9325
7556 39883
7557 15925
7557 28508
7557 30248
7558 29600
7559 9063
7559 11070
7559 13709
7559 25648
7559 37159
7561 16242
7561 27858
7561 37266
7561 37835
7562 10712
7562 12869
7562 25674
7563 8042
7563 10357
7563 20151
7563 22352
7563 29786
7564 8168
7564 10044
7564 22424
7564 39053
7565 12678
7565 13448
7565 20257
7565 21124
7565 26151
7565 38108
7566 37039
7567 18342
7567 28875
7568 28713
7569 16741
7569 24620
7569 38149
7570 12584
7570 13873
7570 30831
7571 13566
7571 13731
7571 35620
7572 11810
7572 15179
7572 19671
7572 22947
7572 25415
7572 38081
7573 18588
7573 29299
7573 30010
7573 30479
7573 31711
7573 32301
7574 30550
7574 34883
7575 16650
7575 34253
7576 10102
7576 10228
7576 11859
7576 14753
7576 22768
7577 25210
7577 33400
7578 15565
7578 26062
7578 31856
7578 37814
7578 38059
7579 24488
7579 31918
7579 32004
7579 33553
7580 8270
7580 24547
7581 9466
7581 12955
7581 16031
7581 37403
7582 9345
7582 17902
7582 21103
7582 27360
7582 32567
7583 9556
7583 13868
7583 19973
7583 25419
7583 31348
7584 8242
7584 29689
7584 31524
7584 33048
7584 37500
7584 37888
7585 23230
7586 8051
7587 9933
7587 19376
7588 18473
7588 25248
7588 30674
7589 9663
7589 14725
7590 10409
7590 24890
7590 25555
7590 30975
7590 38584
7591 12168
7591 13042
7591 35251
7592 36561
7593 7716
7593 29301
7593 31419
7593 37754
7594 13503
7594 13944
7594 15877
7594 24680
7594 25608
7594 31287
7595 19410
7595 30802
7595 35385
7596 34976
7597 12468
7597 13956
7597 30187
7598 26317
7599 8226
7599 9874
7599 37752
7601 11070
7601 13074
7601 37448
7602 18034
7602 18725
7602 19417
7602 26690
7602 34324
7602 36154
7603 11670
7603 13702
7603 14836
7603 33827
7603 36308
7604 23655
7604 24691
7604 27544
7604 36150
7605 28510
7605 32045
7605 33789
7605 36284
7605 38819
7606 8626
7606 15726
7606 34649
7607 16729
7607 26289
7608 8883
7608 14341
7608 21773
7608 22773
7608 23455
7608 23730
7608 36462
7609 30253
7609 31481
7610 25288
7611 20709
7611 24912
7611 26953
7613 8495
7613 8992
7614 21120
7615 8321
7615 8425
7615 9419
7615 14771
7615 25795
7615 26403
7616 28808
7616 30379
7617 29963
7617 33456
7618 11964
7618 13873
7618 20470
7618 32330
7619 19658
7619 23749
7620 28799
7621 10802
7621 24613
7623 9363
7623 20554
7623 24490
7624 12532
7624 19013
7624 21495
7624 24458
7624 32983
7625 12733
7625 33426
7626 12631
7626 20680
7626 25798
7626 33568
7627 7895
7627 17028
7627 32232
7628 15015
7628 27529
7628 29241
7628 32353
7628 38774
7628 39783
7629 12909
7629 18137
7629 18838
7630 12672
7630 23503
7630 30925
7630 33324
7630 35601
7631 10447
7631 16218
7631 16242
7631 22996
7631 30673
7631 32224
7632 17113
7632 26309
7632 32973
7632 37832
7633 9760
7633 10447
7633 12110
7633 24370
7633 25836
7633 33743
7633 36992
7634 11311
7634 13599
7634 19732
7634 25701
7634 32033
7634 34442
7634 38506
7635 8322
7635 26191
7635 27293
7635 28628
7635 29703
7635 37359
7636 16553
7636 27700
7637 15744
7637 26642
7637 30542
7638 10413
7638 16760
7638 26701
7638 29876
7638 30232
7639 24170
7639 34773
7639 34930
7640 15315
7640 34808
7641 14720
7641 15541
7641 17772
7641 20283
7642 11839
7642 21190
7642 25975
7643 15239
7643 30514
7644 7654
7644 26933
7644 37119
7645 9772
7645 9958
7646 33864
7646 39966
7647 8929
7647 18667
7647 28017
7647 32268
7647 33539
7647 36648
7648 7910
7648 20103
7649 12160
7649 13342
7649 14882
7649 25558
7649 29871
7650 15337
7650 33272
7651 10340
7651 35548
7652 10621
7652 34577
7653 9366
7653 33666
7654 14553
7654 21728
7655 22046
7655 24877
7655 32195
7656 8975
7656 23359
7656 24616
7656 27109
7656 27886
7656 34629
7657 9858
7657 26957
7657 27124
7657 33112
7658 22180
7658 23544
7658 28076
7658 37736
7659 13638
7659 19491
7659 24081
7659 33328
7661 9965
7662 8356
7663 10101
7663 15398
7663 37892
7664 19746
7664 31701
7665 25159
7665 28610
7666 8372
7666 17104
7666 21452
7666 27771
7667 9127
7667 28512
7669 13338
7669 26221
7669 36870
7669 39173
7670 9963
7670 24162
7671 9252
7671 14776
7671 24503
7671 26755
7671 33485
7671 34067
7671 38353
7672 16289
7672 22683
7672 36618
7672 38121
7672 38330
7673 20653
7673 38544
7674 18787
7675 8785
7675 9545
7676 31137
7676 31819
7677 13283
7677 17574
7677 37867
7677 39057
7678 16939
7678 16940
7678 18996
7678 26139
7678 35047
7678 38244
7680 14888
7680 15070
7680 26776
7680 28438
7681 14453
7681 21892
7682 9667
7682 13955
7682 21476
7682 24665
7682 30118
7682 37233
7682 39742
7683 28689
7683 36172
7683 36800
7684 10020
7684 17080
7684 18070
7684 29037
7684 33156
7684 36408
7685 8614
7685 16812
7685 18735
7685 24952
7685 33296
7686 25324
7686 27843
7686 29316
7687 30170
7687 33985
7687 37702
7688 18578
7688 25393
7689 17632
7689 22978
7689 27808
7690 8252
7690 10187
7690 21137
7690 33044
7691 33129
7691 36369
7691 37322
7692 32183
7693 10548
7694 16043
7694 27410
7694 31193
7694 32140
7694 33960
7694 36313
7694 37813
7695 24942
7695 27377
7695 31923
7696 11084
7696 15746
7696 17518
7696 26688
7697 8038
7697 11089
7697 23453
7697 38172
7698 21220
7698 25840
7698 32292
7698 38773
7699 26449
7699 30836
7699 32720
7699 34827
7699 36858
7700 23185
7701 14935
7701 28171
7701 38108
7702 26199
7702 27669
7702 34357
7703 9128
7703 14547
7703 18620
7703 37162
7704 23364
7705 36291
7706 11849
7706 22923
7707 19762
7708 9269
7708 12152
7708 21867
7708 26144
7708 28635
7709 15736
7709 16375
7709 39514
7710 16120
7710 18108
7711 9791
7711 17696
7711 24497
7712 14322
7712 18147
7712 22960
7712 27523
7713 8578
7713 12221
7713 19664
7713 22177
7713 36580
7713 39483
7714 8755
7714 16761
7714 18512
7715 11362
7715 17797
7715 19055
7715 19215
7716 24786
7717 15717
7717 27614
7717 28103
7718 11458
7718 36553
7719 38252
7720 7900
7720 12938
7720 16358
7720 21578
7720 22189
7721 8253
7721 18335
7721 32062
7721 38633
7722 19227
7722 22881
7722 24080
7722 29762
7723 8495
7723 17251
7723 17863
7723 21118
7723 30578
7723 35333
7723 37777
7723 38150
7724 18934
7724 25768
7724 31897
7724 37080
7725 10051
7725 19041
7725 37159
7726 16083
7726 31693
7726 31867
7726 33991
7726 38700
7727 7911
7727 9519
7728 8220
7728 10439
7728 11685
7728 13409
7728 14985
7728 23720
7728 38209
7728 38778
7730 17511
7730 23444
7731 24291
7731 28328
7732 28163
7732 37610
7734 10370
7734 17239
7735 22219
7736 10555
7736 25233
7737 23014
7738 15320
7738 19120
7738 34307
7738 39872
7739 24887
7740 16574
7740 25606
7740 32235
7740 33313
7740 38495
7740 39608
7741 31362
7741 34036
7741 34107
7741 35928
7741 36326
7743 25041
7744 28792
7744 29559
7745 12090
7745 20783
7745 23424
7745 28213
7746 14306
7746 23507
7747 33869
7748 12682
7748 18862
7748 28009
7748 37055
7749 34455
7749 39029
7751 9734
7751 14488
7751 23563
7751 31737
7752 38052
7753 8860
7753 15628
7753 23290
7753 23950
7753 35361
7753 36567
7754 8641
7754 22502
7754 32911
7754 34100
7754 39192
7754 39711
7755 17765
7755 33868
7755 37928
7755 38665
7756 19297
7756 23674
7756 31937
7758 8068
7758 18645
7758 26426
7758 35774
7759 10329
7759 14169
7759 19492
7759 26913
7759 31906
7759 36184
7759 37576
7760 13641
7760 22399
7760 28443
7761 36021
7761 37761
7762 12053
7762 24634
7762 27273
7763 34819
7763 35887
7764 8302
7764 14785
7764 37157
7764 38444
7765 11429
7765 23543
7765 25327
7765 33393
7766 11484
7767 29355
7768 20923
7768 22883
7768 23983
7769 36379
7770 10567
7770 25030
7770 27529
7770 29997
7770 30185
7770 38350
7771 14103
7771 25740
7772 27841
7773 8239
7773 38130
7774 9257
7774 22290
7774 22986
7775 8706
7775 14655
7775 17563
7775 20130
7775 25994
7775 30867
7775 36027
7776 9058
7776 35220
7777 10576
7777 16234
7778 10579
7778 14233
7778 16397
7778 19856
7778 25095
7778 27476
7778 39074
7779 8808
7779 20101
7779 31675
7779 32592
7779 34810
7780 20113
7780 30893
7781 8704
7781 33791
7782 7960
7783 18112
7783 27750
7783 34006
7784 8056
7784 10849
7784 15419
7784 18568
7784 21718
7784 27561
7784 27605
7784 33172
7785 16053
7785 22525
7785 32163
7785 33513
7785 33963
7786 12353
7786 16384
7786 26020
7786 27732
7786 31260
7786 31770
7786 36904
7787 14929
7787 16583
7787 22713
7787 28102
7788 12136
7788 23688
7788 29560
7789 9033
7789 13516
7789 26508
7789 34071
7790 28223
7791 12109
7791 24306
7792 21666
7793 9218
7793 16762
7793 29828
7794 12312
7794 19291
7794 24870
7794 36410
7795 10064
7795 12327
7795 15384
7795 23422
7795 26596
7795 34943
7796 9606
7796 16849
7796 21382
7796 25501
7797 13441
7797 25483
7797 30874
7798 12862
7798 28665
7799 8660
7799 9444
7799 26759
7799 32717
7800 16340
7800 18993
7800 21925
7800 22432
7800 26531
7801 7927
7801 19636
7801 20951
7801 23259
7801 32739
7802 30204
7802 36110
7803 13780
7803 13851
7803 14773
7803 29959
7803 39788
7804 12217
7804 12451
7804 12615
7804 26961
7805 22622
7805 34155
7805 35404
7805 35468
7806 15888
7806 17829
7806 23579
7806 25554
7806 32794
7806 35242
7807 25615
7807 30467
7807 31904
7807 36999
7808 8719
7808 13423
7808 21170
7808 25593
7808 37952
7809 15038
7809 32719
7809 37354
7810 13426
7810 20874
7810 28450
7810 33728
7810 34442
7810 39247
7811 14909
7811 20629
7811 21890
7811 22110
7811 23335
7811 30483
7811 36782
7811 39961
7812 8805
7812 12456
7812 12621
7812 20356
7812 21654
7812 22862
7812 23662
7812 33134
7813 14828
7813 29310
7814 20241
7814 22289
7814 26425
7814 31295
7814 33851
7815 9487
7815 13331
7815 13989
7815 23641
7815 23976
7815 26585
7816 14013
7816 19126
7816 27820
7816 37474
7817 10794
7817 24100
7817 33815
7818 14802
7818 15831
7818 29281
7818 36046
7819 22212
7819 30413
7819 30631
7819 32840
7819 39163
7820 11191
7820 34418
7821 9491
7821 19796
7821 27325
7821 33416
7822 15412
7822 25211
7822 31716
7822 34457
7822 37867
7823 13802
7823 26994
7823 31510
7823 31845
7824 8775
7825 17828
7826 12726
7826 20002
7826 32590
7826 36600
7827 16379
7827 19022
7827 29923
7828 12153
7828 23110
7828 25851
7829 31991
7830 11041
7830 14241
7830 25500
7830 30511
7831 14606
7831 33559
7831 37180
7832 11295
7832 18318
7832 39273
7833 8602
7833 9647
7833 22001
7833 31213
7834 24018
7834 33461
7835 8354
7835 9985
7835 14063
7835 15364
7835 34641
7836 8270
7836 11431
7836 13028
7836 19981
7836 27892
7836 34649
7837 19721
7838 8490
7838 18058
7838 20240
7838 39639
7839 23341
7839 31612
7839 38658
7840 11955
7840 14806
7840 20814
7840 32384
7840 33060
7840 38918
7841 10113
7841 19183
7841 31770
7842 29576
7843 9164
7843 13869
7843 14462
7843 27092
7843 39459
7844 10609
7844 17967
7844 30699
7844 34398
7845 16467
7845 27060
7846 12377
7846 16708
7846 24891
7846 27601
7846 33666
7847 14889
7847 33371
7847 35336
7848 15978
7848 16828
7848 21524
7848 30591
7848 32105
7849 9786
7849 17102
7849 17159
7849 20032
7850 13055
7850 24446
7850 24899
7851 11807
7851 26224
7851 27144
7851 38917
7852 9073
7852 34130
7853 9916
7853 10651
7853 15038
7853 28190
7854 11495
7854 24127
7854 32907
7855 10755
7855 31681
7857 17290
7857 19618
7857 24441
7857 29220
7858 22530
7858 22705
7858 26509
7858 29886
7859 17077
7859 29901
7860 39344
7861 23642
7861 25915
7863 24582
7863 29741
7863 34377
7863 37037
7864 13908
7864 14682
7864 20345
7864 23527
7864 32205
7864 36461
7864 38597
7865 14226
7866 10867
7866 13592
7866 14259
7866 27700
7866 27738
7866 34821
7866 36026
7866 38708
7867 10588
7867 28172
7867 38482
7868 15018
7868 16786
7868 32571
7868 38904
7868 39395
7869 14136
7869 16229
7869 28051
7870 13851
7870 21892
7870 31920
7870 35937
7871 30169
7872 17138
7872 24633
7873 11729
7873 19184
7873 20362
7873 23353
7873 29375
7873 37373
7874 22238
7874 30040
7874 32518
7874 35150
7874 39425
7875 10213
7875 36658
7875 37817
7876 10290
7876 17199
7876 21286
7876 25995
7876 30168
7876 37154
7878 17366
7878 26391
7878 27909
7879 16296
7879 20412
7880 9525
7880 24165
7880 31042
7880 39037
7881 18066
7882 30891
7883 8908
7883 28393
7884 12259
7884 13240
7884 16667
7884 16939
7884 17458
7884 27817
7884 28866
7884 32600
7884 34708
7884 35716
7885 9010
7886 9067
7886 12485
7886 13262
7886 15191
7886 17860
7886 18778
7886 24028
7886 31744
7886 33682
7886 35951
7886 37275
7887 14216
7887 30431
7887 32365
7888 10282
7888 17715
7888 18175
7888 21135
7888 26612
7888 32491
7888 34087
7888 34876
7889 28967
7889 39100
7890 10249
7890 13095
7890 13128
7890 17232
7890 31782
7891 14475
7891 24746
7891 37295
7892 13356
7892 34521
7893 18524
7893 29254
7893 29460
7893 35582
7894 8702
7894 24983
7894 31289
7894 34207
7895 12901
7895 25856
7895 35034
7896 19658
7896 20891
7897 36329
7897 36912
7898 10258
7898 21730
7898 26795
7898 38552
7898 38963
7899 16180
7899 32018
7899 34154
7899 39827
7900 8857
7900 17097
7900 18682
7900 29625
7900 38326
7900 39491
7901 24037
7901 24839
7901 35950
7901 39932
7902 10704
7902 25238
7903 8536
7903 14548
7903 17018
7903 25060
7903 36491
7903 37239
7905 27072
7906 39189
7907 11363
7907 27437
7907 37922
7908 20866
7908 23635
7908 27936
7908 33949
7909 33291
7910 27773
7910 28664
7910 35455
7910 35459
7911 9822
7911 14098
7911 15500
7911 29934
7911 31058
7911 38922
7911 39171
7913 8612
7913 9019
7913 25644
7913 30465
7914 25237
7914 29900
7914 37960
7915 12185
7915 18708
7915 35552
7916 17403
7916 24143
7916 33392
7916 35219
7917 18266
7917 25334
7918 10206
7918 10683
7918 14297
7918 28763
7918 39122
7919 11774
7920 10855
7920 28161
7920 33428
7920 39215
7921 9264
7921 12428
7921 21441
7921 31461
7922 17938
7922 21039
7922 37448
7923 32664
7924 36963
7925 8091
7925 27379
7925 39734
7926 18033
7926 21257
7927 16073
7927 22844
7927 28600
7928 12857
7928 19193
7928 35704
7928 39017
7929 17813
7929 21703
7929 22006
7929 28840
7929 32907
7930 16571
7930 20192
7930 26800
7930 28240
7931 28587
7931 31130
7931 33005
7932 8010
7932 8137
7932 16857
7932 17269
7932 18993
7932 20719
7932 34227
7933 17308
7933 21058
7933 29888
7934 10144
7935 8774
7935 32180
7935 34977
7936 23486
7936 33772
7936 34867
7936 36381
7937 37454
7938 22786
7938 28472
7939 8891
7939 15976
7939 20652
7939 22494
7939 33642
7940 15782
7940 19011
7940 19366
7941 13562
7941 13764
7941 17150
7941 20075
7941 29845
7941 36403
7942 12622
7942 35265
7943 8896
7943 14937
7943 31931
7944 18191
7944 21942
7944 31074
7944 33873
7944 35112
7944 36064
7945 28866
7945 38575
7946 22284
7946 24108
7946 36578
7947 14482
7947 21799
7947 37507
7948 8578
7948 30297
7948 38896
7949 13791
7949 26035
7950 9823
7950 11311
7950 15826
7950 16423
7950 16538
7950 19049
7951 18429
7951 21736
7951 22207
7951 35819
7951 35939
7951 37016
7952 10817
7952 16200
7952 18965
7952 27283
7953 9733
7953 13716
7953 26127
7953 26611
7954 13263
7955 12345
7955 22447
7955 28857
7955 37981
7956 9351
7956 23786
7956 29411
7957 26792
7957 34840
7958 9534
7958 24345
7958 33398
7958 36180
7959 8209
7960 14094
7960 19204
7960 21644
7960 21847
7960 21868
7960 30752
7960 34650
7960 35553
7961 17777
7962 8432
7962 12278
7964 32843
7965 16851
7965 32760
7966 10467
7966 20963
7966 30053
7966 36715
7966 39274
7967 9019
7967 9534
7967 16394
7967 25423
7967 30985
7967 37371
7967 39011
7968 10777
7968 23872
7968 32708
7969 12857
7969 27533
7969 38908
7970 12179
7970 15456
7971 15669
7971 24188
7971 29189
7971 38810
7972 19048
7973 28594
7973 34840
7973 39459
7974 12225
7974 16364
7974 24138
7974 28753
7974 33725
7975 13361
7975 14381
7975 15921
7975 18532
7975 21694
7975 33446
7975 35846
7975 37033
7976 20141
7976 30489
7976 34404
7977 14057
7977 25518
7977 26366
7977 37599
7977 39161
7978 18677
7979 8928
7979 10028
7979 31958
7980 29172
7980 34510
7981 11590
7981 25876
7981 34682
7981 38191
7982 16060
7982 18644
7982 28481
7982 30929
7982 34868
7983 13538
7983 17156
7983 17729
7983 35094
7984 15098
7984 16724
7984 37374
7985 8251
7985 12973
7985 15664
7985 16462
7985 19450
7985 20969
7985 27509
7985 35005
7985 38235
7986 29548
7987 20793
7987 28666
7987 31014
7988 18458
7988 35907
7989 18634
7989 27267
7990 15339
7990 18688
7990 25374
7990 36051
7991 11843
7991 16777
7991 22904
7991 26815
7992 20368
7992 22412
7992 38668
7993 9793
7993 13196
7993 18802
7993 39234
7994 25893
7994 38517
7994 39192
7995 36953
7995 37080
7996 29443
7996 33478
7997 18993
7997 21204
7997 33158
7997 34079
7997 35625
7999 19147
7999 22232
7999 25404
7999 29177
7999 32545
7999 33078
8001 19037
8001 24538
8001 28642
8002 15036
8002 16335
8002 25843
8002 38931
8003 9023
8003 29448
8004 14706
8005 16306
8005 33093
8006 15684
8006 24469
8007 21087
8007 36021
8009 9254
8009 18757
8009 29183
8009 29502
8009 34153
8010 12914
8010 22453
8010 38510
8011 12920
8011 28253
8011 37635
8011 38374
8012 9923
8012 16661
8012 18775
8012 19039
8012 37277
8013 14617
8013 25837
8013 27265
8013 32204
8014 12964
8014 19805
8015 10716
8015 13529
8015 39244
8016 8365
8016 15004
8016 22063
8016 27715
8017 17924
8017 20592
8017 35640
8017 36406
8018 16850
8018 22988
8019 25255
8019 32928
8019 34037
8020 21412
8020 24644
8021 10433
8021 13067
8021 14223
8021 19320
8021 38429
8022 13153
8022 16585
8022 23614
8022 28582
8022 38361
8023 37096
8023 38257
8024 12464
8024 27783
8024 30351
8025 14709
8026 8407
8027 17133
8027 28403
8027 37502
8028 8374
8028 26550
8028 30051
8028 30267
8028 32741
8029 21407
8029 23442
8029 34166
8029 34969
8030 29360
8030 37550
8031 9375
8031 15604
8031 33231
8032 8995
8032 27915
8032 29704
8032 33650
8032 36416
8032 36800
8033 11280
8033 15664
8033 18339
8033 21023
8033 24375
8034 12515
8034 18519
8034 39905
8035 18896
8035 37015
8035 39649
8036 8413
8036 22050
8036 36040
8037 16554
8037 23093
8037 26624
8037 27431
8037 28853
8037 32998
8037 33953
8038 15104
8038 18209
8038 21560
8038 35762
8039 19764
8039 30687
8039 31630
8039 32923
8039 34937
8040 17539
8040 23521
8041 12611
8041 15307
8041 18442
8041 32751
8041 36619
8042 15211
8042 21481
8043 14156
8043 33459
8043 34809
8044 21499
8044 24824
8044 30787
8045 12555
8045 13076
8045 20110
8045 21692
8045 23865
8046 13043
8046 23411
8047 14865
8047 15971
8047 25630
8047 29006
8047 35405
8048 15559
8048 20695
8049 11277
8049 13988
8050 13096
8050 27100
8050 29064
8050 35986
8051 18388
8052 38065
8053 27453
8053 35582
8053 35995
8054 26429
8054 33247
8055 32842
8055 36121
8055 39007
8055 39286
8056 15000
8056 18455
8056 37383
8057 15235
8057 21541
8057 27403
8057 29578
8057 30801
8057 36960
8058 25687
8058 32866
8059 24094
8059 29074
8059 29101
8060 9058
8061 28079
8061 30832
8061 34318
8061 38007
8063 9749
8063 15375
8063 26621
8064 15680
8064 18680
8064 26896
8064 29271
8065 25997
8065 29982
8066 37661
8066 38320
8067 8734
8067 17685
8067 20180
8067 31695
8068 16949
8068 19582
8068 21829
8068 22002
8068 24024
8068 28687
8068 31402
8068 34474
8069 10149
8069 11015
8069 19022
8069 32733
8069 34579
8070 29201
8071 16470
8071 17973
8072 21683
8072 32784
8072 33794
8072 37051
8073 16131
8073 30482
8073 31506
8073 38945
8074 19370
8074 26660
8074 26952
8074 29393
8074 31269
8074 37311
8074 39325
8075 30928
8076 10226
8076 15541
8076 21044
8076 29555
8076 39043
8077 12062
8077 16040
8077 19190
8077 25036
8077 27524
8077 28214
8077 30315
8077 30805
8078 17898
8078 25684
8078 31631
8078 39856
8079 14921
8079 20320
8079 23349
8079 25359
8079 32065
8079 38981
8080 9527
8080 22157
8080 33573
8081 18152
8081 24615
8081 25419
8082 11808
8082 14361
8082 34639
8082 37950
8083 35930
8084 17292
8084 18277
8084 30825
8085 9887
8085 17783
8085 28020
8086 24707
8086 28951
8086 30911
8087 9213
8087 16506
8087 17082
8087 30514
8087 31809
8088 16350
8088 17627
8088 25525
8088 39559
8089 30184
8089 32781
8089 34630
8089 35886
8090 10391
8090 13272
8090 38897
8091 10542
8091 11423
8091 20278
8091 27831
8091 34272
8091 34841
8092 22208
8092 29215
8093 36900
8094 22546
8094 30102
8094 31672
8094 34846
8094 38008
8094 38464
8095 14897
8095 18098
8095 22515
8095 28576
8096 30072
8097 16606
8097 19202
8098 12496
8098 27472
8098 30920
8098 32522
8098 33729
8098 37753
8099 12446
8099 15313
8099 22219
8099 30956
8100 14979
8100 28247
8101 38071
8101 39110
8102 15446
8102 29283
8102 36065
8102 39153
8103 9582
8103 27364
8103 31332
8103 33100
8104 14966
8104 22581
8104 23981
8104 25027
8104 28089
8104 28149
8105 12776
8105 13954
8105 25020
8106 39147
8107 10164
8107 13879
8107 14929
8107 15794
8107 17434
8107 37101
8108 24666
8108 30731
8109 14372
8109 20782
8109 24169
8110 8619
8110 20969
8110 39701
8111 11753
8111 19212
8111 22644
8112 8355
8112 13504
8112 17656
8112 33119
8112 35652
8112 35968
8112 39159
8113 36359
8113 37359
8114 9620
8114 39365
8114 39861
8115 11172
8115 22807
8115 36103
8115 36615
8115 38691
8116 15318
8116 34019
8116 34482
8116 39285
8117 18076
8118 18197
8118 29875
8118 30424
8119 13287
8120 10898
8120 24878
8120 34221
8120 36975
8120 37853
8121 11258
8121 13409
8121 16159
8121 22700
8121 23403
8121 25198
8122 20659
8122 22771
8122 24530
8122 25706
8122 31668
8123 19291
8123 22026
8123 22991
8123 24714
8124 21147
8124 25733
8124 27825
8124 36788
8125 10826
8125 16423
8125 26421
8126 18008
8126 21043
8126 28931
8127 21168
8127 35558
8127 39061
8128 9778
8128 13852
8129 18866
8129 33830
8129 34324
8131 18776
8131 20150
8131 26672
8131 30068
8131 30461
8132 13452
8133 10188
8133 21908
8134 32065
8135 16923
8135 18456
8135 24009
8135 26226
8136 10258
8136 16159
8136 17651
8136 21208
8136 23170
8136 27364
8137 25955
8137 33543
8137 35363
8138 20341
8139 19562
8139 32612
8140 14358
8140 20071
8141 31360
8141 34305
8141 35394
8142 37754
8143 20787
8144 8299
8144 9481
8144 10972
8145 27809
8145 28883
8145 33024
8146 9287
8146 17747
8147 8722
8147 14127
8147 14800
8147 28374
8147 31405
8147 36488
8148 28564
8150 37712
8151 8466
8151 36577
8152 12538
8152 17515
8152 20970
8152 21534
8152 39045
8153 11053
8153 23731
8154 18044
8154 27289
8154 27719
8154 28639
8154 33798
8155 9928
8155 28467
8155 28491
8155 36844
8156 9487
8156 11334
8156 28735
8156 35241
8156 35560
8157 13740
8157 22279
8157 31204
8157 33876
8157 35161
8157 38781
8158 25944
8159 16590
8159 23965
8159 30477
8159 34151
8160 12050
8160 13776
8160 39370
8161 10619
8161 18238
8161 34763
8161 35545
8162 21710
8162 30415
8162 31941
8162 37372
8163 12849
8164 10550
8164 13690
8164 17188
8164 17352
8164 21683
8164 24555
8164 30033
8164 33945
8165 19164
8165 25588
8166 13596
8166 15162
8166 24898
8167 11214
8167 24082
8168 20319
8168 28363
8168 35857
8168 36719
8169 15163
8169 23086
8169 33912
8170 11263
8170 31980
8171 10526
8171 18555
8171 36115
8172 16209
8172 31436
8172 35405
8173 12334
8173 13351
8173 35092
8174 17373
8174 29807
8174 33835
8175 30258
8175 37570
8176 22283
8177 13425
8177 14832
8177 17386
8177 23022
8177 24132
8177 33564
8177 34536
8178 18384
8179 8775
8179 9878
8179 23799
8179 34533
8181 11128
8181 28190
8181 33265
8182 13420
8182 18044
8182 21203
8183 18000
8184 10208
8184 17243
8184 18620
8184 21611
8184 30836
8185 15462
8185 16909
8185 36828
8185 37570
8186 12777
8186 17725
8186 28217
8186 35514
8187 10430
8187 25014
8187 35951
8188 8850
8188 10904
8188 14666
8188 25114
8189 8804
8189 12845
8189 12995
8189 29607
8189 39600
8190 13008
8191 10559
8191 12112
8191 24059
8191 25505
8192 11934
8192 11946
8192 14240
8192 23332
8192 32274
8193 16381
8193 25033
8193 38690
8194 16216
8194 26794
8194 28794
8194 29617
8194 33574
8194 39521
8195 18884
8195 26052
8195 33006
8195 33969
8195 35614
8196 14296
8196 27931
8196 28066
8198 13514
8198 32979
8198 36497
8199 14595
8199 15925
8199 16744
8200 13719
8200 26810
8200 33622
8200 34759
8201 39569
8202 31345
8202 36000
8203 32081
8203 39833
8204 14730
8204 17335
8204 31684
8205 31348
8205 31879
8205 33019
8206 8387
8206 19687
8206 21560
8206 39895
8207 20997
8208 11651
8209 24559
8209 30619
8210 13537
8210 13930
8211 15355
8211 27241
8211 34110
8211 37420
8211 37574
8212 8691
8212 17909
8212 23533
8212 23890
8212 26934
8213 21806
8213 24085
8213 24370
8214 31540
8215 20633
8215 24389
8215 27507
8216 11940
8216 20531
8216 29525
8216 39700
8217 14250
8217 33509
8217 37987
8218 26530
8218 31385
8219 9583
8219 14778
8219 19479
8219 23254
8219 27056
8219 27925
8219 34373
8220 9451
8220 13979
8220 15162
8220 35941
8221 25135
8221 29317
8221 30139
8222 9615
8222 25558
8222 31989
8223 21670
8223 38405
8224 10766
8224 11301
8224 12236
8224 21695
8224 29493
8225 15147
8225 15543
8225 17293
8225 18898
8225 20355
8225 20603
8225 31806
8226 11593
8226 21776
8227 38031
8228 24913
8228 38886
8228 38896
8229 9692
8229 26712
8229 27467
8230 26101
8230 28315
8231 18063
8231 27140
8232 11028
8232 13056
8232 15729
8232 21377
8232 27787
8234 23914
8235 22616
8235 30158
8236 12267
8236 19879
8236 26601
8236 33125
8236 36525
8237 15904
8237 24295
8237 31183
8237 39480
8238 24845
8238 26179
8238 33698
8238 39825
8239 11328
8240 14813
8240 29498
8240 30723
8241 36617
8243 23444
8244 12221
8244 16886
8244 21061
8244 22468
8244 28451
8244 34160
8245 13289
8245 29944
8245 34746
8245 38814
8245 39767
8246 25257
8246 32390
8247 8744
8247 31810
8248 22630
8248 23257
8249 14505
8249 21070
8249 24420
8249 32368
8250 12595
8250 15456
8250 30508
8251 23470
8252 19715
8253 8284
8253 13298
8253 29797
8253 38161
8254 11117
8254 11779
8254 30516
8254 35652
8255 8912
8255 21212
8256 11327
8257 8724
8257 18305
8257 21918
8257 31493
8258 11779
8258 19759
8259 15377
8259 17076
8259 21155
8259 36848
8259 38801
8259 38814
8260 25977
8260 38380
8260 39864
8261 12501
8261 24200
8261 26972
8261 30405
8262 22238
8262 30952
8262 36286
8263 29073
8264 10079
8264 12213
8264 26884
8265 18877
8265 21693
8265 26410
8265 29031
8266 12200
8266 13591
8266 30007
8266 37214
8267 13566
8267 35587
8268 11380
8268 14242
8268 31108
8268 38611
8269 22186
8269 28784
8270 12356
8270 16175
8270 32123
8270 36777
8271 18882
8272 8733
8272 14130
8272 39022
8273 28304
8273 35571
8274 10155
8274 12946
8274 20086
8274 23684
8274 24910
8275 11315
8276 8933
8276 13980
8276 19124
8276 38259
8276 38558
8276 39250
8276 39476
8277 12977
8277 15599
8277 28888
8277 29053
8277 35982
8277 38234
8278 13681
8279 37659
8279 38175
8280 10029
8280 12673
8280 16569
8280 19802
8280 31628
8281 11307
8281 17814
8281 24793
8282 24553
8283 32245
8283 33391
8283 38102
8284 17341
8284 18088
8284 33401
8284 34047
8285 8724
8285 17554
8285 18084
8285 19750
8285 24367
8285 25920
8285 31081
8286 8452
8286 12901
8286 13441
8286 24356
8287 31262
8288 9805
8288 14045
8288 22101
8288 28271
8288 29812
8288 35943
8288 36737
8289 12935
8289 21713
8289 36895
8290 26172
8291 24382
8291 25309
8291 35716
8292 15613
8292 21123
8293 9598
8293 14568
8293 23902
8294 15224
8294 27642
8294 30244
8294 37927
8294 39119
8295 9742
8295 35767
8296 13302
8296 29779
8297 9442
8297 12792
8297 19322
8297 33947
8298 26434
8299 39298
8300 15473
8300 18654
8300 19541
8300 35416
8301 8871
8301 18271
8301 27760
8301 34185
8301 37180
8302 17150
8302 29621
8302 36006
8303 14434
8303 26123
8303 28639
8303 28916
8303 37825
8303 38924
8304 8725
8304 13057
8305 35064
8305 35823
8306 27476
8306 34528
8307 18242
8307 25254
8308 8940
8308 10481
8308 11381
8308 16589
8308 20226
8309 8388
8309 18284
8309 29808
8309 35313
8310 12149
8310 31567
8310 33680
8311 19725
8311 25918
8311 34531
8312 22881
8312 30557
8312 32496
8313 8743
8314 9081
8314 37459
8315 12980
8316 20746
8316 21913
8316 34932
8316 37713
8316 38088
8317 26477
8317 37418
8318 25620
8318 33138
8319 24650
8319 29943
8319 30724
8319 31898
8320 14932
8320 23395
8320 38044
8321 19046
8321 27973
8321 29470
8322 19867
8322 36279
8322 39437
8323 13046
8323 13912
8323 17579
8323 31073
8323 34281
8324 10929
8324 25632
8324 33481
8325 20182
8325 24477
8326 11249
8326 14187
8326 27908
8327 23476
8327 30368
8327 33742
8328 15754
8328 20817
8328 36209
8328 36619
8328 37041
8329 8592
8329 13733
8329 23670
8329 34406
8329 36186
8329 39825
8330 16293
8330 18337
8330 25417
8330 27089
8330 31517
8331 16376
8331 37250
8332 17599
8332 21326
8333 38307
8334 23645
8334 30528
8335 19156
8335 26144
8335 28517
8335 32685
8335 33714
8336 9795
8336 22568
8336 36140
8337 14460
8338 11007
8338 18219
8338 23376
8338 34509
8339 13684
8339 14905
8339 15729
8339 28070
8340 9063
8341 26680
8342 18668
8342 21365
8342 29070
8343 23887
8344 17412
8344 18233
8344 28176
8344 34520
8345 8651
8345 10430
8345 13634
8345 17350
8345 20259
8345 22645
8345 24826
8345 37326
8346 9604
8347 23071
8347 33580
8347 36446
8348 18174
8348 19577
8348 32598
8348 36542
8348 38684
8349 9036
8349 15439
8349 19376
8349 28666
8349 34557
8350 9452
8350 25128
8350 26299
8350 28755
8351 12141
8351 13109
8351 21177
8351 25585
8351 30104
8352 9468
8352 16563
8352 18366
8352 24505
8352 31498
8353 15656
8353 15718
8353 20505
8353 22302
8353 36367
8354 9693
8354 10655
8354 21653
8354 33287
8354 39998
8355 16591
8355 23244
8355 24940
8355 27342
8356 19678
8357 12867
8357 13041
8357 13253
8357 19066
8357 24907
8357 34886
8357 39649
8358 35999
8359 10601
8359 39784
8360 10596
8360 18179
8360 23232
8360 36220
8360 36796
8361 12376
8362 15042
8363 11223
8363 12862
8363 20966
8363 24668
8363 31379
8364 29162
8365 9393
8365 29079
8366 11980
8366 15241
8366 31050
8367 28898
8367 29674
8367 30041
8368 10335
8368 30176
8368 35459
8368 39155
8369 16786
8369 31262
8370 12024
8370 14872
8370 20895
8370 21350
8370 27913
8371 28978
8371 39821
8372 13540
8372 14073
8373 13487
8373 26516
8373 29858
8373 30660
8373 35094
8374 9940
8374 11305
8374 16937
8374 19446
8374 20103
8374 22909
8375 21815
8375 37271
8376 14046
8377 28287
8378 9304
8378 10319
8378 17470
8378 29276
8378 32954
8379 27627
8379 30055
8379 33477
8380 15791
8380 20428
8380 21541
8380 26442
8381 33156
8381 36795
8381 38942
8382 8861
8382 18180
8382 26771
8383 26343
8384 26094
8384 35382
8384 38581
8385 13094
8385 22451
8385 24263
8385 36320
8386 9016
8386 13859
8387 19651
8387 29266
8388 25021
8390 24704
8390 28928
8390 34487
8390 38840
8391 19175
8391 33204
8391 34527
8391 36211
8391 37962
8392 16066
8392 29977
8393 25563
8393 33142
8394 37861
8395 25549
8396 11850
8396 21835
8396 29182
8397 13713
8397 29750
8398 18167
8398 31642
8398 36171
8398 36352
8398 39731
8399 8417
8399 11566
8399 17578
8399 26281
8399 35546
8400 21081
8400 25103
8400 34520
8400 34783
8401 18148
8401 25066
8401 38888
8402 10975
8402 20493
8403 30057
8404 10310
8404 13374
8405 31469
8405 38974
8405 38984
8406 33448
8406 36286
8406 36387
8406 37618
8407 17825
8407 19021
8407 22727
8409 15224
8409 21845
8409 30924
8409 35467
8409 35785
8409 39023
8410 25315
8411 23155
8411 27742
8412 10645
8412 20484
8412 30426
8412 30902
8412 31309
8412 33008
8412 35436
8413 17514
8416 8825
8416 13046
8416 23530
8416 27922
8417 12889
8417 17138
8417 31185
8417 32110
8417 38684
8418 8858
8419 16483
8419 38600
8420 11317
8420 17593
8420 36296
8420 37192
8421 35453
8422 8746
8422 17690
8422 20245
8422 23084
8422 35710
8423 11961
8423 13311
8423 17285
8423 17405
8423 30549
8424 10339
8424 10634
8424 30324
8425 20270
8425 26322
8426 21500
8426 24840
8427 13477
8427 17570
8427 23482
8428 12862
8428 25599
8428 27243
8429 18525
8429 33923
8430 14436
8430 15289
8430 33407
8431 24552
8431 25605
8431 28492
8431 36203
8431 37086
8432 29465
8432 31062
8432 35332
8432 37695
8432 38514
8433 24594
8434 12916
8434 14230
8434 20422
8434 35348
8434 35656
8434 38539
8435 16665
8435 21599
8435 26157
8435 31708
8435 37164
8435 37779
8436 10002
8436 38570
8436 39286
8437 15947
8437 36809
8438 21640
8438 39887
8440 21278
8440 23506
8440 27594
8441 17613
8441 39934
8442 12028
8442 12882
8443 12892
8444 17691
8444 19442
8444 22502
8444 22617
8444 39159
8445 10641
8445 22777
8448 9213
8448 11310
8448 24741
8448 27903
8448 31249
8448 36401
8448 37806
8449 12806
8449 14050
8450 23643
8450 24464
8450 38304
8451 10353
8451 17155
8451 32707
8451 37146
8452 10289
8452 20931
8452 35581
8453 19911
8453 31963
8454 15373
8454 23654
8454 25153
8455 9303
8455 12920
8455 36068
8455 37944
8456 8861
8456 9783
8456 10237
8457 35018
8458 13246
8459 14868
8460 11360
8460 14312
8460 16043
8460 23390
8460 24601
8460 32165
8460 37797
8461 24214
8461 25148
8462 13963
8462 14240
8462 22953
8463 11501
8463 19066
8463 20113
8463 26158
8464 11942
8464 15284
8464 17926
8464 28105
8465 32706
8465 39820
8465 39842
8466 11804
8466 22523
8467 15785
8467 24301
8467 27764
8467 39062
8468 13876
8468 29731
8468 37780
8468 38693
8469 8672
8469 9837
8469 16104
8469 19763
8469 30895
8470 17214
8470 21805
8470 24107
8470 28898
8471 11646
8471 25038
8472 23543
8473 22990
8473 27795
8474 12608
8474 18254
8474 18438
8474 32056
8474 38151
8475 10868
8475 12462
8475 14218
8475 32087
8475 33772
8476 30356
8476 33271
8477 18850
8477 21274
8477 35591
8478 11448
8479 9496
8479 13699
8479 16956
8479 39952
8480 10944
8480 13954
8480 14042
8480 15877
8480 28629
8480 33285
8481 22922
8482 17784
8482 26559
8483 9887
8483 19169
8483 29998
8484 15444
8484 16035
8484 24441
8484 32033
8484 39917
8485 10302
8485 16867
8485 39002
8486 27979
8486 29655
8486 37744
8487 32298
8488 11145
8489 11349
8489 25302
8489 38406
8490 15481
8490 29252
8490 37881
8491 16833
8491 33595
8492 15966
8492 22782
8493 19474
8493 20578
8493 26182
8493 26221
8493 30174
8494 22779
8494 36465
8495 9900
8495 21396
8495 29251
8495 35235
8495 38187
8496 30780
8497 13806
8497 32220
8498 11360
8498 15813
8498 19362
8498 20020
8499 12315
8499 16750
8499 27800
8499 28905
8500 9888
8500 33227
8501 9672
8501 14187
8501 23199
8501 25241
8501 27336
8501 28293
8502 17225
8503 28662
8503 38817
8504 27913
8504 32225
8505 11084
8505 16714
8506 10086
8506 13348
8506 28596
8506 35313
8507 12696
8507 14341
8507 22597
8507 28262
8507 35892
8507 38817
8508 36197
8509 14026
8509 14334
8509 14964
8509 15286
8509 17033
8510 35452
8511 25366
8512 19784
8512 20184
8512 23234
8512 24876
8513 13110
8513 27523
8513 27675
8513 28555
8513 31695
8514 21706
8515 13094
8515 21334
8515 22654
8516 10693
8516 17411
8516 23317
8516 25130
8517 12748
8517 13327
8517 27922
8517 29644
8517 30684
8518 26868
8518 29255
8518 30100
8519 8620
8520 39331
8521 26283
8522 24359
8523 10576
8523 10897
8523 26200
8523 35453
8524 15107
8524 15651
8524 28237
8525 19378
8525 21265
8525 33436
8525 35327
8525 39918
8526 19940
8526 26160
8526 29512
8526 36681
8526 37955
8527 38742
8528 19416
8528 28780
8529 23597
8529 24700
8530 19644
8530 39142
8531 33974
8531 39952
8532 8906
8532 37685
8532 39117
8533 26681
8533 31275
8534 26224
8534 29558
8534 36187
8535 17457
8535 20741
8535 21870
8535 31171
8535 33122
8536 19082
8536 39624
8537 9694
8538 11074
8538 12160
8539 30159
8540 12298
8540 13969
8540 17088
8540 27960
8540 37167
8541 9275
8541 9885
8541 17637
8541 34500
8541 35873
8541 37383
8541 38339
8542 20513
8542 29457
8542 39399
8543 13852
8543 14115
8543 26533
8543 28405
8543 29704
8543 34946
8544 20947
8545 25873
8545 35318
8546 9188
8546 9216
8546 26039
8546 30291
8546 32256
8547 30420
8547 33391
8548 31147
8549 11791
8549 24310
8549 38523
8550 9343
8550 24915
8550 25520
8550 27836
8550 33051
8552 16600
8552 17569
8552 18223
8552 21168
8552 21695
8553 11138
8553 23936
8553 36263
8554 8957
8554 13518
8554 15931
8554 17109
8554 29596
8554 38543
8554 39426
8555 14022
8555 31077
8555 33538
8556 23836
8556 34093
8557 14585
8557 17968
8557 30558
8558 12725
8558 34900
8559 10410
8559 14110
8559 15314
8559 38953
8560 17907
8560 25636
8560 39503
8562 27271
8562 39653
8563 12891
8563 26669
8563 30082
8563 32396
8564 14206
8564 18097
8564 29247
8565 14417
8565 23609
8565 31406
8565 37486
8566 21053
8567 11337
8567 11519
8567 27755
8567 36706
8567 38448
8568 11103
8568 27592
8568 38387
8569 19637
8569 38397
8570 34824
8570 37964
8571 13198
8571 19947
8571 32599
8573 10823
8574 23686
8574 27362
8574 34103
8575 10641
8575 12747
8575 13138
8575 17661
8575 26846
8575 35254
8576 11295
8576 24752
8576 24818
8576 27790
8576 34187
8576 37054
8577 35289
8578 13844
8578 14179
8578 32806
8579 20882
8579 25403
8579 28058
8579 30289
8580 16832
8580 28257
8580 36643
8581 9381
8581 14193
8581 21467
8582 12043
8582 12145
8583 13025
8584 9546
8584 14904
8584 33930
8584 38880
8585 10611
8585 11265
8585 20228
8585 21739
8585 25125
8585 27426
8586 8923
8586 22528
8586 26156
8586 33324
8586 34149
8587 32082
8588 9316
8588 23559
8588 26240
8588 34926
8589 10970
8589 15573
8589 16877
8589 32645
8589 33029
8589 33176
8590 30499
8590 33854
8590 38776
8590 39314
8591 24357
8591 33437
8592 13578
8593 16542
8593 27121
8593 31086
8594 8611
8594 27646
8594 29924
8594 37570
8594 37858
8595 12193
8596 11016
8596 16047
8596 26306
8596 29394
8596 29821
8596 38335
8597 21934
8597 35114
8597 38636
8598 29561
8598 37886
8599 22183
8599 23722
8599 36267
8599 39472
8600 22997
8600 26610
8600 32641
8602 16956
8602 21954
8603 9357
8603 13854
8603 16282
8604 12111
8604 14325
8604 24002
8605 14031
8605 35181
8606 9876
8606 13179
8606 30495
8606 34644
8606 37627
8606 39694
8607 20680
8607 21630
8607 29783
8607 39469
8608 16296
8608 24747
8608 35533
8608 36080
8608 36954
8609 28937
8609 38030
8610 9712
8610 19080
8610 19888
8611 20440
8611 21926
8611 22725
8611 37074
8612 19369
8612 24924
8612 28913
8612 38448
8614 9561
8614 16995
8614 30066
8614 34377
8615 9299
8615 14951
8615 38953
8616 21895
8616 29147
8616 38444
8617 12342
8617 31345
8618 13053
8618 14478
8619 17688
8619 19664
8620 15372
8620 15549
8620 17387
8620 30836
8621 17282
8621 20643
8621 26799
8621 31348
8621 38390
8622 19125
8623 23308
8623 23563
8623 30452
8623 31813
8623 38889
8624 9960
8624 13918
8624 16475
8624 18511
8624 21422
8624 22860
8624 29472
8624 39844
8625 33681
8625 37847
8626 14460
8626 21066
8626 35749
8627 8642
8627 13250
8627 19427
8627 25927
8627 29130
8628 9486
8628 9994
8628 28196
8628 34584
8629 8807
8629 11296
8629 12266
8629 15474
8629 20023
8629 22043
8631 14927
8631 17263
8631 33884
8632 11941
8632 19053
8632 19412
8633 9717
8633 9930
8633 37299
8634 18308
8634 20447
8634 28777
8635 20495
8635 39028
8636 12818
8636 14009
8636 21474
8636 25499
8636 26193
8636 29484
8636 34277
8637 24978
8637 36219
8638 11058
8639 16107
8639 20745
8639 22368
8640 17049
8640 17509
8640 18859
8640 31424
8640 38916
8641 14086
8642 16955
8642 18773
8642 33912
8642 38027
8643 12018
8643 19319
8643 22454
8644 14226
8644 22040
8644 32614
8645 10654
8645 22539
8646 13607
8646 15313
8646 21777
8646 25430
8646 28622
8646 33841
8647 12149
8647 12729
8647 18979
8647 24908
8647 30665
8648 37892
8649 10706
8649 37707
8651 10386
8651 10627
8651 20528
8651 21287
8651 24209
8651 30962
8653 19389
8653 23846
8653 26004
8653 29333
8653 38609
8654 16370
8654 23525
8654 25664
8654 26082
8655 15061
8656 27773
8657 18480
8657 18639
8657 27962
8658 12113
8658 38967
8659 13660
8659 25339
8659 27505
8659 30208
8660 12258
8661 9906
8661 10268
8661 12445
8661 17914
8661 20806
8661 22498
8661 25019
8661 25523
8661 26925
8662 19862
8662 22564
8662 32925
8663 17596
8663 38306
8664 12493
8664 27886
8664 28667
8664 29171
8665 19177
8665 20581
8665 22316
8665 30372
8665 36016
8665 37033
8666 12784
8666 14325
8666 32837
8667 10685
8667 12175
8667 20851
8668 9177
8668 15649
8668 22448
8668 29510
8669 15225
8669 16733
8669 25212
8669 27819
8669 31658
8669 34058
8670 16704
8670 22247
8670 32391
8670 39143
8671 8790
8671 19406
8671 23099
8671 24741
8671 35473
8671 36108
8672 8997
8672 12977
8672 16413
8672 26784
8672 29710
8672 36408
8673 24190
8673 25640
8673 26587
8673 27282
8674 8977
8674 16731
8674 36004
8674 36965
8675 19693
8675 24261
8676 8981
8676 12227
8676 15465
8676 26673
8676 27176
8676 36299
8677 8768
8677 23415
8677 28015
8678 17177
8679 34409
8679 37443
8680 28094
8680 34096
8681 9241
8681 13900
8681 14400
8681 17356
8682 16327
8683 9058
8683 25767
8683 26756
8684 14934
8684 17942
8684 22168
8684 26325
8684 27467
8684 34855
8685 16946
8685 20300
8685 20740
8685 22303
8685 27161
8685 29675
8686 37407
8686 39751
8687 11855
8688 20193
8689 12364
8690 20156
8690 33117
8690 35779
8691 39767
8692 24987
8692 30254
8692 36201
8693 23795
8693 34590
8693 39580
8694 12044
8694 16778
8694 27077
8694 37761
8695 22520
8695 25028
8695 27216
8696 11499
8696 19455
8696 19527
8697 9517
8697 9791
8697 30297
8697 30341
8698 33971
8699 10131
8699 10386
8699 13072
8699 37507
8700 37989
8701 13677
8701 13958
8701 19688
8701 21499
8701 26729
8701 30158
8702 14529
8702 15403
8702 31262
8702 33051
8702 39288
8703 26761
8703 37186
8704 29951
8704 36885
8705 12408
8705 12708
8705 19436
8705 34353
8706 11469
8706 28581
8706 33672
8706 38449
8706 38622
8707 9984
8707 18305
8707 32464
8707 39603
8708 14983
8708 22366
8708 25181
8708 37578
8709 19096
8709 24393
8709 28117
8709 31508
8709 34851
8709 39270
8710 13334
8710 34997
8710 35587
8711 9373
8711 10229
8711 26201
8711 28138
8711 35741
8712 10677
8712 10860
8712 22781
8712 26240
8712 35257
8713 9593
8713 31112
8714 16770
8715 10903
8715 32982
8716 11563
8716 23338
8716 24944
8717 12858
8718 17041
8718 25743
8718 30611
8718 38004
8719 15934
8719 24214
8719 24475
8719 29571
8719 34351
8720 34157
8720 38558
8721 32250
8721 37179
8721 37262
8722 12979
8722 16699
8722 20758
8723 15689
8723 29439
8723 38823
8724 21100
8724 28077
8724 29571
8724 31534
8724 32356
8724 36901
8725 14737
8725 22774
8725 24401
8725 27830
8725 29710
8725 30547
8725 35007
8726 11117
8726 13614
8726 21144
8726 21241
8726 39356
8727 19073
8727 21140
8727 24315
8727 33362
8727 37435
8727 39658
8728 20563
8729 19139
8730 13080
8730 28675
8731 10167
8731 25206
8732 17786
8732 19057
8732 29001
8732 31959
8733 15954
8733 29229
8733 30427
8733 30781
8733 33486
8733 35117
8733 39392
8734 15488
8735 23767
8735 27407
8735 30907
8735 31595
8735 35569
8735 39573
8736 9560
8737 11867
8737 26182
8737 27262
8737 28654
8737 39202
8739 10585
8739 18162
8739 29735
8739 29930
8740 18296
8740 20984
8740 31618
8740 32891
8741 19403
8741 27299
8741 33269
8741 37323
8741 37424
8742 14891
8742 19392
8742 32971
8742 33216
8743 10305
8743 12549
8743 13362
8743 27477
8743 33494
8743 39918
8744 28198
8744 29922
8745 16619
8745 16621
8745 22984
8745 32171
8745 33518
8746 24138
8747 26041
8747 26695
8747 36059
8748 18295
8748 21716
8748 30732
8749 21439
8749 30752
8749 32896
8750 39264
8751 23269
8751 25900
8751 38996
8752 18607
8752 19983
8752 30333
8753 9806
8753 17097
8753 38132
8754 18788
8755 16867
8755 36709
8756 9518
8756 21150
8756 35922
8757 22151
8758 9168
8758 28154
8758 29298
8758 36298
8758 38190
8758 38860
8759 33631
8759 38165
8760 36671
8760 38641
8761 17465
8761 20936
8761 21085
8761 27732
8761 27846
8762 11205
8762 21750
8762 23299
8762 29108
8763 10564
8764 15009
8764 24093
8764 29979
8764 37753
8765 9961
8765 30817
8766 22334
8766 22929
8766 34015
8766 35439
8766 37563
8767 12113
8767 22657
8767 37359
8767 39391
8767 39445
8769 11666
8769 11899
8769 26292
8769 26682
8769 27519
8769 27630
8771 24378
8771 25079
8771 34960
8771 37560
8772 9350
8772 14025
8772 17385
8772 25012
8772 26330
8772 37124
8773 10792
8773 26043
8774 9596
8774 15508
8774 35394
8774 35480
8774 35493
8775 12320
8775 23493
8775 23653
8776 20206
8776 21138
8776 33406
8776 38348
8777 16858
8777 19014
8777 29644
8777 36541
8777 36543
8778 18677
8778 22471
8778 27043
8779 14156
8779 14158
8779 31019
8779 33960
8779 34512
8779 35237
8780 35349
8781 17460
8781 18602
8781 25546
8781 30286
8782 25415
8783 9873
8783 18267
8783 21994
8783 34498
8783 39172
8783 39398
8784 27463
8784 28462
8784 29366
8784 33049
8785 22758
8785 24011
8785 27260
8785 32876
8785 37980
8786 12592
8786 14009
8786 28556
8786 37967
8788 10642
8788 14245
8788 14684
8788 29242
8788 35297
8788 39815
8789 23595
8789 25649
8789 27034
8789 33902
8790 21689
8790 22550
8790 28545
8790 37724
8791 9103
8791 11313
8791 25276
8791 27851
8791 39273
8792 28080
8793 18761
8793 31824
8795 13507
8795 17868
8795 30945
8795 36679
8795 38124
8796 9909
8796 30327
8796 37897
8796 37920
8798 11209
8798 13187
8798 17679
8799 24636
8799 24963
8800 12544
8801 11143
8801 17669
8801 28002
8801 34244
8802 21882
8802 31078
8802 35567
8802 38852
8802 39316
8803 12127
8803 12250
8803 13637
8803 15431
8804 11614
8804 31838
8805 9267
8805 17421
8805 18089
8805 36782
8806 18506
8806 20681
8806 24116
8806 27140
8806 34809
8806 35697
8807 15465
8807 22550
8807 34599
8808 9447
8808 14989
8808 20530
8808 31862
8808 32868
8808 34950
8809 17450
8809 38471
8811 15423
8811 19753
8811 20195
8811 24801
8811 38229
8812 30378
8812 33303
8812 38102
8813 20844
8813 26421
8813 38387
8814 9987
8814 16984
8814 34346
8814 36851
8815 9957
8815 12416
8815 28598
8815 31382
8816 9160
8816 11737
8816 14207
8816 35283
8817 11747
8818 15722
8818 16198
8818 25436
8818 36601
8818 38864
8819 14187
8819 21463
8819 21561
8819 23131
8819 31486
8819 31558
8820 13816
8820 29052
8820 30851
8820 31659
8821 9318
8821 14635
8821 21177
8821 23706
8821 30976
8821 36408
8822 11647
8822 29394
8823 15760
8823 15801
8823 17994
8823 38866
8824 11502
8824 22798
8824 23648
8824 27028
8824 27519
8824 28010
8824 35031
8824 38601
8825 9478
8825 14315
8825 36464
8826 13455
8826 34105
8826 35419
8827 27702
8827 32454
8827 33774
8828 23905
8828 32441
8828 39753
8829 9559
8829 16031
8829 25753
8829 30108
8829 32193
8830 20526
8830 22782
8830 30089
8830 34776
8831 25001
8831 26359
8831 27027
8831 36822
8832 21610
8832 36843
8833 11723
8833 15280
8833 26734
8833 28141
8833 30852
8833 32124
8833 36572
8834 28079
8835 12026
8835 17385
8835 22027
8836 33081
8836 34138
8836 39519
8837 20873
8837 32154
8838 27307
8839 8967
8839 17272
8839 22711
8839 26116
8839 30812
8840 13566
8840 14495
8840 23100
8840 26152
8840 35050
8840 38702
8841 14104
8841 24799
8841 29761
8841 33118
8842 12688
8842 13262
8842 25527
8844 13427
8844 35276
8844 38965
8845 14450
8845 19125
8845 35131
8846 15033
8846 19397
8846 22320
8846 33614
8846 37012
8847 15005
8847 21386
8848 23318
8848 33716
8849 33792
8850 8895
8850 11256
8850 13010
8850 18304
8850 37449
8850 39415
8851 12607
8851 18332
8851 34853
8852 11269
8852 12598
8852 21910
8853 17996
8853 21976
8853 23063
8854 29582
8855 36667
8855 37692
8856 21745
8856 29703
8858 12906
8858 14257
8858 16981
8858 17004
8858 26213
8858 26560
8858 26742
8858 27778
8858 35671
8859 12335
8859 13358
8859 16137
8859 16643
8859 18153
8859 26925
8859 27979
8859 30038
8859 36120
8860 14151
8860 17845
8860 18793
8861 27122
8861 28695
8861 38798
8863 9686
8863 11989
8863 16781
8863 16952
8863 22984
8863 23097
8863 32986
8863 37986
8863 38469
8864 13447
8864 27206
8864 34666
8865 20935
8865 22063
8865 32059
8866 15649
8866 33598
8866 36524
8867 18213
8867 29636
8867 30372
8868 9805
8868 19827
8868 21408
8869 16011
8869 31336
8869 32824
8870 14369
8870 33271
8871 25608
8871 31835
8871 32771
8872 14130
8873 36547
8874 16025
8874 20202
8874 24755
8874 33751
8874 37993
8874 39025
8875 13494
8875 13816
8875 17682
8875 21396
8876 12810
8876 13231
8876 16512
8876 26122
8876 30238
8876 31400
8876 32078
8876 33350
8877 19487
8877 25539
8877 35000
8878 18417
8878 21170
8878 33608
8878 37092
8879 20182
8879 38667
8880 11371
8880 15011
8880 24009
8880 25642
8880 31320
8880 38988
8881 13105
8881 17156
8881 20045
8882 38128
8883 12611
8883 16697
8883 17814
8883 18127
8883 26560
8883 27283
8883 39649
8884 27412
8885 10466
8885 25618
8885 35478
8885 36212
8886 19909
8886 30856
8886 31718
8887 11339
8887 11978
8887 30298
8887 37368
8887 38913
8889 30653
8889 31067
8889 35889
8889 39539
8890 15159
8890 24090
8891 16910
8891 18183
8891 19268
8891 29147
8891 37731
8892 22604
8892 22752
8892 22913
8892 29259
8892 35710
8893 15309
8895 17108
8895 26531
8895 31303
8896 10700
8896 20472
8896 26196
8896 30408
8897 10523
8897 21939
8897 31666
8897 35459
8897 36775
8897 38704
8898 13843
8898 15260
8898 18047
8898 26802
8898 32841
8898 35115
8898 35304
8901 19775
8902 19450
8902 26214
8902 28424
8902 36839
8903 10904
8903 37867
8903 39908
8905 14983
8905 24210
8906 15356
8906 16948
8906 28842
8906 31538
8907 19220
8907 31260
8908 9681
8908 18047
8908 23676
8908 31913
8908 32095
8908 34843
8908 35031
8909 9394
8909 10604
8909 11677
8909 13219
8909 34906
8910 27294
8910 28004
8911 14703
8911 24586
8912 12263
8912 13181
8912 28975
8913 11805
8913 14888
8913 30065
8913 32155
8914 12757
8914 15161
8914 19387
8915 9740
8915 32641
8915 33961
8916 11167
8916 18924
8917 13279
8917 18964
8917 37012
8918 9552
8918 15264
8918 30608
8918 31563
8918 32106
8918 35002
8919 11927
8919 20153
8919 36243
8919 36982
8920 10734
8920 23960
8920 32954
8921 25001
8921 30136
8922 18105
8922 25467
8923 13675
8923 28499
8923 31888
8924 16383
8924 16399
8924 21273
8924 37353
8925 9535
8925 18879
8925 25437
8925 36859
8925 39893
8926 27169
8926 34035
8927 21251
8927 31922
8928 15537
8928 19514
8928 26098
8929 10393
8929 13751
8929 14485
8929 26792
8929 29366
8929 32918
8929 36766
8930 12457
8930 21245
8930 22279
8930 25434
8931 11524
8931 20907
8931 28983
8931 35483
8932 13359
8932 24395
8932 29169
8932 37851
8932 39208
8933 9200
8934 9626
8934 13126
8934 23716
8934 26459
8934 33288
8935 16122
8935 30700
8935 35011
8936 16226
8936 18206
8936 32478
8937 17396
8937 21720
8937 29098
8937 38338
8938 33634
8938 34864
8939 15368
8939 24616
8939 25116
8940 26705
8941 11993
8941 13773
8941 16031
8941 29574
8942 12546
8942 17290
8942 17470
8942 20008
8942 26466
8943 20590
8943 31234
8943 38060
8944 13099
8944 16159
8944 28847
8944 34152
8944 37354
8945 10762
8945 33636
8945 38993
8946 14014
8946 18397
8946 34983
8947 12664
8947 14140
8947 15597
8947 17963
8948 17557
8948 18402
8948 29844
8948 32367
8949 16051
8949 30248
8950 9278
8950 15823
8950 19437
8950 25005
8951 10320
8951 22989
8951 24838
8951 32845
8951 36087
8951 39509
8952 9065
8952 12702
8952 13358
8952 18322
8953 19403
8953 27036
8953 27552
8953 36844
8954 16169
8954 35338
8955 23398
8956 9704
8956 20837
8956 22015
8957 16310
8957 21550
8957 28836
8957 33955
8957 35001
8958 22907
8959 14555
8960 10714
8960 17054
8960 22354
8960 35759
8960 38864
8961 32813
8962 10935
8962 15592
8962 27584
8963 14830
8963 21255
8963 28409
8963 31630
8963 33791
8963 39576
8964 18268
8964 26126
8964 38589
8965 20179
8965 28978
8966 10929
8967 28321
8968 14517
8968 18233
8968 21268
8968 21315
8968 30192
8968 39042
8969 9866
8969 9893
8970 22198
8970 22213
8970 37634
8971 13039
8971 17583
8972 12423
8972 25949
8973 11963
8973 17757
8973 25929
8973 30820
8973 38255
8974 15359
8975 24411
8975 30377
8976 11164
8976 17812
8976 20785
8977 27022
8977 29527
8977 33483
8977 37504
8978 17030
8978 23584
8978 38714
8979 11695
8979 33903
8980 20013
8980 22558
8981 9425
8981 34280
8981 38911
8982 17913
8982 28694
8983 15732
8983 18206
8983 28717
8983 29203
8983 29260
8983 36413
8984 17281
8984 38256
8984 38341
8985 19420
8985 36582
8987 20210
8987 23033
8987 31295
8988 18383
8988 27740
8988 33045
8988 34707
8988 35040
8989 12310
8989 13929
8989 25944
8989 32751
8989 35629
8990 14908
8991 15650
8991 18349
8991 25427
8992 10603
8992 14903
8992 37746
8993 18472
8993 31503
8993 32517
8994 16345
8994 19253
8994 23541
8994 31137
8995 33581
8995 36859
8996 16208
8996 19276
8996 33854
8997 12635
8997 19954
8997 22132
8997 23994
8997 38936
8998 25742
8998 34654
8998 36010
8999 15314
8999 17603
8999 18589
9000 21425
9001 26649
9002 24443
9002 28819
9002 30058
9002 30196
9002 35983
9002 37515
9003 17137
9003 17185
9003 19673
9003 24187
9003 29911
9003 32722
9003 35514
9004 31595
9005 19122
9005 24907
9005 37415
9005 37492
9006 10354
9006 11136
9006 17218
9006 20022
9006 34649
9006 36583
9007 17060
9007 39387
9008 12231
9008 15585
9008 16177
9008 29507
9008 39307
9009 18546
9009 19624
9009 32297
9010 18902
9011 29726
9012 12857
9012 14834
9012 24503
9012 32383
9014 20154
9014 20627
9014 26521
9015 10693
9015 11410
9015 17355
9015 17407
9015 25382
9015 29345
9016 13648
9017 10151
9017 16497
9017 25603
9017 25701
9018 22104
9018 30825
9019 23890
9019 26317
9019 35222
9019 39398
9020 14604
9020 36439
9021 9201
9021 18943
9021 20679
9021 30406
9022 14396
9022 24489
9022 31641
9023 10586
9023 19562
9023 28908
9023 29600
9024 20688
9024 26617
9026 25563
9026 31807
9026 38286
9027 22324
9028 17769
9028 18316
9028 21927
9029 15962
9029 18828
9029 36891
9030 15894
9030 34172
9031 11628
9031 25449
9032 22413
9032 23996
9033 19520
9034 10839
9034 38905
9035 11315
9035 11495
9035 21599
9036 27667
9036 36847
9036 37336
9037 10805
9037 16545
9037 24759
9037 27411
9037 29801
9037 37964
9038 16705
9038 25474
9039 36801
9039 37306
9039 39233
9040 10006
9040 26283
9040 37823
9040 39848
9041 13299
9041 24921
9041 34013
9041 37013
9042 12694
9042 18992
9042 30273
9042 34058
9042 34589
9043 27005
9043 29409
9043 29681
9044 14625
9044 17643
9044 23183
9044 28428
9046 9830
9046 10318
9046 25121
9047 10132
9047 10807
9047 33595
9047 33918
9047 34833
9048 20000
9048 34544
9049 18867
9049 26885
9049 38576
9050 24492
9050 28431
9050 30850
9051 21411
9051 23541
9052 13501
9052 25868
9052 38434
9053 19912
9053 21779
9053 31810
9054 9508
9054 14003
9054 22839
9055 10448
9055 27386
9056 13635
9056 17231
9056 19972
9056 22063
9056 28370
9056 34948
9057 13947
9058 20721
9058 27175
9058 35536
9059 31538
9059 34558
9060 21836
9060 36339
9062 10321
9062 32238
9062 38520
9063 20660
9063 25060
9064 14631
9064 17568
9064 22471
9065 9319
9065 14287
9066 9875
9066 26767
9066 28467
9066 29963
9066 33570
9066 33575
9066 36246
9066 38107
9067 13807
9067 18445
9067 22582
9067 31653
9068 9483
9068 29974
9068 37206
9069 18858
9069 33584
9069 35894
9070 15052
9070 21700
9070 34966
9070 36509
9071 9254
9071 22975
9071 23290
9071 33605
9071 35716
9071 39325
9072 9284
9072 11073
9072 16025
9072 39882
9073 16072
9073 28811
9074 29052
9074 29251
9075 13124
9075 21607
9075 23167
9075 26534
9076 29628
9076 37051
9077 16453
9077 24988
9077 30188
9078 24591
9078 36259
9079 12805
9079 20674
9079 38082
9080 19813
9081 12287
9081 15676
9081 27407
9081 35880
9082 11953
9082 23753
9082 33457
9083 14985
9083 16804
9083 22070
9083 31415
9084 12533
9084 21053
9085 11302
9085 11747
9085 36143
9086 18861
9086 23488
9086 25598
9087 26415
9087 32639
9087 39004
9087 39312
9087 39437
9088 18298
9088 20270
9088 32825
9088 39335
9089 14132
9089 20775
9089 22927
9089 26298
9089 31106
9089 35032
9089 38609
9090 24903
9091 15741
9091 19502
9091 29619
9091 37598
9091 39368
9092 22483
9092 30770
9092 38691
9093 12981
9093 15652
9093 21040
9093 25077
9093 28114
9094 13531
9094 22616
9094 36394
9095 15962
9095 29106
9095 30652
9096 23064
9096 36443
9097 14446
9097 21780
9097 21956
9097 24066
9097 28680
9098 37712
9100 9795
9100 12291
9100 23735
9102 10451
9102 18042
9102 19515
9102 22225
9102 22795
9102 28582
9102 31195
9103 13075
9103 13119
9103 14502
9103 33289
9103 35178
9104 39789
9105 11766
9105 20031
9105 35077
9107 9675
9107 16535
9107 17076
9108 30862
9109 25035
9109 39209
9110 11631
9110 14067
9110 16666
9110 17895
9110 22856
9110 23025
9110 31736
9110 34990
9110 35033
9111 13483
9111 16341
9111 23816
9112 11192
9113 14442
9113 20672
9113 26281
9113 27908
9113 31278
9113 32445
9114 9404
9114 13492
9114 17427
9114 20476
9114 33026
9114 34386
9115 15442
9115 30144
9116 24350
9116 36545
9117 16472
9117 27152
9117 32652
9117 35154
9118 22554
9118 31931
9119 16942
9119 34773
9119 35842
9120 28074
9121 36210
9122 24660
9123 12518
9123 27047
9123 29522
9124 17823
9124 36008
9125 16279
9125 24548
9125 30506
9125 34110
9125 34430
9126 9251
9126 14923
9127 17253
9127 20234
9127 37258
9128 24078
9129 11769
9129 35916
9130 11198
9130 15641
9130 18784
9130 22402
9130 23133
9130 37199
9130 39608
9131 34959
9132 25228
9133 11373
9134 26912
9135 23559
9135 23846
9135 33157
9135 37373
9136 16885
9136 18466
9136 32525
9137 17968
9137 18721
9137 22668
9137 38814
9138 11240
9138 14872
9138 18136
9138 26820
9139 37726
9140 21793
9140 29453
9140 37271
9141 24115
9142 17957
9142 33671
9142 35566
9143 24736
9143 37333
9144 15350
9144 33688
9144 33942
9144 34515
9145 21512
9145 22180
9146 13532
9147 9826
9147 22580
9148 10724
9148 16617
9148 26406
9148 32634
9149 16164
9149 16871
9149 24743
9149 29126
9149 39791
9150 33998
9150 39205
9151 12484
9151 13046
9151 13322
9151 14584
9151 17311
9151 17681
9151 31304
9152 24191
9152 24292
9152 25857
9152 33100
9152 36064
9152 39697
9153 15086
9153 30521
9153 38454
9154 9425
9154 19495
9154 26944
9154 28771
9154 35007
9156 10606
9157 11063
9157 12866
9157 17539
9157 26828
9157 27172
9157 30165
9158 12971
9158 27207
9159 20418
9159 23841
9160 12446
9161 13878
9161 29205
9162 13731
9162 13763
9162 25207
9162 33449
9162 37052
9163 29374
9163 37583
9163 37609
9164 10785
9164 12776
9164 18138
9164 19130
9164 19951
9164 24851
9164 34724
9164 35311
9164 35469
9165 15261
9165 28245
9165 28524
9166 10659
9166 18585
9167 13771
9167 19486
9167 22383
9167 28074
9167 37128
9167 37284
9167 38030
9168 18003
9168 18437
9168 25435
9168 28791
9168 37402
9168 37440
9168 38062
9168 39173
9168 39348
9169 14831
9169 15577
9169 30747
9169 31160
9169 37982
9169 38659
9170 16392
9170 26606
9171 22526
9171 25532
9172 10924
9172 14875
9173 13636
9173 23613
9173 27872
9173 29867
9173 32493
9174 31683
9174 33335
9175 17571
9175 18957
9175 22158
9176 10285
9176 23607
9176 30984
9176 35935
9176 37241
9177 29144
9178 16508
9178 31356
9178 36116
9178 36412
9179 18561
9179 33181
9179 38287
9179 39047
9180 19975
9180 36908
9181 17985
9181 26408
9181 27681
9181 36174
9182 19839
9182 25795
9182 27499
9183 20953
9183 21093
9183 24132
9183 26060
9183 27517
9183 38044
9184 13166
9184 16639
9184 27721
9184 39416
9185 9572
9185 9930
9185 26735
9185 31806
9185 37687
9186 11867
9186 18670
9186 32478
9186 32516
9187 16700
9187 22581
9187 28811
9187 33887
9187 35601
9189 13508
9189 14088
9189 17130
9189 19669
9189 20948
9189 32503
9190 33242
9190 36542
9191 22036
9191 25680
9191 33907
9191 36959
9191 37623
9192 9619
9192 26165
9193 9210
9193 13544
9193 15869
9193 17772
9193 18017
9193 29239
9194 13666
9194 30843
9195 14639
9195 23982
9195 38939
9196 21211
9196 23853
9197 27048
9198 9657
9198 17813
9198 29274
9198 36890
9199 11157
9199 14884
9199 15850
9199 36542
9200 21203
9200 36876
9201 13067
9201 14231
9201 17319
9201 17557
9201 28551
9202 24688
9203 11091
9203 26441
9203 34502
9203 36230
9204 9405
9204 18873
9204 24262
9204 34403
9204 39986
9205 17867
9205 31073
9205 31478
9205 37891
9205 39740
9206 15279
9206 19832
9206 23485
9206 28155
9206 37498
9207 9651
9207 34593
9208 20065
9208 29853
9209 9949
9209 37231
9211 10719
9211 28989
9211 39458
9212 9661
9213 18102
9213 18782
9213 34696
9214 11894
9214 25398
9214 26784
9215 11359
9215 11425
9215 22669
9216 12583
9216 18126
9216 25278
9216 27761
9216 30233
9216 36323
9217 11858
9217 23900
9218 20932
9218 39722
9219 19316
9219 23810
9219 28848
9219 38972
9220 14914
9220 24720
9221 23790
9222 37269
9223 15803
9223 19913
9224 11815
9224 11846
9224 14487
9225 27650
9225 37345
9226 18150
9226 22046
9226 26514
9227 16657
9227 25933
9227 26561
9227 28889
9228 14226
9228 25678
9229 12038
9229 29428
9229 35634
9229 38334
9230 15272
9230 18701
9230 32384
9230 33147
9230 35090
9231 29537
9231 31956
9231 39137
9232 10092
9232 15364
9232 36083
9232 38215
9233 12381
9234 10230
9234 17553
9235 9686
9235 14702
9235 15129
9235 27238
9235 30302
9235 31946
9236 10023
9236 25977
9236 27189
9236 33391
9236 36696
9236 39168
9237 12652
9237 14408
9237 15134
9239 10574
9239 24693
9239 39571
9239 39716
9240 9707
9240 27332
9241 15755
9241 16118
9241 20906
9241 25472
9242 10142
9242 12757
9242 18276
9242 28411
9243 22245
9243 37811
9244 16079
9244 32591
9245 27070
9245 30177
9245 31248
9246 21541
9246 24520
9246 39121
9247 20217
9247 24354
9247 29719
9247 35187
9248 10807
9249 15285
9249 16328
9249 29591
9249 29676
9250 11153
9250 22014
9250 28178
9250 28319
9250 28647
9251 24792
9251 33633
9252 20577
9252 21610
9252 25219
9252 33692
9253 10334
9253 27810
9255 16431
9255 17990
9255 22871
9256 21461
9256 23744
9256 32486
9257 9571
9257 26992
9257 30436
9257 38419
9258 18470
9258 20987
9259 18636
9259 26135
9259 30289
9259 39558
9260 9279
9260 21889
9261 21623
9261 23603
9261 26227
9261 31031
9262 11569
9262 13150
9262 20568
9262 34066
9262 35515
9262 39667
9263 37396
9264 12141
9264 20636
9264 34396
9264 35043
9265 25599
9265 30659
9265 37744
9266 14559
9267 10138
9267 29266
9267 33348
9267 37819
9267 38574
9268 38882
9269 13499
9269 22698
9269 26456
9269 39695
9270 22891
9270 39236
9271 28078
9271 28270
9271 38063
9272 10879
9272 35094
9273 10773
9273 12152
9273 12712
9273 15275
9273 23971
9273 24425
9273 28659
9273 33181
9273 36709
9274 18671
9274 24674
9274 38525
9275 26492
9275 35601
9276 12713
9276 25131
9276 27149
9277 21773
9277 36768
9277 37110
9278 24092
9279 15381
9279 16087
9279 22383
9279 23257
9279 37455
9279 37576
9279 38476
9280 12294
9280 35225
9280 39286
9281 38947
9281 39252
9284 13698
9284 16194
9284 16495
9284 31183
9284 39420
9285 15501
9285 22812
9285 26266
9285 37717
9285 38380
9287 27580
9287 38706
9288 12883
9288 13160
9288 19795
9288 21380
9289 17373
9289 32144
9289 34130
9290 9397
9290 22548
9290 31038
9290 34013
9291 11160
9291 15177
9291 39279
9293 26523
9294 35686
9295 19650
9295 23986
9295 30725
9296 11930
9296 14584
9296 18484
9296 22945
9296 24110
9297 21756
9297 37455
9298 13172
9298 33255
9299 9427
9299 29370
9300 11241
9300 37757
9300 39410
9301 12879
9301 14025
9301 29308
9301 29646
9302 34437
9303 9536
9303 38342
9304 13880
9304 21486
9305 27809
9306 11905
9306 17323
9306 21676
9307 14295
9307 14941
9307 30730
9307 33004
9308 24406
9308 26583
9308 29559
9308 30778
9309 22595
9309 26808
9309 34698
9309 34764
9310 15343
9310 19930
9310 27320
9310 37384
9311 10412
9311 14180
9311 20546
9312 9771
9312 15801
9312 37224
9312 37642
9312 39352
9313 13641
9313 34552
9314 9939
9315 9957
9315 28251
9315 30097
9316 21710
9316 28320
9317 15862
9317 21481
9317 26203
9317 39076
9318 17928
9318 39275
9319 11115
9320 25017
9320 28530
9321 12337
9321 29918
9321 33295
9321 37471
9322 12769
9322 17940
9322 31969
9322 35810
9323 10727
9324 12529
9324 38588
9325 12114
9325 22706
9325 36155
9326 11775
9326 15130
9326 28339
9326 37721
9326 38683
9327 10310
9327 11511
9327 18450
9327 26007
9328 11254
9328 13575
9328 20869
9328 22934
9328 25981
9328 35568
9328 36791
9329 14303
9329 21523
9330 14624
9330 16118
9331 10895
9331 19035
9331 24186
9331 30118
9331 37065
9331 39526
9332 16535
9332 26036
9332 39186
9333 10517
9333 23345
9334 18014
9335 24484
9335 26857
9335 29946
9335 32916
9336 10474
9336 19996
9336 23946
9336 25848
9336 32748
9338 11364
9338 14360
9338 30498
9338 36948
9339 12860
9339 14843
9340 26563
9341 11127
9342 11823
9342 15212
9342 22597
9342 23615
9343 9970
9343 37441
9343 38496
9344 10133
9344 19916
9344 27391
9344 35369
9345 12949
9345 17149
9345 19064
9345 37172
9346 12676
9346 16418
9346 25926
9346 27207
9346 39417
9347 18941
9348 17187
9348 19055
9348 19692
9348 21405
9348 27456
9348 35693
9349 12181
9349 15086
9349 23129
9349 27755
9349 29204
9349 33329
9349 34707
9350 17037
9350 26295
9350 28644
9350 31807
9350 36482
9351 10134
9351 12072
9352 16125
9352 22763
9352 24067
9352 29284
9353 13418
9353 16198
9353 22165
9353 34559
9353 37773
9354 21631
9354 30341
9355 12304
9355 20539
9356 22974
9356 23580
9356 29610
9357 11379
9357 22776
9357 27354
9358 20315
9358 22374
9358 32717
9358 36992
9359 15841
9359 18555
9359 26116
9359 37773
9360 12862
9360 26415
9361 17062
9361 19614
9361 33264
9362 17702
9362 18333
9362 19170
9362 25738
9362 27992
9362 31695
9362 34514
9363 30219
9363 39113
9364 12814
9364 34635
9365 28700
9365 30216
9365 33258
9366 24347
9367 35973
9368 18104
9368 25597
9368 32456
9369 27453
9369 38260
9370 11309
9370 12251
9370 18471
9371 9409
9371 15682
9371 22038
9371 36092
9372 26287
9372 26463
9372 31974
9373 10827
9373 11200
9373 13428
9373 28064
9373 29029
9373 37310
9374 19750
9374 26539
9374 34262
9374 37401
9375 21136
9375 39883
9376 15597
9376 19034
9376 24337
9376 37422
9377 14184
9377 35464
9377 38951
9378 24830
9379 14972
9379 24394
9379 34152
9379 34197
9380 26705
9380 34566
9381 15081
9382 13171
9382 33596
9382 35385
9382 39016
9383 19193
9383 23106
9383 24059
9383 25722
9383 32255
9385 14963
9385 27822
9385 28673
9385 29352
9385 31957
9385 35124
9386 22764
9387 21953
9387 28521
9388 34885
9388 35554
9389 12271
9389 22996
9389 37483
9390 16884
9390 22173
9390 30317
9390 33044
9390 33182
9390 36013
9391 11551
9391 35393
9391 36027
9391 36114
9392 10993
9392 25125
9393 10370
9393 10814
9393 35486
9393 37115
9394 35022
9395 13274
9395 20796
9395 29124
9395 33005
9396 9645
9396 21178
9396 24351
9397 27110
9398 23962
9398 28135
9399 13522
9399 20985
9399 30926
9399 31128
9399 32620
9399 34213
9400 13170
9400 33190
9401 11843
9401 34624
9401 36561
9401 38141
9402 18376
9403 18774
9403 27082
9403 32866
9404 10406
9404 15911
9404 35941
9404 37190
9405 15392
9405 21139
9405 24525
9405 34928
9405 39986
9406 9610
9406 14840
9407 15059
9407 31442
9407 34858
9408 10713
9408 16366
9408 24814
9408 33718
9408 33773
9408 35250
9409 21401
9410 37086
9410 38003
9411 22680
9411 38461
9412 13635
9412 13889
9412 15625
9412 19286
9412 28073
9412 29845
9414 20942
9414 23852
9414 26167
9414 27064
9414 34563
9416 20571
9416 24204
9417 13007
9417 14417
9418 15057
9418 15188
9418 38942
9419 13529
9419 18461
9419 27602
9419 31656
9419 31673
9420 14545
9420 18443
9421 18456
9421 18759
9421 29050
9421 29844
9422 15828
9422 31448
9423 26374
9423 28643
9423 29415
9423 34502
9424 27040
9426 23000
9426 25693
9428 14579
9428 17177
9428 30616
9428 32524
9429 19142
9429 27377
9430 13287
9430 13800
9430 20598
9430 21321
9430 35463
9431 32168
9431 34587
9431 38581
9432 18115
9432 18858
9432 35124
9432 35268
9433 12347
9433 13071
9433 16358
9433 16492
9433 39683
9434 10391
9434 20475
9434 26492
9434 36312
9435 23977
9435 28702
9436 28055
9437 13338
9437 13801
9437 26885
9437 34629
9438 16237
9438 21394
9438 24731
9438 35939
9439 29673
9439 36489
9440 10017
9440 13671
9440 14463
9440 22733
9442 13947
9442 23913
9442 25649
9442 29528
9442 30938
9443 12565
9443 15312
9443 25185
9443 35229
9444 14457
9444 17344
9444 19861
9444 31690
9445 26905
9445 30434
9445 32553
9446 21809
9446 33172
9446 35975
9446 36978
9447 9879
9447 9984
9447 19638
9447 23194
9447 23825
9447 24861
9447 30332
9448 14315
9448 36326
9448 36726
9449 18276
9449 27509
9449 36522
9450 14055
9450 17721
9450 32159
9450 39098
9451 13799
9451 24313
9451 24654
9451 37702
9452 11064
9452 13519
9452 21639
9453 15070
9453 21460
9453 25439
9453 25677
9453 33607
9453 34619
9453 36467
9453 37745
9454 34198
9455 11802
9455 12030
9455 14693
9456 14561
9456 15049
9456 25790
9456 29882
9456 30718
9457 38529
9458 20374
9458 22506
9458 28687
9458 30309
9458 38596
9458 39187
9459 23172
9460 31508
9460 33563
9461 14810
9461 15475
9461 18289
9461 19395
9461 31693
9461 33929
9462 17315
9462 20232
9462 21375
9462 28585
9462 38299
9463 11362
9463 37425
9464 10371
9464 39788
9465 11206
9465 14237
9465 19813
9467 12685
9467 12707
9467 19269
9467 25110
9468 9628
9468 10345
9468 13992
9468 24681
9468 25162
9469 17924
9469 22130
9470 10218
9470 23929
9471 17168
9471 19358
9471 24203
9472 26375
9472 29937
9473 21697
9473 29685
9473 29966
9473 31873
9473 37108
9473 39320
9474 13499
9474 18714
9475 25918
9476 29750
9477 10044
9477 15754
9477 18178
9478 16720
9478 23646
9478 34545
9478 38610
9479 16569
9479 27247
9479 28792
9480 35024
9480 37288
9481 11736
9481 16670
9481 33265
9481 34365
9481 39253
9482 10798
9482 15817
9482 25856
9483 10985
9483 15192
9483 28385
9483 29956
9484 20547
9484 35485
9485 14099
9485 19967
9485 30648
9485 38531
9486 23038
9486 28791
9487 10881
9487 23302
9487 29915
9487 35925
9488 20898
9488 32695
9488 38875
9489 26727
9489 28500
9490 24900
9490 27406
9491 25533
9491 27091
9491 36264
9491 38275
9492 14660
9494 17769
9494 18684
9494 26224
9494 29012
9494 29782
9494 37397
9494 39830
9494 39998
9495 23497
9495 25193
9495 33639
9496 22403
9496 24957
9496 31314
9497 18437
9497 30886
9497 32859
9498 34104
9498 36803
9499 9950
9499 26142
9499 29187
9500 14088
9500 31385
9500 33067
9500 37877
9500 39533
9501 15084
9501 24531
9501 31946
9501 33949
9501 36524
9502 23697
9502 26959
9502 31653
9502 34033
9503 15532
9503 27785
9504 13223
9504 14785
9504 38187
9504 38336
9505 11136
9505 39918
9506 15135
9506 26735
9507 16815
9507 18966
9507 38983
9508 39423
9509 14297
9509 22928
9509 28736
9510 9836
9510 12131
9510 15079
9510 20807
9510 24890
9510 25419
9511 12141
9511 18618
9511 32140
9511 39905
9512 12142
9512 23347
9512 35857
9512 37457
9513 30057
9513 32255
9514 28914
9514 39145
9515 15404
9515 27466
9516 10110
9516 15758
9516 21464
9517 11072
9517 19708
9518 10663
9518 21549
9518 31621
9519 9899
9519 12925
9519 16728
9519 20911
9519 24266
9519 30983
9519 39723
9520 12894
9520 15211
9520 17879
9521 14937
9521 35958
9521 36400
9522 13965
9522 24013
9522 26086
9523 25902
9523 32319
9523 35528
9524 14626
9524 16578
9524 20638
9524 23861
9524 24792
9524 26591
9524 27051
9524 27957
9524 29117
9525 9713
9525 9948
9525 18760
9525 25601
9525 36148
9526 10569
9527 10035
9527 12600
9527 34954
9527 37747
9528 18555
9528 20700
9528 31039
9528 36695
9529 12673
9529 17705
9529 19691
9529 20422
9529 28198
9529 28756
9530 10033
9530 12218
9530 21506
9530 31631
9530 31663
9531 10890
9531 19740
9531 26583
9532 10187
9532 31832
9533 23748
9534 26391
9534 37049
9535 13166
9535 14749
9535 29465
9535 29547
9535 38679
9536 11839
9536 13975
9536 28082
9537 11414
9537 13886
9537 24927
9537 36747
9537 38557
9538 17614
9538 20713
9538 26356
9538 33966
9539 19272
9539 23335
9539 35540
9539 39014
9540 11359
9540 25312
9540 27197
9541 12605
9541 20323
9541 20726
9541 21104
9542 19225
9542 39627
9543 15701
9543 19800
9543 26061
9543 36169
9544 17663
9544 22160
9544 24777
9544 27126
9545 19434
9546 37506
9547 12343
9547 14437
9547 29705
9547 39515
9548 12784
9548 21160
9549 10005
9549 17792
9549 20284
9549 20411
9549 34438
9550 9793
9550 20601
9550 39691
9551 25122
9551 28656
9552 17734
9553 11426
9553 14275
9553 19543
9553 22271
9553 30996
9554 18952
9554 24744
9555 30299
9555 37995
9556 17397
9556 24216
9557 19356
9558 19149
9558 23361
9558 30948
9559 11523
9559 14137
9559 18848
9560 14614
9560 25712
9560 32884
9560 38903
9561 19588
9561 28852
9561 29884
9561 32210
9561 39808
9562 10385
9562 18432
9562 19018
9562 23579
9562 34449
9562 37403
9563 26745
9564 26101
9565 12830
9565 17202
9565 31601
9565 38705
9566 10041
9566 19152
9566 19609
9567 12163
9567 21290
9567 26287
9567 39679
9568 18682
9569 14616
9569 36249
9570 31663
9571 26481
9571 33021
9572 22223
9573 15353
9573 19060
9574 25432
9574 30072
9574 30972
9575 9984
9575 20443
9575 29647
9576 18113
9577 11500
9577 20458
9577 21621
9577 33496
9578 9884
9578 15488
9578 23989
9579 12275
9579 17131
9579 19708
9579 34065
9579 37096
9580 13934
9580 16045
9580 17181
9580 36154
9581 11357
9581 18064
9581 28751
9582 16234
9582 21278
9582 38379
9583 10016
9583 22036
9583 22932
9583 25773
9583 30037
9584 39257
9585 11069
9585 28995
9585 30507
9585 31944
9586 9973
9586 36464
9587 9588
9587 17370
9588 13279
9588 14685
9588 23098
9588 25244
9588 26230
9589 12202
9589 15145
9590 22157
9590 23392
9590 33433
9590 35870
9591 10187
9592 10674
9593 17509
9593 18885
9593 23924
9593 27774
9593 32275
9594 31444
9594 33995
9595 17864
9595 25695
9595 31832
9596 20385
9596 21173
9596 32956
9597 11529
9597 12387
9597 18426
9597 24554
9597 36201
9597 39292
9598 27598
9599 14173
9599 18234
9599 22153
9599 31064
9600 10258
9600 23551
9600 23777
9601 9762
9601 10956
9601 14663
9601 23468
9601 28370
9601 34969
9602 17478
9602 23789
9602 29088
9603 11160
9603 18247
9603 35223
9604 11306
9604 14880
9604 26068
9604 30916
9605 27303
9606 18257
9606 20805
9606 26667
9606 32840
9606 38494
9607 21777
9607 33465
9607 38622
9608 13416
9608 14477
9608 19101
9608 24440
9608 35298
9609 17418
9609 23053
9609 32039
9609 38216
9609 39739
9610 10639
9610 11461
9610 36528
9611 13298
9612 13783
9612 22224
9612 28381
9612 37701
9613 13191
9613 21959
9613 23104
9613 26578
9613 38308
9614 9793
9614 24089
9615 11010
9615 23964
9615 24712
9615 28631
9616 22638
9618 24551
9619 23244
9619 37899
9620 15165
9620 19830
9620 36516
9621 18764
9621 26967
9621 38877
9621 39161
9622 29053
9622 38734
9622 39943
9623 11613
9624 9989
9624 10723
9624 16527
9625 11649
9625 20346
9625 21978
9626 12870
9627 15149
9627 34151
9628 19910
9628 32474
9628 34336
9629 12295
9629 17277
9629 19954
9629 32399
9629 38585
9629 39664
9630 11377
9631 11048
9631 28100
9632 16251
9632 22246
9632 25882
9632 33819
9633 24695
9633 24713
9633 25282
9633 31144
9633 31602
9633 32579
9633 35295
9634 14421
9634 16562
9634 32191
9635 15171
9635 21214
9635 29885
9636 14509
9636 17163
9636 18998
9636 19788
9636 36301
9637 27411
9637 35534
9638 12129
9639 10002
9639 17056
9639 33249
9639 39549
9641 15472
9641 21888
9641 29468
9641 36072
9642 22581
9642 38244
9643 10269
9643 38120
9644 14033
9644 15451
9644 37170
9645 21422
9645 33508
9646 28987
9646 30606
9646 30793
9646 35534
9646 37824
9646 38096
9647 15317
9647 18899
9647 21603
9647 30666
9648 33289
9648 34012
9649 36910
9650 24519
9650 26860
9650 27221
9651 25199
9651 36406
9651 39233
9652 10395
9652 20166
9652 20666
9652 25566
9652 26126
9652 29014
9653 11634
9653 24460
9653 28802
9653 32827
9654 15242
9654 18186
9655 19098
9655 19130
9655 21198
9655 22663
9655 39389
9656 13435
9656 23118
9656 35007
9656 36793
9657 13479
9657 18186
9657 28726
9658 26437
9659 26332
9659 26649
9659 31978
9662 10641
9662 14409
9662 15612
9662 21084
9663 14682
9663 29318
9663 35365
9663 38280
9664 11720
9664 29666
9664 32077
9665 32788
9665 36795
9666 12975
9666 25087
9666 28646
9666 29267
9667 9701
9667 15481
9667 15862
9667 18509
9667 20483
9667 27452
9668 31096
9668 32065
9669 22687
9670 14435
9670 18108
9670 24363
9670 36807
9671 14001
9671 19145
9671 26237
9671 31276
9671 38835
9672 20270
9672 24588
9672 29130
9673 17201
9673 20383
9674 9852
9674 36021
9674 39501
9675 21171
9676 21245
9677 18259
9677 25860
9677 26046
9677 29615
9679 18385
9679 24504
9679 26247
9679 27060
9679 28092
9679 37745
9680 26337
9681 10902
9681 18972
9681 30920
9681 35821
9682 10131
9682 25207
9682 27116
9683 35222
9684 19718
9684 24458
9684 27555
9684 28722
9685 26819
9685 34044
9685 35298
9686 14595
9686 20681
9686 31988
9687 14115
9687 21863
9687 32456
9687 34443
9687 37099
9688 28877
9689 15949
9689 18896
9689 30797
9689 37244
9690 28684
9690 30139
9690 39950
9691 21232
9691 36384
9692 30616
9692 31068
9692 36055
9693 12611
9693 38690
9694 26304
9694 30916
9694 31992
9694 33099
9694 34762
9695 17041
9695 33641
9697 29830
9697 32236
9697 36512
9698 14808
9698 38412
9699 23383
9699 24666
9699 29706
9699 31356
9700 26187
9700 26912
9700 38805
9701 28645
9702 11059
9702 31711
9703 31982
9703 33684
9704 17122
9704 22651
9704 25732
9704 30765
9705 9807
9705 24468
9705 33905
9706 10350
9706 17407
9706 18794
9706 30648
9706 30704
9706 36469
9707 9756
9708 14028
9709 26748
9709 29998
9710 9932
9710 12045
9710 14707
9710 15046
9710 15193
9710 17257
9710 28542
9711 11221
9711 18451
9711 19273
9711 36552
9712 12664
9714 21415
9714 24587
9714 28600
9714 32964
9714 38686
9715 15632
9715 37001
9716 20834
9716 31305
9716 34936
9716 36534
9716 38479
9717 27724
9717 32053
9718 14946
9718 18253
9718 33475
9718 37029
9718 39893
9719 17390
9719 31416
9719 31468
9720 13041
9720 13971
9720 31271
9720 34191
9721 13026
9721 23598
9722 19778
9722 21654
9722 23836
9722 30091
9723 35714
9723 37023
9724 19299
9725 20739
9726 15094
9726 21755
9726 34622
9728 19857
9728 23245
9728 26450
9728 32909
9729 23621
9729 26982
9730 14023
9730 17866
9730 28011
9731 25674
9732 12496
9732 22245
9732 23608
9733 24159
9734 10149
9734 15047
9734 17852
9734 18436
9734 35623
9734 39662
9735 19379
9735 39360
9736 13227
9736 13346
9736 29491
9737 22712
9738 11337
9738 39191
9739 15919
9739 39413
9740 17180
9740 23483
9740 24742
9740 33517
9740 34630
9741 23902
9741 39353
9742 26196
9743 11342
9743 12552
9743 12930
9743 14099
9744 12127
9744 18797
9744 21989
9744 25203
9744 39339
9744 39525
9745 31600
9745 31846
9746 12954
9747 21282
9747 39954
9748 29432
9748 33429
9748 36831
9749 32672
9749 39548
9750 27119
9750 27297
9751 22113
9752 10343
9752 17977
9752 21601
9752 21794
9752 31085
9753 19997
9753 37157
9754 38832
9755 22970
9755 35885
9756 22020
9756 24927
9756 35807
9758 14555
9758 22486
9758 25755
9758 38122
9759 12171
9759 28601
9759 30527
9759 36358
9760 13523
9760 17090
9760 17359
9760 21374
9760 22078
9760 35082
9761 10947
9761 18678
9762 30328
9762 31663
9763 15159
9763 19307
9763 30470
9763 33400
9764 13795
9764 27992
9764 29697
9765 25943
9765 28930
9765 31338
9765 37837
9766 29583
9766 33674
9766 34455
9766 39815
9767 11160
9767 18329
9767 26589
9767 33211
9767 34238
9767 36015
9768 12912
9768 15432
9768 15596
9768 18929
9768 19695
9768 35243
9768 38025
9769 25094
9769 25298
9769 38452
9770 25726
9771 23508
9771 32504
9772 23336
9773 12519
9773 33816
9774 10478
9774 26023
9775 12791
9775 32600
9776 28560
9776 30826
9776 31339
9776 32025
9777 12726
9777 14999
9777 30415
9777 37439
9778 21436
9778 29372
9778 30301
9779 24356
9779 30747
9780 15229
9780 19688
9780 37652
9781 20861
9782 15622
9783 10310
9783 25081
9784 15323
9784 18660
9784 29672
9784 33437
9784 34954
9784 36948
9785 18147
9785 20157
9785 26123
9785 27733
9785 38551
9786 34132
9787 11521
9787 25069
9787 25313
9787 30218
9787 39427
9788 17702
9788 21161
9788 31472
9789 12532
9789 12655
9789 33937
9790 23266
9790 37648
9791 18271
9792 37170
9793 18215
9793 26656
9793 29287
9793 31974
9794 19011
9794 21047
9794 33409
9795 22998
9796 11188
9796 14661
9796 29203
9796 34943
9797 10035
9797 11245
9797 16697
9798 11689
9798 14579
9798 37492
9799 13384
9799 14385
9799 23965
9800 11578
9800 17334
9801 24872
9801 34698
9801 38668
9802 37924
9803 12956
9803 17832
9803 22747
9803 29306
9803 38647
9804 23337
9804 39735
9805 10749
9805 16755
9805 33828
9805 38422
9805 38904
9806 11537
9806 13181
9806 20468
9806 22055
9807 12340
9807 21906
9809 16111
9809 23625
9810 12687
9810 22190
9811 15647
9811 18827
9811 34296
9811 39362
9812 31319
9812 39851
9813 11996
9813 14487
9813 21742
9814 13118
9814 24101
9814 26691
9814 37325
9814 38399
9815 12360
9815 24987
9815 29002
9816 16542
9816 17333
9816 24024
9816 25193
9816 26834
9816 31282
9816 33764
9817 25123
9817 34611
9818 15298
9818 30115
9818 32833
9819 20390
9819 31595
9819 38933
9819 39535
9820 12094
9821 39037
9822 26366
9822 28949
9822 29187
9824 29795
9825 11457
9825 19417
9825 25157
9825 25408
9825 33612
9826 22321
9826 29884
9827 12164
9827 14050
9827 32299
9828 17608
9828 20424
9828 28381
9828 39347
9829 16573
9829 22688
9829 29024
9830 22624
9830 24418
9830 36401
9830 38638
9831 18056
9831 23655
9831 36956
9832 21228
9832 22720
9832 35352
9832 38632
9833 19571
9833 29468
9833 30670
9834 13646
9834 24233
9834 25316
9834 26907
9834 27294
9834 27475
9834 32053
9834 32479
9834 39978
9835 20734
9835 35045
9835 38858
9836 11172
9836 32642
9837 13484
9837 17644
9837 17729
9838 25686
9839 10451
9839 10865
9839 19300
9839 21888
9839 25018
9839 25693
9840 27640
9840 31950
9840 37358
9841 13169
9841 13776
9841 25151
9841 32354
9842 13681
9842 15927
9842 25279
9842 38221
9843 10915
9843 38710
9844 17871
9844 30352
9845 12410
9845 15183
9845 18603
9845 33451
9846 19455
9846 30033
9846 31091
9847 12079
9847 15003
9847 16722
9847 28698
9847 35191
9847 38608
9848 16434
9849 19810
9849 32208
9849 36827
9850 21944
9851 20458
9852 22563
9852 28619
9852 32377
9853 25880
9853 32761
9854 19016
9854 26583
9854 29662
9854 39633
9854 39997
9855 19043
9855 21438
9855 32246
9856 32553
9856 39423
9857 16543
9857 27821
9857 30756
9858 10059
9858 13151
9858 16485
9858 22832
9858 35242
9858 36789
9859 10119
9859 13273
9859 15222
9859 20174
9861 18651
9861 25650
9862 10903
9862 15305
9862 29891
9862 33744
9863 14704
9863 16968
9863 35902
9863 39043
9864 12403
9864 26421
9865 19433
9865 22627
9865 31264
9865 35018
9866 20742
9866 30673
9867 30108
9867 32413
9868 17876
9868 21067
9868 35540
9868 39908
9868 39926
9869 15300
9869 27915
9869 30697
9870 30121
9872 16271
9872 22919
9872 33343
9872 37998
9873 16062
9873 21483
9873 26806
9874 34087
9875 18143
9875 28947
9875 33123
9875 34067
9875 36596
9875 38391
9876 28622
9876 29713
9876 32156
9877 34345
9877 36298
9878 16897
9878 36771
9879 16662
9879 19665
9879 23574
9879 28654
9880 14882
9880 16313
9881 12779
9881 17901
9881 19690
9881 25566
9881 28031
9881 37839
9881 38869
9882 19735
9882 21969
9882 31263
9882 33256
9882 39990
9883 11276
9883 21482
9883 23770
9883 26337
9883 27783
9883 35693
9883 36009
9883 36771
9884 21409
9885 14533
9885 28295
9885 28678
9885 35344
9885 36202
9886 12246
9886 14192
9886 20349
9886 20407
9886 20517
9886 24563
9886 24924
9886 38333
9888 13137
9888 19545
9888 21813
9888 37686
9889 10570
9889 12389
9889 13419
9889 14711
9889 34920
9890 15364
9890 18134
9890 31183
9890 33954
9890 34561
9890 36245
9891 25265
9892 11280
9892 14870
9892 17265
9892 32488
9892 39327
9893 13074
9893 17458
9893 22345
9893 30543
9894 23655
9894 24129
9894 25648
9894 32922
9895 16174
9895 35406
9896 17949
9896 33616
9896 35181
9897 11021
9897 34107
9898 32921
9898 35577
9899 11761
9899 26775
9900 32723
9901 12907
9901 23540
9901 32125
9903 11286
9903 14498
9903 18538
9903 25057
9903 30983
9903 38816
9904 34452
9905 22679
9905 26592
9905 29126
9906 17412
9907 14091
9907 20246
9908 18772
9908 20406
9908 24104
9908 32250
9909 34622
9909 36390
9910 16988
9910 38203
9911 31734
9911 32337
9911 35779
9911 39600
9912 27558
9912 34014
9912 35382
9913 15586
9913 20327
9913 21157
9913 26298
9913 31968
9914 12215
9914 15849
9914 34147
9914 38560
9915 18398
9915 23894
9915 30371
9915 32540
9916 14386
9916 14527
9916 37176
9917 16236
9917 34411
9918 11846
9918 17267
9918 30573
9919 18179
9919 35516
9920 15445
9920 19419
9920 36055
9921 18620
9921 32103
9922 29970
9922 31222
9922 31353
9923 13451
9923 22660
9923 24924
9924 11212
9924 20556
9925 11217
9925 19317
9925 26845
9926 15039
9926 25808
9926 30075
9927 10478
9927 11990
9927 22184
9927 29380
9928 20600
9928 22863
9928 24017
9928 29721
9929 10765
9929 13253
9929 16939
9929 22951
9929 23301
9930 11348
9930 14381
9931 34246
9932 12322
9932 22520
9933 13831
9933 30170
9934 11567
9934 21431
9934 27921
9934 35349
9935 18315
9935 31551
9935 35567
9936 15980
9936 17186
9936 19086
9936 23346
9936 27198
9936 32128
9937 12657
9937 30809
9937 32352
9937 34813
9939 16453
9939 30150
9939 36131
9940 17721
9940 29617
9941 10703
9941 37010
9942 26399
9943 15843
9944 13405
9944 15732
9944 22373
9945 23661
9945 26906
9946 15971
9946 18269
9946 19671
9946 31006
9946 35004
9946 37886
9946 38588
9947 15990
9947 17678
9947 18327
9947 27176
9948 18028
9948 19036
9948 26488
9948 31608
9949 12801
9949 28388
9949 33482
9950 13302
9950 16976
9950 22476
9951 12536
9951 35840
9952 22867
9952 27989
9952 34199
9953 13613
9953 27132
9953 27926
9953 37479
9954 20596
9955 11554
9955 39352
9956 27452
9956 29442
9956 33576
9957 13985
9957 17409
9957 21319
9957 25680
9958 20409
9959 28573
9959 28737
9959 30228
9959 35598
9960 15295
9960 16190
9961 29480
9961 36058
9962 17330
9962 27779
9962 35222
9962 36511
9963 18740
9963 18860
9963 24282
9963 37646
9963 38416
9965 12481
9965 19467
9965 21955
9965 22622
9965 33268
9965 39328
9966 20319
9966 31430
9967 14152
9967 16587
9967 39021
9967 39170
9968 11069
9968 17482
9968 17717
9968 34180
9968 36607
9968 37284
9968 39440
9969 21078
9969 26451
9970 16663
9970 20438
9970 27252
9970 36324
9970 37922
9971 10436
9971 18268
9971 30639
9972 10418
9974 14596
9974 36122
9975 12557
9975 22199
9975 26782
9975 27362
9976 10517
9976 24382
9977 12901
9977 21686
9977 22851
9978 34969
9978 38744
9979 14844
9979 19103
9979 28324
9979 32556
9979 32950
9979 33330
9979 35705
9980 12389
9980 14201
9980 19305
9980 34716
9981 10743
9981 12607
9981 27139
9981 28753
9981 35039
9981 35140
9982 20122
9982 25677
9983 13507
9983 31741
9983 32612
9983 34168
9983 38172
9984 11208
9984 13592
9984 15143
9984 15830
9984 22569
9984 23995
9984 34904
9985 21033
9985 25792
9986 12447
9986 15870
9986 28345
9986 31108
9987 13343
9987 29599
9988 33382
9988 39183
9989 26633
9989 34650
9990 14239
9991 11992
9991 20524
9991 32621
9991 34113
9991 35572
9992 17117
9992 20346
9992 31250
9993 14209
9993 14997
9993 17477
9993 18248
9994 14184
9994 16722
9994 25526
9994 29824
9994 31274
9995 20012
9995 28200
9996 14232
9996 17957
9996 36321
9996 38794
9997 20731
9997 31601
9997 36932
9997 39657
9998 38518
9998 39504
9999 17809
9999 24136
9999 26644
9999 28126
9999 35823
10000 19709
10000 20029
10001 20017
10001 23227
10001 25692
10002 15471
10003 17129
10003 17668
10003 17913
10003 35754
10003 37244
10003 38027
10004 11987
10004 21141
10005 14585
10005 25142
10005 39710
10006 16109
10006 25532
10006 38879
10008 10839
10008 14561
10008 20650
10008 20779
10009 14078
10009 15094
10009 19587
10009 21999
10009 22022
10009 33643
10010 22373
10010 28789
10011 10078
10011 24816
10011 38263
10012 11274
10012 16198
10012 21950
10012 28454
10013 14438
10013 18502
10013 39784
10014 17216
10014 23333
10014 28771
10014 32200
10014 39370
10015 10036
10015 24307
10015 35894
10016 23280
10016 27696
10016 35897
10017 23932
10018 22205
10019 11372
10019 16576
10019 18342
10019 23100
10020 12638
10020 20663
10020 31584
10020 33124
10020 37464
10021 23829
10021 35491
10022 36559
10023 31789
10024 14795
10024 17421
10026 11467
10026 14452
10026 18786
10026 19946
10026 30541
10026 39241
10027 29501
10027 35212
10029 19703
10029 30257
10029 38972
10030 13789
10030 21998
10030 27152
10031 13768
10031 36066
10031 38997
10031 39165
10032 34005
10034 26684
10034 35622
10034 36628
10035 36548
10035 39311
10036 13599
10036 34272
10037 17582
10037 20788
10037 26304
10037 38621
10039 15559
10039 21591
10040 12024
10040 23606
10040 29007
10041 12556
10041 13998
10042 34563
10042 34790
10043 15094
10043 17977
10043 25141
10043 26650
10043 34553
10044 23874
10044 29538
10044 38614
10044 39843
10045 13991
10045 26231
10045 30626
10046 18082
10046 19843
10046 22703
10047 21442
10047 29865
10047 39145
10048 30706
10048 39634
10049 20374
10049 36253
10050 14709
10050 38703
10051 22616
10051 30205
10051 31796
10052 19968
10052 24213
10052 25804
10052 31941
10052 33796
10053 14211
10053 15146
10053 18279
10053 19458
10053 21808
10053 24655
10053 30578
10053 35525
10054 20528
10054 33331
10054 37487
10055 20060
10055 27140
10056 22385
10057 13532
10057 18079
10058 12569
10058 16225
10058 34684
10058 38975
10059 13585
10059 17063
10059 18057
10059 21222
10059 22138
10059 23081
10059 25340
10059 27208
10059 33138
10060 16830
10060 30246
10061 16177
10061 17028
10061 26030
10061 27505
10062 15716
10062 31306
10063 24224
10063 25259
10063 33484
10064 22477
10064 22600
10064 32648
10064 36228
10065 39660
10066 15415
10066 21809
10066 22567
10067 16946
10068 10143
10068 14529
10068 34184
10069 33300
10069 36345
10070 16375
10070 30090
10071 17528
10071 36642
10072 18681
10072 29365
10073 29852
10073 39671
10074 20693
10074 27753
10074 35962
10076 21461
10076 23705
10076 28941
10076 35136
10076 37754
10077 28509
10077 39745
10078 13389
10078 18800
10078 23957
10078 39786
10079 32959
10080 12662
10080 14214
10080 25314
10080 26168
10081 13579
10081 14308
10081 22307
10081 25124
10081 32780
10081 39833
10082 24239
10082 32468
10082 34489
10082 38498
10083 26770
10083 29285
10083 34821
10083 36977
10083 38481
10083 39874
10084 10402
10084 14417
10084 29812
10084 33837
10084 36658
10085 11132
10085 15902
10085 35009
10086 29553
10086 37169
10087 12324
10087 17106
10087 22426
10087 22957
10087 28374
10087 32300
10087 35551
10088 30764
10089 14750
10090 24137
10090 26788
10090 27395
10090 38061
10091 13883
10091 21018
10091 22273
10092 11793
10092 25221
10092 28982
10092 30472
10092 31508
10092 36244
10094 10551
10094 14101
10094 23132
10094 26803
10094 30985
10095 14483
10095 21520
10095 28118
10095 33642
10096 15917
10096 16318
10096 17391
10096 20140
10096 38750
10097 29431
10097 31752
10097 34373
10098 17354
10098 22516
10098 25662
10098 26494
10098 36254
10099 16959
10099 22359
10100 12716
10100 16507
10100 27249
10101 20125
10101 35959
10101 37164
10102 28055
10102 29202
10102 37278
10102 39305
10103 23043
10103 31126
10104 11250
10104 13645
10104 22555
10104 33325
10104 34136
10104 39890
10105 10191
10105 11855
10105 22523
10107 32420
10108 19854
10109 21877
10109 23115
10109 23761
10109 36668
10110 10430
10110 31638
10111 25816
10111 29565
10111 30893
10111 31464
10111 33999
10112 18635
10112 31326
10112 36130
10113 19150
10113 33105
10113 38194
10114 12901
10114 16316
10114 17934
10114 26658
10114 36069
10115 30004
10115 34459
10115 36225
10116 15468
10116 21863
10116 25842
10117 16976
10118 17843
10118 21629
10118 22114
10118 23633
10119 10239
10119 29978
10119 33443
10119 38375
10120 25811
10121 12963
10121 31035
10121 32310
10121 34761
10122 13854
10122 20043
10122 21505
10122 23168
10122 24667
10123 10815
10123 21558
10124 20009
10124 33385
10125 16237
10125 16290
10125 25863
10126 13563
10126 20113
10127 17312
10127 17618
10127 29031
10127 34193
10127 37989
10128 10846
10128 22038
10128 37468
10129 14190
10129 15979
10129 20321
10129 31861
10129 33819
10130 12122
10130 32279
10130 32691
10131 22888
10131 25542
10132 13663
10132 25413
10132 28970
10132 31704
10132 37747
10133 10201
10133 17451
10133 24604
10133 27981
10133 30922
10133 34333
10133 38777
10134 14078
10134 24411
10134 29222
10134 30651
10135 12618
10135 16656
10135 25929
10135 37738
10136 23370
10136 32773
10137 29524
10137 31673
10137 34599
10137 39358
10138 31717
10139 29746
10139 38388
10140 39270
10141 37869
10141 38185
10142 23488
10143 16653
10143 19435
10144 11706
10144 23606
10144 31841
10145 10799
10145 19678
10145 21206
10145 34083
10145 35228
10146 23678
10146 33526
10147 12829
10147 20898
10148 32548
10148 37630
10149 14265
10149 14961
10149 19741
10149 26248
10149 28121
10149 32358
10149 32850
10149 37492
10150 19786
10150 24667
10150 33150
10150 33950
10151 12650
10151 13424
10151 28687
10151 29507
10151 30372
10152 10790
10152 12737
10152 28628
10152 32296
10152 34584
10153 18142
10154 16859
10154 22196
10154 23916
10155 22096
10156 20750
10157 28000
10157 33330
10157 35149
10157 39094
10158 12927
10158 21862
10158 30410
10159 17300
10159 17459
10159 20434
10159 21928
10160 14708
10160 18124
10160 18974
10160 33259
10160 35985
10161 10959
10161 25749
10162 31363
10162 36924
10163 14457
10163 16880
10163 21320
10163 22763
10163 26921
10163 35167
10163 36104
10164 19260
10164 22260
10165 11045
10165 20246
10166 16860
10166 31709
10167 13148
10167 13266
10167 15914
10167 16867
10167 33600
10167 34616
10168 32330
10169 15304
10169 19371
10169 25820
10169 26098
10169 27941
10169 29206
10169 31770
10169 33082
10169 39088
10170 11328
10170 16848
10170 16973
10170 18552
10170 31608
10170 38165
10171 10314
10171 11445
10171 13665
10171 28153
10171 29121
10172 20397
10172 22922
10172 29087
10173 12497
10173 19249
10174 23949
10174 25514
10174 25670
10174 32176
10175 14816
10175 22186
10175 37214
10176 27020
10177 18682
10177 19798
10177 27246
10177 28087
10177 35499
10178 17805
10179 12153
10179 25997
10179 33463
10179 38067
10180 12197
10180 15087
10180 17625
10180 38148
10180 38914
10181 18470
10181 24605
10182 25973
10182 31136
10182 32508
10183 20873
10183 24556
10184 16782
10184 22932
10185 14152
10185 24354
10185 24772
10186 16841
10186 31047
10186 32749
10187 13433
10187 21333
10187 27591
10188 13469
10188 19498
10189 15213
10189 22806
10189 31021
10189 31536
10189 39950
10190 24361
10190 31752
10190 39733
10191 20592
10191 26659
10192 31505
10193 39656
10194 30484
10194 35943
10194 36733
10194 38066
10195 21895
10196 22723
10196 30504
10196 35188
10196 37024
10196 37347
10197 13170
10197 29186
10198 10744
10198 19941
10199 13247
10199 25983
10199 32722
10200 18783
10201 16407
10201 32849
10201 38773
10202 13712
10202 18594
10202 36280
10204 13918
10204 21714
10205 12375
10205 20884
10205 29223
10206 10779
10206 18103
10206 28390
10206 35919
10207 22078
10207 22722
10208 21789
10208 27321
10209 14179
10209 16211
10209 36705
10210 15147
10210 23808
10210 27180
10211 16718
10211 33718
10211 38585
10212 38098
10213 11510
10213 23608
10213 25324
10214 36854
10215 12598
10215 20986
10216 11890
10216 13657
10216 16597
10216 17963
10216 27068
10216 35462
10217 12258
10217 20416
10218 18312
10219 34893
10219 35949
10220 15300
10220 30115
10221 11853
10221 15323
10221 20857
10221 22101
10221 22123
10221 25739
10221 26347
10221 34066
10222 23041
10222 29938
10222 33144
10222 35693
10223 21905
10223 24689
10223 38121
10224 23485
10224 25139
10224 31089
10225 12509
10225 23756
10225 27662
10225 32361
10225 33651
10226 18752
10226 23022
10226 32950
10226 34213
10227 12881
10227 17687
10227 23694
10228 20339
10229 13944
10229 15401
10229 15696
10229 18837
10229 24287
10230 37672
10231 17476
10231 33634
10231 38677
10232 19395
10233 12242
10233 17820
10233 18818
10233 19688
10233 21123
10233 28241
10234 22536
10234 30940
10234 32886
10234 35781
10234 37542
10235 22927
10236 27818
10236 29254
10236 32365
10236 39765
10237 11424
10237 17813
10237 19945
10237 27854
10237 30836
10238 20870
10238 26852
10238 27728
10238 39651
10239 16910
10239 26817
10240 31505
10240 36473
10241 17517
10241 31278
10241 33680
10241 34204
10242 23901
10242 25610
10242 38050
10243 29998
10244 15008
10245 18888
10245 24336
10245 29390
10245 34588
10246 12598
10246 17430
10246 24874
10246 28668
10247 11455
10247 12169
10247 21907
10247 22702
10247 37787
10248 25106
10248 28499
10248 36174
10248 38101
10249 10713
10249 11830
10249 15133
10249 20475
10249 20766
10249 22932
10249 23393
10251 13005
10251 18957
10251 24455
10251 26181
10251 29448
10252 31395
10253 10548
10253 23340
10253 29758
10253 35229
10253 36956
10254 14876
10254 19280
10254 21864
10254 36457
10254 37459
10255 24549
10255 30425
10256 25562
10256 27048
10256 33762
10257 10967
10257 17897
10257 22354
10257 26024
10258 12024
10258 20297
10258 23886
10259 10621
10259 29830
10259 35637
10260 11010
10260 12925
10260 27476
10260 33257
10261 22136
10261 33422
10261 39316
10262 13577
10262 26201
10263 12464
10264 12247
10264 34210
10265 12569
10266 11175
10267 26593
10267 28396
10268 16109
10268 17341
10268 21457
10268 28777
10268 37635
10268 39154
10269 13656
10269 32740
10270 17096
10270 18952
10270 35619
10270 37643
10270 39504
10271 29904
10271 32611
10272 22847
10272 33979
10272 35210
10273 10397
10273 34620
10273 38815
10274 37944
10275 12910
10275 20716
10275 31219
10276 19290
10276 30534
10276 38765
10277 26788
10277 30473
10277 34550
10277 39449
10278 16308
10278 19565
10278 26174
10278 28071
10278 36930
10279 32563
10280 18119
10280 23279
10280 30267
10280 32237
10280 34358
10280 39649
10281 17475
10281 18695
10281 34341
10281 37374
10282 19175
10282 26406
10282 31490
10283 13750
10283 16726
10283 16836
10283 20491
10283 34604
10284 19859
10284 26530
10286 17328
10286 19421
10286 26053
10286 30334
10287 13627
10287 27798
10287 35857
10288 10458
10288 13428
10288 18969
10288 30056
10288 33563
10290 14191
10290 37606
10291 15253
10291 18542
10291 29364
10292 16378
10292 18025
10292 20304
10292 24320
10292 29868
10292 30719
10292 31290
10292 31487
10292 34179
10292 35500
10292 36263
10292 37761
10293 16935
10293 28109
10294 33116
10295 26376
10297 21071
10297 23568
10297 23877
10297 24149
10297 25079
10298 10599
10298 28130
10298 30797
10298 37882
10299 38186
10300 12897
10300 17341
10300 19716
10301 25957
10302 21846
10302 25913
10303 26086
10303 32333
10303 33705
10304 10662
10304 11265
10304 11658
10305 19985
10305 28342
10306 14637
10306 14656
10306 15796
10306 21518
10306 34397
10306 38394
10307 27193
10307 36249
10308 22914
10308 26345
10309 26118
10309 27829
10309 38348
10310 12681
10310 29700
10310 34606
10310 35404
10310 39286
10311 14707
10311 26175
10312 25481
10312 33239
10312 34309
10313 11877
10313 26618
10313 29344
10313 39419
10314 11166
10314 18577
10314 28140
10314 30919
10315 11134
10315 11809
10315 26722
10315 27022
10315 33903
10316 10730
10316 14611
10316 31833
10316 33158
10317 11570
10317 28113
10317 33841
10318 15898
10318 20509
10318 32911
10319 11330
10319 11908
10319 20934
10319 24559
10319 27754
10320 35310
10320 38086
10321 36501
10321 38288
10322 15700
10322 23626
10322 26816
10322 27561
10323 15603
10323 30827
10323 33376
10324 24313
10324 25375
10325 31571
10325 32685
10326 10577
10326 11199
10326 11376
10326 35018
10327 17403
10327 27389
10328 16760
10329 25354
10329 38565
10330 32309
10333 26088
10333 33266
10334 14473
10334 22148
10334 24050
10334 28226
10335 11537
10335 16084
10335 17873
10336 11107
10336 11698
10336 31950
10336 38682
10337 37075
10338 14062
10338 16753
10338 24474
10339 26702
10339 35717
10339 38600
10339 39741
10340 16077
10340 23340
10341 19925
10341 28933
10342 15350
10342 21799
10342 24940
10343 17034
10343 28329
10343 30359
10343 34789
10344 37253
10344 38711
10345 35400
10346 10477
10346 10951
10346 26230
10346 26708
10346 28468
10346 38823
10347 21995
10347 26931
10348 10407
10348 21660
10348 36625
10349 15070
10349 20403
10349 27992
10351 10749
10351 14255
10352 14694
10352 17312
10352 19591
10352 20496
10352 22394
10352 31988
10354 14622
10354 20214
10354 28190
10354 31196
10354 35778
10355 24089
10355 29765
10356 11890
10356 18627
10356 20429
10356 22681
10357 21222
10357 25161
10358 30890
10359 29153
10359 29892
10359 31145
10359 35778
10360 17198
10360 33038
10360 34862
10362 10475
10362 16559
10362 25321
10363 14616
10363 18758
10363 20839
10363 22411
10363 35265
10363 38906
10364 19260
10364 26229
10364 27764
10364 30509
10364 36402
10365 26107
10365 34080
10365 38325
10366 25282
10366 39139
10367 33044
10368 17222
10368 28285
10369 16104
10369 20459
10369 22810
10370 14951
10370 22269
10370 22380
10370 23952
10370 31501
10370 32596
10371 19261
10371 22559
10371 30504
10371 33461
10372 33014
10372 36817
10373 27340
10373 28815
10373 37574
10374 31127
10375 13265
10375 13276
10375 18490
10375 28829
10375 39742
10377 10812
10377 20696
10377 28861
10377 32435
10378 10434
10378 26150
10379 17240
10379 20460
10379 36747
10380 33497
10380 36534
10380 38384
10381 27380
10381 27794
10381 37626
10382 24114
10382 27963
10383 24583
10384 27388
10385 11464
10385 17860
10385 28707
10385 36289
10386 11667
10386 21752
10386 25764
10386 30008
10388 11377
10388 17961
10388 20058
10388 20652
10389 31624
10389 37763
10390 33013
10390 34435
10392 37966
10392 39544
10393 20147
10393 21923
10393 23410
10393 25739
10393 38168
10394 13657
10395 11779
10395 12106
10396 11221
10396 19776
10396 20939
10396 29374
10396 32669
10397 13227
10397 21264
10397 37770
10398 12582
10398 13260
10398 31932
10399 32652
10400 16903
10400 27921
10400 28811
10400 38715
10401 12772
10401 20810
10401 22688
10402 31872
10403 36185
10403 39642
10404 27733
10404 29690
10405 22543
10405 38091
10406 14860
10408 22205
10408 23414
10408 26507
10409 16100
10409 25298
10409 37779
10410 15539
10410 33940
10411 21393
10412 17193
10412 19752
10412 29352
10413 38958
10414 12619
10414 15506
10414 22900
10414 28919
10414 37961
10415 17358
10416 11736
10417 11646
10417 13724
10417 33639
10418 33972
10418 39629
10419 19668
10419 30834
10419 35318
10419 37118
10419 39855
10420 13991
10421 31775
10422 16627
10422 16680
10422 27754
10422 32060
10423 11787
10423 15977
10423 16630
10423 21284
10423 23196
10423 35795
10423 36956
10423 39605
10424 29305
10424 34377
10424 37149
10425 14051
10425 36991
10426 13670
10426 16314
10426 32474
10426 33770
10426 39421
10427 13751
10427 14341
10427 25128
10427 26087
10428 17195
10428 22001
10428 36859
10428 38007
10429 18109
10429 24427
10429 36599
10430 13919
10430 19714
10430 27715
10431 11283
10431 12853
10431 30357
10432 18493
10432 27735
10432 29355
10432 37236
10433 28672
10433 36931
10436 11017
10436 14717
10436 25264
10436 30453
10436 31727
10437 27022
10437 33312
10437 39413
10438 17894
10438 29276
10438 36304
10439 14160
10439 17142
10439 23326
10439 26629
10439 39957
10440 14023
10440 17209
10441 10814
10441 11788
10441 33674
10442 10555
10442 14869
10443 20654
10443 22504
10443 33495
10444 27650
10444 29236
10444 36604
10445 10685
10445 12094
10445 15036
10445 15490
10445 16809
10445 20124
10445 24836
10446 14617
10446 23255
10446 30538
10446 34190
10446 34644
10447 26778
10447 29622
10447 34969
10447 38240
10448 17630
10448 32888
10448 33534
10449 10916
10449 20378
10449 28624
10450 38470
10451 31107
10451 33545
10452 22425
10452 32398
10452 32791
10453 11426
10453 20921
10453 21483
10453 34834
10454 11944
10454 15720
10454 31116
10454 31891
10454 39999
10455 11235
10455 36159
10456 26081
10457 22732
10457 27240
10458 13381
10458 30712
10459 15860
10459 17163
10459 17392
10459 19416
10460 17996
10460 30654
10461 10898
10461 19758
10461 20841
10461 38859
10462 26345
10462 27694
10462 35483
10463 14069
10464 30499
10464 37214
10464 38672
10465 14048
10465 24308
10465 30959
10466 12325
10466 18101
10466 24983
10467 24187
10467 25057
10467 31980
10469 11566
10469 11706
10469 19684
10469 31821
10469 32610
10469 35296
10470 23950
10470 29895
10470 32572
10470 33846
10471 11718
10471 22177
10472 13045
10472 17712
10472 24231
10472 30820
10472 31452
10472 34036
10473 15571
10473 21833
10473 22218
10473 26945
10473 34486
10474 10863
10474 11664
10474 15847
10474 24657
10475 11034
10476 16486
10476 39197
10477 10893
10477 21722
10477 31632
10478 14540
10478 21877
10478 31112
10479 12428
10479 15085
10479 21114
10479 33963
10479 34822
10479 39644
10480 11516
10480 20967
10480 23206
10480 29759
10480 37904
10481 27219
10481 33776
10481 38874
10482 17095
10482 39375
10483 20411
10483 20683
10483 21985
10484 30232
10484 30796
10485 31091
10486 35916
10486 39165
10487 13631
10487 13640
10487 21555
10487 26470
10488 12916
10488 37868
10489 24334
10489 28467
10489 37275
10490 20328
10490 22414
10490 26132
10491 11286
10491 31777
10491 33036
10491 37134
10492 17100
10492 38317
10492 39654
10493 23408
10494 19226
10494 30336
10496 15860
10496 22168
10496 26344
10496 28094
10496 35525
10496 37345
10497 11427
10497 17302
10497 30949
10497 32688
10497 35465
10498 10848
10498 10960
10498 21185
10498 24932
10499 18044
10499 31650
10499 38146
10500 16021
10500 30286
10500 30825
10501 18556
10501 27094
10501 28735
10501 31469
10501 33491
10501 34738
10502 12544
10502 18326
10502 23521
10502 24614
10502 32613
10503 33504
10504 12376
10504 14692
10504 21277
10504 30665
10504 33616
10505 17192
10506 25489
10506 27493
10506 30548
10507 24741
10507 28584
10507 31746
10508 14418
10508 16723
10509 30239
10509 35218
10510 31799
10510 35797
10510 38077
10510 39028
10512 16113
10512 32955
10512 35894
10513 10891
10513 13475
10513 13787
10514 14186
10514 19251
10514 37272
10514 38122
10516 10800
10516 15738
10516 17866
10516 23344
10516 38169
10517 15387
10517 19225
10517 22162
10517 30630
10518 33163
10519 17673
10519 33062
10520 12136
10521 16914
10522 12594
10522 27811
10522 28103
10522 28989
10523 22862
10523 29641
10523 32984
10523 34932
10524 11169
10524 17649
10524 28291
10524 33440
10525 12157
10525 28144
10525 32332
10526 18189
10526 25216
10526 28463
10526 39044
10527 12278
10527 32462
10528 30710
10529 14778
10529 20962
10529 32867
10530 13599
10530 19944
10530 25414
10530 33815
10530 39769
10531 36602
10532 18462
10532 19838
10532 24872
10532 25167
10532 34843
10533 20534
10533 23911
10533 28476
10534 25186
10534 28285
10534 38057
10535 11455
10535 12931
10535 14388
10535 23434
10535 29293
10536 12383
10536 17719
10536 34507
10536 37841
10537 14106
10537 18796
10537 21545
10537 23941
10537 33015
10538 14025
10538 26249
10539 16224
10539 16250
10540 11009
10540 20024
10540 20959
10540 23007
10540 38214
10541 15900
10542 32064
10544 14431
10544 28480
10544 32548
10544 34804
10544 35183
10544 35368
10544 38499
10545 16185
10545 17191
10545 17675
10545 20645
10545 29667
10545 37021
10546 18944
10546 20605
10546 24211
10546 30522
10546 30835
10546 31971
10547 13292
10547 34027
10547 37769
10548 15484
10548 15846
10548 29680
10548 30607
10549 15204
10549 24176
10549 26838
10549 34321
10549 39120
10550 16144
10550 21735
10550 26108
10550 29402
10551 21252
10551 29493
10551 35832
10552 19887
10552 21958
10552 22616
10552 25761
10552 26420
10553 16949
10553 17756
10553 19535
10553 34142
10553 39887
10554 12191
10554 18950
10554 20651
10554 27525
10555 16860
10555 25523
10555 29118
10556 21208
10556 33844
10556 34334
10557 19031
10557 22079
10557 28506
10557 34211
10558 18990
10558 29912
10558 34033
10558 35122
10559 20930
10559 31778
10559 34114
10560 10764
10560 15265
10560 22357
10560 38777
10561 11291
10561 39097
10562 15379
10562 28711
10563 14045
10563 22738
10563 29566
10563 39585
10564 12477
10564 26978
10565 11423
10565 39232
10566 11330
10566 35632
10567 23070
10568 17360
10568 17384
10568 26041
10568 28477
10569 10713
10569 31028
10570 12814
10570 13766
10570 28876
10570 31417
10570 33995
10570 38093
10572 29733
10573 33309
10573 33995
10573 35350
10574 11196
10574 19977
10575 16882
10575 18352
10575 31270
10575 36944
10576 19655
10576 20836
10576 23684
10576 32329
10577 16985
10577 25975
10577 38998
10578 10646
10578 16164
10578 19960
10579 18246
10579 32695
10580 17689
10580 17767
10581 17107
10581 18196
10581 28863
10581 29074
10582 16184
10582 27807
10582 31337
10582 36771
10582 39866
10583 22803
10583 23179
10583 26180
10583 28350
10583 28919
10583 31438
10584 18437
10584 33399
10584 36655
10585 13601
10585 28423
10585 30695
10585 34275
10585 36986
10586 16968
10586 24577
10586 29721
10586 29760
10586 36982
10587 15468
10588 21444
10588 31242
10588 31642
10589 11897
10589 17697
10589 24779
10589 25088
10589 26335
10589 30156
10589 33090
10590 19174
10590 21179
10590 21766
10590 29279
10591 19196
10591 30584
10591 35505
10592 16545
10592 26391
10592 26713
10592 31335
10593 24003
10594 11107
10594 15732
10594 24411
10594 25472
10595 21883
10595 26099
10595 32793
10596 13917
10597 13941
10597 19648
10597 38296
10597 38865
10598 29158
10598 30364
10598 34934
10599 12464
10600 13282
10600 13816
10600 16115
10600 25860
10600 32124
10600 32375
10600 37370
10601 29775
10602 11027
10602 11981
10602 12847
10602 37006
10603 17703
10603 29397
10605 12866
10605 19817
10605 26962
10605 28111
10605 29357
10605 32121
10605 34809
10607 13049
10607 22913
10608 11049
10608 16562
10608 32405
10609 20731
10609 29759
10609 33020
10609 33380
10610 25380
10610 36203
10610 36901
10611 15703
10611 25195
10612 11611
10612 12720
10612 29732
10612 38827
10613 17926
10613 31408
10613 38942
10614 12665
10614 14131
10614 22364
10614 23413
10614 29599
10614 30229
10614 35323
10614 38070
10615 25479
10615 34177
10615 36547
10616 26714
10617 14900
10617 17221
10617 26974
10617 33056
10617 33374
10617 38880
10618 28502
10618 37525
10619 20495
10619 27138
10619 33752
10620 17281
10620 23636
10620 32702
10620 33961
10620 33997
10620 35305
10621 18030
10621 20702
10621 26516
10621 27710
10622 20896
10622 25195
10622 30426
10622 32111
10622 35426
10622 36362
10623 18196
10623 25990
10623 29801
10624 12189
10624 34122
10626 13449
10626 31257
10627 11465
10627 13449
10627 18583
10627 25157
10627 30741
10627 37213
10628 14508
10628 22106
10628 35345
10629 32285
10629 39605
10630 24273
10630 27408
10630 29115
10630 38307
10631 12345
10631 12859
10631 13960
10631 36768
10631 38481
10632 12463
10632 16790
10632 30045
10633 14364
10633 18743
10633 22468
10634 11821
10634 21434
10635 13254
10635 26630
10635 30713
10636 15619
10636 23463
10636 26467
10636 32365
10636 38315
10637 13289
10637 28833
10637 30223
10637 30859
10637 32646
10638 16863
10638 34582
10639 16427
10639 18857
10639 23320
10639 34235
10639 36709
10639 37858
10640 16971
10640 26528
10640 27188
10640 37669
10641 17727
10642 16632
10642 23363
10642 27101
10642 30460
10643 26958
10643 36522
10644 12229
10644 12430
10644 21278
10644 23886
10645 31516
10646 16855
10646 17503
10646 24330
10646 29027
10646 30281
10647 20789
10647 28682
10647 35592
10648 29288
10648 38677
10648 39428
10649 24281
10649 27713
10649 33057
10650 28136
10650 32197
10651 11511
10651 33627
10651 34960
10651 38529
10651 38763
10651 38862
10653 28750
10653 39833
10654 11134
10654 15646
10654 24302
10654 30183
10655 15795
10655 18370
10655 23130
10655 32044
10656 11348
10656 17703
10656 19764
10656 34150
10657 13078
10657 29519
10657 35194
10658 37622
10659 30074
10660 13810
10660 15791
10660 38407
10661 14648
10661 23791
10661 27550
10661 30724
10661 39940
10662 34347
10662 34935
10663 14567
10663 17295
10663 27430
10663 34337
10663 34511
10664 33070
10665 11230
10665 14908
10665 32332
10666 17433
10666 25169
10666 27002
10667 19602
10667 28720
10668 18187
10668 21613
10669 15312
10669 16122
10669 19875
10669 29584
10669 38412
10670 18820
10671 13128
10671 19242
10671 30050
10671 34572
10672 35125
10672 37480
10673 15942
10673 26658
10673 27156
10674 25329
10674 32118
10674 37020
10674 37091
10675 10810
10675 19244
10675 33222
10676 25430
10676 30809
10676 33950
10676 36385
10677 12037
10677 30232
10678 20866
10678 32511
10678 33737
10678 35062
10678 39358
10679 10847
10679 12885
10679 18455
10679 19427
10679 21450
10679 25323
10679 29001
10679 29952
10680 17532
10680 19948
10680 20679
10680 27952
10681 37078
10682 23019
10682 34877
10683 18719
10683 19607
10683 35733
10683 39123
10684 23311
10684 35794
10685 10905
10685 19338
10685 23100
10685 38018
10686 13237
10686 21814
10686 37291
10687 21410
10687 22070
10688 31376
10688 33169
10688 37026
10689 13524
10689 13918
10689 29461
10690 19034
10690 27141
10691 11448
10691 24365
10691 27904
10692 14957
10692 24897
10692 27009
10693 13903
10693 14136
10693 15711
10693 20814
10694 13220
10694 17232
10694 23760
10694 32127
10695 21718
10695 22055
10695 30681
10695 38700
10696 10894
10696 11168
10696 17827
10696 19184
10696 21553
10696 25258
10697 14876
10697 27465
10697 30739
10697 33159
10697 36163
10697 38113
10698 27982
10698 33503
10699 18250
10699 22574
10699 35366
10699 36150
10700 31689
10700 32591
10701 11338
10701 22557
10701 28743
10702 10990
10702 19115
10703 21092
10703 39723
10704 17993
10704 32841
10704 34534
10704 36564
10705 11232
10705 13441
10705 16158
10705 21825
10705 37810
10706 24416
10706 28351
10706 35107
10707 19499
10708 19140
10708 26406
10708 26776
10708 38702
10709 13119
10709 26698
10710 14209
10710 18309
10711 16095
10711 28091
10711 28356
10711 39288
10712 18103
10712 18276
10712 23261
10712 25707
10713 12271
10713 31309
10713 34821
10714 13628
10714 24745
10715 13023
10716 14199
10716 15525
10716 28053
10717 14147
10717 25837
10719 17759
10719 20748
10719 31906
10719 38931
10720 20572
10720 26048
10720 26340
10720 26938
10722 13435
10722 16517
10722 32696
10722 38888
10723 11891
10723 15273
10723 17297
10723 19839
10724 18538
10724 37311
10725 20921
10725 25150
10725 26155
10726 16434
10726 24562
10727 12811
10727 13421
10728 12131
10728 15240
10728 21124
10729 15598
10729 34844
10729 37520
10730 22663
10730 25292
10730 25654
10730 28933
10730 39929
10731 24425
10731 26054
10732 15910
10732 26996
10733 13409
10733 28210
10735 22847
10735 29904
10736 38838
10737 25436
10737 33439
10737 36608
10737 36786
10738 23549
10738 35965
10739 13272
10739 32895
10739 34881
10739 39047
10740 11563
10740 25744
10740 37046
10741 12644
10742 10989
10742 13828
10742 29168
10743 20675
10743 22786
10744 17484
10744 18012
10744 28663
10745 34136
10745 34545
10746 15118
10746 15489
10746 21083
10747 10862
10747 29683
10747 39271
10748 21988
10748 25838
10748 29169
10748 33072
10748 39920
10749 16750
10749 22444
10750 24028
10750 32241
10750 39287
10750 39493
10751 20129
10751 24012
10751 36259
10751 37346
10753 14105
10753 14782
10753 18975
10753 19554
10754 27070
10754 36194
10755 12655
10755 17005
10755 27281
10755 38804
10756 15380
10756 16703
10756 27255
10756 30704
10757 31139
10758 28012
10758 30481
10758 31774
10759 23793
10759 31384
10760 21155
10760 31566
10760 37846
10761 33427
10761 33652
10762 27708
10762 32590
10762 37148
10762 38934
10765 28065
10765 39134
10766 26246
10766 29313
10766 29634
10766 30814
10767 14683
10767 18758
10767 23972
10767 32096
10768 34565
10768 37720
10769 26498
10769 34026
10770 22317
10770 24532
10771 13380
10771 13593
10771 23457
10772 19687
10772 29046
10772 29102
10773 10932
10773 22621
10773 28509
10773 31628
10773 32459
10774 29958
10774 33356
10775 22432
10776 11701
10776 20628
10776 20935
10776 33896
10776 37906
10777 11138
10777 28307
10778 35083
10779 16702
10779 20314
10779 36979
10779 36990
10780 13884
10780 17682
10780 24243
10780 31664
10780 38343
10781 34554
10781 39413
10782 19805
10782 20274
10782 33460
10783 31271
10783 34019
10784 30753
10784 31223
10785 17004
10785 19644
10785 29870
10785 37946
10786 18278
10786 23464
10786 24786
10787 18622
10788 19160
10788 29015
10790 13193
10790 14675
10790 28693
10790 33574
10790 35872
10791 19788
10791 20175
10791 25569
10791 37453
10792 14646
10792 24564
10792 28561
10792 35906
10793 16033
10793 16181
10793 20687
10793 23746
10794 14830
10794 18817
10794 30986
10794 35530
10795 13797
10795 16241
10795 27920
10795 35190
10795 36972
10796 23036
10796 23592
10796 27753
10797 20867
10797 32440
10798 15734
10798 19556
10798 22555
10798 24338
10798 27639
10798 38910
10799 11098
10799 27872
10800 16380
10801 24676
10801 27013
10801 28406
10801 36526
10801 37868
10802 15809
10802 25944
10802 26434
10802 33268
10803 20361
10803 34027
10804 20494
10804 29178
10805 23332
10805 31344
10805 31588
10806 18052
10806 29385
10807 17880
10807 34443
10808 11373
10808 15899
10808 19873
10808 28077
10808 34059
10808 38925
10809 14106
10809 30565
10809 32421
10809 38794
10810 18812
10810 31988
10811 10963
10811 11022
10811 37510
10812 11616
10812 33840
10813 33509
10813 33984
10814 18819
10814 19882
10814 22339
10815 16106
10815 18326
10815 24163
10815 24434
10815 39783
10816 38888
10817 26105
10817 35955
10818 14713
10818 14921
10818 14975
10818 26914
10818 37444
10819 20623
10819 33991
10819 36116
10820 13108
10820 34561
10820 35342
10821 14188
10821 18539
10821 20890
10821 23376
10822 16074
10822 22139
10822 29149
10823 23597
10823 29656
10823 31096
10824 21173
10824 27359
10825 35675
10825 37812
10826 24711
10826 29849
10826 32488
10827 13508
10827 15137
10827 16247
10827 38053
10828 13264
10828 20458
10829 30797
10829 35032
10829 37395
10829 37776
10830 16592
10831 14542
10831 16407
10831 18329
10831 20452
10831 24799
10832 27595
10832 28949
10832 32416
10832 38459
10832 39354
10833 11003
10833 34697
10834 12506
10834 31377
10835 25252
10835 29998
10836 12111
10836 13965
10836 16420
10836 26428
10836 32470
10836 34174
10837 16143
10838 28900
10838 29039
10838 30191
10839 11620
10839 13612
10839 17964
10839 21696
10839 35403
10839 39818
10840 19960
10840 27949
10840 34127
10842 37039
10843 15740
10843 18010
10843 35821
10844 14376
10844 33769
10844 33860
10845 16508
10845 17949
10845 18714
10845 18946
10846 12800
10846 19111
10846 32897
10846 34090
10848 11547
10848 19434
10848 20178
10848 22058
10849 17884
10849 35055
10850 17830
10850 21524
10850 23725
10850 28059
10850 35344
10851 14490
10851 29992
10851 30092
10852 12847
10852 34373
10852 38314
10853 17615
10853 23722
10853 32206
10855 12738
10855 13405
10855 15305
10855 23785
10855 38869
10856 29217
10856 32216
10856 39237
10857 12222
10857 21695
10857 21993
10857 37358
10858 20559
10859 39879
10860 34621
10860 39499
10861 32099
10861 36165
10862 14142
10862 16221
10862 39641
10863 10935
10863 24868
10863 34196
10864 14811
10864 28151
10865 14571
10865 16891
10865 21722
10865 27109
10865 33300
10866 12979
10866 19488
10866 21732
10866 26721
10866 32964
10867 25336
10867 31322
10867 35091
10867 39613
10869 15279
10869 20055
10869 25474
10869 33701
10870 14054
10870 15113
10870 16928
10870 22179
10870 31475
10871 12463
10871 22419
10871 24312
10872 26584
10872 28732
10872 35910
10873 14671
10874 16976
10874 34115
10874 34678
10875 31613
10875 36329
10876 28442
10878 21755
10878 30844
10879 26669
10880 17569
10881 13881
10881 16161
10881 20529
10881 29252
10881 38410
10882 10949
10882 16036
10882 29248
10883 37751
10883 38021
10884 36036
10884 36784
10885 24760
10886 23334
10886 30698
10886 38240
10887 26710
10887 27140
10887 30931
10888 16922
10888 28761
10889 16353
10889 16411
10889 33557
10890 13305
10890 18384
10891 17537
10891 27394
10891 27718
10891 37610
10892 16202
10892 26525
10892 29249
10893 18529
10893 31241
10894 13803
10894 38825
10895 15860
10895 15935
10895 23051
10895 37894
10896 15746
10896 24920
10896 29340
10897 26066
10897 34497
10898 11959
10898 31384
10898 32248
10898 39959
10899 11345
10899 11795
10899 23569
10899 32103
10900 19312
10900 23627
10900 30981
10901 19009
10901 26635
10901 35450
10902 12102
10902 12890
10902 31451
10902 38064
10903 12232
10903 23059
10904 31664
10904 36296
10904 37797
10905 16223
10905 16805
10905 30191
10905 36392
10905 39032
10905 39609
10906 16225
10906 17701
10906 24465
10906 30268
10906 31449
10906 35197
10907 24511
10907 28159
10907 31751
10907 37225
10908 11577
10909 14817
10909 30236
10910 20603
10910 37248
10911 12344
10911 29217
10912 32363
10913 11937
10913 12465
10913 14654
10913 25216
10913 26606
10913 30006
10913 32406
10914 14929
10914 18517
10914 35253
10915 17103
10915 19630
10915 27122
10915 34565
10916 22927
10916 27155
10916 27679
10916 29604
10916 31117
10916 32417
10916 33253
10916 38166
10917 27536
10917 31157
10918 16937
10918 29335
10919 11514
10919 19994
10919 28332
10920 16169
10920 20669
10920 26540
10920 26915
10921 18214
10923 15951
10923 21509
10924 18869
10924 27536
10925 13675
10925 32327
10925 38054
10926 13837
10926 35156
10926 35183
10927 25725
10927 39550
10928 23264
10928 30411
10929 19174
10929 25847
10930 14594
10930 17956
10930 31533
10930 35172
10931 20414
10932 26220
10932 37910
10933 18484
10933 36690
10934 11729
10934 20917
10934 24458
10934 34169
10935 28763
10937 16523
10937 16951
10937 21550
10937 34135
10937 36918
10938 12633
10938 30999
10938 32649
10938 33522
10939 21549
10939 29038
10939 37680
10940 13241
10940 22830
10940 26981
10940 27014
10940 35360
10941 29998
10941 37870
10942 31423
10943 16212
10943 19037
10943 25005
10944 17121
10944 35158
10946 15080
10946 28138
10947 20438
10947 22235
10947 24714
10947 31450
10947 33069
10947 33515
10948 25507
10948 32664
10948 33201
10949 12727
10949 18915
10949 24953
10950 15717
10950 28791
10950 39479
10951 14206
10951 14495
10951 19751
10951 20368
10951 28087
10951 37941
10952 19900
10952 30505
10952 37584
10953 27900
10953 28134
10953 30587
10953 39405
10954 12666
10954 20486
10954 20665
10954 32416
10954 34958
10954 39581
10956 13727
10956 15706
10956 20615
10956 24737
10957 12275
10957 16135
10957 32759
10958 11736
10958 26317
10958 34170
10958 37571
10958 38883
10959 13013
10959 13769
10959 15958
10959 30813
10959 31715
10960 33636
10960 37041
10961 16425
10961 19904
10961 25770
10962 15921
10962 16293
10962 34120
10963 22431
10963 37734
10964 16803
10964 18080
10964 22040
10964 34036
10964 39155
10965 12490
10965 16918
10966 12710
10966 25700
10967 16464
10967 27113
10967 29321
10968 14421
10968 27294
10968 31840
10968 36337
10968 38815
10969 19048
10969 22728
10970 11357
10970 11824
10970 28522
10970 35000
10970 37463
10971 19006
10971 33690
10971 36305
10972 18489
10972 18501
10972 22357
10972 30460
10973 13575
10973 23792
10973 35951
10974 11511
10974 14510
10974 18443
10974 26426
10974 30729
10974 33678
10974 36256
10974 36889
10975 19345
10975 25642
10975 38749
10977 37161
10978 17662
10978 19434
10978 25394
10978 33805
10978 39537
10979 12554
10979 15101
10979 16053
10979 39379
10980 18428
10980 18464
10980 20796
10980 26634
10980 30056
10980 33026
10980 36860
10981 20927
10981 38440
10982 30935
10982 37816
10983 26449
10984 12086
10984 23179
10984 28143
10985 14761
10985 23292
10985 23816
10985 25402
10985 26395
10985 33041
10986 26294
10987 12284
10987 29290
10988 14800
10989 21030
10989 31715
10989 36251
10990 12926
10990 33712
10991 28674
10992 14794
10992 24055
10992 26323
10992 29597
10992 34507
10992 36503
10992 39624
10992 39739
10993 28350
10993 39444
10994 13497
10994 13805
10994 20905
10994 28862
10994 36320
10994 36905
10995 27367
10997 21612
10997 24282
10997 27046
10997 33373
10998 13084
10998 20323
10998 22161
10998 24213
10998 27051
10999 16986
10999 27246
11000 31909
11001 18375
11001 21919
11001 24713
11001 26421
11001 34105
11002 29796
11002 31224
11003 24667
11003 33758
11007 24296
11007 38075
11008 21857
11008 38099
11009 21162
11009 32402
11010 12837
11010 17700
11010 18786
11010 27880
11010 30305
11010 31331
11010 32709
11010 38204
11011 24476
11011 27164
11011 33128
11011 34076
11012 11338
11012 12520
11013 15261
11013 15636
11013 18078
11013 29988
11013 36525
11013 39435
11014 21377
11014 27846
11015 13171
11015 17528
11015 18358
11015 32385
11015 39531
11016 13120
11016 33226
11016 35986
11017 21127
11017 28457
11017 34430
11018 11361
11018 17576
11018 24569
11018 31955
11019 19362
11019 23195
11020 30484
11020 33363
11021 24485
11021 31444
11021 34091
11022 16642
11022 28234
11022 37049
11022 39416
11023 28686
11023 29968
11024 25967
11024 30090
11025 16937
11025 35490
11025 37763
11026 18403
11026 27683
11027 13781
11027 21799
11027 25390
11028 20603
11028 28861
11028 32644
11029 22555
11029 34727
11029 34894
11030 12635
11030 14799
11030 32656
11031 11680
11031 13881
11031 18212
11031 31875
11031 37602
11032 12706
11032 17693
11032 23713
11032 38582
11033 19500
11033 30600
11034 27910
11035 16736
11035 18452
11035 24648
11036 18077
11036 29573
11036 36471
11036 39490
11037 12948
11037 14746
11037 23115
11037 33430
11037 34706
11037 35245
11037 38248
11037 39955
11038 13689
11039 14831
11039 16686
11039 23879
11039 29455
11040 13487
11040 20633
11040 24303
11040 28435
11041 19820
11041 37636
11042 23004
11042 23977
11043 30121
11043 37876
11045 34157
11045 36689
11046 11949
11046 15407
11046 16616
11046 24314
11047 11594
11047 13915
11047 20147
11047 35857
11048 14569
11048 19306
11048 24083
11048 26022
11048 30142
11049 15284
11049 20889
11049 23131
11049 36939
11050 17578
11050 24608
11050 29425
11050 33960
11051 23985
11051 33620
11052 20381
11052 33302
11052 35370
11053 12565
11053 31032
11053 39845
11055 12348
11056 29560
11056 31348
11057 22891
11057 27480
11057 32274
11057 36025
11058 27260
11058 33081
11058 33495
11058 34236
11058 39748
11059 18836
11059 21111
11059 22517
11059 30684
11059 34937
11060 13624
11060 25345
11061 16729
11061 19579
11061 37087
11062 11882
11062 14663
11062 17482
11062 18139
11062 20095
11062 25881
11062 29651
11062 30326
11062 31204
11062 33455
11063 35863
11064 29108
11065 13201
11065 13882
11065 14336
11065 25417
11065 28092
11066 24512
11066 31511
11067 15286
11067 20115
11067 29762
11068 12874
11068 32747
11069 18185
11069 19132
11070 12633
11070 18444
11072 11292
11072 12230
11072 16090
11072 19275
11073 38074
11074 23919
11074 32017
11075 12774
11075 16191
11075 23214
11075 24015
11075 27347
11075 31199
11075 33023
11075 36199
11076 18464
11076 30437
11076 30867
11076 33848
11076 39971
11077 19839
11077 32231
11078 24642
11078 25703
11078 32523
11078 36859
11079 11698
11079 16474
11079 33420
11079 37929
11080 21846
11080 32506
11081 11996
11081 19108
11081 34015
11082 18958
11082 25077
11084 18626
11084 21246
11084 32547
11085 17781
11085 22845
11085 32506
11085 35785
11086 19562
11086 26195
11087 12004
11087 29484
11087 32417
11088 12074
11088 25668
11088 27679
11088 30447
11088 34297
11089 26906
11089 35667
11090 15399
11090 16930
11090 19981
11091 15019
11091 15290
11091 26328
11091 36284
11092 20634
11092 22387
11092 29378
11092 33994
11092 37022
11093 15396
11093 21491
11095 15465
11095 15594
11095 22153
11095 26203
11095 37399
11096 18391
11096 25321
11096 28592
11096 33353
11097 15764
11097 29672
11098 20247
11099 15948
11099 17161
11099 17852
11099 25621
11100 15470
11100 19199
11100 23104
11100 24597
11100 26490
11100 27421
11101 14509
11101 20675
11101 29607
11101 36519
11102 23060
11102 28503
11102 32681
11103 16880
11103 18261
11103 20363
11103 21090
11103 26939
11104 36218
11105 11986
11105 23288
11105 39875
11106 14004
11107 12903
11107 24062
11107 28268
11107 28604
11107 31371
11109 16801
11109 17483
11109 26052
11109 29642
11110 16969
11110 19578
11110 19885
11110 37266
11111 20238
11111 25099
11111 38773
11112 20987
11112 28648
11112 31185
11112 32653
11112 33706
11113 18243
11113 27331
11113 28447
11113 35724
11113 36896
11114 13099
11114 24263
11115 16351
11115 29643
11116 13807
11116 31236
11116 31737
11116 36259
11117 14614
11117 15929
11117 19050
11117 26744
11117 30337
11117 39911
11118 22599
11119 25590
11119 32280
11120 13122
11121 16413
11121 23473
11122 11537
11122 16108
11122 21789
11122 24583
11122 31488
11122 32058
11122 33333
11123 12622
11123 23557
11124 12624
11124 33260
11124 35896
11126 38791
11127 14849
11128 21106
11128 22111
11128 24667
11129 18796
11130 21682
11130 35498
11130 38643
11131 14025
11131 35119
11132 18546
11132 25666
11132 27998
11133 27370
11133 28952
11134 12673
11134 13174
11134 15395
11134 30621
11134 36104
11135 13150
11135 14146
11135 27777
11136 16523
11136 20733
11136 28719
11136 36875
11137 14200
11137 16482
11137 19114
11137 21105
11137 35255
11138 16377
11138 31369
11139 15288
11139 20853
11140 23610
11141 27033
11141 29776
11143 22280
11145 19904
11145 32642
11145 37656
11146 11668
11146 16160
11146 24239
11147 32038
11148 31725
11148 36796
11148 39054
11148 39641
11149 16454
11149 26144
11149 26914
11149 27329
11149 35541
11149 38546
11150 20850
11150 21328
11150 23909
11150 26797
11150 28565
11151 26132
11151 32137
11151 35330
11152 18652
11152 30115
11152 39032
11152 39519
11153 16744
11153 37921
11154 26764
11154 29168
11155 37142
11155 39883
11156 16833
11156 33003
11156 38020
11157 20024
11157 20577
11157 28988
11157 39202
11158 15627
11158 17135
11158 20508
11158 21928
11158 33399
11158 33702
11159 18084
11159 18672
11159 23561
11159 37822
11160 14133
11160 17950
11161 22357
11162 19022
11162 21107
11163 16274
11163 24509
11163 25049
11163 26977
11163 37071
11164 17458
11164 19331
11164 38137
11164 38973
11165 26083
11165 27326
11165 38186
11166 25133
11166 32459
11166 38332
11167 20492
11167 24071
11167 26731
11167 29960
11168 23726
11168 24007
11168 24379
11168 25779
11168 33273
11168 36448
11169 11531
11169 13477
11169 15340
11169 15497
11169 34647
11170 16020
11170 19601
11170 27077
11170 33644
11171 26483
11171 27376
11171 34577
11171 34801
11172 20868
11172 34150
11173 31179
11173 33547
11174 17397
11174 24308
11174 25283
11174 32180
11175 17318
11175 18291
11175 23527
11176 12187
11176 18919
11176 31294
11176 38149
11177 21278
11178 28180
11178 32821
11178 33544
11180 13725
11180 14583
11180 33395
11181 14407
11181 15982
11181 37532
11182 20302
11182 26026
11182 32214
11183 15729
11183 28150
11183 30762
11183 31181
11183 35172
11184 39872
11185 14119
11185 15955
11185 19266
11185 19568
11186 15692
11186 27500
11186 36510
11187 15212
11187 23657
11187 26743
11187 35178
11187 38778
11188 39707
11189 27908
11189 38184
11189 38290
11190 12026
11191 13174
11191 33091
11192 16983
11193 11260
11193 11970
11193 12232
11193 20598
11194 32451
11194 37661
11195 15992
11195 16385
11195 23017
11195 23495
11195 29983
11195 31986
11195 34210
11196 13544
11196 38081
11197 25672
11197 33810
11197 37720
11198 12154
11198 16812
11199 23739
11200 11758
11200 21295
11200 23146
11200 37732
11200 38356
11201 31919
11201 37543
11202 14191
11202 23859
11203 12771
11203 23125
11204 26919
11205 23541
11205 29848
11205 35405
11206 19513
11206 22361
11206 33058
11206 39766
11207 33614
11208 13554
11208 14687
11208 26108
11208 26679
11208 33164
11209 29400
11210 18505
11210 19595
11210 25107
11210 37488
11210 38561
11211 15495
11211 32265
11212 28660
11213 18302
11213 19163
11214 14002
11214 29906
11214 35051
11214 36857
11215 17913
11216 18890
11216 28610
11216 31460
11216 35109
11217 25826
11217 30000
11217 36147
11218 13759
11218 21888
11218 24474
11218 32065
11219 31506
11220 11904
11220 15242
11220 16637
11220 23613
11220 36093
11221 13477
11221 15886
11221 20584
11222 21749
11222 22314
11222 29180
11223 12321
11223 27615
11223 28492
11224 19487
11225 26937
11225 30616
11225 33760
11226 19467
11226 27406
11227 12685
11227 23855
11227 25222
11227 28478
11227 39645
11228 21875
11228 29632
11228 29760
11229 25334
11229 25438
11230 16776
11230 24476
11230 27228
11230 31486
11231 17130
11231 34873
11232 11435
11232 16970
11232 20104
11232 36082
11233 11680
11233 27367
11234 11882
11234 13060
11234 23547
11234 23592
11234 31224
11235 16575
11236 17240
11236 17946
11236 35180
11236 37696
11237 25962
11238 22649
11238 23842
11238 25184
11238 29235
11238 36167
11239 24179
11239 24412
11239 31223
11240 14382
11240 23132
11240 27184
11241 36800
11242 15417
11242 30506
11242 31299
11242 35013
11242 36215
11243 19962
11243 39191
11244 24546
11244 25768
11244 30301
11244 32094
11244 38192
11245 20897
11246 13544
11246 16030
11246 27932
11246 33443
11247 16701
11247 20487
11247 22094
11248 23575
11250 11466
11250 13771
11250 22261
11250 28721
11251 22351
11251 33261
11252 16624
11252 19669
11252 28603
11252 37707
11253 27610
11253 38177
11254 11299
11254 25586
11254 26824
11254 31563
11254 33399
11254 38352
11255 20816
11256 18211
11256 37093
11257 21462
11257 26137
11257 29532
11257 39614
11258 14881
11258 22463
11258 27246
11258 35646
11259 19179
11259 30134
11259 37169
11260 30849
11260 38792
11260 39531
11261 18864
11261 21502
11261 34734
11262 18715
11262 26916
11262 29843
11262 32279
11262 36655
11263 12754
11263 31534
11263 32602
11263 34582
11264 13662
11264 16176
11264 17427
11264 32813
11265 18108
11265 19331
11265 33494
11266 14342
11266 21463
11266 28259
11266 29051
11266 33415
11267 12110
11267 21412
11267 27947
11267 31558
11268 19048
11268 31720
11268 38479
11269 22417
11269 36020
11269 38659
11270 23018
11270 23686
11270 28404
11270 34552
11271 19867
11271 21778
11272 17904
11272 36987
11273 13809
11273 30490
11273 31232
11274 12338
11275 21645
11275 22625
11275 38881
11275 39856
11276 15435
11277 12322
11277 14004
11277 22298
11278 11657
11278 20840
11278 32194
11278 37848
11279 15784
11280 15425
11281 24009
11281 38316
11282 21434
11282 32754
11282 37493
11283 17799
11283 28253
11284 29374
11284 33046
11285 20993
11285 21358
11285 24225
11285 36407
11286 13986
11286 28926
11286 28999
11286 33221
11286 35113
11287 20153
11287 21152
11287 35496
11287 35975
11288 29901
11288 32188
11289 26772
11290 38947
11291 22000
11291 32655
11291 36337
11292 27225
11292 34398
11292 39271
11293 32334
11294 15646
11294 16965
11294 17127
11294 17154
11294 23767
11294 32585
11295 15458
11295 22110
11295 28578
11295 37911
11295 38244
11296 11607
11296 15639
11296 17500
11296 26857
11296 29164
11296 30598
11296 38917
11297 16946
11297 22218
11297 22891
11297 29486
11297 31589
11297 38231
11298 18134
11298 22685
11298 38028
11298 38971
11299 31331
11299 32176
11299 35397
11299 37727
11299 37834
11300 23501
11300 35991
11300 37998
11301 25692
11301 33481
11303 24802
11303 28854
11303 35574
11303 36315
11304 13922
11304 19941
11304 24685
11304 31367
11304 32014
11305 19914
11305 19984
11305 24602
11305 25858
11305 27771
11306 27797
11306 39000
11307 18797
11307 20111
11307 36463
11307 39660
11307 39663
11308 13600
11308 14049
11310 17895
11310 19743
11310 31541
11310 35231
11310 37330
11311 18426
11311 23051
11311 25907
11311 26908
11311 36050
11311 37966
11313 16726
11313 32618
11313 39222
11314 20049
11314 20838
11314 23844
11314 39080
11315 23025
11315 25879
11315 35597
11315 37544
11316 11691
11316 29486
11319 25765
11319 26993
11319 27516
11319 39567
11320 12735
11320 22900
11320 29223
11321 34213
11322 20086
11322 35774
11323 12268
11323 21243
11323 25957
11323 28620
11323 36504
11324 12043
11324 21208
11324 26605
11324 32791
11325 27365
11325 31132
11326 21418
11327 21556
11327 25529
11327 33264
11327 36105
11328 29139
11328 30733
11328 30875
11328 31208
11328 32949
11329 11985
11329 14425
11329 21964
11330 13692
11330 28881
11331 12572
11331 16543
11331 20384
11331 32708
11331 32790
11331 37962
11332 17853
11332 20743
11332 30764
11332 36582
11333 20982
11334 13341
11334 27425
11334 29732
11334 33463
11334 39397
11334 39894
11335 20191
11335 32653
11335 39053
11336 16095
11336 23186
11336 26556
11336 37824
11337 17203
11337 17409
11337 30779
11339 17159
11339 28170
11340 23698
11340 24855
11341 16058
11341 22200
11341 26432
11341 27463
11341 29672
11341 30252
11342 12404
11342 14702
11342 36658
11343 33273
11344 27861
11344 32479
11344 33951
11345 21027
11345 25808
11345 26918
11346 11944
11346 15128
11346 27678
11346 31470
11347 16338
11347 17616
11347 18771
11348 39104
11349 34523
11349 34557
11350 20568
11350 39806
11351 19226
11351 25482
11351 27947
11351 28000
11352 14077
11352 18838
11352 24630
11354 12175
11354 20424
11354 35872
11354 35990
11355 22340
11355 36546
11356 18961
11356 28176
11356 35950
11357 12433
11357 13748
11357 23046
11357 36354
11357 36687
11358 11763
11358 15257
11359 18670
11359 18934
11359 20717
11359 21118
11359 23348
11359 24426
11359 34089
11360 19451
11360 26192
11360 35077
11360 37231
11361 20737
11361 30698
11361 32203
11361 39087
11361 39138
11362 11496
11362 14829
11363 12044
11363 14192
11363 15528
11363 36214
11365 20003
11365 20157
11365 20499
11365 26203
11365 36451
11366 18557
11366 22305
11366 24253
11367 11961
11367 14001
11367 25458
11367 32398
11368 27773
11368 30206
11368 33569
11368 35297
11369 19105
11369 34499
11369 36413
11370 20203
11370 32812
11370 33881
11370 38212
11371 11934
11371 21377
11371 22281
11371 23510
11371 29626
11371 34477
11371 38526
11372 12872
11372 14421
11372 20211
11372 38184
11373 32777
11373 37273
11374 17499
11374 31658
11375 12684
11375 38429
11376 17128
11376 17407
11376 17684
11376 17971
11376 20084
11376 23848
11377 18867
11377 26935
11377 27028
11378 20061
11378 27426
11378 34311
11379 15159
11379 15630
11379 18531
11379 29798
11379 30616
11379 31050
11379 32527
11379 34232
11379 38529
11380 20699
11380 23711
11380 30922
11380 33301
11380 36193
11381 21606
11382 18836
11382 34088
11382 39433
11383 34049
11384 12573
11384 24737
11384 26971
11385 21186
11385 26510
11388 31340
11389 12293
11389 14115
11389 24976
11389 39262
11390 13009
11390 30351
11390 39326
11391 19124
11391 19620
11391 22616
11391 22705
11391 26875
11391 28728
11391 34041
11391 37114
11392 18060
11392 20330
11393 25382
11393 26976
11394 14065
11394 39608
11395 16575
11395 17492
11395 29349
11395 36955
11396 12272
11396 12523
11396 12664
11398 17902
11398 39814
11399 24887
11399 32374
11400 13686
11400 28714
11401 13610
11401 24879
11401 30999
11401 37682
11402 26926
11403 22926
11403 39143
11404 13456
11404 37624
11405 12602
11405 12970
11405 13917
11405 17926
11405 33072
11406 17673
11406 24782
11406 29534
11406 33012
11407 30650
11407 34341
11408 20245
11409 12519
11409 15589
11409 16079
11410 11665
11410 12453
11410 17217
11410 18406
11410 23369
11410 25733
11410 27830
11410 29200
11411 14503
11411 23486
11411 25399
11411 34656
11411 37049
11412 22131
11412 22283
11412 38641
11413 13399
11413 39341
11413 39768
11414 30316
11414 36831
11415 15069
11415 19205
11416 13813
11416 15983
11416 18728
11416 28024
11417 30199
11417 38024
11418 16566
11418 26804
11418 37470
11419 30679
11419 35673
11420 36834
11420 36940
11421 16456
11421 20783
11421 21727
11421 33329
11421 36016
11422 18818
11422 26849
11422 34304
11422 34914
11422 37133
11423 14081
11424 24100
11424 33461
11424 37805
11426 22951
11427 19068
11427 33137
11427 39364
11428 13647
11428 17978
11428 27272
11429 11971
11429 19879
11430 29919
11430 32978
11431 16652
11431 19394
11431 34393
11432 27152
11432 33091
11433 20863
11433 25950
11433 34176
11433 35382
11434 14972
11434 32009
11435 12311
11435 13559
11435 23750
11435 36530
11436 14332
11436 19726
11436 29076
11436 31317
11437 20104
11437 20218
11437 20286
11437 27507
11438 25515
11439 19607
11439 20993
11439 24731
11440 14241
11440 17203
11440 19542
11440 20380
11441 29726
11442 16168
11442 20224
11444 16739
11444 18166
11444 19231
11444 25794
11444 31277
11445 17600
11446 14670
11446 20017
11446 20561
11446 22641
11446 35733
11446 36295
11447 37031
11448 24522
11448 31974
11448 38416
11449 18869
11449 32944
11450 32269
11450 33710
11451 12863
11451 20366
11451 24650
11451 33611
11452 14095
11452 34787
11452 37731
11454 21728
11454 24869
11455 17514
11455 21427
11455 33876
11456 33863
11457 16990
11457 21848
11457 28971
11458 18108
11458 35376
11460 12489
11460 12506
11460 21247
11461 20244
11462 13323
11462 36026
11462 39245
11463 19243
11463 27640
11465 30343
11466 15194
11466 18055
11466 31736
11467 17479
11467 18410
11468 15832
11468 16140
11468 19134
11468 33502
11468 36907
11469 16224
11469 21306
11469 29889
11469 34231
11470 11620
11470 19203
11470 32050
11471 19914
11471 27658
11471 38705
11472 25758
11472 38515
11473 15938
11473 19148
11473 19345
11473 38295
11474 13951
11475 12071
11475 24014
11475 37660
11477 22884
11477 23277
11478 21265
11479 18826
11479 21637
11479 34679
11481 17747
11481 31490
11482 33510
11483 12053
11483 30153
11483 34423
11484 16902
11484 19183
11484 24735
11484 27056
11484 32855
11485 13743
11485 24340
11486 12101
11486 28787
11486 36049
11486 39024
11487 25021
11487 26962
11487 29043
11487 32328
11487 38413
11488 12712
11488 35796
11488 38747
11488 39773
11489 15817
11489 37331
11490 15764
11490 17254
11490 22777
11490 39998
11491 19857
11492 17891
11492 29875
11492 30347
11492 33178
11492 36649
11493 18453
11493 19184
11493 28849
11494 17294
11494 23243
11494 31299
11494 37962
11495 28833
11495 34614
11495 39064
11496 15476
11496 16803
11496 19011
11496 29318
11496 34726
11497 19870
11497 20490
11497 30457
11497 35915
11498 13043
11499 38410
11500 20006
11501 22232
11501 35736
11502 15130
11502 21088
11502 32792
11503 23470
11503 24729
11503 29416
11504 12455
11504 18599
11504 22711
11504 28593
11504 28950
11504 32322
11504 39989
11505 16559
11505 18251
11506 24695
11506 27938
11506 31765
11506 35336
11507 11801
11507 17874
11507 25561
11507 33138
11508 12457
11508 19471
11508 19593
11508 28334
11508 30381
11508 36219
11509 18683
11509 25859
11509 30379
11510 17460
11510 27218
11512 12199
11512 16622
11512 17729
11512 23968
11512 35924
11513 17785
11513 21984
11513 24784
11513 30298
11513 31262
11513 31716
11513 34166
11513 39976
11514 22161
11514 29029
11514 32908
11515 18945
11515 21971
11515 29899
11515 39974
11516 15809
11516 26202
11516 37946
11517 26245
11517 35458
11518 15824
11518 21162
11518 25321
11518 33945
11519 12443
11519 14269
11519 25061
11519 35077
11519 37789
11521 22985
11521 30880
11522 11848
11522 26922
11522 34661
11522 36841
11523 12389
11523 14999
11523 19015
11524 11625
11524 15437
11524 20821
11524 29558
11524 36809
11525 27068
11525 34652
11526 14140
11526 18667
11526 18718
11526 27328
11527 18577
11527 24145
11527 30975
11527 36013
11527 36739
11528 13186
11529 18393
11529 22491
11529 38306
11530 20836
11531 28114
11531 39511
11531 39535
11532 18890
11532 33266
11532 34034
11532 34808
11533 12886
11533 17262
11533 32678
11534 19114
11534 21393
11534 24634
11534 24886
11534 32051
11535 32024
11535 37402
11535 39004
11536 13013
11536 20761
11536 32838
11536 34372
11536 35921
11536 37204
11537 16537
11537 33493
11537 37801
11538 25618
11539 24677
11539 32984
11540 13731
11541 16953
11541 17712
11541 35876
11541 35923
11541 38174
11542 13309
11542 13579
11542 22646
11542 24356
11542 35252
11543 13182
11543 15259
11543 16692
11544 15032
11546 13450
11546 16571
11546 33139
11547 12559
11547 16843
11547 21462
11547 34371
11547 38303
11548 23192
11548 39221
11549 25166
11550 15142
11550 29748
11551 11919
11551 18862
11551 20579
11551 23515
11551 26582
11552 15592
11552 20105
11552 24453
11552 30026
11552 31863
11552 36514
11553 14920
11553 24932
11553 28377
11553 28633
11553 31272
11553 32915
11554 12024
11554 18224
11554 20954
11554 27627
11555 18335
11555 19811
11555 21544
11555 27450
11555 28570
11555 30483
11555 30577
11555 34614
11556 33493
11556 36473
11557 29788
11557 33807
11558 15729
11559 19333
11559 20564
11559 39103
11560 21356
11560 25403
11560 32075
11560 33677
11561 17186
11561 33875
11562 17425
11562 17741
11562 25428
11562 36802
11563 24552
11564 12029
11564 21841
11564 24768
11564 26601
11564 27582
11564 29030
11565 21813
11565 23791
11565 25916
11565 34414
11566 13797
11567 26978
11567 34124
11568 17425
11568 20036
11568 28736
11568 32166
11569 12028
11569 32535
11569 35298
11570 26826
11570 36989
11570 38053
11571 15798
11572 19462
11572 32034
11573 39094
11574 13594
11574 32440
11574 37733
11575 15019
11575 23129
11575 28594
11576 21935
11576 23010
11576 30806
11576 33135
11576 36002
11577 29834
11577 30138
11577 37064
11578 11901
11578 25402
11578 30991
11579 28869
11580 14839
11580 30092
11580 37589
11581 15801
11581 19056
11581 19482
11581 36787
11582 19905
11582 28260
11582 29432
11583 35023
11584 13448
11584 25303
11584 39784
11585 20532
11585 33472
11585 39193
11586 13375
11586 18623
11586 36629
11587 11746
11587 27011
11587 38430
11588 13526
11588 14149
11589 22391
11589 35915
11590 17332
11590 19989
11590 20365
11590 39081
11591 15374
11591 29246
11591 31006
11592 18404
11592 25203
11592 27039
11592 30228
11592 34032
11593 13572
11593 15040
11593 22435
11594 19927
11594 38504
11595 12575
11595 22130
11597 19385
11597 26182
11598 34072
11599 29474
11599 35485
11600 16412
11600 17173
11600 27434
11601 13236
11601 31407
11601 35263
11601 39149
11602 32696
11603 13906
11603 27005
11603 32059
11603 38560
11604 23403
11604 26355
11604 32057
11604 36044
11605 11782
11605 14227
11605 17052
11606 20802
11606 21050
11606 28323
11607 32266
11607 34115
11607 35358
11608 18666
11608 20086
11608 36732
11609 29868
11609 29959
11611 33385
11611 34321
11612 13191
11612 17879
11612 18101
11612 19497
11612 20786
11612 22004
11612 28601
11612 29332
11612 39321
11612 39869
11613 14763
11613 16591
11613 22492
11615 14779
11615 16212
11615 16473
11615 20463
11615 21638
11615 36144
11615 36372
11616 26299
11617 21774
11618 17463
11618 32573
11618 37043
11619 15299
11619 25740
11619 29623
11619 33573
11619 36980
11620 12831
11620 23200
11620 28843
11620 29291
11621 20747
11621 25345
11621 28893
11622 19993
11622 20730
11623 20342
11623 22138
11623 28486
11623 30817
11624 37052
11625 15437
11625 36826
11625 38571
11625 38613
11626 29627
11627 13347
11627 15217
11627 21463
11628 13713
11629 13363
11629 20178
11629 33779
11629 38944
11630 16952
11630 19723
11630 20988
11631 22475
11631 29638
11632 19882
11632 24054
11632 31389
11633 17453
11633 18846
11633 29962
11633 35518
11634 14278
11634 19012
11634 21136
11634 23821
11634 34834
11635 13392
11635 22710
11636 15673
11636 27397
11636 36212
11637 20730
11637 20738
11637 23813
11637 23910
11637 30514
11638 14363
11638 31656
11638 33845
11638 34115
11638 36356
11639 14565
11639 31345
11639 33096
11640 17050
11640 26526
11640 26893
11640 30780
11640 32746
11641 12855
11641 17072
11641 19911
11641 24572
11642 17984
11642 18178
11642 19641
11642 21855
11642 22197
11642 28576
11643 30597
11644 14899
11644 20327
11644 28557
11645 16087
11647 20688
11647 21848
11647 37687
11648 17579
11648 17899
11648 26439
11648 36858
11649 30022
11650 24057
11650 32548
11651 23016
11651 32716
11652 24283
11652 30287
11652 33445
11653 19789
11653 27193
11654 12519
11654 35980
11655 12447
11655 17140
11655 23333
11656 19770
11656 35941
11657 22766
11657 24967
11657 27826
11658 18361
11658 36582
11659 23395
11659 33100
11660 13341
11660 18506
11660 19098
11660 23208
11661 12642
11661 14784
11661 27268
11661 30456
11662 17147
11662 37507
11662 38787
11663 12059
11663 13871
11663 29711
11663 33401
11664 28234
11664 31255
11665 20411
11665 35795
11665 38127
11666 23789
11666 32206
11666 32521
11667 13650
11667 13873
11667 27474
11668 20588
11668 29683
11668 39106
11669 14591
11670 11960
11670 27218
11670 28182
11670 29158
11670 34305
11670 34565
11670 34810
11671 23431
11671 27320
11672 20024
11672 32146
11673 11755
11674 27442
11675 14497
11675 18368
11675 18693
11675 21901
11675 27716
11676 33023
11677 18585
11677 31150
11679 14942
11679 16011
11679 28213
11680 11774
11680 33562
11681 23214
11681 25918
11682 27229
11682 30398
11682 32780
11682 35682
11682 38997
11683 32348
11684 14221
11684 23984
11685 23965
11685 37252
11686 21346
11686 23406
11686 32863
11687 21589
11687 32271
11688 16486
11688 28082
11688 29073
11688 29586
11688 31581
11689 12085
11689 14225
11689 27377
11690 20206
11690 22760
11690 26504
11690 31137
11690 33433
11691 28422
11691 38316
11692 17912
11692 30037
11692 32541
11694 15026
11694 25529
11694 30835
11695 32209
11696 39525
11697 12687
11697 12836
11698 29543
11698 36003
11698 36497
11699 22111
11699 32781
11700 17203
11701 27978
11702 12228
11702 14945
11702 19280
11702 19519
11702 21412
11703 22530
11703 36882
11704 30235
11705 29857
11705 36547
11706 14121
11706 17889
11706 22254
11706 23457
11706 39729
11707 12237
11707 14469
11707 24873
11707 25189
11707 25642
11708 28982
11708 31979
11708 36248
11709 24275
11710 11785
11710 12860
11710 25513
11710 29017
11710 29694
11710 34772
11710 37045
11711 13893
11711 22284
11711 30758
11711 36626
11711 38178
11712 37300
11712 39378
11713 28838
11713 30104
11713 35402
11713 38671
11714 12979
11714 19032
11714 23358
11715 16356
11715 23338
11715 31676
11716 15138
11716 30814
11717 24595
11717 35003
11717 39291
11718 32598
11718 38448
11718 38786
11719 17423
11719 26674
11719 33688
11720 15269
11720 21799
11720 32279
11721 13462
11721 25778
11721 26596
11721 31948
11721 32057
11721 33650
11722 18545
11722 18625
11722 22642
11722 24476
11722 33882
11723 17592
11723 28218
11724 11725
11724 13092
11725 16554
11725 22333
11725 24496
11725 31753
11726 26832
11726 39596
11727 21895
11728 14680
11728 28828
11728 36701
11729 25048
11729 39821
11730 13344
11730 21309
11730 27146
11731 15565
11731 16450
11731 20852
11731 33563
11732 20926
11732 28635
11732 30938
11732 35332
11733 18576
11733 23697
11734 22452
11734 26694
11734 28280
11734 30351
11735 18173
11735 34523
11735 37968
11736 27126
11737 29347
11738 20178
11738 20617
11738 29163
11738 38252
11739 23138
11739 25514
11740 26268
11740 38461
11741 18852
11741 21177
11741 21699
11741 23784
11742 19686
11742 25070
11742 25403
11742 33958
11743 32587
11743 34818
11743 37257
11744 17837
11745 30088
11745 31362
11746 20504
11746 27381
11746 33225
11746 37695
11747 14483
11747 26734
11748 18090
11748 18154
11748 25420
11748 32199
11748 33869
11748 35359
11749 33241
11750 11782
11750 13133
11750 13707
11750 15665
11751 15393
11751 26632
11751 26883
11751 35167
11752 24776
11752 25120
11753 18938
11753 29569
11753 35881
11754 13092
11754 21008
11754 21509
11755 22032
11755 22458
11755 23217
11755 25909
11755 30412
11756 28344
11756 36478
11756 39107
11757 23467
11758 19458
11758 19614
11758 21364
11758 24501
11758 25030
11758 29793
11759 27296
11760 13764
11761 14137
11761 20137
11761 29786
11762 16443
11762 17423
11762 22997
11763 17793
11763 29447
11764 14089
11764 16460
11764 23111
11764 26183
11765 18256
11765 22981
11766 11885
11766 12988
11766 37694
11767 28245
11767 31130
11767 33958
11768 11926
11768 25508
11768 27737
11768 28927
11769 14495
11769 17077
11769 24799
11769 30940
11769 31806
11769 34839
11769 35766
11769 35980
11769 36976
11770 12068
11770 20289
11770 24658
11770 26143
11771 18039
11771 33073
11771 39028
11771 39702
11772 15543
11772 26883
11772 32405
11772 38356
11773 24254
11773 26715
11773 34456
11774 11842
11774 17244
11775 28718
11775 30512
11775 37949
11776 15384
11776 15757
11776 21763
11776 38611
11777 22252
11777 24229
11778 20507
11778 22633
11778 28652
11778 32401
11778 32897
11779 27353
11780 14230
11780 15968
11780 18837
11780 19590
11780 36978
11781 24125
11781 25116
11781 28892
11781 36464
11782 31423
11782 34506
11782 38566
11783 32735
11784 14861
11784 32771
11785 18811
11785 32748
11786 25237
11786 38842
11787 14863
11787 18206
11787 26000
11787 32578
11787 33799
11788 17835
11788 20371
11788 26211
11788 30069
11788 38138
11789 20816
11789 32211
11789 38349
11790 14880
11790 21615
11790 22741
11790 25509
11790 35036
11791 11924
11792 16073
11793 14739
11793 24775
11795 12306
11795 19944
11795 34203
11795 36087
11795 36506
11796 19839
11796 21853
11796 25764
11797 20323
11797 20339
11797 25477
11797 28942
11797 31508
11797 35285
11798 27102
11798 35455
11799 31308
11801 18638
11801 31917
11802 14381
11802 17639
11802 23012
11803 11894
11803 24557
11804 14685
11804 19220
11804 21470
11804 23860
11804 25159
11804 29682
11805 16198
11805 27722
11805 34821
11806 16686
11806 32357
11807 18616
11807 27455
11807 28040
11807 34640
11807 35255
11807 38311
11808 12878
11808 21613
11808 27911
11808 30797
11808 34232
11809 15275
11809 25366
11809 26215
11809 29135
11809 32319
11809 38746
11810 17956
11810 22875
11810 22901
11811 30174
11812 14700
11812 16037
11812 17302
11812 22645
11812 28587
11813 19824
11813 26649
11813 32966
11814 12047
11814 33115
11814 38242
11815 20198
11815 38682
11816 30489
11816 31572
11817 12530
11817 24154
11817 27613
11817 30837
11817 36781
11818 12192
11819 15504
11819 19318
11819 23575
11819 28836
11819 32220
11820 11894
11820 13708
11820 20109
11820 26836
11820 27717
11820 33733
11821 22631
11821 25218
11821 33825
11822 37625
11823 13985
11824 21913
11824 22901
11824 23210
11825 14960
11825 18730
11825 26957
11825 33254
11825 35258
11825 36919
11826 18000
11826 18182
11826 23114
11826 31260
11826 38520
11827 19385
11827 29363
11827 39364
11828 20242
11828 32016
11829 15848
11829 35683
11830 23138
11830 26769
11831 27134
11831 36039
11832 12158
11832 17228
11832 27499
11832 32141
11832 36111
11834 31874
11835 34060
11836 33535
11836 39009
11839 22697
11839 36818
11840 15706
11840 15717
11840 21657
11840 24384
11840 26079
11840 27615
11841 15964
11841 21492
11843 19614
11843 36555
11844 14101
11844 14945
11844 16922
11844 18479
11844 21013
11845 20646
11845 36284
11845 38279
11846 20100
11846 36599
11847 22096
11847 37866
11848 21049
11848 31210
11848 32024
11849 13468
11849 28684
11849 29560
11849 33898
11849 36395
11850 22185
11850 22300
11850 22489
11850 26429
11850 27682
11850 38484
11851 12793
11851 17107
11851 23279
11851 23332
11852 13935
11853 30105
11853 30527
11853 38361
11854 15108
11854 16229
11854 32479
11854 38314
11855 13668
11855 24989
11855 35329
11857 16292
11857 19282
11857 25471
11857 26662
11859 12834
11859 19475
11859 36490
11860 20972
11860 28794
11860 33344
11861 20207
11861 25969
11862 19409
11862 20043
11862 30675
11863 26393
11863 28365
11863 39405
11864 29005
11864 34289
11865 26832
11865 32141
11866 22543
11866 24429
11866 26354
11866 33625
11867 33937
11867 37669
11868 15329
11868 28096
11869 29535
11870 38320
11871 30425
11872 21010
11872 25279
11872 27175
11872 32745
11872 34821
11873 13597
11873 13757
11873 15306
11873 21825
11873 38700
11874 12802
11874 18444
11874 30806
11874 32110
11876 20652
11876 38370
11877 22817
11878 11927
11878 25527
11878 31350
11878 35789
11879 20812
11879 31418
11879 34396
11879 38742
11880 16556
11880 35727
11881 17623
11881 17962
11881 24762
11882 13638
11882 14513
11882 24140
11882 27453
11882 30806
11883 13340
11883 21303
11883 23860
11883 38167
11884 13592
11884 14567
11884 20760
11884 29673
11884 32867
11885 25327
11886 25027
11886 28773
11886 31194
11887 18114
11887 20095
11887 21447
11887 22958
11888 14317
11888 14893
11888 22186
11888 23052
11889 16761
11889 17279
11890 12411
11890 14392
11890 20862
11890 28311
11890 30300
11890 33157
11891 38039
11892 36599
11892 37354
11893 17690
11893 39185
11894 17162
11894 26285
11895 25941
11895 30585
11895 37037
11896 18893
11896 19920
11896 32087
11896 37973
11897 24139
11897 34325
11898 23002
11898 29658
11898 31257
11898 38468
11900 12947
11900 13579
11900 14321
11900 15041
11900 16860
11900 17948
11900 20491
11900 30742
11900 34108
11901 13020
11901 15142
11901 17368
11901 30383
11902 21915
11902 34633
11903 31132
11904 15881
11904 17977
11904 19545
11904 25970
11905 39833
11906 13730
11906 24259
11906 27699
11906 36757
11906 36934
11907 30262
11907 35234
11908 13176
11908 14757
11908 21338
11908 28298
11909 16695
11910 19334
11910 31691
11911 15430
11911 31017
11912 21663
11912 23725
11912 28871
11913 26099
11913 32580
11913 37631
11914 34762
11914 38448
11915 24958
11917 18919
11917 19915
11917 23442
11917 25198
11918 22825
11918 39085
11919 15786
11919 16092
11919 16817
11919 27636
11920 22086
11920 24823
11920 31540
11921 15076
11921 24920
11921 26416
11921 33706
11921 37966
11922 14390
11922 18933
11922 23758
11922 25841
11922 34216
11923 35405
11923 38337
11924 14410
11924 15834
11924 27306
11925 30629
11925 34346
11925 39198
11926 12632
11926 22610
11926 23735
11927 24171
11927 25301
11927 25743
11927 37071
11927 37090
11928 26014
11928 29971
11928 36568
11929 34752
11929 36218
11930 17410
11930 18301
11930 19280
11930 29772
11931 28750
11931 31232
11932 22603
11932 24104
11932 26651
11932 27915
11933 23738
11933 30912
11933 31496
11934 12566
11934 27226
11934 30664
11934 33903
11934 39935
11935 16558
11935 27316
11935 34324
11935 35107
11936 31820
11936 32873
11937 13048
11937 20828
11937 21574
11938 12454
11938 19725
11938 29365
11938 29577
11938 35705
11939 35486
11940 14634
11941 25183
11941 27165
11941 27700
11941 34796
11942 24462
11942 37177
11943 24517
11943 27707
11943 34440
11943 36408
11943 37500
11944 20125
11944 21262
11945 17875
11945 19382
11945 37103
11946 16198
11946 20367
11946 21297
11946 23913
11946 28053
11946 33861
11946 35161
11947 34168
11947 38547
11948 18155
11948 19672
11948 20325
11948 31802
11949 12738
11949 26899
11949 28201
11949 39280
11950 15565
11951 22566
11951 29718
11952 20142
11952 30012
11952 38623
11953 21889
11953 29451
11953 35712
11954 14058
11954 19065
11954 21367
11954 31114
11954 32156
11954 39211
11955 37334
11955 37525
11955 38214
11956 19679
11956 39802
11957 27325
11957 37540
11959 19963
11959 23474
11960 21078
11960 39609
11961 27102
11961 33343
11961 33802
11962 12454
11962 27927
11963 13039
11963 14035
11963 23764
11963 30379
11964 13892
11964 37748
11966 24453
11966 24834
11967 25701
11968 19869
11968 20039
11969 20544
11969 26418
11969 29205
11969 33165
11969 35238
11969 35318
11969 36773
11970 13530
11970 30363
11971 16765
11972 23421
11972 34433
11973 35221
11974 17042
11974 20370
11974 20482
11974 24117
11974 28743
11974 35443
11975 35823
11976 34415
11976 36937
11976 38942
11977 18082
11977 38446
11978 13947
11978 33447
11979 22392
11979 22573
11980 13395
11980 35346
11980 39475
11981 16932
11981 21946
11981 23472
11981 25342
11981 26103
11981 26491
11982 30913
11982 34829
11983 17430
11983 17563
11985 22499
11985 25331
11985 31958
11985 37276
11986 37981
11987 18966
11988 18662
11988 20813
11988 37809
11989 13228
11989 18608
11989 33556
11990 13471
11990 16900
11990 24013
11990 32570
11990 39812
11991 20535
11992 20309
11992 33525
11992 35329
11992 36394
11992 36934
11993 12629
11993 17641
11993 20807
11993 21128
11993 27526
11993 35386
11994 15845
11994 22232
11994 22412
11995 18013
11995 34662
11996 22563
11996 27352
11996 27983
11996 39185
11997 26551
11997 27170
11997 31219
11997 36788
11998 15976
11998 20636
11998 20819
11998 22891
11999 16017
11999 28948
12001 14225
12001 14891
12001 22053
12001 28306
12001 29728
12001 35756
12002 12773
12002 15615
12002 18843
12002 30556
12002 38044
12003 14287
12003 15518
12003 39923
12004 14456
12004 19113
12004 32019
12005 20175
12005 29866
12006 28268
12007 29965
12008 21697
12008 36861
12009 25270
12009 26731
12009 29468
12009 34289
12009 36548
12010 29549
12011 39049
12012 26807
12012 35193
12012 38582
12013 23354
12013 33314
12013 34611
12014 25016
12014 34429
12014 35066
12014 36628
12015 13258
12015 24813
12015 26889
12015 31590
12016 20610
12017 15268
12017 19389
12017 19685
12017 19757
12017 20626
12017 24761
12017 30367
12018 14657
12018 17773
12019 25592
12021 22137
12021 24342
12021 26175
12021 34127
12022 28486
12022 37078
12023 13895
12023 16622
12023 18532
12023 20996
12023 27315
12024 21033
12024 25536
12025 14242
12026 24168
12026 28847
12026 28954
12026 38165
12026 38645
12027 19967
12027 33605
12027 34110
12030 14784
12030 36413
12030 39123
12031 23658
12031 26052
12031 37812
12032 27663
12033 14984
12033 22107
12033 30240
12034 29200
12035 14375
12035 16569
12035 18959
12035 32495
12036 13037
12036 22267
12036 37344
12037 24028
12037 33524
12038 29137
12038 38342
12039 13658
12040 16112
12040 30764
12041 28253
12041 35653
12042 12595
12042 13233
12042 15085
12042 31297
12043 21598
12043 31823
12044 15147
12044 17276
12044 31289
12044 31518
12045 30091
12046 12078
12046 30232
12047 29142
12047 34137
12047 37463
12048 16746
12048 22178
12048 32204
12049 13317
12049 17753
12049 23738
12049 26205
12049 28581
12049 33732
12050 13013
12050 15035
12050 16669
12050 24002
12052 12203
12052 14895
12052 15807
12052 23757
12052 36037
12052 36138
12053 12310
12053 30007
12054 26805
12055 27154
12055 27550
12056 25508
12056 32071
12056 37305
12057 17964
12057 21811
12057 23174
12057 28439
12057 29944
12058 17090
12058 18616
12058 26142
12059 21388
12059 23391
12059 30005
12060 22439
12060 37591
12061 12724
12061 13472
12061 32842
12061 35397
12062 22628
12062 23910
12062 26732
12062 28349
12062 33653
12062 37517
12063 14644
12063 16955
12063 27289
12063 29261
12064 18595
12064 20226
12064 30299
12064 32835
12064 36601
12064 38295
12065 18468
12065 22473
12065 38405
12066 14143
12066 14520
12067 12295
12067 25566
12067 30712
12067 39501
12068 27115
12068 32680
12069 12492
12069 21611
12069 31258
12070 14686
12070 30718
12070 35519
12071 17073
12071 17679
12071 32790
12072 16361
12072 17117
12072 17172
12072 21394
12072 21481
12072 23869
12072 33092
12072 34385
12073 13121
12073 15141
12073 24163
12073 30745
12073 30905
12073 36074
12074 16587
12075 21101
12075 34437
12075 35861
12075 37078
12076 26474
12076 31604
12077 33543
12078 15690
12078 22196
12078 22912
12078 28475
12078 30058
12078 33153
12079 27460
12080 24461
12080 33440
12081 14010
12081 19499
12081 24254
12081 37108
12082 13606
12082 35559
12084 12462
12084 26835
12085 13686
12085 15815
12085 17399
12085 39810
12086 17289
12086 17945
12087 26991
12087 29461
12087 34091
12088 14088
12088 32797
12088 33532
12089 17391
12090 13392
12090 19879
12090 27476
12091 16597
12091 22403
12091 26954
12091 30950
12091 36121
12092 32344
12093 15190
12094 20853
12094 31337
12094 35938
12094 38868
12095 13745
12095 22644
12095 23870
12095 30174
12097 14752
12097 38630
12098 26532
12098 36079
12099 21979
12099 27439
12100 21421
12100 29599
12101 22117
12101 37109
12101 38041
12102 36917
12103 16316
12103 23664
12104 39113
12104 39964
12105 35372
12105 39999
12106 29731
12106 39200
12107 12706
12107 30687
12108 20423
12109 17053
12109 33013
12109 37645
12110 29069
12110 39199
12111 28868
12112 22104
12112 29672
12112 36481
12113 34080
12114 14601
12114 18837
12114 21840
12114 38486
12115 13702
12115 19255
12115 24258
12115 38662
12115 39189
12116 24643
12117 31898
12117 37660
12118 17391
12118 20177
12118 28321
12118 33496
12118 35380
12119 18206
12120 19628
12120 35202
12120 36758
12121 20251
12121 21009
12121 21336
12121 32335
12121 36075
12122 22462
12122 25509
12122 35367
12122 37750
12123 30397
12123 39636
12124 16152
12125 13894
12125 20271
12125 23959
12125 36489
12126 18186
12126 19350
12126 32181
12127 14057
12127 15669
12127 22064
12128 34440
12129 19849
12129 27422
12130 18311
12130 24574
12130 30300
12131 17784
12131 30887
12131 33899
12131 36760
12132 15298
12132 32400
12133 18276
12133 29051
12133 32994
12133 37825
12134 30566
12135 23837
12135 25033
12135 25860
12135 29601
12135 31160
12135 36389
12136 36919
12137 22620
12137 26661
12138 14777
12138 31305
12138 32582
12139 17073
12139 19392
12139 27246
12139 38535
12139 39126
12140 23749
12140 33552
12141 29959
12141 30067
12142 23276
12142 39950
12143 27246
12144 21906
12144 22626
12144 30484
12144 31039
12144 31101
12145 18331
12145 25774
12145 26708
12146 14530
12146 28441
12146 30990
12146 31289
12146 34860
12147 36254
12148 15813
12149 16846
12149 32644
12150 27240
12150 32163
12150 36343
12151 26068
12151 29802
12151 33066
12152 18554
12152 22837
12152 39815
12153 31617
12154 13937
12154 19325
12154 20088
12154 31886
12154 36260
12155 14354
12155 26258
12155 28897
12155 36295
12156 20603
12156 30882
12157 25065
12157 27779
12157 39015
12158 12218
12158 34262
12158 39203
12159 12185
12159 14201
12159 20678
12159 38219
12160 35810
12161 12230
12161 19925
12162 14231
12163 17698
12163 22132
12163 25933
12163 29201
12163 31117
12163 37474
12164 28086
12164 31140
12164 34480
12165 30046
12165 33053
12165 39791
12166 13099
12167 13397
12167 22030
12167 31035
12167 34724
12167 38120
12168 16891
12168 30627
12168 31214
12169 23831
12169 33135
12169 33930
12170 14243
12170 20929
12170 24460
12170 26721
12171 19329
12171 37265
12172 25162
12172 25178
12172 34525
12172 35287
12174 22425
12174 33112
12176 33953
12176 34992
12176 37069
12177 13333
12177 22053
12177 24808
12177 25696
12177 25922
12177 26560
12177 34021
12178 14418
12178 16040
12179 13590
12179 24024
12179 37530
12180 16326
12180 21758
12181 21443
12181 29720
12181 36442
12182 22813
12182 36402
12182 39951
12184 27027
12184 31448
12184 37937
12185 19792
12185 22959
12185 36022
12186 16693
12186 21929
12186 35276
12187 34715
12189 27037
12190 37624
12191 28268
12192 20476
12192 36432
12193 21444
12193 25809
12193 38507
12194 14188
12194 21211
12194 23827
12194 25703
12194 28604
12194 35573
12195 13426
12195 14619
12195 29460
12195 38643
12196 16956
12196 32895
12196 33408
12197 37956
12198 17860
12198 22362
12199 26849
12200 14637
12200 26175
12200 30763
12201 12336
12201 14476
12201 17059
12201 22369
12203 32768
12204 12494
12204 18702
12204 19396
12204 19647
12205 26552
12206 15764
12206 19234
12207 34715
12207 38005
12208 12371
12208 17367
12208 22192
12208 24445
12208 37805
12209 13011
12209 13856
12209 33262
12209 33423
12209 38107
12210 15388
12210 16963
12210 39556
12211 12230
12211 14992
12212 14734
12213 15800
12213 26716
12213 26817
12213 27836
12213 29313
12214 13795
12214 16673
12214 16849
12215 13203
12215 18622
12215 30057
12215 32335
12216 14643
12216 34069
12217 32984
12218 13585
12218 19890
12218 28260
12218 30448
12219 15412
12219 22444
12219 35124
12221 23731
12221 25515
12221 26994
12221 28232
12221 32530
12221 37332
12222 25426
12222 29279
12222 36894
12223 13434
12223 25229
12223 28358
12224 21218
12224 31940
12225 13266
12225 26894
12225 27310
12225 30908
12225 37293
12226 19955
12226 34190
12227 15514
12227 17481
12227 20547
12227 25732
12228 29176
12228 36925
12229 32711
12229 37463
12230 16732
12230 24028
12230 31465
12232 37956
12233 12425
12233 18430
12233 19021
12233 21928
12233 30508
12234 34199
12235 15794
12235 18216
12236 20159
12236 29894
12237 15034
12237 31434
12237 34972
12238 14991
12238 16267
12238 17378
12238 19939
12238 36250
12239 14527
12239 20261
12239 22841
12239 25009
12239 28048
12239 29849
12240 14265
12240 14554
12240 22635
12240 32509
12240 36014
12240 39000
12241 24076
12241 25834
12241 36209
12242 19071
12242 33875
12242 35936
12243 16963
12243 18706
12243 19966
12243 20623
12243 20747
12243 26753
12243 30020
12244 14239
12244 14689
12244 29376
12245 31858
12246 19908
12246 26636
12246 32135
12246 34699
12246 36781
12246 38277
12247 14650
12247 27871
12247 28609
12248 15640
12248 34788
12249 14834
12249 16379
12249 30090
12250 16446
12250 16469
12250 22405
12250 25959
12251 19531
12251 20722
12251 26155
12251 31685
12251 35230
12252 15944
12252 19094
12252 25686
12252 32064
12253 14368
12254 23677
12254 27557
12254 28696
12254 34666
12254 39056
12255 17289
12255 25414
12256 37543
12257 12871
12257 18749
12257 19437
12257 39082
12258 15430
12258 20461
12258 20616
12258 23171
12258 28939
12258 30745
12259 26349
12259 27022
12259 28998
12259 31403
12261 36713
12261 37088
12262 30446
12263 17955
12263 26714
12263 29451
12263 29973
12264 34760
12265 22421
12265 24499
12266 13136
12266 20580
12266 24601
12266 32645
12267 14273
12267 15022
12267 15651
12267 34077
12268 28890
12269 17290
12271 29858
12271 37978
12272 20359
12272 29522
12273 13846
12273 15181
12273 15406
12273 19046
12273 27243
12274 16553
12274 17502
12274 23013
12274 35891
12275 22063
12275 37614
12276 15472
12276 35402
12277 27637
12277 27659
12277 29886
12277 31959
12278 13573
12278 19885
12278 23596
12278 30613
12279 34342
12279 39618
12280 19693
12280 35094
12281 20123
12282 13013
12282 13541
12282 16321
12282 19917
12283 13785
12283 38063
12284 18328
12284 27942
12284 28711
12285 15999
12285 21928
12285 38849
12286 14965
12286 16976
12286 26677
12286 37964
12286 39502
12287 32287
12288 34454
12288 35957
12288 37765
12290 18248
12290 37522
12291 28395
12291 29499
12292 16740
12292 17390
12292 29852
12292 34310
12292 38646
12293 13803
12293 27400
12294 17366
12294 24095
12294 39931
12295 23464
12295 24410
12296 13616
12296 19759
12296 24457
12296 33038
12297 28834
12297 39028
12297 39667
12298 12706
12298 26812
12299 12521
12299 22919
12299 35079
12300 31281
12302 13742
12302 21982
12302 26486
12302 39047
12303 35842
12304 26108
12304 34513
12305 16979
12305 20350
12305 30537
12306 13440
12306 16079
12306 21441
12306 36831
12307 13361
12307 13584
12307 16194
12307 38627
12308 13664
12308 25529
12308 29377
12309 24338
12310 33309
12311 16179
12311 18612
12311 27132
12311 29897
12311 36974
12311 37987
12312 35864
12312 35983
12312 36797
12314 14332
12314 18666
12314 19088
12314 28942
12315 12669
12315 20555
12315 32784
12316 13295
12316 27744
12317 28241
12317 29752
12317 32597
12317 35666
12318 32871
12319 24007
12319 25175
12320 19440
12320 27807
12321 15836
12321 21266
12321 22242
12321 26123
12322 37949
12323 12996
12323 16364
12323 16405
12323 26430
12323 32667
12324 17256
12324 19038
12324 31177
12325 13816
12325 21375
12325 22718
12325 28059
12325 39388
12326 24021
12326 34581
12326 36837
12327 22677
12327 32862
12327 38634
12328 12561
12328 22665
12329 21388
12329 29833
12330 22387
12330 36729
12331 18823
12331 22082
12331 26163
12331 26565
12333 16519
12333 33585
12333 37132
12334 12670
12334 19242
12334 19945
12334 22969
12334 23337
12334 26708
12335 19909
12335 37135
12336 19436
12336 27771
12336 29638
12336 36876
12336 38889
12337 12712
12337 12873
12337 20170
12337 34418
12337 39915
12338 20399
12338 20869
12338 21845
12338 24340
12339 19878
12339 21368
12340 12725
12340 19465
12340 21768
12340 24096
12340 27099
12340 27942
12340 32937
12340 34720
12340 34831
12341 23478
12342 13555
12342 14888
12342 15828
12342 29896
12343 23841
12343 24950
12343 38046
12344 22899
12344 35682
12345 17970
12345 21161
12345 39913
12346 15207
12346 18486
12346 21693
12346 38399
12347 16438
12347 20061
12347 20063
12347 27200
12347 30977
12347 32932
12348 34146
12349 28249
12350 24083
12351 24401
12353 14993
12353 24645
12354 19706
12355 12515
12355 16844
12355 24491
12355 30576
12355 36825
12356 14087
12356 25815
12357 30669
12357 38500
12358 24439
12358 37169
12359 13469
12359 33066
12359 38994
12360 14838
12360 17261
12360 31105
12360 32963
12360 35870
12361 37598
12362 35321
12363 26611
12364 27188
12364 33438
12364 33983
12364 34617
12364 36085
12365 23895
12365 32309
12365 36746
12365 39744
12366 19231
12366 20194
12367 19257
12367 30825
12367 36915
12368 24585
12368 38434
12369 33968
12369 34226
12369 39066
12370 30460
12371 13501
12371 27021
12372 19211
12372 24016
12372 28671
12372 38312
12373 14610
12373 19010
12373 32891
12373 36238
12374 27697
12374 30829
12374 39559
12375 15402
12375 20251
12376 13120
12376 33823
12376 37391
12377 14613
12377 22194
12377 28599
12377 30359
12377 35970
12378 13878
12378 32040
12379 31765
12379 35025
12380 26517
12380 36947
12381 15692
12381 26239
12381 28626
12381 34457
12381 36349
12382 35292
12383 13832
12383 15096
12383 16914
12384 16027
12384 23442
12384 26339
12384 31411
12384 36003
12384 39386
12385 13541
12385 28714
12386 19690
12386 33350
12387 36498
12388 18667
12388 21298
12388 23164
12388 24691
12388 25877
12388 35737
12388 36039
12389 18372
12389 25532
12389 29068
12390 24237
12391 13869
12391 14894
12391 24442
12391 25503
12391 33754
12392 13845
12393 27639
12394 21577
12394 21641
12395 24065
12395 27583
12395 28065
12395 32067
12395 35690
12395 39748
12396 13146
12396 16594
12396 22246
12396 39973
12397 15206
12397 18172
12397 23863
12398 21172
12398 21574
12398 23250
12398 34181
12398 34262
12398 36464
12400 21613
12400 24204
12401 20115
12401 24960
12401 25950
12402 21575
12403 14682
12403 29860
12404 21337
12404 21588
12404 25510
12405 13709
12405 18399
12405 20679
12405 28324
12405 38258
12407 13136
12408 12604
12408 13900
12408 27093
12408 35013
12408 37415
12409 34799
12410 30354
12411 12491
12411 21169
12413 21420
12414 24479
12414 35600
12414 35761
12415 22942
12415 25747
12415 33379
12416 36172
12417 19703
12418 31433
12419 13315
12419 13647
12419 18115
12419 21006
12419 23233
12419 29633
12419 35004
12419 36393
12419 36544
12420 13205
12420 22259
12420 28593
12420 33071
12421 30528
12422 17305
12422 23972
12422 26929
12422 28715
12423 15942
12423 27179
12423 37075
12424 30956
12424 33844
12424 36306
12425 13778
12425 24850
12425 27236
12425 39504
12425 39719
12426 39906
12427 19970
12427 25847
12427 30373
12428 13895
12428 31509
12428 34464
12429 16950
12429 24556
12429 35824
12430 20150
12430 23383
12430 25442
12430 35413
12430 36917
12431 18370
12431 21479
12431 30665
12432 21936
12432 24700
12433 16075
12433 17796
12433 18947
12434 19348
12435 14569
12435 17433
12435 26167
12435 33711
12436 25015
12436 30148
12436 31037
12436 31949
12436 32362
12437 13189
12437 15201
12437 24790
12437 29502
12437 36444
12438 17067
12438 33895
12439 25507
12440 27753
12441 14886
12441 24611
12441 30830
12442 23534
12443 21814
12443 35870
12443 36837
12444 36337
12445 13406
12445 24993
12445 32800
12446 24145
12446 25450
12447 13278
12447 23059
12447 25521
12448 18333
12448 20502
12449 17791
12449 18018
12449 25513
12449 29385
12449 37702
12450 14654
12450 15774
12450 33444
12450 36841
12450 37820
12451 13700
12451 16240
12451 34431
12452 16688
12452 28179
12452 32244
12452 32439
12452 35109
12453 15600
12453 19526
12453 21942
12454 16619
12454 26069
12455 13135
12455 14850
12455 27830
12456 13216
12457 26212
12457 28342
12458 17713
12458 23222
12458 28114
12458 34131
12458 35535
12459 16368
12459 21309
12459 38810
12460 16932
12460 29890
12460 30275
12461 20238
12461 22752
12461 28349
12461 32209
12462 38790
12463 19415
12463 21748
12464 15253
12464 23492
12464 37414
12466 36166
12467 15089
12467 17117
12467 28767
12467 32903
12468 36876
12469 15765
12469 18629
12469 26322
12469 35144
12470 18480
12470 24727
12470 31144
12470 36540
12470 37629
12471 15194
12471 21149
12471 21170
12471 23813
12471 26612
12471 36595
12471 37159
12472 17674
12472 18951
12472 22107
12473 36624
12474 17406
12474 37914
12474 38409
12475 39097
12476 17190
12476 18849
12477 26088
12478 16901
12478 23913
12478 26885
12478 28361
12479 22325
12479 34581
12479 37215
12479 38214
12480 35230
12481 14680
12481 39787
12482 27989
12483 25845
12483 28763
12483 30267
12483 36666
12483 37030
12484 15437
12484 22102
12484 23044
12484 23459
12484 32775
12485 34148
12486 20670
12486 26191
12486 27443
12486 31332
12487 19596
12487 19601
12487 19606
12487 23875
12487 26022
12487 26448
12487 26630
12488 17108
12488 36280
12489 23033
12489 24768
12489 25219
12489 39644
12490 13239
12490 16186
12490 20221
12490 22755
12490 34557
12491 30343
12491 30500
12491 34792
12492 20275
12492 22070
12492 24662
12493 17760
12494 31104
12494 35986
12494 37412
12495 18115
12495 27109
12495 27445
12495 34943
12496 14593
12496 15538
12496 18100
12496 19334
12496 20851
12496 23835
12497 30656
12498 15776
12498 16185
12498 21463
12498 23760
12499 18193
12499 21943
12500 15309
12500 27996
12501 15690
12501 38671
12502 23444
12502 23863
12502 31420
12502 36945
12503 32608
12503 37994
12504 32612
12505 12979
12505 18626
12506 16174
12506 16253
12506 18992
12506 21626
12507 16751
12508 12722
12508 31803
12509 23786
12509 32220
12509 33522
12511 13421
12511 17103
12511 31183
12511 34002
12511 36195
12512 26852
12512 27170
12512 27808
12512 30659
12513 22209
12513 24115
12513 25905
12513 30293
12513 33217
12513 36664
12514 39919
12515 39892
12516 26929
12516 32708
12518 15051
12518 21523
12518 23830
12518 30497
12518 31770
12519 25392
12519 39705
12520 15262
12520 28525
12520 33375
12520 36556
12521 16209
12521 30977
12522 17238
12522 24010
12522 25273
12522 31037
12522 32201
12523 30920
12524 12912
12524 22821
12524 27301
12524 33178
12524 33743
12524 36330
12524 38878
12525 17376
12525 25155
12526 17510
12526 18809
12526 26272
12526 34146
12527 15403
12527 28278
12528 23843
12528 24314
12528 27160
12528 28119
12528 30464
12530 26228
12531 35095
12532 16267
12532 16429
12532 17151
12532 20045
12533 19685
12534 18917
12535 22273
12536 14804
12536 20314
12536 26796
12536 29211
12536 29992
12536 32376
12539 19713
12539 27416
12539 29613
12539 30923
12539 33172
12539 33860
12540 15414
12540 31087
12541 15595
12541 15621
12541 26585
12541 28009
12541 28028
12541 30584
12541 32636
12541 34783
12541 39861
12542 23798
12542 25172
12543 12662
12543 28668
12544 19701
12545 28842
12545 39781
12546 19743
12546 24795
12546 25648
12547 17453
12547 19205
12548 18372
12548 23566
12548 29081
12548 32063
12549 24598
12549 29124
12549 35583
12550 23928
12551 26871
12551 33367
12551 35070
12551 36083
12551 37222
12552 12752
12552 21109
12553 15705
12553 26211
12553 27923
12554 22400
12554 24575
12555 23720
12555 33444
12556 13960
12556 18184
12556 19627
12556 22406
12556 34676
12556 37286
12557 13040
12557 13983
12557 21859
12557 24355
12557 27790
12557 31539
12557 33711
12557 39213
12558 14910
12558 20442
12558 28702
12558 31744
12558 39823
12559 19102
12560 33927
12560 37751
12561 34331
12562 13602
12562 23610
12562 30227
12562 32144
12562 38247
12563 13648
12563 16672
12564 26887
12564 27890
12565 21217
12565 29912
12565 31731
12565 32402
12567 12661
12567 19023
12567 21592
12567 33653
12567 37791
12567 38623
12568 15853
12568 17921
12568 19400
12568 25825
12569 38700
12570 37400
12571 16274
12571 20102
12571 36855
12572 24269
12573 17991
12574 13412
12574 14554
12574 15727
12574 23785
12574 37429
12575 19040
12576 14762
12577 16188
12577 16909
12577 21152
12577 34416
12578 32174
12578 33012
12578 33353
12579 15184
12579 20046
12579 25847
12579 26458
12579 36696
12580 35451
12581 17636
12581 27634
12581 27784
12582 21367
12582 24994
12583 34797
12584 14336
12584 29043
12584 32839
12585 31929
12585 38342
12585 39167
12586 26895
12587 13612
12588 26110
12588 31751
12589 17011
12589 23105
12589 26134
12590 17592
12590 19159
12590 24977
12591 25749
12591 26803
12591 34803
12592 20828
12593 16115
12593 17219
12593 29509
12594 24562
12595 22440
12595 27084
12595 32929
12595 35140
12596 32066
12597 21623
12597 28574
12598 28125
12598 31937
12599 22679
12600 15275
12600 24514
12600 30248
12601 26753
12601 32325
12601 38563
12602 22348
12603 28602
12604 17146
12604 19896
12604 39174
12605 17642
12605 20918
12605 24730
12605 28984
12606 16897
12606 26979
12606 33857
12607 19437
12607 27038
12607 34449
12607 37534
12608 14895
12608 15489
12608 25307
12608 35117
12610 15936
12610 16189
12610 17478
12610 19800
12610 26520
12611 17129
12612 17536
12612 26695
12612 28297
12612 31229
12612 32413
12613 17532
12613 29246
12613 35579
12614 29761
12615 35484
12616 12722
12616 17114
12616 20898
12616 37545
12616 39688
12617 23359
12617 36223
12618 22004
12618 26618
12619 28440
12619 32270
12619 34098
12619 39062
12620 25427
12620 31888
12621 24425
12621 28122
12621 29811
12622 14542
12623 32774
12624 23900
12624 25798
12625 13544
12625 15822
12625 15828
12625 23307
12625 30968
12625 36082
12625 38006
12626 21669
12627 24956
12627 26047
12628 24215
12628 31855
12628 32328
12628 32827
12629 20047
12629 21727
12629 24535
12629 27188
12630 21929
12631 22911
12631 35169
12631 36936
12631 37847
12632 30535
12633 14474
12633 15847
12634 19037
12635 24872
12636 24741
12636 36201
12637 20584
12637 26384
12637 28040
12638 15833
12638 30377
12639 27018
12639 37014
12640 24188
12640 28849
12641 16113
12641 18891
12641 31997
12642 24329
12642 32906
12642 33180
12642 35606
12643 25631
12643 28854
12643 29418
12643 31795
12644 29044
12645 16208
12646 17126
12647 21696
12647 30640
12648 32368
12649 26554
12649 29410
12650 27981
12651 14550
12651 27930
12652 24445
12652 30411
12652 38954
12653 24932
12654 24901
12654 34596
12654 38449
12656 14469
12656 30633
12656 30695
12656 35175
12657 35514
12658 16664
12658 23644
12658 38521
12658 38892
12660 22604
12660 33591
12661 14881
12661 27169
12661 35514
12661 37517
12662 20480
12662 22956
12662 33405
12663 14551
12664 15297
12664 19905
12664 22192
12664 31334
12664 39782
12665 23385
12666 23558
12666 28721
12666 30327
12666 35279
12667 20794
12667 26476
12667 33562
12667 34193
12667 36313
12668 21258
12668 23061
12669 28402
12669 38012
12669 39105
12670 16413
12670 16568
12670 39670
12672 18270
12672 18955
12672 37129
12673 13870
12674 17896
12674 36469
12675 21119
12675 36675
12676 18744
12676 25375
12676 33916
12676 37405
12676 38486
12677 15341
12677 23505
12677 25996
12677 29103
12677 30649
12678 25935
12678 30449
12679 27696
12680 23090
12680 28652
12680 30368
12680 38978
12681 22072
12681 25730
12682 21468
12682 34048
12683 18635
12683 25113
12684 18635
12684 27178
12685 26400
12685 33235
12686 13137
12686 14950
12686 18002
12686 23232
12686 31381
12687 38398
12688 21112
12688 30764
12688 30968
12689 33212
12689 34821
12690 24284
12690 29776
12690 30608
12691 19888
12691 28797
12691 29247
12692 19624
12692 29573
12693 18014
12693 19297
12694 14308
12694 25192
12694 39059
12696 12889
12696 18028
12696 38411
12696 39972
12697 17776
12697 24085
12697 26348
12697 32173
12697 34986
12697 37134
12698 18829
12698 19520
12698 24342
12698 27679
12698 29277
12699 15180
12699 15821
12699 36134
12701 25267
12701 30817
12701 36917
12702 22105
12702 36742
12703 15893
12703 38513
12704 15598
12704 32758
12705 32357
12705 36286
12706 23090
12706 23339
12706 35882
12708 12878
12709 19844
12710 21805
12710 23038
12711 37560
12712 31112
12712 31438
12713 20676
12713 21427
12713 21458
12713 26971
12713 29083
12714 18300
12714 28285
12715 14795
12715 20841
12715 23871
12715 27212
12715 29321
12715 34696
12715 36212
12716 21773
12716 28089
12717 12954
12718 24677
12718 33876
12719 35808
12719 36220
12720 14804
12720 27143
12720 32555
12722 22735
12722 31751
12722 32501
12723 20562
12723 24897
12724 38545
12725 30901
12725 33536
12726 14321
12726 22406
12726 35499
12727 27268
12728 22494
12728 28729
12728 29276
12729 16622
12730 14907
12731 19259
12731 19880
12731 25954
12731 30973
12731 37895
12732 23190
12732 28022
12732 31555
12732 38714
12733 31421
12734 24401
12734 27884
12734 32184
12734 36335
12734 38780
12735 16899
12735 37270
12736 14414
12736 20618
12736 20734
12736 28562
12737 15817
12737 33023
12738 14181
12738 15598
12738 19809
12738 24899
12738 27725
12738 30395
12738 38354
12739 35463
12739 36650
12740 21294
12740 22710
12740 30319
12741 16682
12741 22188
12741 35126
12742 18735
12742 24837
12742 31029
12742 38339
12743 18126
12743 19631
12743 21663
12743 36355
12743 39090
12744 27485
12744 36619
12744 36635
12745 17023
12745 18456
12745 18525
12745 34206
12746 14433
12747 26884
12748 16181
12749 19996
12750 12795
12750 30083
12750 31495
12751 17102
12751 19426
12752 21815
12752 26550
12753 22030
12753 34048
12753 37259
12753 37423
12754 15415
12754 20790
12754 32951
12755 29123
12755 31422
12755 39389
12756 14351
12756 25488
12756 36454
12757 27540
12757 27983
12757 32971
12757 34215
12758 17320
12758 22183
12758 28581
12758 32809
12760 12918
12760 30539
12762 21061
12762 37061
12762 39836
12763 34472
12763 34521
12763 37935
12764 13152
12764 14437
12764 15054
12764 15758
12764 19364
12764 26127
12765 30097
12766 17671
12766 24627
12767 39481
12768 24873
12769 31335
12770 28951
12771 14496
12771 16353
12771 18991
12771 19960
12771 25620
12771 25759
12771 37902
12771 38082
12771 39086
12772 34265
12773 20503
12773 30444
12773 39598
12774 18300
12774 31112
12774 31883
12774 38035
12775 19742
12775 22879
12775 32836
12775 34430
12776 14966
12776 24633
12777 12794
12777 12816
12777 17048
12777 28297
12778 13278
12780 28795
12780 36189
12781 27213
12781 31578
12781 32149
12781 32756
12782 23253
12782 25423
12783 17624
12783 25238
12783 36283
12783 38801
12784 15460
12784 20326
12784 36131
12785 34520
12786 22939
12787 27929
12788 12996
12788 19436
12789 18478
12789 21352
12789 38960
12790 20542
12790 31133
12791 17280
12791 24283
12791 39135
12792 16805
12792 28348
12792 35657
12793 14868
12793 17075
12793 17078
12793 23114
12793 37521
12794 18761
12794 37787
12795 15311
12795 21909
12796 34996
12797 22040
12797 24009
12798 22214
12798 22270
12799 23753
12800 21250
12800 33520
12801 12983
12801 20515
12801 33964
12801 38917
12802 19483
12802 29004
12802 29771
12802 39102
12803 17032
12803 19224
12803 24175
12803 31988
12803 35056
12803 37553
12803 39845
12804 19784
12804 22028
12804 22563
12804 23083
12805 24638
12805 28795
12805 29286
12805 36083
12806 21152
12806 21536
12806 30327
12806 31720
12806 32384
12807 15802
12807 29355
12808 32319
12808 36205
12809 17136
12809 31076
12809 32924
12809 33251
12810 23057
12810 26371
12810 37052
12810 37966
12811 19119
12811 20268
12811 34660
12812 19668
12812 29697
12813 25135
12813 25459
12814 15287
12814 20209
12814 35804
12815 33698
12816 22051
12816 27230
12817 24277
12817 27345
12817 36526
12818 39828
12819 17355
12819 34794
12820 18128
12820 27304
12821 17919
12822 16151
12822 23180
12822 32027
12822 38117
12822 38981
12823 17763
12823 39476
12824 20749
12825 33513
12825 34797
12825 37230
12825 38713
12825 39011
12826 16125
12826 33401
12827 18278
12827 23836
12827 26117
12827 36411
12827 39044
12829 21426
12829 30012
12830 12896
12830 20111
12830 24316
12830 25209
12830 27880
12831 21536
12831 27278
12831 28254
12831 31982
12832 15456
12832 32882
12833 14893
12833 35736
12834 16657
12834 18516
12834 26440
12834 39832
12835 22044
12835 30134
12836 23671
12836 36234
12836 36597
12837 16048
12837 26604
12837 33800
12838 14831
12838 25362
12838 29539
12839 36467
12839 39951
12840 16089
12840 36827
12841 16330
12841 23452
12841 37236
12841 39274
12842 14931
12842 35028
12843 13332
12843 28436
12843 35372
12844 14133
12844 17385
12844 18238
12844 29667
12844 33775
12845 16410
12845 25256
12845 26233
12845 28816
12845 30720
12846 13880
12846 16939
12846 27384
12846 30560
12846 33526
12846 35771
12846 38599
12847 16073
12847 21904
12848 34112
12848 34180
12849 18251
12849 19632
12851 30469
12852 28155
12854 29998
12854 32364
12854 37577
12855 15661
12855 21089
12855 23933
12855 28780
12856 13863
12856 30409
12856 34765
12856 39706
12857 22498
12858 32795
12858 33511
12859 31690
12859 34141
12860 29996
12860 30166
12861 27198
12861 29485
12861 36908
12861 38599
12862 14079
12862 17073
12862 24101
12862 24190
12862 24425
12862 26980
12862 27300
12862 37219
12862 38829
12863 13472
12864 14053
12864 20693
12864 27324
12864 28043
12864 33207
12865 24841
12865 25201
12865 34953
12866 15412
12866 30202
12866 35991
12867 17446
12867 19636
12867 20235
12867 27570
12868 14231
12868 20306
12868 23918
12868 25730
12868 38027
12869 29761
12870 20555
12871 16869
12871 31402
12871 34475
12872 18060
12872 33530
12873 21021
12875 33228
12875 39090
12875 39434
12876 24010
12876 24191
12877 13874
12878 36620
12879 28061
12880 19308
12880 20260
12880 30803
12881 15883
12881 20701
12882 33818
12883 33619
12884 20606
12884 29984
12884 31956
12884 36851
12884 38961
12885 39662
12886 18239
12886 22831
12886 28458
12886 38348
12887 15981
12887 20975
12887 29229
12888 13280
12888 16787
12888 29816
12890 25373
12890 31646
12891 34545
12892 15779
12892 17026
12892 33782
12892 34118
12893 21386
12894 25378
12895 23116
12895 27626
12895 29712
12896 17165
12896 31060
12896 39916
12897 16492
12897 31487
12898 25096
12898 34819
12898 39348
12899 35955
12899 38182
12899 38494
12900 18901
12900 20188
12900 22556
12900 34971
12900 37389
12901 14143
12902 20595
12902 26104
12902 37481
12903 24616
12903 28928
12904 13343
12905 27109
12905 30598
12906 33713
12906 36434
12907 13361
12908 15701
12908 16025
12908 31447
12909 13554
12909 20859
12909 23711
12909 38890
12910 26487
12910 28841
12910 29558
12911 27884
12911 31609
12911 32679
12912 18116
12912 19199
12912 33559
12912 37358
12913 17900
12913 18865
12913 39685
12914 20632
12915 35704
12916 21315
12916 22504
12916 24682
12916 35184
12916 38448
12917 14025
12917 17446
12917 22590
12917 27919
12917 31237
12917 36905
12918 36180
12919 21228
12919 38170
12919 39097
12920 31310
12921 15473
12921 20193
12921 28137
12922 29062
12923 13830
12923 25790
12924 17143
12924 20938
12924 23217
12924 31415
12924 34196
12924 35739
12925 29177
12925 31839
12925 38673
12926 13076
12926 23804
12926 38670
12927 26039
12927 34618
12928 18568
12929 20141
12929 28077
12930 16793
12930 35717
12931 38634
12932 15262
12932 33943
12932 37440
12933 14234
12933 16523
12933 35008
12934 25981
12935 32916
12936 27078
12937 24291
12937 36658
12938 35055
12938 38943
12939 15978
12939 25966
12940 38674
12941 21755
12941 23349
12942 15858
12942 35011
12943 16612
12943 27749
12943 32973
12943 36621
12944 22266
12944 34614
12944 37377
12945 22354
12945 36488
12947 25029
12947 29451
12947 39344
12948 31158
12948 39118
12949 35982
12950 15970
12950 29593
12951 17556
12951 31544
12951 36373
12951 36898
12951 39633
12952 24674
12952 27568
12953 23995
12953 30880
12953 32024
12954 17982
12954 38490
12955 32645
12955 38037
12956 20083
12956 35950
12957 13979
12957 29174
12957 31224
12957 35382
12957 38719
12958 19655
12958 35676
12958 35919
12958 36258
12959 23138
12959 26505
12961 22529
12961 23541
12962 28224
12962 33458
12963 18398
12963 19867
12964 29904
12965 23468
12967 25694
12967 26801
12967 37694
12968 19389
12968 35944
12969 13717
12969 17941
12969 20136
12969 23955
12969 32296
12970 18828
12970 23293
12970 35894
12971 33893
12971 33927
12972 16059
12972 17211
12972 23423
12972 26568
12972 38325
12973 22561
12973 38711
12974 19120
12974 20468
12974 26135
12974 26385
12974 28095
12974 31648
12974 38642
12976 22922
12976 23367
12977 28177
12977 37720
12978 16628
12978 24917
12979 13726
12979 14418
12979 29925
12980 34241
12981 14024
12981 22017
12981 27992
12982 37714
12983 15940
12983 23871
12983 27368
12984 30791
12984 32076
12985 34575
12985 36653
12986 17574
12986 22269
12986 26890
12986 34013
12986 35411
12987 15710
12987 21284
12987 29694
12987 39214
12989 13041
12989 18773
12991 23725
12991 24464
12991 35037
12992 34782
12994 27638
12994 31585
12994 36802
12995 14396
12995 16232
12995 20580
12996 14109
12996 21894
12996 28811
12997 15651
12997 34304
12998 13983
12998 17620
12998 30326
12998 38389
12999 17175
12999 39768
13000 19961
13000 31284
13001 27905
13002 13449
13002 17596
13002 25639
13003 23452
13004 21230
13004 23680
13004 27474
13004 39059
13005 18009
13005 23718
13005 31537
13005 33639
13006 17263
13007 13009
13007 14182
13007 35501
13008 35987
13008 37350
13009 38212
13010 16822
13010 31823
13010 31825
13011 23248
13012 17285
13013 21989
13013 22153
13013 22829
13013 27550
13013 30817
13013 30918
13014 18393
13014 25096
13014 25184
13014 29054
13014 29799
13014 31711
13014 32065
13015 13037
13015 36588
13015 37732
13016 39244
13017 24139
13017 30318
13019 17108
13019 38342
13019 39378
13020 17236
13020 22976
13020 32298
13020 39175
13021 16103
13021 22538
13021 24529
13021 25537
13021 26116
13021 29549
13021 31985
13022 35419
13022 39687
13023 19340
13023 29301
13024 23321
13024 25849
13024 32581
13024 34324
13024 38036
13024 39650
13025 15530
13025 18815
13025 19643
13025 21751
13025 27401
13025 35873
13026 33466
13026 38540
13027 24650
13028 15082
13028 16874
13028 28993
13029 13698
13029 31162
13029 33880
13029 34763
13029 39400
13030 14725
13030 26467
13030 33053
13031 17922
13031 33463
13031 35640
13032 13297
13032 15002
13032 17800
13032 18746
13032 23685
13032 24290
13032 25754
13033 38404
13034 13234
13034 38201
13035 14964
13035 18414
13036 19889
13036 29267
13037 22278
13037 27425
13037 28442
13038 19775
13038 20185
13039 18135
13039 23246
13039 23274
13039 27097
13039 35863
13040 17591
13040 19209
13041 17588
13041 17851
13041 20519
13041 22740
13041 31928
13041 32405
13041 35028
13042 15087
13042 27948
13043 27597
13043 37814
13044 17508
13044 25590
13044 27527
13044 34376
13044 38087
13044 38129
13045 13253
13045 36738
13046 14395
13046 22857
13046 34363
13047 13305
13047 33058
13048 27648
13048 36676
13049 13591
13049 16371
13049 16736
13049 17511
13049 29700
13049 35654
13050 16739
13050 19261
13050 20078
13051 19924
13051 20234
13051 36215
13052 14654
13052 15982
13052 29948
13052 31915
13054 30817
13054 39803
13055 17793
13055 21460
13055 23733
13055 32036
13055 38780
13056 14358
13057 25361
13057 31891
13057 37143
13057 38482
13058 23752
13058 26268
13058 29175
13058 36886
13059 13910
13059 16511
13059 17411
13059 19376
13059 26533
13059 39558
13060 35590
13061 14517
13061 20174
13062 14458
13062 34664
13062 34898
13062 36782
13064 15330
13064 24011
13064 28950
13064 30770
13064 34700
13065 26610
13066 16575
13066 22710
13066 28814
13066 34459
13066 36628
13066 38693
13066 39263
13068 21258
13068 29654
13069 16538
13069 23654
13069 35558
13070 31435
13071 18973
13072 13967
13072 17950
13072 18019
13072 21084
13072 24547
13072 31014
13073 20204
13074 19636
13075 36064
13076 22351
13076 26222
13076 28742
13076 32278
13077 14456
13077 31509
13078 17157
13078 22784
13078 23319
13078 38031
13079 15349
13079 16104
13079 20252
13079 28583
13079 34604
13079 36836
13080 13602
13080 29974
13080 30942
13081 17702
13081 37702
13082 20808
13082 23317
13083 14428
13083 21906
13083 22796
13083 24276
13084 15881
13084 30112
13085 13997
13085 21382
13085 21411
13085 24420
13085 27216
13086 29881
13086 32742
13086 35245
13087 29019
13088 20923
13088 24349
13088 27883
13088 31146
13088 36047
13089 25487
13091 19010
13091 19515
13091 36645
13092 16528
13092 30555
13093 13776
13093 15892
13093 22488
13093 30229
13093 33174
13094 18129
13094 22295
13094 22852
13094 23941
13094 32977
13095 13962
13095 16411
13095 18838
13095 27319
13096 16437
13096 20425
13096 28219
13096 29727
13097 17565
13097 31000
13097 31280
13098 13509
13098 17694
13098 33643
13099 36661
13100 17736
13100 18238
13100 26315
13101 24158
13101 36083
13101 39754
13102 18299
13102 21554
13102 34629
13102 37495
13103 14866
13103 17099
13103 27057
13103 27527
13103 29158
13103 39667
13104 37117
13105 22219
13105 26252
13105 35303
13106 17262
13106 20033
13106 37738
13107 16774
13107 18545
13107 37999
13108 37428
13109 25661
13109 29839
13109 30529
13109 33070
13110 16469
13110 29695
13110 31762
13111 13717
13111 30143
13111 31879
13111 33729
13112 31284
13112 34843
13113 22555
13113 25215
13114 17336
13114 19558
13114 19974
13114 20432
13115 14072
13115 19512
13115 22326
13115 31760
13115 35402
13115 37411
13116 19718
13116 24947
13116 37682
13117 17954
13117 20740
13118 17876
13118 20618
13118 37533
13119 31740
13119 35219
13120 35500
13120 35588
13121 14641
13121 21644
13122 21702
13122 22699
13122 26123
13122 38002
13124 17670
13124 37783
13125 20037
13126 16404
13126 18953
13126 31934
13127 27701
13127 28195
13127 37092
13127 38591
13128 17436
13129 35423
13129 36712
13130 20971
13130 27744
13130 29850
13132 16348
13132 18707
13132 18738
13132 20294
13132 21491
13132 22168
13133 17179
13133 18467
13134 28937
13136 29078
13136 32359
13137 13530
13137 16317
13137 21560
13139 25214
13139 29747
13140 26652
13140 37866
13140 39040
13142 19776
13142 23260
13142 27367
13142 30429
13142 33329
13142 36729
13143 15987
13143 29081
13143 34162
13145 17809
13145 20697
13145 22858
13145 35569
13145 35607
13145 37067
13145 39711
13146 25731
13146 26580
13148 13235
13148 16409
13148 23962
13148 24370
13148 26073
13148 32472
13148 36364
13149 15971
13149 19099
13150 24218
13150 39911
13150 39973
13151 28940
13151 32570
13152 17905
13152 24922
13152 28598
13152 36700
13153 38615
13154 20396
13154 20520
13154 21665
13154 23006
13154 23850
13154 36636
13154 37383
13155 14764
13155 24222
13155 30765
13155 38069
13156 21653
13156 28013
13156 34314
13157 22006
13157 25175
13157 31709
13158 13957
13158 17565
13158 39319
13159 24438
13159 36900
13159 38100
13160 25163
13160 33359
13161 21010
13161 29933
13161 33596
13162 24635
13162 38331
13164 22956
13165 36217
13166 24053
13166 34068
13166 38967
13167 14604
13167 21913
13167 25942
13167 26855
13167 36223
13167 38956
13168 34098
13169 16341
13169 28451
13169 29455
13169 31995
13170 30099
13170 31867
13170 36676
13171 17296
13171 18245
13171 18749
13171 22708
13172 18383
13172 37968
13173 33271
13174 21159
13174 28554
13175 15037
13175 28540
13176 17667
13176 31731
13176 35228
13176 37998
13177 28516
13178 19077
13178 20847
13179 17504
13179 19853
13179 27454
13179 31266
13179 35887
13180 14452
13180 23013
13180 34604
13181 22024
13182 15665
13182 34954
13183 28118
13184 14982
13184 26995
13184 32266
13184 32775
13185 20294
13185 20438
13185 38713
13186 23741
13186 31407
13188 35045
13190 20589
13190 39386
13191 16276
13191 19442
13191 21556
13191 21706
13191 23553
13191 29615
13191 32919
13191 33183
13192 13578
13192 21089
13192 26748
13192 31065
13192 36006
13193 17947
13194 28950
13195 17924
13195 24657
13196 19434
13196 24000
13196 39106
13197 16089
13199 17990
13199 18961
13199 36350
13200 13948
13201 14469
13201 22032
13201 26559
13202 21079
13202 33969
13202 37934
13203 16212
13203 27659
13203 32024
13204 18035
13204 18524
13204 26634
13204 29290
13205 15759
13205 23609
13205 28604
13205 34265
13205 34833
13206 13761
13206 16274
13206 29212
13206 35587
13207 35063
13208 37613
13208 39866
13209 30121
13209 39361
13210 21067
13210 22928
13211 13322
13211 38958
13211 39856
13212 21103
13212 30831
13213 22957
13213 27577
13215 20391
13215 21265
13215 35464
13215 36537
13217 13366
13217 30527
13217 38044
13218 14156
13218 20842
13218 30548
13218 33711
13218 36600
13219 22278
13219 25994
13220 19863
13220 20010
13221 17095
13221 19382
13221 32271
13222 36411
13223 25086
13223 29828
13224 20490
13225 29501
13225 32464
13225 39430
13226 19124
13226 37505
13226 38110
13227 21918
13228 17946
13228 38939
13229 37824
13230 14636
13230 16086
13230 17520
13230 18573
13230 22334
13230 32225
13231 15906
13231 19364
13231 25010
13231 30901
13231 34175
13232 26596
13232 32162
13233 21667
13233 28688
13233 37208
13234 24006
13234 29743
13234 31110
13234 33165
13235 22024
13235 22075
13236 17322
13236 18464
13236 27745
13237 39702
13239 20800
13239 26524
13240 17688
13242 19239
13242 19868
13242 24236
13242 27025
13243 24517
13243 30303
13243 31562
13243 38473
13245 29106
13246 16412
13246 33194
13247 22398
13247 37073
13247 37582
13248 20027
13249 14421
13249 21042
13249 26914
13249 27746
13249 33458
13250 19211
13250 22075
13250 22945
13250 35424
13250 38414
13251 15441
13251 21915
13251 28084
13251 32999
13251 34706
13251 38509
13252 18725
13253 23354
13253 33310
13253 37948
13254 39680
13255 26061
13256 39750
13257 14985
13257 16843
13257 34036
13258 21929
13258 29585
13258 37638
13259 31885
13260 20131
13260 22008
13262 19821
13262 24415
13262 26404
13262 28067
13262 37361
13263 14121
13263 26212
13263 30462
13263 38075
13264 18404
13264 32297
13264 34629
13264 38495
13265 13470
13265 29333
13266 27417
13266 27983
13267 23414
13267 37084
13268 17472
13269 25814
13271 15072
13271 16877
13271 26669
13271 32381
13272 22053
13272 23485
13272 27961
13272 29277
13272 29633
13273 19839
13273 23701
13274 35278
13275 31562
13275 32088
13275 38558
13275 38978
13276 19630
13276 20784
13276 21368
13276 22435
13276 33731
13277 28688
13278 19477
13278 20261
13278 23596
13279 18110
13279 33842
13280 30078
13280 35260
13282 14460
13282 33362
13282 35590
13283 15101
13283 20329
13283 35224
13284 25975
13284 28887
13285 19599
13285 39053
13286 33765
13287 25828
13288 34054
13288 37834
13289 33803
13289 39707
13290 21976
13290 27457
13292 16819
13292 27887
13292 39871
13293 18954
13293 24357
13293 32397
13293 35303
13294 16975
13294 24349
13295 30946
13296 16086
13296 21461
13296 38471
13298 29839
13299 13931
13299 20421
13299 27753
13299 29676
13299 30574
13299 31415
13299 33010
13300 17889
13300 18145
13300 30399
13300 32199
13301 17722
13301 24267
13301 30757
13301 36907
13301 37845
13302 30653
13303 15547
13303 25043
13303 27770
13303 30886
13303 33752
13304 22091
13304 22360
13305 13972
13305 37039
13305 39405
13305 39706
13306 17884
13306 17970
13306 22670
13306 28759
13307 35066
13308 21139
13308 30307
13309 27423
13309 33650
13309 35809
13309 37002
13310 18534
13310 18678
13310 21210
13310 30218
13310 38024
13311 17631
13311 23801
13311 24951
13311 35372
13312 16792
13312 39574
13313 19493
13313 20040
13313 22538
13313 24552
13313 33443
13313 34912
13313 36059
13314 25419
13314 26475
13315 17422
13316 16282
13316 19461
13316 21437
13316 27207
13316 38888
13317 14443
13317 15106
13317 18844
13317 23820
13318 30244
13318 32964
13318 33030
13319 18185
13319 27086
13319 35782
13320 22641
13321 19607
13321 24188
13321 26717
13321 29816
13321 32741
13321 33233
13321 35335
13321 38895
13322 13733
13322 18017
13322 30436
13322 37356
13323 21174
13323 30483
13323 36633
13324 20492
13324 24209
13324 31452
13324 39359
13325 17536
13325 32208
13326 16961
13326 21558
13327 16367
13328 31456
13329 17319
13329 35744
13330 25647
13330 27863
13330 27982
13330 38074
13330 38462
13331 19267
13331 27177
13331 38609
13332 19817
13332 38684
13332 38974
13333 13970
13333 14411
13333 25336
13333 32860
13334 13766
13334 15892
13334 20589
13334 27528
13334 37384
13335 34006
13336 17334
13336 19540
13336 30322
13336 31075
13337 23148
13337 36722
13338 26302
13338 39257
13339 32276
13340 17518
13340 18434
13340 23103
13341 19303
13341 25948
13342 20665
13342 22959
13342 25080
13342 25319
13342 30224
13343 15382
13343 18007
13344 18999
13344 23881
13344 27480
13344 36814
13345 16667
13345 17619
13345 25122
13345 29271
13346 24942
13346 25102
13347 14760
13347 15622
13347 24323
13347 39239
13348 21575
13349 14487
13349 20965
13349 28622
13349 34046
13349 34118
13350 22747
13351 18601
13351 28500
13351 38106
13352 23079
13352 23339
13352 27926
13352 34608
13353 14584
13353 28254
13353 29575
13353 31674
13354 13643
13354 18575
13354 20461
13354 24718
13354 25720
13355 28642
13355 32281
13355 36539
13356 15251
13356 17101
13356 26655
13356 30173
13356 33688
13357 24335
13357 25433
13357 33371
13359 34862
13360 17143
13360 24290
13360 31465
13361 15623
13361 18509
13361 37523
13362 31924
13363 21769
13363 39772
13364 14511
13364 15990
13364 31572
13364 32467
13365 37631
13366 14350
13366 20510
13366 22944
13366 26189
13367 14439
13367 20306
13367 21155
13367 29686
13367 34713
13367 35705
13368 15736
13368 28701
13369 26786
13369 38395
13371 17053
13371 34626
13371 38622
13373 23173
13374 24025
13374 26612
13374 37953
13375 19308
13375 24734
13375 33079
13375 35677
13375 39761
13376 34187
13377 27885
13377 30780
13377 34058
13378 24994
13379 15640
13379 16126
13379 26047
13379 30080
13379 37811
13379 37975
13380 13933
13380 20789
13380 21094
13381 27595
13381 28416
13381 29041
13382 20035
13383 15862
13383 20401
13383 33296
13384 16236
13384 18054
13384 21070
13384 24472
13385 14673
13385 29204
13385 37175
13386 13948
13386 21291
13386 36715
13387 35470
13388 18148
13389 30337
13389 30350
13389 38719
13390 13395
13390 13403
13390 19720
13390 32657
13391 32201
13392 26580
13392 36866
13392 38971
13393 16661
13393 18363
13393 29963
13393 30348
13393 38268
13395 21122
13395 30055
13395 32745
13395 34304
13395 39134
13396 13431
13396 20360
13396 20667
13396 23247
13396 28185
13396 37388
13396 38596
13397 28186
13398 14188
13398 17444
13398 19313
13398 21144
13398 29537
13398 31332
13398 39887
13399 25702
13399 28770
13399 39124
13399 39945
13400 14129
13400 15487
13400 21878
13400 26935
13400 37673
13401 30635
13402 28037
13403 16245
13403 16660
13403 26853
13403 32716
13403 35829
13403 36266
13404 14149
13404 14219
13404 35879
13405 18589
13405 20881
13405 20891
13405 21758
13407 22600
13407 31709
13408 15905
13409 28084
13409 35863
13409 37311
13410 30286
13410 37159
13411 15695
13411 18184
13411 19438
13412 31632
13412 33278
13412 36155
13413 13922
13413 21459
13413 22312
13414 16492
13414 20525
13415 21196
13415 21580
13416 31190
13416 32655
13417 15288
13417 17902
13417 25750
13417 37552
13418 22255
13418 32335
13418 33483
13418 33597
13421 30881
13421 39175
13421 39208
13422 27373
13422 37610
13423 18006
13423 32701
13424 27503
13424 29298
13424 32752
13424 33002
13424 39363
13425 20940
13425 22259
13425 26507
13426 27475
13427 30411
13427 30726
13427 33872
13427 34925
13428 28713
13428 34271
13429 24204
13429 33783
13430 37630
13431 29305
13431 34153
13432 25344
13433 14649
13433 36174
13433 37494
13434 20762
13434 25577
13434 37042
13435 30629
13435 31360
13436 27238
13436 32997
13436 35170
13436 39465
13437 31610
13437 39831
13437 39996
13438 19876
13438 20529
13438 36155
13439 15546
13439 19509
13439 27253
13439 32422
13439 34541
13439 34849
13440 20683
13441 19088
13441 22654
13441 35163
13442 26954
13442 38864
13443 35165
13444 25774
13445 24570
13445 27241
13445 32188
13445 35091
13446 20942
13446 22444
13446 36411
13447 22401
13447 32152
13448 13557
13448 20992
13448 28155
13449 29570
13449 34717
13449 34902
13449 34983
13450 13528
13450 16181
13450 20149
13450 27308
13450 27970
13450 34347
13450 39660
13451 21793
13451 38574
13452 18248
13452 21598
13452 31211
13452 35430
13453 35302
13454 19124
13454 25952
13454 33292
13455 16224
13456 27363
13456 31121
13456 34564
13456 38735
13457 16191
13457 18766
13458 16178
13458 31643
13459 15403
13459 35639
13459 36469
13460 18513
13460 29842
13460 36124
13461 24264
13462 25974
13462 27590
13462 35304
13463 14203
13463 39175
13464 15340
13464 21223
13465 20895
13465 27496
13465 34003
13465 37340
13466 17776
13467 22295
13467 26535
13467 30443
13468 15527
13468 16661
13469 19265
13469 31878
13469 39887
13471 13571
13471 22801
13471 30135
13471 34286
13472 16484
13472 20181
13472 31165
13473 33390
13473 39020
13473 39688
13474 20245
13474 27816
13474 30934
13475 22434
13475 34215
13476 19204
13476 20330
13476 21110
13476 23992
13477 34915
13477 37826
13477 39870
13478 32032
13479 14811
13479 17346
13479 30947
13479 34399
13479 39290
13480 18398
13480 31049
13480 32801
13480 38002
13481 38332
13482 17884
13482 24252
13482 27836
13482 39007
13484 15765
13484 18465
13485 26682
13485 31111
13485 36249
13485 38438
13485 39248
13486 15784
13486 17758
13486 19132
13486 24454
13486 28328
13486 29327
13487 18332
13487 29287
13487 37524
13488 21664
13488 25844
13488 32758
13489 15052
13489 26172
13489 28358
13489 38930
13490 22675
13490 33700
13491 14495
13491 14854
13491 17729
13491 18586
13491 22856
13492 21701
13492 23727
13492 24653
13492 25394
13492 32144
13493 25508
13493 29839
13493 36962
13494 34216
13495 24006
13495 34622
13495 39353
13496 23207
13497 23716
13497 36270
13498 15491
13498 15535
13498 24712
13499 16632
13499 18893
13499 24730
13499 25953
13499 32103
13499 36425
13500 15485
13500 24371
13500 36568
13501 13660
13501 14590
13501 24266
13501 26358
13501 33789
13501 39794
13502 17933
13502 27115
13503 15003
13503 23285
13503 25479
13503 28060
13503 39123
13505 17278
13505 17506
13505 25840
13505 25900
13505 29591
13506 24203
13507 34468
13508 15784
13508 17682
13508 21123
13508 34580
13509 39564
13510 36732
13511 18165
13511 22628
13511 29297
13511 34020
13512 19534
13512 24345
13512 27054
13512 37874
13513 15687
13513 38623
13514 25700
13515 37462
13516 17627
13516 20015
13516 25305
13516 27695
13516 28596
13516 29891
13516 31455
13516 37250
13517 15831
13518 16098
13518 29330
13518 39287
13519 13764
13519 18552
13519 27759
13520 24376
13520 29521
13522 17608
13522 18948
13522 30699
13522 31875
13523 15059
13523 15560
13523 28149
13523 36598
13524 14753
13524 23134
13524 25021
13525 15375
13525 22860
13525 28577
13526 27933
13528 29481
13529 18648
13529 28784
13530 14852
13530 39733
13532 27242
13533 20657
13533 22261
13533 34973
13534 18828
13534 24888
13534 36291
13535 15250
13535 26701
13535 30889
13535 38412
13537 21754
13537 35110
13538 14912
13538 17291
13538 22488
13538 26934
13538 28680
13538 32857
13539 26738
13539 29497
13539 38961
13540 18671
13540 25082
13540 26175
13541 20331
13541 29612
13541 30141
13541 38384
13542 22561
13542 35089
13542 37928
13542 38920
13543 19902
13543 32150
13544 20671
13545 29696
13545 36842
13546 26643
13546 30503
13546 33945
13547 25874
13548 20946
13548 22630
13548 33770
13549 15526
13549 17947
13549 18486
13549 32883
13549 35648
13550 31454
13550 38559
13551 21075
13551 30876
13551 36841
13552 18642
13552 22194
13552 22958
13552 34747
13553 18439
13553 32545
13553 35600
13553 37105
13554 36194
13555 21104
13555 26225
13556 25013
13556 27658
13556 34827
13557 27495
13557 30969
13558 17327
13558 28972
13558 29503
13558 30761
13558 35241
13558 35288
13558 38585
13559 19657
13559 20396
13559 39497
13560 16739
13560 23884
13560 25395
13560 31859
13561 14844
13562 25136
13562 28385
13562 31704
13562 38243
13562 38402
13563 25419
13563 38280
13564 19960
13564 28173
13564 32293
13565 22039
13565 27822
13566 23450
13566 32648
13566 37501
13566 37670
13567 21037
13567 28917
13567 30485
13568 24337
13569 18077
13569 21658
13569 22727
13569 26430
13569 29425
13569 34329
13570 21315
13570 21770
13570 27626
13570 29979
13571 20298
13571 39165
13573 14130
13573 22182
13573 29077
13574 22102
13575 21137
13575 35653
13575 39987
13576 26725
13576 29656
13576 32060
13577 15202
13577 20532
13577 22395
13577 23202
13577 25840
13577 26653
13577 32820
13578 17414
13579 38774
13579 39698
13580 19590
13580 35307
13581 26041
13581 37787
13581 39084
13582 13686
13582 13991
13582 26163
13582 26424
13582 34092
13582 36499
13583 30821
13584 13954
13584 16757
13584 18659
13584 19185
13584 37970
13585 18295
13585 19242
13586 20889
13586 21982
13586 26429
13586 26621
13587 17303
13587 23739
13587 26306
13587 36258
13588 34378
13588 37218
13588 37255
13588 38403
13590 15374
13590 27214
13590 28758
13590 29012
13590 31781
13590 32317
13591 18915
13592 13832
13592 19977
13592 27398
13592 38542
13594 16024
13594 16665
13594 18606
13594 24809
13594 24955
13595 24175
13595 29979
13595 30290
13596 15064
13596 35521
13597 19640
13597 35182
13598 28804
13598 30973
13598 33162
13598 36531
13599 24339
13599 33491
13600 21680
13600 25033
13600 27975
13601 20214
13601 32569
13602 17546
13602 37436
13602 37943
13602 39624
13603 16566
13603 17300
13603 33242
13604 20614
13604 35050
13605 17531
13606 34345
13606 36248
13607 25691
13608 14839
13608 20587
13608 25719
13608 36538
13609 24141
13609 26481
13611 20696
13611 23927
13611 30838
13611 32451
13612 32168
13612 33316
13612 33898
13612 35270
13613 33784
13614 27939
13614 28860
13614 29225
13615 18232
13615 22188
13616 17278
13617 31710
13617 37570
13618 16905
13618 24701
13618 30341
13618 32352
13618 37358
13618 39206
13619 20095
13620 33875
13621 19780
13621 20577
13621 20652
13621 23934
13622 24161
13622 30770
13622 39879
13623 23980
13624 29736
13624 33626
13624 33672
13625 14536
13626 14904
13626 17441
13626 21504
13627 16452
13627 18908
13627 29511
13627 31699
13627 38431
13628 32294
13629 32058
13630 19435
13630 37769
13631 29216
13632 26917
13632 36070
13633 16346
13633 16685
13633 19639
13633 30688
13634 22544
13634 28471
13634 31849
13634 35880
13635 18595
13635 25172
13635 33888
13636 20495
13636 24790
13636 25448
13636 28186
13637 21615
13638 16613
13638 20580
13638 30153
13638 37831
13639 16533
13639 17658
13639 21015
13639 24890
13639 26634
13640 20482
13640 24502
13641 17921
13641 27396
13642 14338
13642 24203
13642 26957
13643 29320
13644 39808
13645 26386
13645 30527
13646 14911
13646 16414
13646 17143
13646 17297
13646 23898
13647 33027
13647 35609
13648 19204
13648 20823
13649 18153
13649 34209
13649 36086
13650 18066
13650 24704
13650 28994
13650 34844
13650 38502
13651 15833
13651 22704
13652 26506
13652 31539
13652 31893
13653 13782
13653 18299
13653 29834
13654 26148
13654 29839
13655 24159
13656 20091
13656 23052
13656 28287
13656 39218
13657 27445
13657 29679
13658 15571
13658 17848
13658 24651
13658 24824
13658 25579
13658 31132
13659 28287
13659 28347
13659 35465
13660 23485
13660 31894
13660 35851
13660 36073
13661 16028
13661 30711
13661 32981
13662 21670
13662 27938
13662 30550
13662 31918
13662 35749
13663 15834
13663 29205
13664 15065
13664 31150
13664 31224
13664 32086
13664 32110
13664 37188
13664 38975
13664 39450
13664 39473
13665 17712
13665 20630
13665 22912
13666 14153
13666 26960
13666 29990
13666 32121
13666 32422
13667 13909
13667 21523
13668 16504
13668 26466
13668 29578
13668 36576
13669 17773
13669 21158
13670 27807
13670 30356
13671 19082
13672 22686
13672 30902
13674 14798
13674 17883
13675 28301
13675 33645
13675 34756
13676 18604
13676 20618
13676 23475
13676 25037
13676 27285
13676 28324
13677 22418
13677 26767
13678 31210
13678 35184
13679 21035
13679 26385
13680 33398
13680 38623
13681 23557
13681 33796
13681 38370
13682 27700
13682 32148
13684 35437
13684 36219
13685 18777
13685 24732
13685 39363
13686 27860
13686 27951
13687 21535
13687 28543
13688 19399
13688 23254
13689 18122
13689 19956
13689 22355
13689 22835
13689 30562
13690 28443
13690 35064
13691 14106
13691 34015
13691 35263
13692 14208
13692 17115
13692 31138
13692 32128
13693 16173
13693 16522
13693 21836
13694 14496
13694 15713
13694 17732
13694 22754
13695 27883
13695 29018
13695 32137
13695 36575
13696 22561
13696 25043
13697 19284
13697 25503
13698 21139
13698 23470
13698 32150
13698 33842
13698 34316
13698 35846
13700 27060
13701 27432
13701 29993
13701 34368
13703 18957
13703 23657
13704 17211
13704 37753
13705 14023
13705 16536
13705 19999
13705 20393
13705 36081
13706 14684
13706 28640
13706 28685
13706 32521
13706 39736
13707 21409
13707 25345
13707 27525
13708 37994
13709 29194
13710 16060
13710 22438
13710 22888
13710 25747
13710 32037
13710 35168
13711 17503
13711 19576
13711 30749
13711 31932
13711 32411
13711 38549
13712 15712
13712 19051
13713 22270
13713 29602
13713 30554
13713 38276
13713 38277
13715 31335
13715 35050
13716 19370
13716 23954
13716 33709
13716 36211
13717 22266
13717 26106
13717 27649
13718 20942
13718 24587
13718 35465
13718 38978
13719 21080
13719 28637
13720 14173
13720 17118
13720 28916
13721 17592
13721 23016
13721 39122
13722 18378
13722 21294
13722 30866
13723 25743
13723 28055
13724 18203
13724 19503
13724 26280
13724 30325
13724 31014
13725 28646
13726 14261
13726 36026
13727 20622
13727 22201
13728 29918
13728 30825
13728 34788
13728 37358
13728 38287
13728 39787
13729 16195
13729 35035
13729 36456
13730 24728
13730 29367
13730 30289
13731 13831
13731 35033
13732 15416
13732 27910
13732 39836
13733 25301
13733 33614
13733 34123
13733 36367
13734 27578
13734 32785
13734 32930
13734 36765
13735 36935
13737 17866
13739 25092
13739 32337
13739 39625
13740 19815
13740 38866
13741 16636
13741 25231
13741 29666
13741 31555
13741 38677
13743 29814
13744 20033
13744 20327
13744 22317
13744 33289
13744 38157
13745 18891
13745 30577
13746 23598
13746 24074
13746 26733
13746 28280
13746 31256
13747 26361
13747 30371
13747 33909
13747 36251
13747 39652
13748 19971
13749 26668
13750 23958
13750 32040
13750 32346
13751 25130
13751 27678
13751 29821
13751 31078
13752 23660
13752 30109
13752 32044
13752 32807
13752 35650
13753 15698
13753 22061
13754 27463
13754 39588
13755 28555
13755 37159
13756 19180
13756 24191
13756 26611
13757 16860
13757 20630
13757 23396
13757 29635
13757 36485
13758 14618
13758 21381
13758 26627
13758 28221
13758 34055
13758 37932
13759 22936
13760 23100
13761 14912
13761 31365
13761 35746
13762 19804
13762 35887
13763 16473
13763 19912
13764 15467
13764 17972
13764 31969
13764 33345
13764 34297
13765 14521
13765 28185
13765 31844
13765 38866
13766 31580
13766 32479
13767 18926
13767 20667
13769 31157
13770 20691
13770 28154
13771 15460
13771 17681
13771 22020
13772 22868
13772 29539
13773 33346
13773 36698
13774 20632
13774 35401
13774 35787
13774 36272
13775 29953
13776 15538
13776 21500
13776 29261
13776 36537
13776 36558
13777 34299
13777 38014
13778 15734
13778 21831
13778 25568
13778 28496
13778 37693
13778 38616
13779 14366
13779 14638
13780 23617
13780 38900
13781 21666
13781 23704
13782 16206
13782 27708
13782 34072
13782 39685
13783 24039
13783 24070
13783 29087
13784 19151
13784 28732
13786 19135
13786 22660
13786 32530
13787 15028
13787 21482
13787 25794
13787 34389
13788 19496
13788 35598
13789 27627
13789 33858
13789 36610
13789 38268
13791 16701
13791 35344
13793 15401
13793 28144
13793 39178
13794 15726
13794 18574
13794 21060
13794 32171
13795 25424
13796 16709
13796 17246
13796 18314
13796 31615
13796 35229
13797 29653
13797 35159
13798 28181
13798 34813
13799 19969
13799 30814
13799 32931
13800 24089
13800 24780
13800 24796
13800 26666
13801 34899
13802 17119
13802 32559
13802 33432
13803 28946
13804 18774
13804 25577
13804 32202
13805 38451
13806 16846
13806 28662
13806 35029
13807 33069
13807 38412
13808 24124
13808 34071
13808 39845
13809 18219
13809 24894
13810 17681
13810 24854
13810 27655
13811 15927
13811 26091
13812 15086
13813 22004
13814 17564
13814 26977
13814 33207
13814 38434
13815 39007
13817 18846
13817 35181
13818 14191
13818 16272
13818 38067
13819 14080
13819 18954
13819 26297
13819 26533
13819 33711
13820 18908
13820 24775
13820 30296
13821 14402
13821 19402
13821 33483
13822 14244
13822 19341
13822 28950
13823 21802
13823 21974
13823 25356
13823 29261
13823 34401
13824 22048
13824 31750
13824 36503
13825 18176
13825 22573
13826 17729
13826 27018
13826 27539
13826 29779
13828 17875
13828 26157
13828 31500
13829 14139
13829 26877
13830 19245
13830 23387
13830 24346
13830 30445
13830 35560
13830 39235
13832 15662
13832 19997
13832 27650
13833 14382
13835 35068
13835 38521
13836 19812
13836 25488
13836 33083
13837 36948
13838 25117
13839 23081
13839 38061
13840 15960
13840 27849
13840 31738
13840 33103
13842 20115
13842 30515
13842 34858
13842 35225
13843 15628
13843 16391
13843 21941
13843 30313
13843 33161
13843 34724
13843 34982
13844 19621
13844 36073
13844 36599
13845 17493
13845 19768
13845 22435
13845 28011
13846 25661
13846 26553
13846 30966
13847 14802
13847 23574
13847 27352
13847 38121
13847 38423
13848 22122
13849 29695
13849 32492
13850 15764
13850 18436
13850 19658
13850 22737
13851 21184
13851 30673
13852 17239
13852 29501
13852 39572
13853 21935
13854 15219
13854 21812
13854 24757
13855 23903
13855 33447
13856 22825
13856 26945
13857 25818
13857 31563
13857 39787
13858 17067
13858 25848
13858 38724
13859 21801
13859 30579
13859 37107
13860 14769
13860 15798
13860 32689
13860 36066
13861 16227
13861 18809
13861 31807
13862 16330
13863 22615
13863 30186
13863 38405
13864 20362
13864 25844
13864 32538
13864 34062
13864 37291
13865 28070
13866 37653
13867 16930
13867 29789
13867 33670
13867 37034
13867 38573
13868 15667
13868 38735
13868 38755
13869 15421
13869 16603
13869 21330
13869 33568
13870 14410
13870 18361
13870 27731
13870 36819
13871 18797
13871 19175
13871 31103
13871 33267
13872 16541
13872 28258
13872 33564
13872 34972
13873 14657
13873 21716
13874 14720
13874 35984
13875 16679
13875 21857
13875 25370
13875 34946
13876 26376
13876 27421
13876 31624
13876 38557
13877 16567
13877 22982
13877 24009
13878 35742
13879 20276
13879 20315
13879 27592
13880 25395
13881 20510
13881 23779
13882 25123
13882 28629
13883 17059
13883 18862
13883 28024
13883 37188
13884 21614
13884 29351
13884 31973
13884 32039
13885 24070
13886 30978
13886 36570
13887 29851
13888 16905
13888 19220
13888 37540
13889 20262
13889 25767
13889 26994
13889 27129
13889 27493
13889 32470
13889 39418
13890 15504
13890 17002
13891 15675
13891 16800
13891 22192
13891 33441
13891 38528
13893 16242
13893 16592
13893 30203
13893 37818
13894 21495
13894 39364
13895 36780
13896 27630
13896 30608
13897 15190
13897 32499
13897 38912
13898 18846
13898 35536
13899 33727
13900 26761
13900 36706
13900 39779
13901 17154
13901 26380
13901 32968
13901 38622
13902 13909
13902 14189
13903 17901
13903 25255
13903 25603
13903 25750
13903 33156
13903 36063
13904 30782
13904 32461
13904 33540
13904 38370
13905 24981
13905 30572
13905 34053
13905 37148
13907 23122
13907 36498
13907 39754
13908 19341
13910 16704
13910 28108
13910 30069
13910 39776
13911 19108
13911 36286
13912 17569
13912 31278
13912 36164
13913 16721
13913 25932
13913 30262
13913 34179
13913 34996
13914 18210
13914 22713
13914 24654
13915 15846
13915 39350
13915 39482
13916 33096
13917 33986
13918 24377
13918 30060
13919 29673
13919 37015
13919 37843
13920 18147
13921 15938
13921 29712
13922 17430
13922 17828
13922 25655
13923 19253
13923 20632
13924 18441
13924 19776
13925 15485
13926 15825
13926 17845
13926 30192
13926 33052
13926 37340
13927 34002
13928 14421
13928 19811
13928 20789
13928 21613
13928 27235
13928 27827
13928 39190
13929 15841
13929 31035
13929 33849
13930 17404
13930 28911
13930 31196
13931 30663
13931 33619
13931 36827
13932 37211
13934 23421
13934 36858
13935 23899
13936 17224
13936 27960
13936 31010
13937 20196
13937 28224
13937 28786
13937 34130
13937 34291
13938 14704
13938 24363
13938 26818
13938 39335
13939 17878
13940 29152
13941 20989
13942 17424
13942 18948
13942 22275
13942 27372
13942 33623
13942 34993
13942 35865
13943 27821
13943 28336
13943 30052
13943 35294
13944 25222
13944 29288
13945 26423
13946 34632
13946 37097
13946 37752
13947 25577
13947 28088
13947 29551
13947 34543
13949 28314
13949 28535
13951 17062
13951 24215
13951 25705
13951 39774
13953 31598
13953 32307
13953 38275
13953 39663
13954 16902
13954 19859
13954 35904
13954 39096
13955 17243
13955 21201
13955 35910
13956 19370
13957 29997
13957 39149
13957 39372
13958 17901
13958 24821
13958 38425
13958 38431
13959 14946
13959 38787
13960 19624
13960 25692
13961 32835
13961 36546
13962 15764
13962 32012
13962 33157
13962 38564
13963 23584
13963 34214
13964 18977
13964 22677
13964 24281
13964 29973
13964 35418
13965 15289
13965 23627
13965 25099
13965 36846
13965 37134
13966 27952
13967 36284
13969 26612
13969 36444
13969 36885
13969 39559
13970 22534
13970 24543
13971 22100
13971 27749
13972 19060
13972 21250
13973 26183
13973 28818
13973 35743
13974 35191
13974 35244
13974 38103
13975 22056
13975 24373
13975 39953
13976 24239
13976 25415
13976 25476
13976 26966
13976 32209
13976 33503
13976 37179
13977 15537
13977 28393
13978 17296
13978 28604
13978 32901
13980 21737
13980 23103
13980 26853
13981 18765
13981 31545
13981 36573
13981 38921
13982 24733
13982 36909
13983 14656
13983 15170
13984 15805
13984 19689
13986 26782
13986 27567
13986 35206
13986 38686
13987 21394
13987 25606
13987 30788
13987 39883
13988 23636
13988 34421
13988 36767
13989 23905
13989 32468
13989 33081
13991 18760
13991 20156
13991 24072
13991 34304
13992 21501
13992 27082
13992 29647
13993 14063
13993 25682
13993 35804
13994 14667
13994 25906
13994 34093
13994 35945
13994 37899
13995 19881
13995 39368
13996 19718
13996 19771
13996 21190
13997 19567
13997 35379
13998 16915
13998 31588
13999 19342
13999 20795
14000 15327
14000 19515
14000 30659
14000 35518
14000 37662
14001 34416
14002 17900
14003 35943
14004 21146
14004 29096
14005 32621
14005 33830
14006 23968
14007 23851
14007 35971
14009 22222
14009 30585
14009 34519
14010 14490
14010 27645
14010 38074
14011 22088
14011 25581
14011 27413
14011 38732
14012 26968
14013 23349
14013 30301
14013 34014
14013 34684
14013 34825
14013 37928
14014 21603
14014 33397
14014 39375
14015 14629
14015 15538
14015 32811
14016 25707
14016 30225
14016 33412
14016 35170
14017 29015
14017 33460
14018 35281
14019 36593
14020 19873
14020 23393
14020 23732
14020 37836
14021 22680
14021 22941
14021 29331
14021 32460
14022 23045
14022 24778
14022 26903
14023 15861
14023 23081
14024 14736
14024 18685
14024 33306
14025 26573
14025 32667
14025 35218
14026 17735
14026 39834
14027 19753
14027 39308
14028 21429
14028 24052
14028 38975
14029 25120
14029 37389
14030 32843
14030 35336
14030 35370
14031 17097
14031 31276
14032 20906
14033 15483
14033 22564
14033 35038
14033 39195
14034 22900
14034 26947
14034 28692
14034 31864
14035 20808
14035 21803
14036 25657
14036 39347
14037 17846
14037 27910
14037 37151
14037 37472
14038 32640
14038 34008
14038 35815
14038 38566
14039 30650
14039 33430
14039 34573
14040 15805
14040 28537
14040 31248
14041 28142
14042 24278
14042 39661
14043 16127
14043 17274
14044 18585
14044 32027
14044 36023
14044 38033
14045 17994
14045 19387
14045 20422
14045 32520
14046 25078
14046 27403
14046 29956
14047 14378
14047 21263
14048 31235
14048 34842
14049 29417
14049 33764
14050 21210
14050 35875
14050 35997
14051 17559
14051 18572
14051 32398
14051 35596
14052 26703
14053 18431
14053 28937
14054 15003
14054 17928
14055 14682
14055 26180
14055 28790
14055 33049
14055 34714
14056 15239
14056 19749
14056 25648
14056 31805
14056 32672
14057 14684
14057 26495
14057 27870
14058 25810
14058 31234
14058 32728
14058 34467
14059 16918
14059 16924
14059 18371
14059 20603
14059 25655
14059 26082
14059 29214
14060 30275
14060 30731
14060 31473
14061 26130
14062 14082
14062 22733
14063 19927
14063 26461
14063 39546
14064 33980
14064 37696
14064 39808
14065 15524
14065 31598
14066 15334
14066 33227
14066 35436
14067 15893
14067 16657
14067 21536
14068 20870
14068 30608
14069 26555
14070 15968
14070 17793
14072 20972
14072 33951
14072 34512
14072 36490
14073 17767
14073 27254
14073 33507
14074 25307
14074 35919
14075 20543
14075 23920
14075 28094
14076 17181
14076 26726
14077 17798
14077 25677
14077 30334
14078 16773
14078 36337
14079 14676
14079 22690
14079 27537
14079 30632
14079 32842
14080 20209
14081 30619
14081 38705
14082 20536
14082 26603
14083 20722
14083 28081
14083 29555
14084 37577
14085 17724
14085 34721
14085 35468
14085 39103
14086 17217
14086 23184
14086 30332
14086 32049
14086 32122
14087 21801
14087 23690
14087 33390
14087 39027
14088 21580
14089 17473
14089 17881
14090 16787
14090 19912
14090 31747
14090 35953
14090 36425
14091 20908
14092 15319
14092 28765
14093 14804
14093 36570
14094 24554
14094 32752
14095 25044
14095 36579
14096 28226
14096 33637
14096 38690
14097 19170
14097 21979
14097 23800
14097 24030
14098 19440
14099 23279
14099 28982
14099 30818
14099 32200
14100 23973
14100 31371
14100 33488
14100 33879
14100 35443
14101 18702
14101 38015
14102 16042
14104 18806
14104 39933
14105 19335
14105 35602
14105 39845
14106 33676
14106 36764
14107 31021
14108 28227
14108 37909
14109 15143
14109 18408
14109 37917
14110 35278
14111 31751
14112 14124
14112 24861
14113 15285
14113 27548
14113 35494
14113 37344
14113 37629
14113 39671
14114 16165
14114 23358
14114 25768
14115 31205
14116 28965
14116 32105
14117 15403
14117 16507
14117 19069
14117 28145
14119 34282
14120 17499
14120 18489
14120 31300
14121 26312
14121 31837
14122 23014
14122 26548
14122 34791
14123 20203
14124 25658
14125 20471
14125 26016
14125 35919
14127 19267
14127 20259
14127 28535
14127 31754
14127 34095
14127 37302
14128 23963
14128 31007
14128 32800
14128 33977
14128 35001
14129 19456
14129 21956
14129 25558
14129 28109
14130 14638
14130 25318
14131 15976
14131 21091
14131 23776
14131 38589
14131 39792
14132 33140
14132 35209
14133 32592
14133 33823
14134 25455
14134 27018
14135 26794
14135 31312
14135 32586
14135 36625
14136 16067
14136 25582
14136 27913
14137 17504
14138 14676
14138 17403
14138 19526
14138 33347
14138 35134
14139 32469
14140 15087
14140 19102
14140 22728
14140 39822
14141 16912
14141 32921
14143 27712
14143 34696
14144 22960
14144 24474
14144 31103
14144 34220
14144 39630
14145 14460
14145 16294
14145 21046
14145 35850
14146 18691
14146 20861
14146 22982
14146 33495
14147 17618
14147 27471
14147 39486
14148 17769
14148 18677
14148 32439
14149 37458
14150 19549
14151 31466
14151 31589
14153 26145
14155 23914
14155 27472
14156 23453
14156 24408
14156 31671
14156 32259
14157 30252
14157 33446
14158 32881
14159 16361
14159 29490
14159 36360
14160 21827
14160 22944
14160 34234
14160 39060
14162 24722
14162 25175
14162 27172
14162 34626
14163 22192
14163 32469
14163 33539
14163 34786
14164 25970
14164 26256
14164 27109
14164 27248
14166 25976
14166 32127
14167 17276
14167 26542
14167 30898
14167 34835
14167 35120
14167 35541
14168 28573
14169 29717
14169 38697
14170 18543
14170 37149
14171 17825
14172 15324
14172 23942
14172 25643
14172 27928
14172 31767
14173 31187
14173 32031
14174 14481
14174 20509
14174 23421
14175 18470
14175 28906
14175 33538
14176 35665
14177 15996
14177 34777
14178 14338
14179 14287
14179 18476
14179 19655
14179 31259
14180 20195
14180 22214
14180 34794
14180 39103
14180 39174
14181 34695
14182 21915
14182 27071
14182 37740
14183 19440
14183 20739
14183 25614
14183 34584
14184 17837
14184 26008
14185 18905
14185 38062
14186 22526
14186 24005
14186 24544
14186 32158
14186 36073
14186 36077
14187 18343
14187 20129
14187 23895
14187 25309
14187 30349
14187 37551
14187 38161
14188 16396
14188 20620
14188 33946
14189 24815
14189 24947
14189 35327
14189 39509
14190 26947
14190 28973
14191 26238
14192 21821
14192 35367
14192 36190
14192 36437
14193 17584
14194 17173
14194 25059
14194 36157
14195 15370
14195 15778
14195 38890
14195 39959
14196 20367
14196 26226
14196 38778
14197 27195
14197 33259
14198 17589
14198 21565
14198 26176
14198 39934
14199 17720
14199 28580
14199 29576
14199 29855
14199 37173
14199 37214
14200 21284
14200 29209
14200 37228
14201 15144
14201 23420
14201 23759
14201 27297
14201 30631
14202 19601
14203 23037
14203 30139
14203 34886
14204 15438
14204 24313
14205 33814
14205 35762
14206 14238
14206 39587
14207 21778
14207 28566
14208 27192
14208 27881
14209 30528
14209 33498
14210 27778
14211 22755
14211 29150
14211 37218
14212 17324
14213 17947
14214 30829
14214 36871
14214 37503
14215 22122
14218 22640
14218 37646
14219 18683
14219 27708
14219 35812
14219 39634
14220 29593
14220 30206
14222 16281
14222 19001
14222 29779
14222 38669
14223 27046
14223 33138
14224 21993
14224 22508
14224 24536
14224 25432
14224 26986
14224 33716
14224 37483
14225 15461
14225 35877
14225 36664
14226 19726
14226 30394
14226 35590
14227 30264
14228 25260
14228 30271
14228 32674
14228 36140
14229 35278
14230 16061
14230 16179
14230 20802
14230 25739
14230 26957
14231 25437
14231 33306
14232 14681
14232 37281
14233 27791
14233 29894
14234 25079
14234 27472
14234 30685
14234 31126
14234 31800
14235 17251
14235 30497
14236 29829
14236 39165
14237 27770
14237 29495
14238 19925
14239 33805
14239 34208
14240 21000
14240 35852
14241 32713
14242 23914
14243 15641
14243 21042
14243 25136
14243 28645
14243 31386
14244 17521
14244 21633
14244 26241
14244 34441
14244 38754
14245 26293
14245 34227
14246 22271
14246 32250
14248 14557
14248 30714
14248 31742
14249 15581
14249 28735
14250 31681
14250 36718
14251 22854
14252 28389
14252 35378
14252 38992
14252 39158
14253 25105
14253 33740
14254 25082
14254 39289
14256 14938
14256 27353
14256 30462
14256 31331
14257 19338
14257 24394
14258 38675
14259 22064
14259 24952
14259 29929
14259 30108
14260 24297
14261 18961
14261 34578
14261 37199
14262 14614
14262 24559
14262 24679
14263 25090
14263 37391
14265 22696
14265 22966
14265 27367
14265 32036
14266 23145
14266 25037
14267 22066
14267 24498
14267 34674
14268 20654
14268 22657
14268 27175
14269 17842
14269 20334
14269 27348
14270 24157
14270 24261
14270 36479
14271 14813
14271 18302
14271 19193
14271 27931
14271 30305
14271 34255
14272 17560
14272 28452
14272 29418
14273 16988
14273 39749
14274 19507
14274 36676
14275 23981
14275 26455
14275 31893
14275 35043
14275 37807
14276 16310
14276 24769
14276 26106
14276 29178
14277 26396
14277 29177
14277 37840
14278 16318
14278 16907
14278 17035
14278 32731
14279 15094
14279 16454
14279 23600
14279 25373
14280 17913
14280 19452
14281 26356
14282 24614
14283 15794
14283 34023
14283 37044
14284 23163
14284 24811
14284 33743
14285 16697
14285 28418
14285 29185
14286 27689
14287 15061
14287 33027
14288 23459
14288 27441
14288 37572
14289 22895
14290 19161
14290 34974
14290 38603
14291 38296
14292 34699
14293 24389
14294 29579
14296 23607
14297 31313
14298 25852
14298 28389
14299 35359
14300 23839
14300 33498
14301 25734
14301 25840
14301 27109
14301 37663
14302 18455
14302 24219
14302 25954
14302 30437
14302 31861
14303 21199
14304 20720
14304 27451
14304 28534
14304 33739
14305 21102
14305 21916
14306 16766
14306 18997
14306 20791
14306 27017
14307 20624
14307 24167
14307 28378
14307 36752
14308 14649
14308 34731
14309 33598
14309 36598
14310 23256
14311 15045
14311 17192
14311 23179
14311 25124
14311 28950
14312 16470
14312 17270
14313 19140
14313 25362
14313 27714
14313 27992
14314 18381
14314 27682
14314 28608
14315 14574
14315 25855
14315 26107
14315 33395
14315 34785
14315 38295
14316 23953
14316 32063
14316 34867
14317 21779
14317 24822
14317 34730
14317 36498
14319 14764
14319 33396
14320 22782
14321 17056
14321 19292
14321 25553
14321 28227
14321 35849
14321 38039
14322 25365
14322 29353
14323 23570
14323 30936
14323 39050
14325 28103
14325 28740
14325 30874
14325 38654
14326 29859
14328 16456
14328 24904
14328 33492
14328 38976
14329 30724
14329 33241
14329 35405
14330 25954
14331 19706
14331 34465
14331 38769
14332 27061
14332 38366
14333 15533
14333 19542
14333 20365
14333 26821
14333 27351
14333 39201
14334 21523
14335 16219
14335 20660
14335 23063
14335 26584
14335 35583
14335 37279
14336 17265
14336 17986
14337 30034
14338 18532
14338 25113
14338 36809
14339 15170
14339 18408
14339 28122
14340 39731
14341 26804
14342 15990
14342 18578
14342 30829
14342 34468
14343 14503
14343 27479
14345 20524
14345 22034
14346 22710
14347 18704
14347 25093
14347 32703
14347 34007
14348 16858
14348 17840
14348 19677
14348 28180
14348 28385
14348 30941
14348 31706
14348 35867
14348 36105
14350 15062
14351 14744
14351 21035
14351 21041
14351 22456
14352 17868
14352 33024
14352 34851
14352 36453
14353 37351
14353 37661
14354 21626
14355 33469
14356 16797
14356 24989
14356 30628
14357 28140
14358 17206
14358 17483
14358 29023
14358 38154
14359 17173
14359 26447
14360 26289
14360 27486
14360 27558
14361 20495
14362 14958
14362 20477
14362 29519
14363 19082
14363 26908
14363 30228
14364 20430
14365 22939
14365 24503
14365 28563
14365 30771
14366 23227
14366 24189
14367 20954
14367 21012
14367 26516
14368 29053
14368 29367
14369 34159
14370 14580
14370 32062
14370 34118
14370 37268
14371 15516
14371 20324
14371 27744
14371 31578
14371 35288
14372 21864
14373 16274
14373 18370
14373 33412
14373 35297
14374 27263
14375 36125
14375 36474
14376 26872
14376 28423
14376 35775
14377 25337
14377 30525
14377 31985
14378 34678
14378 38304
14379 26454
14379 31108
14379 31747
14380 15388
14380 28075
14380 30675
14380 37479
14381 15445
14381 30246
14381 32056
14382 16823
14382 17838
14382 33051
14383 17562
14383 29964
14384 17825
14384 19802
14384 26309
14385 23684
14386 33089
14386 37055
14387 28017
14387 34918
14389 33845
14389 36365
14390 14614
14390 37686
14392 26556
14392 39384
14392 39623
14393 29192
14393 31099
14393 33778
14394 18282
14394 33148
14394 39932
14395 16147
14395 22172
14395 23281
14395 24538
14396 15948
14396 16475
14396 26729
14396 30435
14396 39825
14398 22932
14398 33546
14398 34460
14399 15574
14399 23352
14399 30654
14399 37293
14399 39678
14401 37701
14401 38325
14402 26446
14402 26802
14402 30498
14403 16803
14403 19160
14404 24001
14405 15950
14405 27220
14406 28549
14407 20647
14408 23506
14408 25178
14408 36421
14409 20348
14409 24616
14410 16662
14410 20235
14410 29154
14410 35042
14411 27500
14411 39406
14412 28654
14412 37727
14413 17382
14413 18644
14413 37296
14414 33552
14414 38380
14415 19657
14415 22648
14415 34356
14415 38112
14416 21293
14416 39491
14417 16671
14417 25477
14418 15287
14419 21771
14419 25455
14419 34992
14420 16344
14420 17701
14420 25095
14421 16329
14421 19189
14421 27989
14421 30243
14421 32192
14422 16535
14422 31907
14422 33693
14422 37193
14423 14907
14423 31862
14424 17260
14424 23804
14424 30532
14425 16565
14425 17632
14425 21391
14425 24800
14425 26459
14425 39194
14425 39213
14426 20699
14426 22308
14426 31878
14426 35351
14427 15070
14428 31249
14428 31634
14429 22644
14429 33239
14429 34748
14430 18764
14430 39943
14431 17675
14431 21551
14431 38677
14431 38922
14432 14946
14432 24835
14432 27834
14433 22039
14434 35566
14435 21235
14435 24051
14435 25524
14435 27696
14435 35295
14436 31617
14436 39689
14437 14573
14437 19853
14437 29067
14437 39015
14438 25088
14438 25228
14438 25243
14438 37813
14439 22478
14439 26131
14439 30582
14441 16891
14441 26783
14441 36607
14441 39289
14442 17033
14442 25421
14443 22041
14443 32517
14444 19238
14444 32917
14445 22085
14445 23149
14445 36338
14446 27501
14446 34897
14446 37095
14448 15474
14448 23510
14448 36105
14448 36520
14449 18314
14449 24904
14449 31660
14449 36561
14450 15828
14451 24954
14451 26214
14451 28195
14451 34609
14452 30137
14453 37901
14454 22720
14454 25041
14454 26041
14454 31436
14454 32005
14454 32544
14455 15118
14455 24687
14457 15162
14457 23743
14458 19792
14458 26202
14458 27214
14458 31406
14458 33163
14458 37984
14459 20196
14459 24718
14459 30813
14460 27763
14461 16474
14461 19756
14461 21751
14461 31444
14462 17503
14463 31198
14463 32480
14463 37944
14464 18394
14464 21625
14464 34235
14465 16420
14465 30048
14465 30209
14465 32784
14466 22551
14466 32923
14466 33534
14466 34627
14467 18659
14467 30074
14468 38472
14469 22364
14469 22407
14469 24858
14471 17215
14471 25798
14472 19734
14472 37026
14473 18673
14473 26714
14474 16336
14474 21476
14475 34953
14477 16999
14478 19946
14480 16125
14480 17173
14480 34461
14480 37179
14481 19112
14481 27175
14481 31646
14481 39057
14482 24327
14482 27030
14482 34640
14483 16049
14483 17142
14483 21630
14483 23534
14483 30016
14483 34543
14483 39666
14484 21798
14484 30876
14485 15468
14485 23925
14485 26262
14485 36337
14486 15116
14486 20346
14487 17584
14488 17842
14488 36890
14489 18396
14489 18567
14490 29689
14490 35554
14491 26138
14491 39110
14492 15830
14492 20098
14492 24848
14493 26019
14493 35796
14494 16579
14494 24116
14495 20542
14495 35005
14495 39017
14496 19850
14496 19893
14497 27487
14497 27875
14498 24099
14498 31942
14498 33709
14499 23115
14499 25497
14499 26690
14499 33887
14500 23970
14500 26946
14501 19861
14501 30968
14501 36840
14501 37436
14502 15359
14503 21008
14503 21552
14503 32245
14505 18063
14505 31479
14506 22340
14506 24717
14507 32403
14508 15430
14508 26249
14508 27915
14508 33250
14509 17956
14509 18498
14509 23872
14509 34724
14509 37698
14510 15157
14510 25583
14511 22023
14512 17418
14513 21615
14514 20930
14514 29306
14515 33176
14515 37530
14516 20158
14516 24747
14516 26665
14516 28278
14517 14710
14517 17003
14517 19761
14517 22985
14518 38234
14519 28131
14520 21098
14520 33217
14520 34448
14520 37255
14520 38021
14521 24762
14522 14889
14522 20681
14522 32105
14522 32872
14523 22494
14523 24090
14523 35018
14525 28014
14526 15033
14526 19619
14526 36727
14527 15778
14528 31854
14529 17439
14529 18164
14529 22331
14530 20214
14530 35196
14531 19375
14531 27508
14532 31541
14533 16452
14533 20643
14533 23582
14533 29881
14534 29834
14534 36705
14535 32276
14535 34762
14536 17665
14536 39902
14537 24932
14537 25139
14537 32554
14538 21164
14538 26541
14538 31306
14539 25508
14539 26939
14539 29254
14539 30975
14539 32925
14539 39310
14539 39528
14540 23023
14540 29401
14541 28548
14541 36972
14541 37558
14541 38264
14541 39626
14542 23207
14543 15056
14543 18815
14543 29740
14544 24411
14544 26230
14544 29894
14544 34245
14545 35285
14546 32508
14546 36218
14547 20640
14547 23746
14547 31864
14548 23034
14548 23224
14548 25891
14548 30068
14548 37562
14549 21913
14549 25208
14549 39678
14550 17311
14550 17506
14551 22115
14551 35201
14551 35574
14551 35734
14551 38020
14552 21142
14552 26742
14554 21455
14554 27764
14554 39367
14555 39593
14556 17152
14556 21960
14556 24900
14556 30745
14557 18761
14557 21515
14557 23358
14557 33925
14558 38303
14559 15229
14559 28840
14559 32153
14559 35909
14560 20996
14560 32420
14561 29377
14561 30953
14561 34019
14561 36800
14562 14904
14562 21848
14562 35193
14563 28538
14563 34701
14563 35549
14564 17677
14565 25153
14565 35240
14566 33500
14566 39080
14567 17061
14567 29170
14567 29951
14567 35255
14567 39481
14568 39414
14568 39881
14569 26606
14569 28685
14570 17024
14570 19124
14570 24001
14570 24545
14570 28634
14570 28765
14571 16511
14571 20443
14571 24009
14571 25209
14571 31572
14571 35305
14572 15315
14572 19747
14572 21986
14572 32604
14572 35501
14573 17347
14573 25232
14573 29187
14573 36180
14574 24216
14574 24416
14574 36547
14575 22971
14575 33114
14575 39196
14576 21434
14576 21797
14576 33493
14576 39477
14577 22127
14577 22465
14578 24995
14578 26520
14578 27076
14579 32740
14579 36522
14580 33276
14581 21876
14581 25106
14581 30278
14581 37744
14582 30264
14583 15070
14583 18849
14583 19559
14583 25790
14583 35834
14583 36941
14583 38154
14583 39614
14584 20435
14584 32034
14584 38873
14585 21940
14585 37053
14586 29051
14587 17312
14587 17521
14587 22947
14588 33308
14589 15488
14589 25263
14589 32064
14590 17914
14590 20463
14590 35871
14591 18014
14591 27001
14591 28504
14591 31471
14591 35226
14592 30665
14592 37603
14593 24671
14593 32311
14593 39944
14594 20081
14594 29461
14594 38415
14595 22155
14595 28186
14596 26003
14596 26404
14597 16430
14598 32192
14598 36011
14599 23824
14599 25612
14599 26994
14600 31826
14600 38024
14600 39715
14601 19256
14601 26363
14601 27874
14601 37697
14601 38577
14602 16489
14602 20650
14602 21591
14602 28538
14603 29473
14604 24320
14605 16784
14605 24975
14605 33628
14605 33799
14606 22199
14606 27311
14607 29823
14607 29906
14607 30559
14607 38039
14608 17282
14608 37073
14608 38084
14609 15994
14609 18779
14610 15361
14610 35233
14611 16777
14611 17515
14611 19126
14611 19209
14611 26398
14611 32973
14612 27330
14612 34425
14612 35908
14614 20435
14614 24190
14615 14896
14615 35946
14616 25750
14616 30669
14617 27589
14618 17038
14618 22545
14618 27603
14618 27956
14618 28218
14619 18725
14619 37542
14620 28683
14620 29814
14621 15520
14621 17828
14622 27179
14622 27222
14623 23027
14623 25210
14623 26767
14623 36151
14624 20368
14624 22804
14624 25784
14624 27013
14624 32395
14625 15027
14625 23352
14625 24671
14626 14782
14626 16048
14626 35312
14627 28256
14627 34583
14627 35352
14628 15352
14628 37830
14629 14845
14629 20219
14629 21906
14629 23955
14629 24137
14629 36033
14629 36771
14630 35976
14631 15774
14631 17208
14631 20290
14633 22304
14633 33781
14634 16105
14634 17955
14634 29820
14635 14777
14635 29938
14635 38717
14636 17665
14636 25891
14636 36374
14637 15701
14637 22585
14637 28290
14638 16027
14638 24879
14638 34073
14638 36671
14639 15972
14639 31150
14639 33369
14640 25601
14640 32382
14640 34278
14641 30582
14641 34407
14642 17798
14642 18039
14642 22855
14642 24750
14642 26709
14642 30962
14643 22362
14644 16246
14644 18687
14644 26156
14644 29127
14644 30997
14644 39168
14645 15170
14645 32056
14645 36861
14645 36918
14646 34415
14647 20936
14647 35087
14647 35238
14647 35789
14648 19368
14648 25141
14648 27153
14648 27640
14649 36375
14650 17559
14651 18678
14651 25744
14651 29404
14651 30826
14652 17485
14652 18286
14652 30907
14652 34535
14652 38505
14652 39059
14653 23979
14653 24043
14653 26003
14653 30739
14653 35355
14654 17902
14654 24724
14654 29418
14654 31801
14655 16183
14655 23962
14655 26382
14655 36653
14655 39104
14656 25016
14656 31041
14656 31556
14656 36909
14657 39120
14658 19254
14658 36750
14658 39185
14659 19385
14659 21799
14659 27097
14659 33932
14659 38580
14660 32272
14661 19352
14661 24078
14661 26375
14661 33385
14661 35301
14661 39130
14662 18065
14662 19733
14662 19850
14662 23096
14662 36076
14662 36691
14663 16849
14663 27220
14663 30884
14663 33261
14664 16697
14664 23735
14664 30871
14665 19293
14665 25141
14665 39890
14666 15233
14666 23846
14666 28261
14666 35391
14667 19916
14668 32989
14669 18177
14669 26553
14669 30150
14670 27247
14671 14683
14671 17114
14671 20159
14671 26332
14671 31070
14671 38394
14672 26332
14672 39739
14673 20628
14674 19344
14674 24803
14674 27249
14675 19506
14675 37891
14676 18973
14676 27162
14677 24053
14678 21526
14678 27979
14678 29138
14680 17838
14680 23186
14680 30979
14681 32943
14681 36394
14681 39655
14683 32408
14683 32898
14684 16156
14684 23566
14684 29327
14684 31304
14684 39554
14685 22907
14685 25671
14685 34602
14686 34158
14687 16028
14687 16840
14687 35162
14687 38378
14688 19145
14688 35101
14688 39716
14689 17165
14689 19457
14689 28257
14689 32343
14690 38023
14691 21930
14691 25514
14691 34662
14692 30488
14693 16720
14694 25679
14694 25785
14694 27310
14694 30722
14694 30822
14694 31859
14695 23862
14695 25577
14696 35442
14697 30474
14697 31498
14698 21802
14698 26412
14698 28009
14698 28790
14698 30721
14698 39549
14698 39794
14699 19785
14699 36031
14700 18420
14700 33450
14700 34447
14700 38040
14701 26031
14701 30611
14702 14874
14702 20213
14702 29335
14703 29098
14703 38945
14704 15957
14704 18357
14704 28260
14705 15109
14705 16603
14705 20333
14705 25364
14705 25631
14705 28233
14705 28869
14705 33793
14706 17084
14706 35503
14706 35661
14707 25435
14708 34884
14710 16009
14710 22266
14710 24776
14710 39612
14711 25069
14711 25681
14712 16694
14712 27257
14712 34709
14714 14789
14714 19583
14714 39529
14715 36375
14715 39056
14715 39199
14716 15355
14716 20306
14716 32103
14716 37688
14717 15268
14717 20337
14717 23181
14717 23495
14718 39338
14719 17194
14719 28035
14719 30782
14720 21378
14720 25089
14721 23302
14721 24910
14722 18622
14722 24097
14722 33832
14722 35352
14723 34148
14723 34360
14724 14971
14724 18892
14724 26713
14724 26834
14724 27665
14725 17786
14725 21341
14725 36306
14726 35981
14727 24905
14728 25609
14729 15306
14729 17516
14729 30904
14729 32098
14729 33807
14729 38702
14730 24917
14730 26061
14730 27249
14730 31979
14730 32905
14730 34718
14730 38417
14731 26030
14731 33248
14731 33455
14732 15139
14732 19396
14732 22970
14732 23234
14732 26727
14732 27056
14732 38012
14733 27754
14733 30077
14734 18695
14734 23282
14735 24907
14735 28736
14735 35819
14736 14876
14736 22766
14736 25611
14736 37963
14737 19680
14737 29901
14738 17789
14738 18746
14738 36894
14739 36008
14740 23486
14740 32805
14740 34225
14740 35667
14741 19948
14742 38202
14743 16365
14743 24752
14743 26979
14743 33102
14744 16318
14744 31940
14744 31986
14745 16736
14745 23384
14745 33298
14746 17147
14746 18726
14747 14880
14747 18052
14748 29813
14748 31736
14749 27995
14750 16746
14750 24368
14750 24999
14751 22699
14751 25309
14751 30799
14751 35447
14752 17396
14752 27385
14752 34514
14753 28846
14753 38987
14754 16214
14754 20425
14754 28548
14754 33039
14755 19446
14755 31129
14755 31751
14755 37467
14756 24025
14757 20785
14757 24052
14757 24690
14757 29529
14757 29741
14758 15706
14758 24847
14758 25696
14758 31366
14758 34855
14759 24339
14759 29252
14759 32254
14760 21082
14760 23827
14760 36355
14761 32565
14761 35786
14762 18274
14762 27019
14763 28634
14763 30499
14764 30428
14764 36073
14764 38377
14764 39133
14765 18036
14765 19420
14766 37534
14767 37863
14767 38718
14768 22890
14769 31916
14769 35812
14770 15325
14770 19632
14770 25240
14771 22535
14771 27642
14772 25717
14772 26239
14772 32230
14772 33759
14772 35769
14773 16726
14773 23020
14773 38627
14773 38674
14774 29013
14774 30466
14774 39605
14776 22118
14776 32238
14777 22481
14777 33705
14777 34100
14778 27929
14778 36851
14779 15262
14779 16225
14779 23547
14779 28256
14779 36948
14780 15788
14780 18419
14780 22777
14780 34835
14781 22842
14781 33279
14781 34194
14782 37327
14783 16243
14783 16832
14783 32249
14783 35467
14784 31050
14784 39768
14786 18151
14787 21091
14787 29310
14787 30075
14788 24405
14788 24626
14788 35110
14789 28958
14789 35119
14790 15123
14790 15462
14790 26593
14791 22533
14791 24288
14791 33698
14792 18240
14792 21657
14792 39963
14793 19207
14793 29757
14793 31168
14794 25361
14794 27840
14794 28336
14794 28575
14794 37053
14795 27390
14795 29995
14795 30693
14796 24855
14796 35884
14796 38777
14797 34871
14798 16851
14798 24923
14799 15202
14799 19303
14799 23671
14799 33659
14799 34538
14800 36695
14801 25076
14801 28650
14801 34663
14801 35419
14801 39358
14802 36335
14803 32930
14803 33204
14803 33452
14804 19325
14804 26156
14805 16337
14805 26713
14805 31855
14805 38159
14806 21693
14806 29360
14807 15290
14807 27243
14807 27357
14807 27643
14808 27061
14808 28036
14808 34184
14808 37776
14808 39908
14809 23444
14809 30209
14809 34553
14809 37001
14810 23586
14811 20652
14811 22942
14811 26885
14811 35400
14812 21691
14812 31537
14812 33070
14813 29448
14814 21292
14814 28022
14814 35933
14814 38140
14815 25434
14817 16343
14817 24311
14817 30578
14818 17880
14818 22653
14818 28621
14818 33450
14819 17437
14819 22192
14819 32925
14820 19512
14820 21018
14820 25702
14820 33995
14820 35453
14820 36632
14821 15174
14821 16441
14821 18894
14821 23894
14821 28074
14821 29875
14821 34668
14821 36411
14822 28260
14823 17660
14823 26951
14824 34649
14825 19570
14825 20034
14826 36473
14826 36647
14827 23534
14827 25215
14827 29496
14827 32333
14827 36348
14828 17502
14828 23767
14828 34344
14829 28220
14829 33105
14829 36023
14830 27888
14832 37163
14832 38308
14832 39858
14833 20008
14834 28547
14834 30116
14835 35198
14836 23296
14836 29710
14837 15646
14837 24848
14837 30402
14838 25978
14838 31502
14839 28914
14839 34841
14839 36626
14840 21606
14840 38319
14841 21421
14842 38520
14843 19319
14843 37314
14844 37968
14845 16626
14845 22048
14845 22452
14846 26034
14846 30783
14847 24930
14847 33759
14847 35421
14847 38490
14848 14986
14848 27773
14848 28666
14849 16300
14849 24565
14849 29489
14850 30037
14851 23958
14851 33150
14851 39478
14853 15483
14853 25851
14853 28147
14853 36866
14854 23866
14855 35614
14856 31137
14856 33250
14857 24637
14857 31815
14858 18062
14858 22280
14858 22976
14858 27714
14859 21731
14859 25969
14859 28747
14859 30666
14859 35554
14860 21825
14860 28642
14860 29711
14860 30088
14860 30829
14860 31605
14860 37811
14861 21621
14861 22081
14861 26775
14861 34633
14862 20407
14862 33217
14862 35011
14862 35301
14862 39825
14864 24387
14865 19349
14865 26606
14865 29126
14865 38137
14867 15917
14867 26912
14867 30195
14868 34005
14868 35631
14869 15469
14869 18247
14869 20825
14869 38874
14870 22154
14870 23731
14870 33897
14870 37480
14871 16071
14871 24060
14871 35891
14872 31819
14872 35726
14873 35953
14874 23384
14874 31499
14875 19624
14875 27756
14875 30117
14876 22644
14876 25455
14877 23366
14877 27751
14877 32896
14878 34079
14878 36444
14879 36023
14880 22344
14880 22353
14880 29901
14880 34051
14880 36320
14881 15418
14881 27782
14881 31024
14882 25448
14882 25972
14883 31378
14883 37844
14884 23951
14884 29336
14884 30305
14884 39213
14885 22021
14885 35709
14886 26192
14886 29290
14887 16029
14887 29830
14887 38676
14888 24477
14888 36710
14889 34444
14890 28527
14891 21188
14891 28605
14891 30421
14892 18051
14893 17508
14895 31488
14895 37553
14895 38279
14896 28045
14896 37336
14897 23286
14897 24604
14898 20372
14899 28307
14899 36417
14900 22601
14900 24186
14900 27114
14900 28983
14900 32617
14901 15529
14901 24993
14902 20219
14903 31165
14904 36398
14906 22307
14906 25715
14906 34379
14906 35642
14906 37300
14907 22126
14907 24152
14907 29103
14907 32758
14907 37931
14907 39870
14908 19453
14908 25559
14908 27805
14910 30938
14910 35371
14911 32098
14911 36378
14912 22585
14912 22631
14912 27047
14912 27932
14913 15930
14913 27502
14913 39750
14914 38422
14915 18875
14915 34883
14915 39209
14916 16982
14916 36006
14917 16427
14917 26173
14917 26980
14917 35009
14918 33389
14918 36484
14918 36598
14919 21545
14919 23963
14919 24520
14919 27177
14919 37209
14920 17820
14920 29510
14920 34951
14920 36806
14922 17311
14922 18013
14922 18792
14922 34092
14923 21513
14923 23660
14923 30937
14923 37506
14923 39135
14924 20521
14924 20956
14924 24470
14924 28643
14925 38058
14926 15398
14926 15501
14926 19429
14926 20387
14926 33976
14926 37034
14927 26496
14927 27115
14927 34952
14927 36314
14927 37544
14927 38539
14928 18727
14928 26087
14928 28655
14929 16901
14929 27829
14929 33031
14929 38299
14930 16433
14930 20833
14930 21786
14930 31931
14930 39428
14931 25067
14932 14984
14934 15131
14934 19566
14934 22292
14934 29602
14935 20390
14935 26917
14935 36546
14935 37418
14936 18973
14936 24161
14937 15721
14937 27162
14937 35414
14939 20009
14939 23018
14939 23027
14939 24661
14939 27141
14939 28357
14939 36345
14939 39882
14940 24035
14941 38548
14942 25108
14942 32409
14942 32580
14943 19435
14943 27072
14943 29379
14943 38225
14943 38316
14944 18611
14944 29887
14944 39955
14945 21500
14945 24972
14945 34671
14945 35401
14945 38742
14945 39718
14946 27061
14947 29634
14947 34302
14948 34437
14949 15024
14949 17158
14949 22481
14949 26814
14949 38593
14950 29426
14951 20327
14952 29744
14952 34210
14952 35326
14953 32465
14954 20249
14955 20632
14955 37765
14955 37902
14956 15239
14956 15698
14956 17069
14956 19090
14956 22609
14957 29226
14957 30007
14957 38539
14958 27972
14958 29264
14958 36574
14961 21791
14962 23426
14962 30035
14963 35425
14964 31380
14964 38902
14965 25389
14966 21496
14966 27174
14966 34500
14967 15646
14967 17966
14968 16071
14968 22732
14968 33889
14968 35111
14969 20972
14969 23107
14971 17023
14971 19399
14971 36403
14972 20999
14972 28866
14973 21986
14973 27912
14973 30149
14973 31373
14974 23912
14974 25566
14974 30170
14974 34309
14975 30496
14975 39328
14976 29280
14976 39091
14977 17861
14977 39643
14977 39665
14978 27785
14978 35321
14979 18970
14979 19816
14979 29087
14979 35861
14980 16028
14980 20456
14980 37170
14981 18566
14981 29372
14981 35035
14982 18624
14982 23197
14982 35637
14983 15318
14983 20175
14983 30291
14984 35324
14985 29348
14986 20839
14986 26154
14986 27513
14986 34642
14987 28529
14988 16457
14988 19938
14988 35847
14989 18278
14989 23293
14989 27713
14989 29031
14990 28291
14990 38736
14991 16331
14991 21497
14991 22218
14992 23209
14992 33089
14993 27960
14993 31680
14993 31773
14993 39420
14993 39603
14994 20739
14996 18346
14996 19463
14997 28318
14997 30710
14997 33420
14998 15599
14999 24257
14999 25807
14999 35916
15000 17717
15000 27757
15000 28310
15001 21377
15001 24058
15001 29826
15001 32402
15002 22585
15002 23616
15002 24913
15003 16396
15003 19568
15003 20610
15003 23924
15004 16650
15004 29009
15004 37788
15005 23036
15005 25471
15005 30244
15005 36438
15006 16070
15006 22947
15006 28654
15006 31509
15006 38732
15007 24824
15008 16336
15008 21990
15008 26360
15008 32501
15008 35195
15008 36665
15008 39904
15009 22410
15009 32428
15009 38288
15010 22310
15011 31151
15012 17391
15012 23731
15013 22067
15014 22491
15014 25028
15014 29180
15015 17635
15015 25397
15015 25980
15015 34263
15016 30150
15018 18719
15018 20405
15018 30307
15018 36259
15018 36841
15018 36943
15018 37643
15020 15300
15020 25474
15020 34230
15021 31390
15021 36625
15022 15323
15022 21750
15022 33115
15022 39100
15023 19407
15023 23137
15023 31760
15023 38196
15024 15045
15024 17342
15024 25413
15025 23736
15026 18873
15026 23389
15026 34407
15026 39780
15027 15658
15027 17725
15027 23815
15027 38226
15028 19692
15028 25071
15028 34633
15028 37160
15029 15461
15029 16613
15029 25795
15029 29625
15029 33112
15029 36051
15030 22093
15030 30028
15031 16200
15031 17710
15032 16780
15032 18754
15032 33653
15033 34597
15034 16082
15034 21585
15034 28073
15034 29822
15035 15248
15035 15602
15035 16695
15035 24668
15035 25564
15036 17667
15036 32199
15037 20279
15037 20876
15038 26513
15039 15329
15039 24272
15039 26343
15039 36559
15039 38831
15040 16850
15040 30633
15040 33351
15041 16497
15041 31816
15042 17097
15042 20165
15042 20312
15043 16959
15043 23585
15043 34443
15044 15087
15044 23220
15045 19357
15045 19733
15045 25912
15045 32694
15046 26677
15047 20849
15047 38275
15047 39758
15048 15610
15048 19967
15048 34144
15050 15542
15050 20387
15050 27934
15050 39141
15051 24331
15051 29004
15052 19966
15053 25500
15053 29798
15053 37841
15054 24217
15055 22061
15055 27811
15055 29600
15056 32529
15056 38807
15057 22164
15057 25268
15057 25731
15058 21636
15058 27268
15058 29777
15059 16075
15059 21301
15059 28809
15059 38954
15060 22027
15061 23495
15061 24407
15061 29344
15061 30382
15062 33665
15063 24486
15064 17342
15065 16134
15065 17459
15065 30616
15066 17722
15066 24650
15066 27530
15066 28256
15066 33499
15066 39018
15067 20377
15067 26282
15068 17483
15068 34207
15069 25269
15069 32867
15069 39118
15070 17870
15070 20564
15070 30538
15071 32294
15071 35291
15071 37722
15072 26064
15072 30250
15073 19741
15073 36328
15074 28885
15075 17881
15075 26962
15075 35061
15075 35216
15076 36038
15077 17852
15077 28213
15078 37858
15079 29632
15080 29722
15081 34649
15082 20897
15082 24809
15082 36722
15083 34008
15084 24065
15085 26056
15085 28885
15085 32956
15086 17752
15086 27439
15086 35961
15087 15402
15087 38878
15088 17014
15088 17585
15088 19220
15088 30413
15089 20518
15089 30937
15089 39030
15091 36178
15093 34985
15093 35343
15094 18842
15094 21694
15094 36440
15095 15766
15095 37151
15095 38511
15096 20656
15096 25447
15096 32768
15096 39250
15097 17069
15097 30164
15097 37833
15097 38922
15098 21109
15098 26691
15099 32313
15099 33219
15100 20647
15100 28742
15101 16378
15101 22738
15101 33358
15102 27798
15102 34789
15102 37005
15102 37531
15102 38140
15102 39444
15103 20770
15103 23096
15103 27914
15104 20247
15104 25455
15105 19968
15107 18282
15107 32212
15108 27490
15109 25472
15109 31300
15109 38628
15110 20689
15110 22315
15110 24647
15110 36900
15111 19713
15111 22817
15111 25682
15111 28888
15112 18732
15113 17871
15113 23920
15113 24743
15113 32272
15114 15149
15114 20563
15114 30101
15114 30649
15114 31519
15115 23464
15115 31482
15115 34445
15115 39650
15116 32282
15117 22419
15117 22854
15117 28124
15117 33081
15118 28196
15118 31270
15118 32590
15118 33613
15118 37259
15119 22859
15119 24564
15119 26928
15119 30893
15119 35758
15119 37724
15121 20999
15121 22413
15121 30769
15121 31754
15121 32811
15121 35253
15121 36878
15122 17191
15122 33549
15122 34421
15123 15591
15123 19882
15123 30244
15123 30687
15124 20132
15124 22207
15124 22986
15125 39343
15126 26114
15126 31427
15126 34702
15126 36442
15127 24632
15127 25343
15127 28987
15128 22003
15128 26982
15128 33150
15128 33303
15128 35427
15129 22857
15129 29952
15129 32575
15130 21242
15130 29444
15130 31065
15131 20382
15131 26607
15131 38224
15132 15735
15132 19439
15133 25180
15133 29253
15133 29581
15133 30489
15133 33740
15134 21490
15134 27142
15134 28892
15134 31341
15134 35873
15135 26716
15135 28757
15135 31225
15136 27015
15136 31453
15137 16107
15137 32923
15138 31871
15138 37920
15139 17511
15139 18416
15139 19574
15139 35518
15142 25430
15142 33207
15142 33214
15143 19290
15143 27783
15143 38705
15145 18531
15145 23273
15145 24792
15145 39246
15146 29751
15146 36701
15147 25509
15147 33750
15148 28311
15148 29535
15150 16732
15150 17092
15150 17310
15150 30630
15151 20694
15151 34234
15152 23876
15152 25479
15152 28553
15153 17045
15153 37883
15154 20246
15154 21382
15154 22123
15154 27031
15155 36213
15156 16469
15156 19932
15156 26741
15156 30893
15156 32080
15156 37968
15157 39407
15159 18291
15159 31194
15160 15638
15160 22810
15160 30290
15160 36610
15160 37783
15160 37916
15160 38260
15161 20556
15161 32698
15162 16444
15162 21642
15162 23996
15162 27335
15162 38588
15163 21123
15164 39839
15165 16356
15165 17082
15165 25904
15166 34486
15166 38442
15167 17401
15169 21782
15169 25734
15169 33073
15170 25852
15170 37895
15171 15723
15171 26941
15171 29084
15173 33435
15174 34077
15175 16749
15175 27088
15175 34683
15175 37402
15176 15379
15176 19237
15176 19502
15176 22389
15176 33527
15176 37434
15176 39546
15177 15988
15177 21141
15177 29712
15177 36924
15178 15558
15178 16204
15178 34437
15179 31345
15179 31395
15179 32698
15180 28424
15180 33852
15180 36666
15181 17664
15182 29181
15182 30056
15183 26453
15184 19542
15185 21957
15185 25225
15185 31362
15185 32793
15186 35303
15187 15529
15187 17413
15187 20824
15188 31646
15188 32541
15189 22097
15189 32374
15189 37197
15190 15225
15190 26803
15191 16958
15191 22536
15192 15350
15192 22844
15192 26541
15192 33994
15193 19198
15193 30026
15193 39027
15194 28660
15196 15811
15196 26655
15196 31975
15196 35274
15197 15833
15198 21407
15198 22271
15198 28815
15199 21458
15199 23934
15199 30756
15199 32121
15200 24317
15200 32391
15201 18657
15201 22104
15201 39027
15202 20473
15202 24754
15202 27937
15202 36906
15203 34715
15203 37071
15203 38893
15204 16003
15204 18033
15204 36168
15206 15699
15206 26487
15207 33334
15207 37626
15209 18045
15209 18690
15209 22476
15209 23833
15209 26557
15211 18946
15211 26221
15211 33620
15212 35611
15212 37006
15213 25715
15214 20399
15214 29081
15214 33351
15216 33548
15216 39271
15217 28412
15218 33912
15218 38536
15220 18241
15220 25844
15221 28232
15221 33275
15221 37121
15222 16356
15222 18073
15224 34177
15225 26233
15226 26053
15226 27140
15227 17585
15228 38012
15229 17339
15229 17950
15229 24522
15231 17125
15231 27887
15231 28862
15232 20066
15232 24682
15232 26953
15233 16531
15233 20771
15233 35420
15234 22945
15234 28010
15236 17852
15237 17410
15237 25366
15237 25693
15238 16551
15238 24007
15240 18074
15240 26744
15240 29949
15240 32304
15240 36111
15241 15730
15241 30563
15242 16404
15242 22615
15242 37903
15243 20752
15243 27094
15244 16370
15244 19074
15245 33281
15245 33808
15245 37211
15246 19660
15246 31136
15246 39101
15247 17877
15247 24206
15247 24821
15247 25486
15247 26881
15247 32511
15248 24284
15249 22627
15249 38861
15250 19657
15250 36073
15251 21033
15251 38538
15253 21548
15254 22741
15254 33545
15254 35956
15254 38283
15255 17938
15255 21044
15255 29788
15255 37515
15256 36499
15257 21167
15257 34558
15257 38010
15257 39946
15258 26358
15258 37115
15259 35308
15259 36014
15259 36915
15260 15622
15260 33109
15260 37187
15262 15295
15262 29221
15262 31390
15263 21661
15263 29236
15263 34618
15263 36498
15264 16095
15264 19719
15264 26406
15264 36420
15265 17127
15265 31998
15266 22375
15266 28743
15266 31135
15266 38081
15267 16418
15267 35174
15267 36738
15267 38023
15268 23897
15268 29931
15268 36870
15269 15612
15269 16724
15269 19488
15269 22325
15270 21586
15270 26544
15270 31148
15270 37180
15271 16366
15271 29528
15271 36203
15272 19295
15272 19486
15272 21355
15272 25794
15273 18479
15273 20565
15274 20844
15274 29318
15275 18782
15276 16071
15276 22809
15276 27222
15276 27263
15276 30398
15276 34504
15277 26222
15278 18128
15278 24859
15278 33689
15279 28820
15280 23369
15280 25184
15280 32278
15281 33577
15281 37333
15281 39985
15282 27873
15282 37905
15284 18560
15284 33400
15285 20612
15285 29062
15285 37508
15286 19135
15286 24024
15286 30869
15286 38382
15287 23226
15287 37382
15288 36540
15289 25918
15289 35719
15290 18040
15290 18970
15290 37185
15291 23280
15292 15860
15292 23248
15293 34586
15294 24415
15294 28908
15295 16706
15295 26071
15295 27718
15295 28704
15296 38158
15297 17586
15297 34108
15298 17838
15298 28876
15298 34554
15299 17313
15299 32554
15299 37273
15300 26516
15300 33550
15301 30063
15301 31118
15302 20052
15302 31087
15303 30289
15303 34114
15303 36712
15304 21571
15304 29488
15304 39101
15305 23063
15305 23590
15305 28245
15306 23248
15306 23773
15306 24874
15306 36744
15307 17885
15307 26565
15308 22759
15309 23785
15309 25147
15309 26842
15309 28780
15309 32482
15309 37805
15310 20733
15310 39334
15311 15737
15311 22989
15311 27803
15312 23440
15313 17832
15314 28482
15314 39550
15314 39927
15315 24279
15315 25949
15315 32995
15315 35525
15315 36961
15316 15968
15316 32408
15316 35429
15316 35828
15317 18168
15317 20350
15317 21252
15317 38148
15319 22581
15320 22204
15321 17863
15321 19005
15321 30072
15322 16000
15322 21390
15322 27719
15322 32138
15322 37801
15323 15566
15323 29690
15323 36432
15325 15327
15325 23805
15325 27769
15326 16011
15326 35498
15327 32214
15328 18380
15328 19937
15329 20572
15329 21433
15329 24602
15329 38356
15330 15693
15330 19443
15330 20005
15330 26676
15330 39501
15331 20470
15331 30217
15331 31965
15332 15734
15332 23786
15332 28191
15332 33602
15332 35689
15333 24979
15333 35393
15333 37297
15334 22221
15334 24513
15334 26165
15334 28331
15334 30880
15335 24833
15336 16484
15337 18995
15337 33285
15338 21444
15339 19776
15339 23441
15339 25307
15340 17126
15341 19623
15341 38359
15341 38567
15342 25418
15343 18830
15343 20330
15343 21319
15343 24730
15344 28659
15344 39332
15345 18729
15345 19158
15345 19628
15345 21387
15345 31276
15345 31402
15345 33476
15345 34683
15346 15557
15346 21405
15347 27407
15347 32039
15347 37432
15348 18861
15348 27990
15348 31811
15349 33190
15349 39355
15350 31684
15350 32456
15352 16843
15352 22623
15352 33356
15353 22801
15353 28976
15354 16448
15354 32282
15355 16772
15355 31427
15356 27615
15356 37053
15357 20955
15357 32081
15357 35454
15358 30537
15358 39711
15359 19781
15359 35321
15359 37826
15359 38893
15359 39748
15360 17472
15360 17744
15361 26904
15361 31659
15361 35435
15362 31041
15363 16492
15363 37694
15364 37034
15365 30330
15366 20395
15367 21662
15368 36631
15368 39788
15369 15978
15369 24794
15369 34613
15369 37973
15370 16483
15370 33172
15371 35620
15372 18247
15372 33699
15372 33754
15372 39816
15373 23651
15373 34322
15373 34376
15373 35481
15373 38905
15374 22380
15374 36434
15375 18993
15375 24215
15376 18457
15376 21106
15376 25155
15376 26174
15376 35299
15376 37564
15376 38641
15377 16523
15377 27630
15377 33369
15378 25580
15378 37457
15380 22101
15380 28928
15380 30081
15380 32063
15381 29052
15381 33829
15381 37887
15382 16932
15382 31619
15382 36434
15383 18156
15383 36920
15384 39204
15385 25640
15385 39651
15386 16522
15386 18536
15386 28614
15386 30889
15387 15956
15387 22243
15387 28069
15387 30042
15387 35197
15388 24095
15390 31786
15391 34000
15392 20544
15392 29336
15392 30578
15392 32342
15392 39915
15394 16363
15394 17992
15394 26782
15394 36264
15396 16642
15396 25933
15396 27771
15396 39833
15397 16567
15397 27711
15398 28540
15400 18542
15400 18869
15400 25538
15400 34974
15402 18619
15402 37012
15403 17669
15403 29452
15403 33412
15404 17611
15404 22504
15404 25855
15404 31720
15404 35257
15404 39262
15405 25085
15405 29525
15406 22764
15407 17697
15407 29818
15407 37529
15408 16219
15408 19709
15408 21966
15408 31801
15408 36679
15409 20870
15409 24027
15409 30161
15409 38500
15410 25703
15410 32541
15411 18423
15411 30977
15412 18406
15412 38375
15413 18197
15413 32457
15414 22905
15414 30209
15416 24673
15416 26105
15417 18841
15417 20634
15417 35199
15418 27294
15418 31199
15418 32604
15418 38655
15419 18781
15419 27389
15419 27487
15419 34061
15420 22843
15420 29284
15420 29377
15420 29936
15420 36155
15421 24096
15421 31365
15421 35107
15421 37370
15422 23482
15422 23622
15422 24969
15422 29271
15422 38277
15423 38108
15424 19226
15424 21530
15425 37492
15426 16051
15426 32426
15427 15700
15427 30082
15427 31121
15429 19973
15429 22709
15429 31029
15430 19929
15431 20534
15431 20889
15431 28881
15431 31226
15431 38529
15431 39741
15432 22227
15432 30212
15433 19663
15433 19751
15434 25890
15434 29067
15435 20493
15435 25146
15435 26483
15435 35807
15435 38175
15436 23448
15436 28989
15436 34150
15436 34714
15436 37465
15437 17495
15437 20445
15437 38334
15438 34844
15438 39758
15439 22476
15439 27773
15439 39580
15440 21988
15440 39069
15441 18699
15443 16843
15444 21769
15444 23640
15444 24171
15444 35830
15445 26429
15445 26566
15445 34161
15445 34462
15446 16658
15446 30003
15447 20581
15447 24541
15447 33371
15448 25806
15448 37470
15449 16585
15449 21576
15450 16308
15450 18669
15450 19903
15451 20605
15451 26503
15452 25665
15453 17121
15453 23494
15453 37626
15453 39469
15454 31864
15455 17206
15455 31081
15456 15622
15457 26762
15457 39215
15458 26234
15460 17904
15460 21476
15460 24228
15460 26024
15462 18149
15463 16900
15463 17838
15463 24711
15464 30025
15465 23210
15465 34604
15466 18642
15466 27278
15466 27507
15466 30171
15466 36839
15467 22511
15467 23960
15467 30061
15468 19471
15468 24709
15468 27433
15469 18307
15469 18967
15469 23992
15469 26474
15469 34227
15470 19021
15471 25862
15471 38874
15473 24894
15473 26695
15473 31745
15474 30216
15474 32309
15474 37344
15474 39265
15476 22980
15476 24253
15477 16300
15477 23549
15477 26238
15478 15508
15478 33618
15479 23258
15479 29927
15480 28603
15481 27008
15481 28965
15481 30831
15481 34653
15481 39997
15482 21274
15482 21451
15482 28492
15482 30086
15483 21718
15483 24375
15483 39733
15484 20144
15485 22972
15485 24108
15485 28574
15485 30382
15485 33507
15486 17858
15486 31910
15488 33977
15488 39071
15489 29152
15490 20460
15490 22930
15490 26922
15490 31124
15491 34192
15491 35301
15492 21390
15492 23969
15492 27825
15493 36789
15493 39535
15494 29316
15495 20370
15496 16172
15496 18133
15496 38232
15497 16418
15497 19697
15497 23847
15497 33023
15497 33682
15497 37247
15498 18006
15498 29079
15499 32655
15500 16426
15500 25973
15500 28021
15501 21077
15501 33700
15501 38201
15502 16139
15502 16456
15502 29770
15504 18864
15504 21047
15504 26484
15504 31966
15505 17770
15505 19156
15505 19818
15505 20859
15507 22245
15507 26014
15507 28212
15507 32921
15507 35862
15507 39160
15508 22714
15508 24287
15509 31718
15509 37548
15510 20185
15511 18211
15511 21261
15512 18069
15512 26584
15512 29669
15512 31266
15512 33654
15512 37838
15513 37071
15514 15633
15515 22419
15515 28976
15516 16477
15516 18143
15516 33882
15516 34110
15516 39182
15517 25082
15517 30594
15517 32804
15519 24567
15519 29416
15519 36101
15521 20378
15521 20788
15521 28664
15522 16011
15522 31193
15522 37033
15523 19128
15523 25107
15524 20980
15524 34367
15525 38497
15526 22244
15526 29427
15527 15570
15527 32176
15528 16180
15528 18742
15528 24340
15528 27861
15528 30462
15528 31966
15528 39465
15529 16918
15529 18999
15529 22034
15529 24043
15529 24792
15529 35571
15530 33686
15532 19234
15532 23762
15533 17331
15533 26228
15533 30424
15534 21023
15534 21056
15534 21083
15534 24457
15534 29442
15534 29761
15535 19445
15535 37296
15536 20566
15536 25228
15536 31634
15536 34916
15536 38460
15538 17639
15538 18950
15539 21763
15539 22386
15539 28791
15540 15895
15540 17292
15540 20268
15540 26892
15540 36301
15542 17797
15542 28501
15542 32332
15542 38522
15542 38922
15543 17909
15543 18883
15543 23289
15543 26327
15543 33785
15543 39512
15544 34629
15544 39285
15545 22041
15545 31822
15545 32705
15545 35375
15546 19805
15546 32662
15547 26715
15547 36509
15548 18613
15548 31143
15550 19923
15550 22690
15550 25984
15550 32184
15552 20579
15552 25691
15552 26318
15552 27616
15552 35565
15553 17262
15553 18522
15553 20622
15553 21995
15553 23817
15554 15575
15554 23158
15554 26793
15555 17076
15555 19514
15555 27988
15555 32481
15556 18449
15556 22958
15557 29124
15557 31640
15557 31847
15557 31860
15558 18950
15558 25823
15559 28776
15560 19877
15560 28696
15560 33505
15560 39253
15561 15703
15563 22400
15563 27925
15563 38285
15563 38970
15564 20431
15564 34452
15565 27010
15566 18646
15566 19248
15566 23140
15566 23179
15566 24329
15566 26733
15566 35096
15566 37465
15567 23380
15567 23954
15567 31277
15568 20574
15568 31763
15569 35414
15569 35647
15569 36874
15570 35588
15571 17678
15571 20465
15571 34181
15571 38982
15572 25537
15572 30761
15572 31665
15572 34718
15573 19853
15573 19961
15573 33670
15574 37942
15574 39144
15575 21908
15575 23579
15575 26256
15576 29650
15577 21380
15578 22230
15578 23529
15578 24229
15579 24210
15579 25099
15579 26339
15579 30866
15580 18931
15580 39067
15581 20151
15581 31793
15582 19571
15582 22239
15582 38196
15583 25832
15583 27392
15583 37291
15583 39901
15584 19184
15584 28088
15585 23808
15585 26042
15585 33585
15585 35532
15585 37592
15586 38822
15587 16288
15588 21055
15588 27195
15589 22682
15589 24635
15589 30301
15589 37813
15590 24561
15590 28247
15591 24965
15591 36456
15592 33311
15593 33383
15594 21930
15594 39455
15595 16760
15596 16935
15596 25564
15596 26698
15596 38548
15596 39589
15597 35119
15597 36752
15599 15886
15600 25513
15601 34698
15601 35645
15601 35840
15602 23741
15602 33035
15606 16304
15606 28581
15606 32639
15606 38777
15607 23973
15607 33375
15608 15800
15608 16800
15608 21906
15608 26491
15609 21415
15609 33731
15610 16129
15611 27592
15612 24725
15612 30113
15613 17237
15613 17348
15613 28041
15613 30185
15614 23761
15615 16091
15616 27985
15617 17423
15617 37567
15617 37860
15618 30056
15618 32156
15619 21950
15619 30433
15620 30825
15621 21126
15621 22432
15621 26579
15623 18228
15624 38167
15625 19031
15625 28560
15625 35467
15625 37745
15625 39393
15626 22895
15626 23224
15627 27473
15627 33013
15627 36417
15627 38402
15628 26402
15628 33781
15628 39044
15630 24846
15632 20603
15632 27824
15632 31849
15633 21299
15633 28299
15634 16317
15634 19220
15634 19424
15634 39015
15634 39025
15635 21744
15636 27319
15636 31658
15637 27967
15639 20256
15639 33100
15641 16700
15641 17353
15641 25823
15641 28415
15642 24195
15642 29849
15643 17360
15643 28191
15644 17032
15644 30413
15646 19899
15646 21371
15646 21776
15647 23319
15648 18064
15648 23543
15648 29822
15648 30807
15648 39466
15649 29650
15649 31930
15650 22045
15650 23777
15650 28762
15650 29297
15650 39662
15651 18239
15651 18333
15652 15747
15652 18567
15652 28674
15652 34485
15653 24320
15654 16701
15654 22688
15654 35670
15654 36576
15655 26056
15657 23335
15657 28257
15658 23779
15659 19726
15659 28924
15659 29129
15659 37718
15660 15685
15660 28013
15661 19206
15661 19247
15662 19464
15662 21920
15662 30522
15662 30743
15662 37713
15662 39479
15663 15953
15663 19101
15663 20522
15663 25482
15663 36193
15663 37320
15665 16046
15665 34717
15666 31639
15667 19372
15667 34464
15668 19852
15669 21792
15669 25332
15669 25807
15669 27883
15669 34673
15671 16991
15671 17291
15671 30874
15671 31502
15672 18760
15672 29014
15672 31865
15673 20397
15673 33027
15673 35230
15674 22037
15674 25045
15674 31231
15674 39567
15675 16286
15675 17243
15675 19504
15675 30889
15675 33026
15675 35384
15676 22612
15676 31127
15677 17901
15677 27135
15677 32989
15677 33050
15678 36876
15679 17322
15679 29359
15679 39929
15681 19548
15681 31892
15681 34404
15682 27046
15683 29539
15683 35935
15683 36811
15683 39214
15684 18934
15684 30883
15684 32123
15684 33645
15685 24726
15685 25785
15685 32703
15685 38889
15686 28274
15687 17275
15687 36044
15689 17727
15689 30335
15689 35742
15689 36966
15691 16091
15691 34281
15692 20140
15692 28746
15692 34407
15693 30504
15694 26754
15694 29948
15694 31311
15694 31567
15695 15982
15695 32305
15695 32586
15696 27720
15696 39675
15697 25935
15697 39975
15698 23946
15698 25711
15698 30298
15699 17934
15699 39016
15700 16548
15700 20908
15700 35654
15701 35002
15703 16827
15704 32714
15705 39255
15706 20727
15706 21498
15706 33012
15706 33301
15706 36862
15706 38099
15707 34739
15708 31445
15708 39379
15709 19608
15709 37122
15709 39823
15711 19792
15711 21499
15711 25313
15711 28467
15711 28786
15712 20771
15713 25779
15713 31129
15714 22178
15714 30130
15714 32118
15714 35121
15715 16320
15715 19595
15716 19459
15716 23276
15716 27582
15716 28019
15716 30915
15717 20982
15717 29719
15717 30588
15717 32403
15718 24043
15718 24765
15718 26122
15718 31083
15718 36413
15719 25373
15719 29085
15719 30223
15719 31948
15719 39554
15720 19045
15720 21785
15721 22241
15721 22896
15721 29799
15722 24130
15722 35577
15722 36667
15722 39747
15723 16225
15723 19452
15723 30010
15723 35859
15724 32461
15725 25044
15725 25115
15726 18543
15726 31197
15726 35785
15726 38312
15727 33995
15728 20245
15728 22479
15728 28766
15728 33799
15728 38229
15728 39769
15729 39355
15730 21975
15730 27300
15730 28876
15731 25971
15733 16043
15733 20417
15734 37642
15735 34107
15735 36782
15736 16026
15736 21461
15736 31003
15738 25362
15739 15906
15739 25472
15740 21153
15740 27363
15740 36004
15742 18580
15742 22828
15744 18319
15744 27502
15744 32231
15745 20465
15745 26211
15746 22152
15746 29367
15747 18149
15747 31821
15747 36719
15748 23208
15748 25500
15749 18819
15750 21806
15751 28105
15751 33531
15752 19954
15753 26066
15754 23876
15754 28439
15754 29174
15754 30503
15755 37638
15756 16003
15757 27245
15757 35736
15757 38936
15758 31373
15759 25760
15759 28185
15759 33390
15759 35666
15760 16213
15760 20923
15760 23800
15760 27610
15761 26664
15761 39958
15762 19255
15763 27605
15763 32700
15763 32778
15763 35801
15764 17103
15764 24031
15764 24794
15764 31842
15765 15880
15765 27102
15765 27996
15765 39925
15766 20451
15766 28570
15766 29762
15766 38389
15767 19781
15767 22255
15767 24279
15767 29241
15768 31807
15768 37121
15769 27572
15770 38960
15771 19085
15771 21396
15772 37194
15774 22018
15774 24452
15775 24200
15775 39716
15776 32761
15777 25881
15777 31952
15777 39443
15778 16442
15778 17273
15778 20298
15778 22690
15778 24970
15778 38487
15779 24088
15779 36812
15779 37819
15779 38067
15780 16109
15782 18947
15782 31115
15782 31448
15783 23927
15783 32678
15784 33942
15785 17940
15785 27793
15785 29083
15785 32065
15786 33913
15786 36762
15787 19769
15787 19950
15787 21821
15787 26058
15787 31980
15787 35871
15788 25371
15788 29315
15788 39683
15789 21307
15789 28586
15790 17257
15790 20203
15790 23023
15790 25289
15790 38582
15791 39334
15793 21095
15793 28454
15793 35602
15794 20637
15795 21153
15795 23474
15795 36914
15796 28646
15796 35773
15797 33340
15797 35058
15797 38418
15800 23271
15800 32932
15800 38006
15801 16454
15801 22443
15801 38286
15803 19163
15803 20931
15803 25085
15803 33527
15804 33972
15804 35463
15806 18271
15806 36756
15807 23732
15808 18910
15808 20049
15808 22928
15808 33893
15808 35955
15809 21705
15809 30436
15809 35712
15810 16406
15811 20497
15811 38462
15812 29429
15812 30364
15812 30415
15812 38636
15813 35793
15814 18576
15814 30576
15814 37296
15815 16471
15815 24993
15815 30874
15815 33931
15816 27546
15816 36236
15817 24680
15818 18218
15818 24377
15818 30761
15818 33796
15818 35360
15818 36389
15818 37592
15819 26024
15819 31177
15820 34108
15820 37156
15821 23831
15821 25388
15821 28823
15821 38110
15822 19038
15822 33411
15822 38655
15823 18045
15824 29899
15825 25516
15825 26908
15825 39128
15826 22763
15826 33057
15826 36067
15826 37026
15827 31405
15827 38675
15828 21075
15830 23954
15830 29261
15830 30535
15830 33045
15830 35278
15831 24843
15831 30235
15832 17812
15832 26666
15832 27991
15832 28550
15833 32959
15833 37212
15834 22310
15834 23558
15834 25600
15835 16486
15835 17230
15835 19459
15835 32293
15835 35724
15836 18651
15836 25207
15837 19290
15837 21353
15837 25909
15837 27638
15837 31574
15837 37281
15839 25137
15839 35200
15839 38695
15840 16169
15840 27856
15840 27962
15840 36900
15841 20086
15841 20754
15841 29819
15841 32975
15841 34915
15842 19808
15842 26978
15842 27251
15843 19137
15843 37492
15844 33266
15845 23431
15845 34128
15845 34582
15846 22014
15846 39548
15847 17332
15847 27825
15848 21810
15848 27297
15848 30917
15848 31096
15849 17358
15849 17612
15849 20947
15850 20013
15850 27689
15851 18828
15851 28386
15852 32070
15854 34463
15854 34657
15855 35594
15856 39486
15857 27009
15857 35871
15858 18897
15858 22637
15858 25474
15858 33599
15859 22575
15859 27346
15860 17893
15860 25240
15860 37812
15862 16653
15862 17828
15862 35471
15863 34883
15863 38319
15864 28137
15864 33096
15864 36697
15865 24153
15865 25386
15865 30295
15866 28757
15866 31210
15866 36038
15866 38500
15867 34175
15867 36789
15868 17410
15868 26337
15868 29598
15868 34771
15869 26596
15869 35463
15870 32999
15870 37218
15871 16875
15871 17116
15871 29753
15871 32736
15872 27818
15874 17460
15874 24132
15874 36429
15875 31706
15876 21011
15877 17527
15878 18507
15878 27441
15878 28348
15878 37986
15879 27322
15879 31046
15879 35876
15880 17144
15880 18725
15880 19276
15880 22961
15880 23177
15880 29653
15880 35025
15881 16908
15881 31706
15881 39664
15882 25446
15882 34263
15883 23384
15883 23669
15883 29766
15883 33438
15883 36505
15884 18026
15884 23380
15884 25718
15885 31704
15885 38930
15885 38949
15886 24181
15886 25102
15886 27589
15886 27792
15886 28506
15887 17783
15887 30525
15887 37863
15888 18355
15888 22795
15888 25685
15889 22921
15889 33848
15890 18460
15890 31004
15890 32538
15890 33050
15890 33386
15891 39953
15892 26197
15892 26363
15895 18006
15895 35063
15895 37076
15895 39748
15896 21415
15896 23321
15896 25245
15896 29833
15896 34946
15897 23996
15898 24959
15898 28962
15899 22523
15899 30807
15900 24891
15900 29896
15900 32700
15901 19946
15902 33397
15904 23329
15904 24693
15904 25478
15905 22806
15905 27099
15905 38042
15905 39240
15906 22784
15906 35274
15907 20181
15907 21209
15907 26367
15907 28197
15908 22932
15908 29257
15908 35445
15909 16972
15909 39705
15910 19087
15910 25963
15912 20532
15912 38866
15913 19511
15913 29878
15914 24866
15914 37598
15915 18892
15915 28836
15915 39588
15916 20786
15916 32682
15917 32042
15917 38533
15918 23777
15919 19028
15919 33723
15920 21455
15920 36185
15921 35217
15922 17848
15922 18689
15922 22860
15922 26767
15922 35420
15923 17428
15923 23259
15924 25483
15924 28704
15924 34248
15925 27956
15926 31419
15926 35356
15927 18205
15927 19830
15927 28033
15927 29367
15927 32652
15928 23479
15928 27267
15928 36448
15928 38200
15929 22401
15929 23852
15929 39930
15930 21598
15931 20425
15931 21988
15931 22664
15931 25190
15931 34905
15932 17736
15933 26593
15933 29961
15933 30843
15933 31866
15933 37334
15934 37097
15934 37487
15935 34129
15935 36038
15936 18873
15936 23569
15936 31237
15937 25185
15937 25675
15938 38841
15938 39387
15939 39250
15940 24135
15940 25399
15941 16628
15941 28218
15942 24235
15943 35693
15943 38347
15945 24848
15945 35376
15945 37396
15946 20370
15946 26574
15946 26589
15947 23741
15947 28197
15948 37585
15949 28045
15950 18986
15950 23304
15950 33776
15951 28270
15952 18220
15952 20964
15952 23330
15952 35993
15953 24750
15953 38242
15953 38336
15954 24032
15954 25493
15955 20559
15955 31695
15955 32206
15956 26686
15956 33880
15957 32659
15958 19603
15959 22217
15959 37790
15960 18361
15960 27707
15960 29110
15960 32725
15962 27146
15962 33699
15963 23175
15963 26962
15963 27254
15963 28661
15963 36315
15965 23275
15965 24373
15966 30159
15966 33491
15966 35531
15967 17490
15967 23266
15968 25555
15969 16344
15969 29764
15970 18480
15970 22935
15970 27393
15970 29435
15970 30223
15971 16193
15971 18293
15971 21047
15971 22626
15972 16574
15974 17262
15974 24170
15974 37292
15975 22508
15975 27516
15976 24208
15976 35484
15976 39916
15977 20029
15977 24348
15977 26404
15977 31667
15977 34666
15978 18755
15979 23006
15979 24560
15979 25810
15979 38755
15981 24034
15981 30059
15982 21252
15982 31542
15983 27905
15983 29603
15983 32894
15984 35920
15985 21525
15985 38228
15985 39064
15986 36804
15987 37429
15988 26115
15988 26233
15988 39345
15989 20180
15989 21139
15989 36205
15990 17556
15990 20269
15990 27264
15990 32440
15990 38913
15991 22650
15991 25406
15991 34934
15991 37586
15992 23236
15993 17465
15993 28222
15993 35974
15995 22915
15995 30558
15995 30998
15995 39469
15996 27474
15996 36171
15996 37920
15997 21714
15997 37631
15998 17546
15998 18505
15998 26622
15999 23147
15999 23177
15999 32532
16000 37339
16000 38358
16001 17865
16002 27548
16003 19695
16003 26865
16004 30830
16004 36687
16005 20953
16006 16857
16006 18251
16006 24675
16006 29791
16007 22665
16007 32461
16007 33818
16008 32547
16008 34436
16008 36029
16009 17244
16009 34428
16009 37631
16011 23285
16011 33660
16012 16701
16012 29900
16012 33334
16013 26586
16014 19087
16014 21973
16014 25999
16014 38098
16015 29211
16015 39559
16016 17400
16016 26995
16016 31825
16017 20823
16018 18565
16018 34418
16020 22058
16020 32853
16020 33407
16021 21188
16022 20212
16022 36313
16023 16713
16023 34076
16023 37418
16023 37997
16024 18087
16024 21431
16025 17859
16025 18577
16025 27012
16025 28997
16026 23365
16026 32395
16027 26113
16028 18038
16028 38765
16029 20351
16029 31660
16029 33861
16029 39714
16031 37280
16033 36371
16034 33823
16035 16378
16035 24748
16036 19870
16037 18303
16037 38937
16038 16829
16038 22992
16038 30760
16038 33583
16039 16339
16039 35987
16039 37565
16040 23186
16040 23808
16040 34388
16040 37144
16041 17670
16041 21274
16041 38442
16042 23416
16042 26966
16043 25721
16043 31899
16043 36184
16043 36266
16043 38505
16044 17080
16044 26161
16044 30092
16045 20714
16045 31989
16045 32764
16046 18589
16046 36376
16046 38865
16047 28613
16049 28742
16049 31305
16049 35863
16049 38147
16050 16351
16050 17656
16050 26317
16050 36564
16050 38369
16051 17743
16051 31855
16052 22278
16052 31758
16052 32008
16053 21260
16053 23109
16053 33630
16053 35897
16053 37018
16054 25839
16054 28041
16054 31549
16054 34430
16054 36895
16055 28654
16055 30681
16055 33852
16055 39122
16056 30907
16056 33779
16056 37270
16057 37990
16058 16712
16058 35270
16058 37411
16059 21992
16059 27047
16059 27631
16059 31128
16061 23030
16061 29130
16062 20663
16062 26781
16062 27238
16062 33675
16063 19085
16063 21353
16063 21984
16063 26681
16064 17200
16064 20104
16064 33734
16064 39371
16065 20098
16066 20986
16066 22421
16066 23723
16066 27551
16067 22506
16067 27082
16067 35635
16067 39760
16069 23970
16069 24835
16069 25194
16069 28064
16069 30709
16070 17505
16070 18118
16070 25818
16071 31049
16071 32736
16072 19674
16072 30187
16072 37276
16072 39956
16074 24599
16074 33542
16075 21332
16075 22151
16075 23461
16075 24779
16075 27516
16075 34291
16076 17978
16076 20830
16076 21169
16076 37322
16077 18763
16077 38558
16078 17503
16078 25424
16079 17464
16080 17872
16080 26912
16080 32792
16082 23338
16082 27800
16082 34805
16082 36471
16083 19597
16083 22412
16083 23798
16083 24679
16083 25580
16083 26006
16084 23146
16084 28408
16084 36870
16086 18614
16086 23182
16086 35744
16086 37845
16087 19467
16087 20460
16087 23029
16087 23454
16088 19985
16089 34296
16090 31947
16091 21656
16092 18771
16092 28735
16092 30083
16092 32116
16094 21883
16094 30587
16095 21407
16095 31960
16096 28109
16096 29973
16097 25058
16097 33907
16098 19992
16098 23095
16098 32456
16098 37748
16099 16446
16099 23239
16099 31099
16099 31987
16100 27374
16100 33053
16100 35598
16101 16671
16101 25565
16101 27440
16103 29939
16103 38814
16104 18392
16104 19638
16104 23911
16104 25467
16104 27592
16104 27753
16105 24677
16105 30040
16106 28694
16106 37613
16107 27064
16107 28185
16107 29715
16108 32715
16109 20973
16109 28416
16109 32587
16109 32620
16109 34665
16109 36847
16109 39581
16110 20728
16110 21570
16110 30687
16110 33012
16111 20752
16111 33482
16111 36012
16111 38084
16112 23271
16112 25063
16112 25753
16114 34895
16115 23582
16117 20111
16117 20607
16117 24196
16117 32938
16118 25035
16118 34688
16118 39062
16119 26244
16119 35171
16119 35941
16120 20687
16120 23593
16120 29080
16120 39005
16122 28471
16122 30663
16122 35616
16123 18888
16123 24690
16123 29559
16123 34847
16124 21809
16124 22723
16124 37969
16125 22130
16125 30676
16125 33558
16125 38318
16126 19262
16126 21748
16126 29621
16127 36210
16128 20379
16128 26446
16128 29292
16129 17561
16129 29923
16130 23443
16130 27237
16130 28191
16131 17638
16131 18911
16132 34916
16133 18518
16134 16384
16134 16583
16134 18701
16134 26106
16135 23681
16135 24361
16135 29648
16136 21029
16136 21270
16136 26267
16136 28168
16136 32899
16136 36567
16136 36651
16137 25680
16137 28009
16139 25102
16139 25553
16140 21928
16140 39666
16141 18777
16141 26395
16141 37873
16142 19294
16143 16486
16144 21658
16145 24318
16146 30010
16146 36764
16147 31090
16148 20467
16148 31588
16148 33899
16148 37668
16149 25636
16149 27112
16149 33951
16149 34914
16149 39704
16150 22913
16150 32692
16151 29654
16151 39282
16152 20465
16152 22428
16152 25934
16152 35361
16153 25089
16153 25346
16153 25681
16153 34661
16153 37039
16154 22428
16154 23859
16155 24922
16157 36343
16158 21519
16158 23855
16159 20522
16160 36723
16160 39134
16161 25501
16161 36725
16162 19528
16162 33114
16164 20227
16164 20565
16164 22806
16164 25813
16164 36071
16165 37170
16166 38809
16167 23732
16167 28435
16167 36721
16168 26920
16168 29200
16168 35516
16169 19065
16169 35043
16173 20263
16173 30475
16174 18223
16174 37861
16175 19713
16175 32191
16175 34571
16176 19246
16176 35627
16177 20682
16177 30125
16177 37834
16178 22526
16178 23779
16178 30565
16178 35998
16179 38833
16180 16462
16180 16525
16180 29782
16180 31623
16180 32331
16181 22178
16181 26434
16181 29074
16182 39283
16183 23832
16183 31949
16184 27275
16184 33779
16185 32713
16186 28007
16187 28861
16188 27157
16189 20673
16189 29713
16189 29894
16190 22103
16190 26914
16190 31023
16190 32289
16191 23467
16191 27506
16191 34682
16192 23542
16192 28624
16193 21465
16193 27807
16193 28416
16193 32185
16194 24562
16194 28994
16195 33261
16196 25318
16196 25928
16197 31786
16197 37943
16198 21601
16199 17093
16199 32635
16200 16244
16201 21539
16201 24149
16201 34704
16201 39966
16202 17037
16202 26026
16203 27515
16203 28477
16203 29677
16203 39624
16204 24596
16204 33199
16204 33237
16204 39161
16205 29871
16207 32822
16208 17435
16208 17550
16208 23514
16208 32663
16208 34414
16208 38444
16209 16623
16211 19530
16211 20310
16211 21096
16211 35702
16211 36230
16212 17695
16212 19731
16212 27729
16212 29202
16212 35268
16214 31720
16214 32274
16214 37759
16215 19574
16215 20941
16215 28316
16215 32759
16215 33153
16215 36494
16216 22973
16217 21648
16217 22138
16218 20626
16218 26169
16218 36771
16220 19914
16220 26288
16220 30628
16220 31066
16220 37644
16220 39894
16221 25691
16221 35504
16221 37370
16221 38732
16222 21046
16222 21765
16222 34276
16223 17375
16223 28550
16223 33016
16223 34784
16224 20897
16224 23392
16224 37604
16224 38156
16225 19049
16225 28397
16225 31913
16225 38473
16226 18240
16226 21674
16226 33309
16227 22607
16227 29617
16227 30534
16228 17658
16228 20896
16228 21962
16228 25563
16228 36687
16229 19422
16229 21615
16230 25244
16231 33273
16231 36642
16232 16398
16232 27081
16232 30904
16232 33474
16232 36621
16232 39405
16232 39465
16232 39820
16234 22858
16234 35498
16235 18300
16235 21558
16235 22938
16235 28221
16235 37827
16236 19307
16236 28171
16236 28693
16236 31410
16236 34334
16236 38376
16237 24626
16237 30297
16237 30718
16238 26717
16238 29567
16238 37008
16239 16462
16239 16711
16239 19534
16241 17575
16241 24081
16241 32288
16241 32825
16242 16310
16242 24049
16242 32440
16243 34289
16244 31328
16245 20392
16245 22758
16245 22997
16245 25278
16245 37594
16245 38019
16246 26206
16246 29800
16247 28430
16247 30977
16248 24694
16249 20316
16249 25761
16249 32208
16249 32582
16250 29426
16250 37123
16250 38549
16251 35675
16252 18118
16252 21636
16252 25498
16252 29749
16252 34697
16252 38679
16253 20006
16253 28327
16253 32454
16253 37514
16255 18360
16255 31669
16256 18856
16256 24566
16257 21450
16257 21689
16257 25214
16257 26695
16258 22305
16258 25811
16258 30773
16258 35171
16259 38569
16260 20445
16260 25675
16260 30186
16261 16324
16261 17943
16261 24465
16263 30247
16263 37572
16264 20108
16264 23956
16264 33094
16264 33679
16266 25872
16266 28959
16266 31357
16266 32047
16266 35535
16267 28778
16267 35423
16267 39463
16268 17045
16268 18016
16268 25810
16268 34862
16269 22015
16269 23921
16269 25746
16269 34686
16270 30793
16271 33391
16273 16336
16273 29786
16274 18744
16274 21396
16274 25001
16274 26290
16274 34425
16274 34792
16275 18624
16275 35614
16275 38892
16276 22762
16276 26309
16276 31416
16277 31713
16278 17115
16279 20677
16279 27096
16279 35742
16279 38786
16280 27722
16280 39107
16282 28916
16283 17155
16283 22346
16283 22852
16284 31436
16285 18789
16285 24569
16285 36452
16286 17575
16286 27526
16287 27599
16288 18367
16288 19202
16289 34720
16290 36357
16291 32036
16291 35072
16293 30296
16295 20806
16295 25111
16297 24550
16297 27085
16298 31592
16298 35535
16301 19996
16301 30149
16301 33277
16302 33766
16302 33878
16302 37251
16303 18021
16303 30469
16303 30536
16303 34631
16304 30500
16304 35652
16304 37657
16305 23358
16305 27575
16305 29706
16305 33501
16305 35764
16306 17528
16306 21129
16306 21254
16306 21309
16306 36724
16307 16727
16307 30650
16308 18879
16308 27271
16308 32301
16308 37810
16309 38905
16310 18516
16310 37572
16312 20029
16312 20916
16313 16874
16313 17089
16313 32876
16313 35013
16313 38238
16314 20715
16314 23087
16315 28008
16315 31575
16316 25414
16316 25843
16317 29023
16317 32430
16317 39328
16317 39882
16318 39436
16319 18174
16319 18598
16319 31600
16320 21461
16320 32257
16320 39150
16321 20026
16321 20397
16321 25565
16321 27873
16321 36680
16322 23250
16322 25928
16322 37862
16323 31302
16324 22928
16325 35195
16326 23216
16326 28211
16327 21709
16327 33975
16328 28624
16329 31055
16329 32548
16330 29603
16331 17854
16331 34113
16332 30321
16333 18166
16333 22483
16334 28621
16334 33198
16335 27819
16335 36624
16336 24565
16336 31581
16337 18130
16337 19234
16337 31390
16338 22255
16338 34128
16338 39631
16340 21691
16340 23709
16340 36342
16341 35221
16341 35675
16342 20170
16342 23287
16342 35954
16344 20853
16345 26998
16346 21414
16346 23313
16346 26783
16346 34228
16346 39337
16347 23864
16347 32709
16348 19902
16348 30131
16348 36635
16348 37311
16349 25798
16349 39796
16350 22432
16350 24189
16350 24774
16350 29702
16350 34960
16351 23172
16351 23698
16351 25020
16351 36367
16351 38662
16352 16933
16352 28200
16352 28494
16352 29909
16353 17786
16353 26256
16353 35136
16354 18682
16354 21716
16354 35622
16355 35552
16356 20369
16357 26563
16357 31524
16358 20064
16358 34779
16358 36072
16359 21378
16359 29198
16360 16622
16360 17806
16360 27438
16360 38829
16361 24607
16363 32476
16364 22234
16364 26723
16365 17096
16365 26037
16365 34390
16365 37109
16366 22392
16367 33572
16367 37805
16368 33054
16369 17368
16369 23261
16369 29025
16369 37049
16370 18020
16370 32925
16370 39274
16371 23350
16371 23364
16371 23804
16371 33214
16371 36818
16371 38153
16372 27861
16372 37662
16372 39823
16374 27324
16374 31298
16375 20520
16376 16553
16376 22944
16376 28240
16376 36205
16377 25006
16377 27562
16377 36636
16378 17304
16379 20480
16379 34189
16379 36762
16380 20910
16381 17974
16381 21089
16381 27446
16382 22171
16382 23708
16382 25930
16382 29118
16383 34057
16383 38874
16384 17912
16384 24567
16384 38046
16385 20114
16385 22397
16385 27770
16385 39806
16386 21329
16386 28549
16386 31127
16386 31973
16386 39281
16387 18475
16387 25842
16387 30050
16387 34430
16387 36891
16389 17960
16389 28262
16389 32315
16391 17563
16391 34189
16392 19720
16393 16995
16393 31316
16393 34820
16394 25351
16394 32860
16394 34874
16395 24165
16396 31218
16397 32269
16397 36170
16398 26603
16399 25061
16399 37173
16400 28302
16401 17957
16401 29107
16402 17935
16402 34516
16402 35505
16403 22099
16404 17696
16404 38407
16405 24741
16406 21834
16406 25003
16407 18911
16407 29282
16407 31394
16407 33969
16408 21335
16408 36099
16409 22002
16409 38743
16410 26460
16411 19977
16411 38992
16412 23827
16412 24263
16412 27964
16413 26087
16413 30171
16414 30467
16415 18538
16415 33195
16416 30092
16416 37904
16417 30708
16418 16693
16418 37468
16419 26726
16419 29650
16419 38230
16420 19540
16420 31019
16420 33325
16421 20103
16421 21403
16422 19198
16423 31459
16423 33603
16423 36470
16424 22652
16424 39593
16425 32293
16426 20278
16426 23985
16426 39784
16427 18438
16427 24361
16427 27840
16427 31183
16428 38318
16429 16982
16429 21349
16430 27790
16431 28355
16431 35458
16431 36794
16431 37537
16431 37928
16432 39984
16433 18198
16434 39001
16435 33141
16435 39792
16436 26140
16437 16762
16437 28451
16437 30082
16438 26142
16438 34723
16439 27779
16440 25570
16441 18243
16441 26804
16441 29361
16442 22965
16443 23481
16443 35558
16443 37813
16444 25634
16445 16984
16445 24988
16447 18042
16447 28805
16447 31709
16447 36902
16448 19126
16448 34490
16448 36433
16449 19127
16449 21151
16449 30939
16450 18592
16450 36852
16451 20553
16451 21593
16451 31313
16452 20549
16452 27263
16453 20404
16453 36908
16453 39501
16454 16839
16454 21501
16455 16734
16455 22849
16455 23129
16455 28549
16455 29136
16455 31996
16455 37636
16456 28297
16457 20091
16457 21494
16457 24067
16458 17943
16458 18930
16458 19907
16459 21059
16459 26683
16460 20300
16460 25264
16462 19026
16462 28829
16464 19960
16464 32862
16464 34276
16465 28408
16465 31469
16466 23241
16466 33630
16467 28121
16467 35047
16468 33446
16469 25215
16471 35257
16471 36965
16472 17465
16473 17212
16473 24935
16473 25378
16473 25550
16473 29790
16473 35332
16475 19708
16475 36873
16476 34131
16477 30141
16477 33249
16478 31221
16478 39835
16480 31885
16480 36165
16481 17340
16481 24895
16481 31415
16481 34951
16481 35148
16482 22790
16482 22907
16483 25726
16483 38157
16484 21639
16484 23489
16484 31463
16485 17197
16485 17896
16485 21726
16485 26755
16485 39446
16486 21114
16486 22921
16488 18829
16488 18917
16488 22146
16488 23109
16488 33326
16489 18711
16489 33437
16490 23128
16490 23521
16490 24078
16490 32346
16490 36673
16490 37793
16491 25321
16491 37591
16492 17870
16492 23707
16492 34380
16493 21717
16493 22385
16493 28316
16494 27326
16494 38664
16494 39415
16495 36697
16496 26121
16497 19627
16497 24082
16497 26724
16498 23024
16498 30694
16499 22354
16499 29055
16500 36486
16502 19748
16502 27173
16502 27393
16502 27689
16502 30046
16502 35582
16503 23191
16503 32099
16503 32678
16504 36416
16504 38696
16505 36752
16505 39506
16506 29899
16506 38987
16507 23687
16507 24000
16507 30168
16508 26783
16508 30864
16508 32643
16509 18924
16509 25013
16510 29608
16511 39213
16512 38888
16513 18144
16513 34834
16513 37673
16513 38776
16514 25421
16514 26414
16515 24068
16515 26191
16515 27946
16515 31763
16515 38899
16516 16608
16516 22933
16516 30319
16517 19654
16517 26183
16518 27666
16518 34807
16519 16861
16519 25659
16520 25883
16520 30245
16520 30273
16520 30532
16520 31780
16521 17292
16521 18481
16521 24609
16522 27250
16523 24635
16524 23185
16525 35175
16526 17334
16526 25626
16526 38865
16527 23618
16527 27587
16527 38203
16527 38222
16528 26245
16529 27131
16529 30272
16529 33605
16531 36442
16532 19142
16533 16917
16533 26667
16534 24003
16534 36130
16535 19273
16535 27439
16535 31296
16535 36784
16536 23355
16536 28123
16537 24044
16537 24209
16537 33461
16537 38993
16538 21668
16538 28847
16538 33540
16538 38386
16539 18788
16539 20353
16539 21339
16539 34246
16540 35449
16541 18185
16541 20464
16541 36640
16541 39142
16542 25982
16544 16717
16544 20400
16544 20777
16546 36039
16547 22810
16547 36807
16548 34398
16549 19416
16549 20534
16549 22915
16549 26814
16549 32509
16550 19321
16550 24808
16550 32059
16551 33682
16552 27073
16553 20797
16553 28840
16553 37074
16553 37709
16554 38067
16555 19880
16555 27372
16555 38448
16556 17425
16556 31157
16556 35078
16556 36816
16556 37089
16557 25658
16557 26296
16557 26610
16557 39567
16558 19129
16558 26927
16558 37344
16559 19952
16559 22155
16559 37103
16560 22760
16560 28767
16560 30539
16560 30578
16560 31074
16561 18776
16562 17454
16562 23882
16562 35947
16563 17748
16564 26250
16564 28267
16565 33334
16566 29177
16566 34285
16566 38709
16567 17407
16567 19414
16567 27539
16567 33826
16567 38356
16568 17791
16568 38712
16569 18870
16569 25457
16569 31588
16570 17464
16570 30335
16571 18804
16571 32842
16572 27613
16572 28056
16572 31566
16573 20699
16573 22785
16573 23096
16573 26088
16573 38276
16575 28296
16575 29132
16576 25171
16576 30351
16577 16924
16577 17357
16578 24276
16578 37293
16579 23636
16579 24129
16579 30151
16580 20838
16581 17465
16582 21624
16582 33850
16583 25628
16583 25767
16583 35820
16584 16837
16584 26338
16584 37080
16584 39406
16585 17944
16585 38260
16586 17743
16586 24831
16586 27260
16586 34195
16586 36519
16586 37831
16587 24235
16587 28066
16587 33398
16587 35078
16588 25376
16589 20749
16589 27848
16589 33347
16590 21275
16590 28880
16591 29356
16591 30211
16591 36835
16591 37889
16592 19582
16592 26073
16592 29663
16592 32559
16592 36050
16592 38868
16593 17306
16593 25537
16593 27904
16593 36950
16593 37738
16594 18693
16594 34855
16594 39570
16595 30439
16595 33589
16595 34415
16597 32367
16597 39144
16598 24734
16598 27514
16598 30707
16598 35710
16599 39746
16601 18527
16601 33926
16602 21651
16602 24474
16603 21692
16603 33917
16604 18460
16604 29938
16604 30517
16604 36494
16604 38835
16605 19578
16605 23795
16605 27284
16605 28590
16605 28947
16606 27649
16606 33165
16608 22310
16608 29408
16608 31881
16608 33437
16609 33463
16609 35401
16610 16759
16610 22341
16610 26289
16610 32737
16610 33861
16610 36132
16611 22778
16612 21100
16612 23191
16612 33099
16612 38084
16613 21021
16613 38102
16614 20463
16614 38214
16615 16793
16615 27921
16615 38557
16616 27130
16616 31742
16617 25039
16617 33837
16617 39401
16618 28155
16618 32680
16618 32695
16618 32989
16620 18619
16620 19596
16620 25819
16620 26384
16620 35791
16620 38735
16621 20905
16621 30560
16622 27224
16623 22706
16623 30562
16623 31027
16624 25474
16624 30184
16625 17405
16625 35780
16626 19129
16626 22199
16626 29496
16626 32798
16626 36357
16627 20046
16627 24236
16628 34902
16628 35568
16629 19043
16629 23277
16629 27409
16629 31047
16629 36343
16629 38106
16630 38000
16631 19241
16631 27719
16632 24456
16632 27842
16634 26815
16635 30316
16635 31763
16636 29657
16636 38565
16637 27312
16637 27741
16638 18320
16638 25414
16638 37924
16639 32806
16639 38962
16640 35713
16641 27362
16641 35696
16642 32118
16643 31219
16643 37472
16644 23592
16644 23798
16645 25007
16647 23816
16647 35293
16648 24410
16648 33900
16648 38875
16649 32026
16649 34302
16649 36267
16649 38580
16650 17920
16650 19214
16650 35161
16651 17466
16651 17585
16651 24509
16651 25743
16651 37104
16651 38865
16651 39734
16652 23106
16654 18082
16655 28737
16655 36282
16655 38717
16656 34116
16656 35350
16657 21376
16657 25870
16657 34480
16657 36785
16658 23635
16658 34187
16659 17306
16659 21374
16659 22302
16659 22856
16659 29296
16659 34272
16660 19604
16661 25433
16661 29630
16661 29829
16661 30134
16661 30787
16662 20099
16662 24697
16662 25842
16662 31381
16662 31889
16662 32084
16662 33376
16663 29607
16663 31394
16664 22930
16664 27686
16665 29026
16665 33154
16666 28489
16666 37414
16667 16709
16667 20911
16667 26537
16667 35274
16668 18360
16668 22464
16668 25004
16668 28372
16668 32340
16669 34595
16671 16749
16671 22899
16671 29035
16671 38544
16671 39577
16672 18885
16672 25900
16672 28489
16672 33015
16674 18149
16675 21906
16675 25802
16675 37941
16675 37995
16676 21318
16677 26015
16678 19435
16678 24994
16680 21178
16680 30202
16681 21916
16681 23083
16682 25617
16682 27526
16682 28225
16683 26507
16684 17898
16684 20014
16684 22103
16684 36797
16685 25252
16685 38094
16686 27845
16686 30130
16686 31505
16686 38975
16687 23952
16687 25117
16687 39553
16688 30415
16689 24238
16689 28498
16691 19081
16691 25778
16691 28436
16691 35409
16693 25607
16693 30047
16693 34348
16694 17600
16695 29325
16695 33614
16695 37793
16696 18675
16696 24554
16696 37765
16697 19220
16697 22445
16697 23588
16697 25960
16697 30116
16697 32009
16698 17087
16698 20481
16698 24690
16698 25182
16699 21058
16699 28369
16699 34327
16700 18608
16700 33823
16701 18584
16702 17825
16702 19093
16702 22310
16702 38286
16703 19854
16703 37788
16703 39731
16704 25934
16706 20381
16706 21748
16707 27406
16707 28401
16708 18857
16708 19870
16710 17026
16710 35635
16712 26311
16712 28796
16712 31022
16712 37626
16713 38576
16714 26105
16714 27227
16716 22791
16716 27804
16716 35429
16716 35715
16716 35730
16716 36907
16716 39619
16717 27207
16717 31787
16717 37575
16718 31614
16718 33299
16719 25205
16719 38356
16720 24071
16721 22936
16721 26151
16722 24569
16722 32153
16722 33091
16722 37366
16723 17673
16723 24295
16723 34415
16724 26797
16724 33104
16724 33702
16725 16905
16725 24749
16725 26539
16726 25664
16727 17188
16727 29717
16728 21610
16728 36159
16728 37936
16729 19414
16729 27390
16730 23009
16730 26737
16731 23044
16731 26959
16731 33894
16732 17370
16733 21768
16733 28995
16735 19457
16736 36306
16737 24220
16737 38446
16738 31144
16738 35612
16739 16827
16739 26023
16739 32983
16740 20643
16740 34487
16741 35243
16741 38391
16742 20376
16742 21403
16742 25646
16742 25905
16743 25479
16743 30913
16743 32318
16743 35706
16743 37958
16745 20987
16745 35906
16745 36352
16746 28688
16746 31918
16747 39595
16748 31648
16748 32467
16748 39099
16748 39136
16748 39979
16749 29532
16749 33866
16750 17727
16750 30442
16750 39247
16751 19651
16751 24245
16751 34782
16753 21567
16753 30865
16755 19570
16755 21215
16755 26915
16755 27180
16756 21106
16757 19637
16757 22959
16757 24067
16757 37789
16757 39196
16758 22063
16759 18104
16760 23494
16760 30047
16761 29612
16761 35614
16762 19839
16762 25051
16762 33406
16762 39801
16763 18491
16763 39667
16764 28326
16764 36674
16765 19761
16765 28162
16765 32503
16766 31609
16767 39666
16768 19975
16768 29418
16769 31233
16769 33811
16770 17249
16772 35332
16773 18404
16773 20121
16773 20878
16773 30545
16773 35543
16774 20663
16774 27255
16775 28415
16775 38537
16776 26741
16777 22406
16778 16923
16778 32220
16779 21428
16779 28385
16780 27035
16780 38472
16781 21912
16781 27778
16781 35510
16781 39028
16782 25799
16783 22522
16783 34845
16784 19715
16784 20074
16784 24051
16785 17261
16785 39063
16786 27010
16786 27940
16786 36818
16787 22906
16787 37974
16788 18733
16788 29433
16789 26197
16790 25257
16790 33901
16791 19171
16792 37316
16793 25955
16793 32542
16793 35214
16794 24725
16794 28410
16794 36025
16795 18395
16795 18565
16795 20445
16795 21365
16795 30667
16795 36583
16796 20207
16796 20213
16796 38272
16797 19223
16797 24069
16797 26089
16798 18893
16798 22312
16798 38051
16799 19980
16800 39460
16801 19105
16801 19584
16801 24326
16801 30663
16802 19593
16802 38808
16803 36520
16803 39937
16804 18921
16804 19966
16804 26447
16804 27166
16804 38718
16805 29621
16805 32277
16806 21100
16806 31286
16806 36524
16807 21761
16807 35835
16808 32471
16809 22412
16809 26181
16809 26990
16809 30469
16809 38988
16810 17292
16810 17851
16810 24765
16810 25167
16810 27108
16810 32502
16810 39029
16810 39459
16811 25735
16811 25951
16811 31120
16812 31782
16813 17490
16813 25730
16813 30864
16813 32296
16814 22427
16814 26436
16814 37153
16814 37725
16815 27009
16815 31706
16816 23449
16816 23553
16816 28487
16816 32592
16816 33030
16817 22285
16817 22863
16817 26948
16817 36230
16817 39448
16819 21122
16820 23993
16820 25661
16820 28870
16820 38404
16821 26737
16821 26906
16822 30884
16822 36265
16824 17008
16824 34529
16824 39220
16825 23977
16825 28731
16825 36995
16826 37294
16827 25301
16827 31628
16828 18376
16828 33258
16829 21727
16829 23393
16829 34365
16830 34106
16831 24611
16831 31051
16832 32474
16834 17474
16834 25223
16834 26792
16834 27737
16834 34509
16835 27421
16837 26791
16837 31322
16837 31326
16838 21217
16838 26416
16838 34257
16839 20814
16840 20651
16840 25002
16840 28663
16841 23671
16841 26298
16841 26882
16842 19470
16842 21851
16842 27890
16843 21383
16843 22370
16843 25008
16843 26754
16844 35938
16845 31647
16846 28038
16846 31493
16848 17724
16848 19648
16848 25115
16848 28546
16848 34243
16848 34989
16848 39258
16849 29746
16850 33460
16850 36280
16852 39960
16853 18313
16853 35486
16853 39129
16854 28181
16855 25257
16855 25615
16855 28787
16855 36176
16855 36420
16856 18390
16856 27336
16856 28744
16856 33160
16856 35230
16857 20557
16857 34961
16857 38427
16858 18987
16858 19975
16858 22458
16858 30808
16859 26185
16860 24419
16860 39327
16861 17077
16861 39355
16862 25614
16863 26673
16863 27427
16863 33707
16863 36434
16865 21932
16865 23750
16865 27963
16865 34354
16865 39132
16866 25865
16866 27466
16866 31277
16867 39018
16868 20034
16868 22785
16868 28212
16868 34879
16869 24931
16869 36801
16869 37172
16869 39989
16870 28283
16870 39201
16871 33728
16872 21403
16872 21897
16872 33616
16872 33760
16873 20734
16873 26625
16873 32334
16874 17841
16874 25673
16875 33445
16877 17456
16877 19776
16877 22275
16877 36086
16878 25402
16878 27293
16881 18202
16881 20470
16881 28975
16881 30239
16882 27792
16884 20933
16884 26117
16884 31517
16885 18483
16885 28385
16885 29483
16886 17761
16886 22368
16886 34180
16888 29129
16889 23459
16890 28221
16890 30003
16891 17463
16891 27369
16891 34869
16891 36067
16892 28982
16893 28274
16894 20388
16894 20504
16895 17509
16895 27259
16895 33053
16896 30878
16896 31382
16896 33186
16898 29147
16898 37387
16899 30204
16899 32589
16900 19404
16901 18639
16901 21692
16901 38501
16902 19421
16902 32278
16902 38007
16903 18307
16903 19510
16903 35373
16903 36055
16904 19674
16904 19879
16904 24783
16905 17082
16905 19997
16905 20210
16905 28844
16905 29446
16906 27280
16906 30936
16906 30984
16907 18903
16907 27448
16907 28140
16909 24921
16909 33912
16910 29143
16910 39579
16911 24582
16912 25747
16912 34635
16912 37079
16913 22283
16913 28503
16914 19974
16914 36082
16915 24259
16915 38076
16916 25369
16917 25548
16917 28539
16918 24384
16918 25444
16918 28212
16918 30515
16919 39761
16920 38956
16921 18512
16921 33885
16922 23180
16922 39006
16923 36100
16925 19649
16926 18521
16927 34093
16928 16929
16928 17851
16929 20119
16929 22880
16929 24318
16929 30865
16929 34480
16930 20500
16931 26322
16932 17510
16932 24819
16932 28297
16932 28507
16932 37721
16933 35273
16934 20314
16934 30180
16934 30924
16935 24935
16936 18629
16936 22338
16936 34612
16936 38418
16937 19138
16937 24785
16938 28960
16938 30022
16938 32153
16938 35964
16938 39332
16939 20305
16939 34556
16939 37207
16941 26161
16941 32606
16941 34766
16941 34803
16942 19018
16942 20893
16942 26069
16942 31359
16942 32294
16943 20627
16943 34371
16943 37469
16944 25440
16944 25703
16945 21514
16945 22726
16945 22799
16946 25508
16946 27422
16947 24338
16947 35625
16948 21328
16949 34661
16949 37420
16949 38493
16950 20706
16950 31453
16951 31935
16952 21803
16952 38647
16953 24081
16953 24579
16954 27132
16955 25560
16955 32347
16955 36352
16955 38033
16956 27595
16956 27779
16956 28549
16956 31128
16956 34746
16957 30782
16957 34796
16958 17553
16958 19324
16958 38323
16959 21561
16959 32240
16960 16978
16960 22911
16960 29828
16961 26779
16961 30591
16962 35891
16963 21809
16963 25166
16964 27058
16964 30265
16964 35354
16964 38717
16966 27479
16966 30655
16967 31263
16967 38557
16968 35653
16970 22115
16970 28580
16970 35853
16970 37115
16970 37647
16971 21224
16971 27853
16971 30003
16971 38381
16972 31105
16972 35369
16973 37984
16974 23430
16975 17248
16975 18210
16975 33093
16976 20246
16976 30177
16976 39286
16977 37930
16978 36879
16979 20424
16979 27672
16980 29434
16980 35618
16981 27720
16981 30194
16982 28856
16984 31135
16985 19578
16985 21240
16985 35222
16985 39776
16986 24743
16986 25471
16986 25821
16986 28404
16986 30070
16987 34050
16988 19500
16988 30352
16989 28878
16989 30457
16989 32691
16990 33615
16991 20699
16991 21724
16991 25502
16991 27181
16991 33451
16991 33756
16991 37231
16991 37738
16991 38403
16992 35904
16992 39807
16993 19416
16993 24524
16994 21728
16994 26219
16994 33543
16994 34218
16994 36343
16994 36621
16995 23392
16996 24352
16996 30283
16997 24349
16997 30623
16997 33239
16997 38317
16998 35568
16999 25787
16999 34981
16999 39608
17000 35583
17002 28837
17004 38083
17005 19824
17005 26807
17006 25113
17006 31047
17006 31464
17006 37388
17007 19892
17007 31409
17007 32984
17008 17601
17008 20166
17008 24183
17008 28601
17008 30243
17008 35190
17008 37446
17008 39223
17009 19310
17009 28303
17009 32102
17011 30344
17011 37146
17012 25519
17012 26150
17012 27317
17012 36412
17012 39638
17013 23201
17013 24251
17013 25917
17014 25235
17014 26044
17016 32370
17016 35044
17016 39306
17017 23470
17017 25946
17017 29455
17018 19418
17018 29328
17018 37843
17019 21031
17019 22083
17019 24034
17020 22410
17021 29106
17022 33017
17023 24664
17023 30919
17023 39165
17024 26275
17025 18739
17025 19922
17025 23773
17026 19853
17026 21837
17026 25746
17026 33696
17027 27491
17027 27934
17028 20303
17028 27148
17028 36451
17029 17209
17029 20432
17029 22022
17029 31252
17029 39228
17030 21260
17031 31271
17032 25893
17032 33727
17033 23715
17033 28655
17033 32763
17033 33076
17033 33331
17034 19606
17034 21604
17034 27230
17035 19677
17035 26780
17035 31642
17035 32577
17036 26007
17036 28780
17036 28810
17037 17042
17037 22717
17037 29077
17037 31606
17037 35183
17038 29020
17038 30617
17038 31434
17038 36290
17039 19057
17039 19796
17039 20230
17039 24751
17039 27448
17040 21729
17040 26241
17040 26762
17041 21411
17042 33305
17042 34407
17042 38097
17043 17833
17043 25555
17044 37468
17044 37674
17045 32378
17045 34958
17046 23888
17046 24135
17046 26385
17047 20796
17047 29026
17048 26110
17048 37460
17049 27343
17049 38739
17052 19525
17052 31173
17053 27894
17053 34539
17053 36632
17053 37342
17054 23273
17055 20762
17055 31017
17055 33439
17055 35639
17055 35768
17056 17364
17056 22127
17056 26898
17057 24960
17057 35141
17058 18704
17059 17152
17059 39978
17060 24179
17060 27250
17060 28274
17060 35293
17061 17238
17061 27811
17061 28256
17061 33297
17062 28369
17062 39976
17063 20986
17063 25328
17063 27253
17063 32922
17063 35938
17064 36553
17065 39903
17066 25236
17067 31494
17067 34688
17068 17408
17068 23707
17069 20496
17069 28517
17069 30190
17070 22587
17070 27225
17071 20458
17071 23183
17071 25404
17071 31958
17072 17780
17072 21786
17072 32793
17073 39140
17074 22491
17074 36806
17075 31086
17075 31948
17076 22708
17076 33916
17076 37387
17077 18127
17077 22130
17077 29008
17078 25890
17078 26454
17079 17934
17079 19454
17079 35644
17079 38314
17080 19294
17080 25528
17081 30073
17081 32324
17081 32414
17081 38807
17082 31478
17082 33692
17082 34705
17082 39413
17083 39235
17087 34057
17088 23927
17088 39035
17089 21224
17089 22028
17089 27198
17089 34037
17091 30095
17091 30160
17091 30312
17091 30496
17091 31621
17091 34207
17092 34117
17093 33920
17093 34673
17093 35570
17093 36910
17093 39064
17094 17845
17094 29872
17095 20708
17095 37541
17096 17172
17096 19888
17096 32139
17097 18331
17097 18562
17097 24413
17098 29291
17098 34793
17098 35410
17099 23870
17100 27998
17100 29127
17102 29384
17105 21679
17105 29921
17105 39333
17106 20552
17106 32550
17107 31629
17107 33244
17107 38274
17108 27487
17108 30504
17109 18433
17109 31027
17109 36480
17110 25138
17111 20580
17111 22502
17111 25505
17111 34274
17112 22611
17112 34928
17113 21644
17113 35053
17114 17527
17114 17737
17115 19181
17115 19735
17115 21435
17115 38381
17116 17920
17116 22383
17116 29698
17117 22837
17117 37011
17117 37716
17118 18648
17118 19923
17118 24308
17118 32305
17118 36924
17119 28972
17120 26152
17120 39245
17121 20501
17121 24163
17121 35236
17121 36528
17121 38488
17122 19513
17122 23889
17122 23961
17122 35839
17123 27230
17123 29822
17125 33489
17125 36087
17125 38485
17126 34022
17127 34388
17129 24794
17130 17933
17130 18540
17130 39508
17131 24637
17131 27016
17131 30059
17131 34495
17132 21822
17133 33610
17134 23278
17134 27226
17135 38381
17136 39857
17137 20855
17137 36621
17138 19878
17138 21261
17138 33556
17139 31077
17139 36403
17140 20810
17140 26513
17140 29347
17140 30670
17140 35947
17141 34699
17142 39940
17143 33467
17144 23008
17145 33532
17146 21277
17146 39423
17146 39578
17147 22985
17147 37197
17148 20414
17148 32748
17149 18685
17149 39974
17150 18981
17152 24484
17152 26427
17152 28191
17152 33269
17153 17466
17153 20925
17153 25795
17153 28564
17154 19018
17154 34277
17155 22498
17155 24645
17155 26929
17155 30355
17156 28601
17156 29641
17156 34624
17157 19423
17157 20460
17157 23025
17158 19012
17158 20549
17158 26917
17159 25311
17159 25868
17159 31255
17159 38556
17160 24611
17160 35224
17161 19479
17161 30036
17162 18003
17162 38651
17162 38910
17163 32069
17164 21894
17164 31870
17164 36667
17165 18881
17165 20205
17166 26572
17166 29270
17167 34614
17167 37074
17168 17805
17168 26423
17168 34523
17169 35123
17170 24083
17170 34334
17171 29386
17171 36237
17172 23229
17172 34089
17172 36841
17172 38701
17173 25146
17173 27486
17173 35928
17174 24046
17174 28744
17174 31235
17174 31867
17174 36448
17175 21714
17175 31476
17175 32412
17175 38370
17176 36163
17176 36256
17177 25018
17177 37290
17178 38138
17179 25542
17179 30530
17180 17912
17180 26958
17181 24423
17181 25015
17181 28915
17181 33677
17182 19682
17183 27075
17183 32400
17183 38523
17184 17568
17184 30223
17184 34929
17185 18805
17185 25323
17185 28330
17186 19513
17186 23568
17186 26236
17186 36194
17187 17645
17187 21870
17188 28127
17189 25584
17189 35485
17189 38600
17190 25050
17190 27964
17191 34408
17193 23883
17194 17542
17194 20610
17194 25004
17194 25378
17194 27269
17195 18068
17195 19758
17196 35129
17198 31264
17199 23312
17199 23553
17199 23926
17199 25507
17199 26115
17199 34242
17200 26800
17200 32810
17200 39885
17201 21361
17201 28842
17201 33880
17201 35524
17202 17283
17202 18975
17202 21820
17202 26837
17202 34598
17202 35436
17202 35685
17203 19350
17203 21669
17203 38074
17204 30513
17204 31037
17204 31701
17204 32833
17204 34174
17204 39631
17205 20474
17208 17216
17209 29703
17210 35044
17211 25273
17211 38644
17212 18489
17212 31339
17212 32211
17212 33956
17214 25969
17214 29129
17214 29378
17214 30804
17215 19569
17215 28693
17216 28564
17216 31545
17217 18623
17218 31128
17218 36360
17219 21657
17219 29750
17219 31455
17219 37704
17219 38945
17221 21248
17221 28623
17221 29077
17221 38784
17222 17358
17222 29573
17223 30879
17224 17419
17224 19855
17224 20901
17224 22438
17224 30282
17224 36123
17224 37679
17224 38213
17226 18823
17226 27975
17226 38408
17227 20918
17227 34640
17228 38883
17229 26540
17230 37172
17231 20378
17231 22197
17231 22559
17231 30946
17231 31741
17232 17455
17232 32383
17232 34990
17232 38356
17232 39095
17233 38930
17234 18589
17235 25693
17236 17322
17236 24968
17236 26756
17238 27112
17239 22392
17239 31249
17239 31954
17239 38707
17240 25088
17240 30348
17240 35137
17241 24984
17241 30108
17241 37814
17242 17900
17242 18631
17243 36395
17244 29623
17244 34822
17245 27001
17245 38762
17246 18639
17246 34248
17247 32234
17248 19786
17248 26304
17248 31769
17249 25882
17251 21094
17252 38253
17253 29162
17254 27297
17254 31052
17254 31941
17254 33195
17255 35164
17256 23945
17257 17586
17257 22270
17257 27305
17257 34769
17258 30120
17259 29719
17259 37664
17260 26750
17260 36982
17261 22227
17261 30834
17263 31463
17264 25791
17264 35089
17265 35777
17265 36380
17265 38817
17266 21347
17266 23425
17266 36815
17267 27021
17267 31620
17268 38433
17269 20942
17269 23031
17269 39662
17270 18723
17270 19441
17270 22741
17271 31690
17272 22710
17272 24651
17272 25583
17272 27853
17273 22431
17273 24449
17273 24813
17273 30035
17274 21324
17275 25417
17276 23371
17276 34281
17276 38564
17277 37886
17277 38489
17279 18529
17279 18609
17279 22687
17279 26654
17279 27707
17279 31889
17280 34299
17281 23425
17281 27589
17281 34301
17281 35512
17282 20022
17282 23240
17282 37572
17283 24932
17283 37060
17283 39765
17284 18588
17284 34515
17284 37865
17284 39400
17285 30610
17285 39487
17286 20482
17286 21374
17286 29950
17288 18721
17288 36642
17288 38016
17291 24722
17292 27514
17292 32481
17292 36640
17292 39498
17293 19378
17293 20756
17293 21346
17293 29538
17293 31187
17293 33715
17293 35560
17294 29590
17294 34021
17294 34712
17294 37825
17295 21963
17295 27567
17295 38180
17296 34472
17297 19227
17297 20300
17297 34194
17298 17509
17298 21731
17299 28892
17299 31026
17300 20959
17300 22648
17300 34117
17301 17884
17301 26363
17302 20756
17302 27095
17302 29936
17302 36555
17303 18537
17303 29392
17304 22485
17304 34753
17305 25137
17305 31808
17306 21401
17306 29443
17306 38723
17306 39081
17307 18072
17307 19903
17307 26898
17307 31263
17307 39869
17308 25532
17308 29492
17308 30227
17309 26027
17309 30095
17310 19333
17311 23479
17311 32836
17312 22738
17312 28733
17313 38649
17314 19853
17314 20608
17314 29763
17315 19472
17315 35474
17316 39068
17319 33527
17320 37862
17322 31749
17322 34675
17322 37202
17323 32742
17323 39269
17324 28294
17325 18224
17325 28679
17326 17898
17326 21381
17326 37355
17326 38933
17328 18612
17328 20259
17328 36117
17329 33178
17329 39156
17330 25793
17331 36143
17332 18132
17332 19625
17333 20693
17333 32534
17334 37295
17335 27909
17336 20636
17337 32120
17338 36289
17339 18132
17339 33459
17340 19268
17340 24180
17340 26267
17341 37282
17342 20048
17342 24454
17342 29598
17343 19059
17343 26830
17343 28036
17343 33498
17343 39486
17344 22888
17344 23188
17344 24956
17344 39773
17345 32061
17345 33694
17346 20336
17347 26304
17348 31626
17348 35977
17348 38576
17348 38922
17349 31957
17349 34125
17350 27127
17350 37546
17351 19411
17351 26947
17352 17715
17352 26311
17353 28508
17353 37418
17354 36913
17355 27219
17355 35947
17356 21429
17356 24810
17356 34512
17357 20506
17357 31109
17357 36901
17357 39585
17358 21249
17358 28389
17358 32207
17358 32922
17359 22093
17359 33367
17359 33955
17360 19952
17360 32484
17361 24744
17363 23994
17363 28129
17363 28807
17363 34448
17365 27032
17365 29520
17366 20769
17367 28891
17367 35833
17367 38584
17368 31237
17369 19543
17369 27348
17370 20940
17370 32863
17371 28586
17372 25080
17372 32457
17372 33598
17372 39546
17373 19459
17373 37095
17374 18211
17374 28830
17375 36339
17375 36691
17375 37897
17376 21617
17376 26836
17376 29132
17376 36405
17377 27962
17377 39674
17378 19477
17378 34633
17378 38462
17379 27088
17380 18226
17380 19623
17380 34854
17381 18113
17381 25050
17382 32903
17383 19381
17383 19935
17383 33226
17383 39937
17386 21655
17386 23351
17387 21165
17387 37907
17387 39947
17388 25404
17388 31166
17389 17618
17389 19125
17389 20755
17389 25369
17389 34381
17390 31017
17390 37143
17391 17422
17393 20704
17393 38805
17394 26971
17394 39977
17396 20405
17396 29050
17397 20574
17397 27342
17397 29132
17398 26686
17398 35182
17399 30840
17399 34460
17400 36957
17400 37681
17400 38708
17401 29355
17401 39522
17402 22726
17402 33524
17403 18691
17403 20957
17403 21386
17403 34844
17403 38555
17403 39800
17404 18200
17404 24976
17404 27570
17404 30248
17404 33207
17404 34641
17404 38336
17405 27832
17405 37496
17407 35179
17408 31834
17408 35185
17408 36384
17409 28147
17410 20688
17410 27323
17410 32330
17411 30227
17411 34159
17412 20783
17412 22123
17412 29162
17412 38402
17413 21239
17414 21548
17414 31746
17414 38361
17414 39336
17416 17519
17416 25595
17416 28830
17416 34966
17417 30129
17417 33118
17418 30567
17419 27275
17419 32187
17420 19677
17420 22151
17420 24899
17421 20763
17422 19421
17422 32776
17422 35092
17422 36616
17424 25669
17424 28524
17425 19326
17425 23767
17425 27346
17425 29065
17425 30921
17426 20162
17427 24975
17428 17483
17428 36205
17428 37939
17429 18520
17429 32440
17430 18349
17430 21125
17430 24935
17430 33830
17430 34925
17431 22793
17431 30964
17431 39987
17432 18975
17432 23574
17432 25523
17432 28153
17432 28533
17432 34916
17433 19603
17433 19742
17433 21695
17433 25235
17433 25376
17435 19340
17435 23028
17435 23839
17435 24299
17435 30269
17436 20457
17436 24223
17436 24451
17436 27430
17436 30392
17436 30471
17436 32987
17439 20390
17439 26333
17439 30743
17439 35005
17439 39297
17440 24126
17440 29054
17440 35417
17441 29757
17441 33243
17442 21886
17442 24977
17442 28030
17442 31912
17442 32179
17443 24857
17443 30391
17444 19393
17444 29636
17444 31691
17444 34148
17445 19893
17445 36704
17445 38332
17446 25356
17446 35489
17447 19452
17447 25900
17447 38939
17449 19861
17449 30677
17449 33043
17449 38170
17449 38992
17450 18575
17451 24150
17452 31209
17452 33537
17452 39308
17453 18461
17454 23476
17454 28848
17454 34342
17455 22864
17455 24813
17455 30039
17456 24798
17458 18057
17458 28999
17458 36305
17458 37742
17459 28159
17461 20442
17461 22446
17463 24939
17463 32532
17463 36622
17463 39691
17464 26380
17464 30295
17464 33701
17464 35270
17465 37062
17466 23079
17466 25063
17466 32073
17467 17473
17467 21598
17467 35513
17468 20344
17468 24427
17469 24734
17469 35218
17470 35526
17471 26232
17471 28994
17472 19153
17472 19654
17472 22932
17472 25606
17472 33385
17473 20579
17473 25499
17473 29406
17473 32632
17474 19691
17474 22029
17474 26048
17474 26307
17474 32333
17475 18582
17475 23835
17475 29562
17475 31864
17476 18870
17476 29206
17476 37747
17477 17871
17477 21629
17477 28066
17477 39691
17478 17695
17478 34301
17479 37359
17479 37862
17481 24220
17481 38236
17482 38384
17483 22496
17484 25783
17484 35248
17485 20870
17485 23674
17486 21110
17486 28743
17487 30288
17487 34554
17488 22947
17488 35560
17490 21232
17490 22130
17490 38508
17491 23844
17491 24983
17491 33300
17491 36486
17493 26049
17493 36641
17494 19779
17494 25731
17494 39064
17496 18515
17496 23490
17496 39302
17497 22420
17497 23203
17497 39163
17498 26091
17499 21793
17499 23372
17499 25775
17500 21423
17500 23481
17500 23837
17500 24704
17500 26254
17500 30917
17500 36406
17501 26694
17503 20450
17503 34894
17504 17982
17504 24608
17505 18732
17505 33562
17505 37248
17506 17838
17506 18754
17506 24525
17506 29435
17507 19333
17507 23672
17507 26650
17507 33293
17508 23261
17508 31160
17509 26037
17509 33469
17511 27019
17511 27344
17511 29919
17511 30345
17511 39593
17512 18463
17513 19696
17513 23910
17514 18076
17514 25432
17514 31563
17515 32212
17516 37060
17516 37345
17517 29998
17517 30353
17518 31321
17518 38681
17519 23829
17520 20482
17520 22515
17520 24257
17520 32187
17520 32857
17520 34839
17521 20149
17521 23665
17522 17609
17522 25439
17522 35677
17523 20898
17523 28394
17524 17639
17524 19353
17524 22797
17524 24184
17524 24207
17525 39175
17526 18023
17527 35284
17527 39510
17528 20993
17528 28666
17529 26053
17529 27180
17529 30330
17530 31990
17530 32749
17531 31682
17532 24987
17532 25148
17533 33266
17533 39115
17534 19610
17535 22862
17535 23575
17535 28191
17535 39410
17536 24407
17536 31798
17537 29650
17539 20959
17539 22128
17539 26842
17540 17767
17540 21142
17540 32305
17540 35169
17541 22388
17542 34118
17543 17928
17543 17940
17543 22513
17543 24075
17544 22835
17544 23888
17544 25547
17544 28527
17544 33483
17545 20380
17545 29187
17545 32810
17545 35590
17546 23935
17546 29489
17547 17803
17547 22027
17547 36090
17548 23398
17549 20512
17549 35848
17551 27099
17551 30181
17551 34135
17552 21290
17552 27544
17552 30206
17553 23702
17554 31789
17555 33890
17555 35949
17556 19221
17556 27632
17556 30339
17557 20995
17557 26993
17557 27730
17557 34549
17557 38571
17558 26301
17558 31151
17559 27855
17559 29017
17560 20370
17560 31240
17561 18861
17561 19311
17561 37188
17561 37934
17563 28878
17563 29194
17563 34778
17564 22853
17564 26243
17565 21919
17566 28167
17566 30403
17566 32820
17567 20705
17567 25500
17568 25458
17568 35961
17569 28148
17569 29600
17572 24822
17572 30161
17572 37729
17573 19181
17573 31881
17573 33826
17573 35100
17574 37160
17575 20092
17577 25720
17578 22656
17578 32747
17579 25832
17579 33316
17580 36612
17580 37461
17580 38906
17581 18450
17581 25778
17582 23627
17582 25213
17582 30576
17584 21255
17585 18693
17585 24215
17585 25513
17585 26532
17585 36129
17587 21029
17587 39984
17588 19755
17588 32995
17588 37131
17589 30296
17589 34665
17589 35643
17590 31147
17591 27052
17591 29604
17591 35954
17592 25059
17593 18723
17593 28546
17593 31485
17593 31899
17594 22031
17594 22896
17594 25062
17594 25721
17594 32339
17594 35251
17595 29598
17595 31518
17596 37810
17597 29291
17598 39831
17599 25815
17599 26164
17599 26754
17599 29129
17599 29544
17599 37321
17600 30611
17600 30760
17600 35940
17600 39479
17601 24006
17601 36104
17602 24469
17602 32661
17603 19823
17603 23261
17604 22343
17604 26510
17604 35784
17604 37345
17604 37431
17605 20579
17606 31921
17607 26920
17608 19674
17608 26681
17609 28847
17609 39119
17610 18855
17610 36838
17612 21857
17612 22646
17612 25670
17612 33382
17612 33700
17612 35239
17613 27691
17614 18518
17614 20441
17614 23919
17614 26113
17614 34854
17615 21675
17616 24169
17616 35252
17616 36792
17617 20229
17617 26565
17617 28215
17617 31151
17618 24034
17618 24176
17618 34065
17618 39769
17619 23577
17619 26258
17620 37708
17621 18520
17621 25378
17621 26563
17621 28086
17623 29880
17623 33479
17623 37370
17625 28932
17626 35470
17627 19332
17627 24250
17627 24618
17627 24971
17627 38830
17628 27164
17628 39146
17629 26025
17629 30622
17630 25817
17631 25008
17631 38083
17631 39020
17632 19619
17632 19855
17632 31763
17632 31986
17632 36123
17633 17786
17633 22335
17633 26105
17633 29022
17633 36129
17634 20283
17634 21736
17634 24284
17635 31614
17635 32124
17636 23211
17636 23468
17637 26093
17637 39686
17638 23940
17638 29874
17639 37713
17640 29122
17640 36862
17641 30410
17643 17934
17643 28391
17643 32524
17643 39488
17644 37960
17645 32158
17646 24412
17646 36195
17647 18779
17647 31124
17647 34333
17647 34882
17647 38665
17648 19972
17648 33301
17648 35090
17649 20326
17649 39887
17651 37975
17652 19509
17652 27298
17652 37202
17652 38927
17652 39622
17653 21175
17653 21794
17654 26302
17654 29408
17655 20212
17655 30996
17657 18558
17657 31770
17657 38710
17658 24879
17658 25056
17658 36427
17659 19117
17660 22702
17660 26917
17660 30141
17660 32989
17661 37741
17662 31636
17663 34778
17663 36214
17664 24108
17664 27236
17664 30026
17664 31483
17664 38121
17665 18924
17665 20179
17665 20435
17665 29382
17665 36462
17665 37752
17666 26764
17666 27839
17666 29128
17666 32591
17667 29878
17668 25844
17668 38152
17669 32394
17670 19766
17670 20100
17670 22578
17670 30028
17670 33539
17670 38455
17671 35060
17672 19440
17673 24985
17673 36784
17673 37059
17674 19283
17674 19309
17674 19802
17674 34941
17675 18004
17675 24793
17675 33761
17676 19104
17676 28631
17677 32058
17677 37253
17678 18468
17678 30313
17679 25513
17679 39526
17680 30734
17680 38131
17681 18928
17682 29591
17682 31580
17683 37774
17683 38547
17684 20261
17684 21610
17684 26676
17684 32980
17685 31987
17687 21257
17688 21617
17688 31198
17689 25691
17690 19458
17690 21414
17690 22257
17690 27971
17690 35404
17690 35488
17690 38310
17691 20363
17691 23650
17691 32177
17692 25457
17693 20111
17693 26659
17693 32246
17694 21642
17695 39533
17696 21430
17696 23274
17696 26993
17697 39393
17698 33851
17699 25370
17699 31951
17701 29829
17701 35939
17703 18654
17703 31628
17705 21976
17705 37765
17706 22295
17706 28801
17706 32708
17706 36268
17708 25943
17708 26524
17708 36517
17709 17865
17709 23865
17709 38837
17710 28375
17711 24408
17711 31615
17712 27315
17712 35359
17713 26211
17713 27437
17714 19885
17714 27844
17714 37948
17715 39061
17716 20554
17716 25371
17717 20597
17717 27188
17717 27730
17718 35220
17719 38731
17719 39136
17720 21875
17720 28202
17720 31121
17720 39480
17721 18102
17721 36693
17721 38765
17723 22730
17723 22891
17723 24292
17723 25616
17724 28221
17725 21370
17725 33009
17725 34012
17727 19764
17727 33358
17728 35687
17729 19736
17729 24400
17730 18407
17730 19637
17730 20138
17730 20186
17730 26336
17732 28409
17732 34338
17732 37839
17733 33813
17734 18756
17734 23624
17734 27716
17734 28891
17735 20972
17735 24098
17736 22218
17736 25620
17737 23879
17737 31138
17737 33717
17738 18695
17738 26902
17739 27449
17739 32337
17739 34023
17740 22433
17740 26591
17740 28888
17740 30248
17740 37361
17741 34203
17742 18558
17742 23620
17742 38465
17743 25517
17743 29797
17746 24304
17746 39880
17747 18129
17747 20917
17747 24633
17747 28473
17747 28997
17748 19443
17748 35596
17749 26993
17749 38210
17750 25602
17750 30562
17750 34426
17751 28486
17751 36898
17752 18843
17753 27659
17753 30386
17753 35182
17754 23470
17756 18037
17757 32439
17758 25840
17759 29322
17759 33116
17759 36621
17760 30540
17760 32632
17761 25747
17761 31323
17761 38811
17762 18503
17762 21225
17762 26135
17762 29426
17762 39953
17763 39709
17764 30795
17764 33936
17764 36388
17765 20158
17765 22120
17765 27958
17765 29985
17765 37812
17766 19757
17766 24026
17767 35483
17769 20088
17769 37873
17770 27521
17770 30693
17770 34198
17770 37880
17771 29043
17772 21666
17772 28923
17774 33225
17774 39635
17777 20285
17777 28067
17778 20181
17778 30387
17778 39778
17780 19124
17780 25423
17780 37399
17781 19227
17781 26887
17781 31501
17782 19297
17782 32090
17783 31607
17783 37480
17783 38278
17784 21756
17784 36306
17785 19767
17785 27218
17785 33926
17786 37201
17787 19795
17787 19994
17787 20630
17787 30998
17787 38511
17788 22168
17789 18660
17789 31856
17790 35805
17790 39218
17791 19302
17791 24123
17791 31350
17793 22592
17794 28449
17794 28635
17794 33040
17794 35839
17794 37024
17794 37550
17795 21676
17795 26446
17796 29011
17796 31425
17797 27354
17799 18593
17799 30763
17799 34173
17800 18112
17800 21122
17800 22256
17800 31800
17800 33729
17801 23907
17801 24879
17801 31750
17801 38048
17802 24831
17802 28426
17802 32467
17802 34377
17802 36384
17803 37972
17804 28466
17805 21574
17805 30367
17806 22174
17806 22585
17806 27391
17806 38957
17806 39151
17808 17873
17808 31213
17809 21044
17809 35724
17810 29716
17810 36624
17811 19470
17811 25337
17812 27801
17812 33930
17812 34838
17813 28820
17813 30341
17814 18379
17814 21162
17814 24795
17814 26598
17814 32831
17814 33346
17815 29468
17815 30089
17816 24732
17816 32223
17816 35264
17816 37386
17817 25181
17817 39886
17818 28469
17819 29563
17820 37072
17821 31429
17821 39043
17823 21359
17823 31290
17823 36059
17823 37473
17824 24453
17825 19250
17825 19453
17825 38917
17826 25765
17826 27083
17827 34134
17828 19976
17828 25520
17828 39598
17830 30570
17830 35520
17832 24529
17833 23788
17833 31879
17833 34891
17833 36724
17834 21896
17834 23799
17835 19507
17835 21193
17836 35630
17836 39775
17837 21425
17837 31606
17837 31793
17838 39977
17839 38834
17840 21895
17840 23742
17841 21118
17841 23717
17841 27203
17841 35598
17844 24934
17844 37723
17844 39953
17845 28011
17845 29615
17845 31427
17846 28173
17847 24068
17848 36354
17849 24037
17849 28295
17850 26688
17850 28131
17850 30632
17850 30834
17850 31052
17850 35577
17850 35684
17850 39196
17851 18333
17851 22751
17851 37302
17854 21539
17854 29306
17854 37663
17855 31055
17855 34894
17856 24345
17856 28096
17857 29266
17857 29486
17858 23988
17858 29321
17858 36825
17859 22846
17859 26062
17860 25191
17860 37359
17861 25879
17861 27087
17861 31868
17861 36558
17862 35798
17863 19421
17863 31400
17864 27410
17864 35077
17864 37830
17864 38207
17864 39998
17865 29576
17865 31129
17866 36316
17867 18167
17867 32934
17867 33563
17868 18044
17868 35264
17869 20323
17869 25155
17869 35330
17869 36650
17869 38887
17870 21831
17870 28313
17871 24508
17871 24831
17872 18191
17872 35766
17873 20407
17873 21275
17873 30978
17873 31338
17873 38122
17874 25428
17874 27267
17874 33094
17875 25498
17875 29642
17876 22709
17877 32494
17878 25834
17878 30621
17878 33401
17878 39671
17879 22412
17880 20086
17881 19333
17881 20296
17881 32383
17881 37612
17881 39319
17882 25460
17882 29166
17882 30203
17882 38185
17882 38366
17883 19657
17883 28032
17886 18872
17886 23120
17886 35007
17886 36305
17888 24051
17888 39227
17889 33734
17889 33856
17890 19859
17890 23168
17890 33201
17890 39504
17891 27001
17891 33987
17891 37918
17892 25301
17892 33623
17893 26519
17893 37449
17894 31205
17895 30919
17896 38932
17897 35706
17897 35889
17899 18958
17899 26948
17900 20224
17900 30244
17900 33729
17903 20303
17903 21424
17903 29398
17903 30040
17904 26212
17904 26851
17904 30694
17904 31736
17905 27296
17906 26003
17906 28030
17906 39345
17907 22333
17907 32612
17908 37557
17909 32218
17910 20699
17910 22008
17910 34269
17911 18568
17911 23688
17911 26670
17912 19110
17912 40000
17913 18588
17913 18856
17913 20071
17913 22741
17913 25398
17914 28133
17914 35034
17915 27970
17915 39445
17916 29503
17917 20292
17917 32885
17918 22279
17918 35890
17919 22670
17919 26754
17919 27442
17919 32096
17919 35110
17920 18942
17920 21480
17920 25891
17920 36091
17922 35495
17923 21078
17923 23114
17924 27275
17924 36724
17925 21731
17925 23091
17926 29386
17927 20355
17927 28121
17927 29639
17927 39065
17927 39845
17928 23798
17929 38272
17930 35440
17930 38411
17931 20369
17931 23054
17931 28599
17932 20047
17932 28619
17933 22439
17933 23621
17934 19569
17934 27065
17935 20360
17935 33306
17936 21126
17936 21522
17936 29742
17936 35742
17936 38222
17937 22617
17937 24942
17937 28161
17937 29421
17937 38133
17938 18460
17938 37179
17941 25075
17941 28241
17941 38921
17942 31529
17943 28162
17943 29455
17943 38503
17944 19116
17944 19385
17944 22852
17945 32134
17945 36179
17945 36912
17946 23812
17946 23872
17946 28536
17946 30161
17947 19203
17947 26143
17947 32761
17948 23637
17949 39617
17950 27592
17952 22387
17953 33426
17953 36840
17953 37990
17955 22656
17956 39385
17957 22894
17957 36745
17958 20822
17958 24992
17958 28177
17958 31222
17959 18626
17959 38361
17961 24963
17961 37008
17961 37913
17962 30182
17964 21331
17964 29465
17964 38236
17964 39700
17965 27810
17965 30773
17965 32836
17966 28611
17967 23282
17968 27994
17968 39987
17969 22797
17969 29461
17969 34937
17970 24822
17971 23515
17971 36990
17972 26877
17972 37090
17972 39110
17973 34024
17974 28056
17974 31752
17974 32990
17974 36682
17974 38160
17974 39524
17975 22946
17975 32354
17975 32843
17975 33285
17976 20554
17977 27077
17978 24732
17978 27805
17978 28583
17979 36179
17980 22712
17980 34842
17981 23786
17982 29689
17982 34074
17984 27747
17984 28275
17985 19120
17985 23163
17985 30125
17985 30774
17986 21705
17986 39811
17987 19618
17987 36338
17987 37804
17988 18989
17988 30163
17988 30947
17988 33556
17988 36747
17989 36076
17990 18923
17991 31403
17991 32598
17992 39052
17993 33422
17993 35231
17994 20318
17994 26312
17996 19754
17996 25728
17996 36398
17997 22970
17997 27234
17997 37148
17998 25067
17998 26660
17998 32126
17999 18972
17999 32565
17999 33823
18000 19729
18000 26036
18000 29338
18001 24609
18001 37182
18002 23041
18002 24960
18002 25727
18003 20161
18003 22908
18003 23338
18003 24435
18003 26352
18004 29643
18004 37209
18006 30744
18007 18646
18007 29159
18007 36382
18008 21022
18009 18298
18009 19725
18009 30674
18010 33188
18011 18159
18011 28246
18011 34150
18011 39165
18013 38623
18014 25869
18014 31585
18014 31914
18015 36054
18016 20989
18016 37207
18017 28803
18017 30968
18017 32468
18018 22576
18018 25208
18019 21637
18019 23238
18019 35333
18019 39485
18020 19713
18020 31446
18020 38221
18021 34479
18021 34790
18021 38756
18022 26295
18023 19798
18023 29971
18023 30031
18023 32832
18024 21060
18024 24753
18024 28441
18024 31166
18024 31276
18026 23014
18026 23143
18027 28511
18028 39001
18029 21970
18029 30209
18029 37717
18030 34155
18031 30515
18031 33993
18031 39233
18032 26862
18032 31573
18033 23274
18033 27343
18034 22935
18034 29731
18035 18149
18035 20667
18035 37521
18035 38261
18036 27454
18036 28367
18037 24504
18037 33112
18037 34429
18038 19845
18038 24724
18039 25061
18039 37878
18040 26869
18040 35570
18041 26017
18041 26977
18041 34058
18041 38937
18042 25896
18044 19614
18044 35357
18044 35946
18044 36189
18045 24962
18046 19135
18046 28587
18046 29914
18047 25227
18048 18876
18048 29601
18048 34801
18048 34888
18048 36605
18049 24900
18049 27889
18049 35333
18049 39249
18050 21558
18050 32664
18050 38804
18052 23019
18052 33606
18053 32583
18054 29662
18054 30999
18054 35850
18054 36309
18056 19461
18056 21307
18056 23884
18056 36284
18057 28766
18058 23428
18059 28589
18059 38370
18060 22520
18060 24659
18060 31132
18060 34349
18061 21180
18061 38887
18062 20222
18062 22921
18062 27797
18062 31769
18062 34053
18063 26827
18064 21231
18064 30583
18064 37771
18065 22898
18065 25712
18065 28451
18065 31639
18066 20165
18066 31853
18066 37031
18066 39765
18067 18131
18067 24970
18067 26319
18067 34032
18068 21212
18068 35163
18068 35490
18068 37707
18069 18470
18069 22533
18069 35834
18070 26920
18070 29836
18070 32782
18070 35141
18070 37515
18072 20401
18072 34746
18073 21630
18073 30778
18073 32419
18073 33764
18073 39114
18074 19222
18074 30911
18074 32398
18074 34519
18074 37056
18077 26392
18078 18766
18078 19615
18078 19757
18078 35676
18079 23452
18079 32623
18079 35384
18081 20872
18081 32828
18082 30597
18082 32289
18082 37538
18083 18660
18083 23109
18083 31932
18083 32409
18083 35604
18084 23064
18084 31281
18084 33340
18084 36047
18084 36282
18084 37329
18085 20447
18085 39370
18086 21985
18087 31834
18087 33463
18087 39537
18088 22733
18088 37467
18089 24355
18090 27894
18090 33158
18091 23742
18091 38395
18092 24435
18092 36493
18094 23207
18094 25509
18095 18392
18095 19704
18095 21587
18095 28295
18095 33442
18096 19020
18096 32415
18097 29898
18097 30286
18097 34343
18098 25110
18098 31799
18099 22757
18099 31722
18099 32216
18100 21924
18100 22152
18101 19102
18101 39808
18102 18476
18102 31503
18103 39437
18104 20885
18104 23594
18105 21219
18105 31573
18105 37679
18106 30572
18106 39761
18107 34014
18108 20159
18108 22939
18108 25641
18108 26731
18108 27083
18108 33380
18108 33540
18109 22675
18109 30866
18109 31577
18110 22375
18110 24393
18110 26123
18110 31202
18110 32619
18111 20900
18111 36368
18112 28980
18113 20660
18115 20539
18115 27271
18115 29600
18115 30502
18115 34258
18116 25943
18116 31155
18116 36283
18117 19053
18117 25407
18118 26915
18118 28044
18119 38600
18119 39250
18121 28916
18121 28986
18122 20952
18123 23915
18123 26226
18125 23830
18125 27517
18126 28609
18126 30593
18126 32633
18126 34697
18127 20480
18127 36190
18128 38372
18128 38447
18128 39034
18128 39389
18129 24530
18129 25783
18129 26160
18130 34554
18132 18179
18133 33423
18134 26170
18134 29385
18134 29433
18134 33784
18134 35234
18134 37536
18135 27196
18135 31135
18136 18414
18136 18700
18138 26000
18138 28201
18138 29229
18138 39322
18139 33038
18140 19751
18140 35719
18141 32144
18142 35534
18142 37240
18142 37633
18143 21170
18143 26175
18143 38242
18143 39326
18144 22111
18144 23499
18144 29552
18144 38080
18145 19707
18146 21578
18147 21594
18147 22986
18147 24971
18147 26975
18147 31281
18147 33799
18147 34090
18147 38727
18148 19895
18148 24093
18148 32742
18148 35672
18148 35989
18148 36326
18149 39958
18150 21880
18151 25416
18151 36983
18151 37966
18152 35436
18152 35486
18153 38198
18154 22128
18155 34576
18155 39987
18156 20388
18156 25759
18156 34602
18157 34811
18157 36427
18158 23754
18158 33670
18159 18260
18160 35044
18161 19401
18161 31678
18161 35290
18162 32254
18163 22891
18163 28056
18163 29492
18164 22101
18164 27452
18165 22900
18165 34158
18167 36160
18168 21859
18168 24450
18168 29320
18169 24447
18169 24918
18169 37560
18170 21460
18170 22845
18170 26813
18170 27692
18171 28915
18171 36671
18172 39241
18173 19772
18173 23423
18173 30519
18174 29753
18174 29777
18174 32425
18174 38305
18176 25326
18177 20326
18177 23589
18177 30428
18177 31456
18177 34705
18177 38542
18178 23759
18178 23979
18178 30804
18179 25292
18180 29466
18180 37534
18181 24703
18182 23407
18182 24518
18182 28351
18182 32061
18183 22395
18183 39848
18184 25472
18184 28231
18184 28720
18184 29273
18184 29464
18184 37509
18185 34771
18185 35350
18185 37083
18186 36150
18187 22294
18187 24919
18187 25523
18187 27053
18187 30151
18187 36334
18187 38682
18189 23716
18189 30374
18189 30881
18189 34721
18189 39984
18191 20478
18191 30719
18192 31136
18193 31078
18193 32338
18194 20313
18194 20398
18194 29205
18194 31911
18194 39890
18195 36562
18195 37545
18196 36314
18196 38518
18196 38952
18197 19174
18198 28496
18198 38585
18199 22051
18199 36659
18200 20845
18200 21142
18200 32835
18200 35019
18201 26492
18201 36153
18202 30350
18203 21067
18203 26240
18204 29197
18204 33826
18205 37274
18205 39975
18206 28437
18206 34830
18207 30829
18207 37419
18207 39130
18207 39235
18209 21666
18209 35630
18210 24966
18210 25219
18210 27872
18212 24267
18213 18642
18213 31277
18213 39992
18214 28265
18215 39664
18216 18576
18216 28616
18216 39413
18218 30920
18218 35871
18219 19918
18219 37539
18219 37662
18220 19728
18221 26463
18221 27980
18221 28905
18222 27079
18223 19971
18223 20464
18223 28273
18223 32431
18224 21867
18224 30331
18225 24468
18225 27549
18226 24009
18226 34078
18226 38173
18228 29834
18228 34462
18228 38160
18229 26747
18231 30233
18232 20830
18232 30959
18232 38046
18234 25413
18236 24770
18236 37310
18237 26548
18237 27289
18238 30724
18238 31800
18238 39322
18239 27217
18240 21850
18240 28032
18240 36958
18240 38223
18241 20125
18241 23793
18241 26586
18241 26769
18242 29069
18242 31735
18242 33764
18242 37694
18243 26373
18244 27998
18244 28241
18244 37031
18245 23708
18245 30899
18247 19415
18247 21460
18248 21750
18248 29057
18248 30342
18248 36488
18248 38626
18249 32702
18249 35936
18251 28044
18251 28908
18251 31833
18252 21440
18252 24605
18252 31031
18252 39181
18253 36563
18253 37341
18253 39938
18254 18460
18254 18943
18254 38341
18255 33743
18255 35967
18256 36049
18256 38684
18256 39096
18256 39608
18257 26680
18258 23409
18258 27330
18258 34547
18260 20187
18260 20223
18260 20361
18260 23501
18261 31513
18261 39474
18262 27029
18263 25126
18263 32529
18263 35954
18263 37317
18264 22212
18264 29884
18265 26486
18265 29231
18265 29303
18265 33253
18266 36270
18266 37408
18267 18941
18267 22604
18267 26520
18267 28216
18267 28384
18267 31104
18267 34324
18267 34907
18268 27269
18269 22386
18269 38162
18270 27900
18270 34361
18270 35241
18271 20083
18271 21578
18271 27479
18271 32327
18272 30828
18273 19439
18273 22744
18273 23191
18273 36864
18274 20559
18275 21093
18275 30206
18275 30539
18276 36038
18277 22735
18278 23940
18279 20882
18279 26184
18279 29898
18279 31119
18279 39686
18280 28759
18281 26941
18281 32720
18282 30665
18283 20868
18283 25427
18286 24604
18286 36836
18287 31548
18289 29517
18290 21273
18290 24958
18290 27267
18291 19005
18291 29874
18291 33541
18292 30661
18292 30692
18293 22139
18295 30596
18295 38939
18296 22007
18296 28811
18296 29367
18297 20904
18297 28095
18298 19927
18298 28043
18298 34169
18298 38551
18299 25002
18299 28325
18300 25241
18300 27614
18300 28786
18301 34586
18302 18920
18302 20715
18303 31258
18305 26181
18306 23582
18306 28843
18307 23526
18308 19204
18308 19343
18308 20999
18308 39834
18309 20446
18309 24881
18309 29591
18309 32089
18310 24249
18310 34470
18310 35835
18311 18892
18311 32621
18312 18488
18312 22738
18312 33266
18312 33632
18313 18514
18313 25054
18313 31660
18314 28489
18314 29478
18315 27335
18315 30332
18316 31106
18317 20616
18317 22486
18317 28478
18317 33107
18317 36630
18318 27652
18319 35291
18319 39045
18320 22375
18320 27131
18320 30736
18321 24828
18323 32616
18323 37687
18323 39279
18324 33626
18325 22748
18325 34716
18325 36969
18326 22001
18327 19350
18327 23653
18327 33261
18327 38705
18329 27542
18329 28681
18329 39717
18331 33536
18332 24393
18332 36139
18333 23265
18333 25198
18333 33676
18334 18516
18334 18893
18334 18960
18335 30007
18335 31945
18335 34647
18336 18422
18336 25447
18336 29789
18338 21669
18338 37712
18339 25410
18339 29206
18339 30035
18339 37037
18340 30326
18341 37306
18342 21781
18342 24516
18342 39154
18343 19854
18343 31812
18344 28080
18344 28378
18344 31678
18344 36072
18345 35620
18346 21582
18348 18494
18348 22417
18349 20876
18350 19916
18350 23538
18350 23751
18350 39305
18351 22208
18351 27189
18351 29699
18351 34216
18351 35761
18352 37784
18353 29996
18354 19241
18354 28529
18355 30952
18356 39228
18357 24017
18357 27748
18357 27863
18357 29229
18357 30068
18358 18982
18358 20154
18358 22679
18359 19905
18359 24249
18359 32532
18359 38819
18361 20768
18361 25052
18361 38177
18362 24968
18362 25068
18362 28565
18362 35777
18363 20106
18363 26529
18363 36021
18364 20914
18365 28385
18367 29661
18367 36707
18368 27531
18370 24691
18370 26453
18370 27592
18370 32785
18371 19857
18371 36308
18371 37517
18373 31682
18373 33344
18373 36083
18374 22443
18374 23499
18374 37751
18375 18814
18375 37972
18376 24637
18378 22699
18378 24439
18379 25895
18379 27966
18380 18742
18380 34161
18380 34608
18380 38298
18381 24899
18381 31908
18381 33569
18382 18929
18382 26788
18382 28029
18382 30642
18383 35070
18384 31179
18386 29004
18386 31851
18386 32221
18388 29701
18389 22208
18389 23578
18390 25069
18390 35717
18390 38794
18392 18688
18392 19100
18392 19259
18392 39626
18394 20869
18394 23189
18395 28320
18395 30804
18396 20424
18396 23286
18396 29946
18396 30864
18396 31580
18397 20670
18397 22540
18397 24587
18397 36353
18399 20666
18399 21644
18399 24693
18400 19043
18400 23909
18401 28036
18401 35387
18402 22507
18402 25555
18402 26888
18402 37584
18403 33710
18404 29906
18404 30870
18405 21290
18405 22137
18405 36027
18406 24721
18407 38483
18408 22165
18408 25960
18409 22252
18409 30330
18409 35430
18409 37322
18410 33219
18410 38574
18411 22889
18412 18975
18413 24337
18413 35359
18414 23188
18415 37659
18416 24806
18416 30794
18416 36796
18417 18482
18417 21998
18417 30217
18417 37250
18419 20398
18420 30472
18420 30718
18420 31810
18421 21253
18421 36483
18422 28970
18422 34900
18422 36657
18422 38358
18423 26109
18423 28039
18423 35055
18424 25158
18424 31564
18425 28677
18425 28918
18425 31106
18425 32361
18426 21743
18426 30269
18426 36577
18428 28619
18428 34759
18429 23412
18429 24449
18429 32578
18430 22477
18431 21138
18431 28884
18432 20462
18432 20698
18433 21289
18434 20705
18434 22570
18435 18689
18435 19463
18435 26799
18435 28461
18435 28665
18436 30120
18437 24787
18437 25465
18438 23708
18438 32217
18438 36418
18439 24514
18439 34074
18441 35691
18441 36364
18442 20335
18442 27484
18444 20698
18445 26551
18445 30532
18446 21285
18446 23283
18446 28741
18446 33869
18446 36905
18447 33172
18447 33502
18449 27501
18450 21942
18450 25614
18450 37268
18450 39476
18451 25395
18451 39183
18452 32238
18453 22859
18453 37602
18453 38746
18455 19567
18455 28130
18455 35660
18456 24985
18456 25554
18457 28599
18457 29253
18457 29552
18457 37519
18458 26209
18460 20023
18460 22092
18460 34370
18461 22064
18462 28499
18462 31855
18463 28155
18463 35620
18464 32747
18465 37139
18466 33797
18466 36831
18467 21402
18467 21485
18467 27125
18467 32249
18469 19238
18469 27993
18469 32640
18471 24039
18471 25179
18471 34540
18472 31696
18473 20627
18473 31629
18473 36826
18474 26046
18474 26300
18474 28225
18474 30722
18474 34190
18475 21824
18475 31693
18475 35248
18476 29281
18476 37528
18477 25587
18477 30568
18478 18626
18478 19566
18478 25835
18478 26495
18478 29547
18478 30984
18478 39455
18479 26031
18479 39666
18480 19162
18480 27381
18480 32290
18481 21340
18481 25873
18481 26024
18481 28203
18481 30914
18482 24519
18482 27329
18482 28359
18482 33766
18483 28844
18484 25691
18484 31851
18484 36983
18486 29901
18487 26230
18487 36125
18487 38653
18488 37683
18489 34539
18490 18527
18490 27608
18491 20397
18491 25133
18492 25330
18492 37152
18492 38411
18493 19346
18493 26182
18493 30320
18494 32453
18495 21379
18495 28111
18495 33086
18496 25453
18496 37608
18497 34605
18497 35174
18497 36758
18497 39369
18498 24224
18498 39672
18499 20171
18499 30654
18499 33390
18499 34850
18499 38399
18500 29728
18500 34049
18501 21633
18501 26728
18501 32239
18501 36009
18502 24611
18502 27184
18502 28601
18503 21556
18503 25718
18503 29071
18503 35800
18503 36505
18504 28847
18504 30619
18504 33273
18505 19892
18506 22889
18506 29536
18507 22204
18507 28633
18508 18832
18508 20595
18508 24347
18508 28771
18509 26908
18509 37375
18510 36117
18510 38876
18511 35589
18512 22491
18512 26804
18512 38883
18513 22992
18514 20160
18514 24759
18514 37980
18518 29517
18519 27249
18520 22405
18520 35274
18521 35599
18522 26374
18523 19767
18523 29328
18523 33081
18525 28494
18526 20383
18526 21985
18526 26889
18527 21289
18527 30225
18527 32842
18527 34333
18528 20464
18528 27551
18529 21358
18529 22207
18529 27942
18529 36994
18530 19628
18530 20658
18530 23254
18531 24361
18531 38669
18532 21015
18532 26375
18532 39705
18533 19895
18533 28952
18533 37938
18533 38710
18534 21221
18534 31885
18534 32582
18534 39392
18535 23725
18535 27447
18535 38128
18536 38126
18537 26922
18537 30767
18538 18693
18538 29913
18538 36600
18539 38647
18540 21303
18541 33293
18542 28337
18542 31162
18544 29332
18545 31597
18546 24369
18546 26190
18546 27531
18546 28538
18546 29018
18546 30309
18547 25382
18547 31338
18547 32027
18547 34128
18548 32519
18549 33254
18549 34317
18550 26301
18550 27485
18550 28688
18551 25118
18551 35759
18551 36604
18552 27747
18552 36394
18553 26429
18553 34489
18553 35826
18553 36576
18553 38285
18554 19095
18554 29914
18554 30575
18556 23665
18557 20781
18557 24164
18557 32934
18558 21834
18558 22600
18558 23871
18558 32978
18558 34076
18558 37776
18559 23073
18559 27171
18559 33175
18560 21611
18561 28517
18561 29244
18561 36776
18562 23881
18562 36629
18564 25030
18564 34746
18565 21003
18565 22675
18565 27116
18565 29167
18566 32192
18567 18604
18567 34928
18567 37471
18569 19605
18569 31966
18570 30425
18570 30697
18571 21555
18572 27618
18572 30270
18573 25370
18573 32881
18574 20953
18574 26049
18574 28069
18575 20361
18575 24748
18575 34562
18575 35153
18576 26150
18576 32135
18576 35215
18577 22560
18578 26901
18578 27592
18579 18733
18579 22646
18579 25695
18580 35785
18580 39125
18581 21748
18581 33029
18581 37811
18582 21018
18583 27290
18583 32104
18584 21765
18584 28884
18584 33358
18584 37599
18585 24796
18585 31572
18585 37607
18586 21403
18586 21984
18586 23791
18586 25595
18586 28990
18587 21351
18587 23560
18587 28702
18587 33290
18588 19097
18588 20938
18588 23843
18588 25770
18588 25938
18588 34650
18589 31012
18589 35783
18591 21802
18592 20090
18592 23349
18592 30239
18594 39937
18595 22271
18595 27015
18595 30018
18596 20711
18596 34046
18597 25239
18597 39983
18598 31559
18599 28608
18601 27165
18601 33014
18601 38479
18602 21042
18602 26039
18602 39952
18603 19174
18603 36632
18603 38136
18603 38698
18604 32151
18604 32153
18604 33630
18605 20593
18605 21398
18605 25068
18605 32075
18605 32241
18605 37484
18605 37945
18605 38729
18607 28294
18607 32689
18608 24026
18608 37685
18609 19204
18610 23273
18610 32662
18610 38489
18611 22388
18611 29714
18611 31176
18611 38492
18612 20015
18613 36444
18613 38692
18614 37548
18615 20591
18615 28067
18616 35505
18616 35979
18617 19170
18617 20900
18617 27627
18617 37425
18618 27602
18618 36301
18619 36443
18619 38970
18619 39592
18620 19513
18620 38650
18621 31876
18621 34056
18622 23731
18622 26450
18622 26480
18622 36466
18623 19967
18623 27932
18624 19667
18624 22610
18624 37496
18625 18722
18625 27078
18625 30809
18627 21311
18627 24415
18627 27907
18627 36034
18627 39199
18628 26399
18629 22868
18629 31502
18629 32911
18630 21913
18630 22169
18630 33890
18631 23348
18631 32219
18631 32256
18631 33064
18632 20532
18632 22016
18632 31056
18632 35217
18632 37504
18634 23500
18635 24650
18635 25009
18635 25023
18636 18888
18636 22709
18636 23055
18636 28061
18636 29573
18637 32071
18638 25200
18638 34215
18640 30114
18641 34173
18642 27433
18643 19635
18643 22724
18643 24213
18644 25418
18644 33172
18644 37126
18645 25870
18645 32497
18646 24695
18647 36448
18647 39493
18648 22597
18648 37787
18648 38055
18648 39069
18649 23418
18649 24681
18649 31429
18650 23007
18650 24065
18650 24092
18650 28956
18650 34475
18651 28749
18652 30487
18653 23898
18653 37873
18654 33005
18654 36130
18655 30649
18655 32619
18655 34184
18655 34933
18656 21174
18656 29508
18656 30059
18657 19773
18658 39123
18659 18867
18659 30023
18659 30366
18659 31350
18659 36467
18660 32571
18661 27231
18662 29669
18662 29948
18663 24733
18663 33566
18664 38384
18665 27591
18666 19243
18666 33797
18666 33950
18666 35322
18667 36954
18669 23504
18669 27820
18669 29981
18669 30993
18670 37034
18671 21812
18671 22666
18671 27704
18672 20087
18673 31799
18673 34672
18673 36465
18673 38375
18674 27447
18674 27960
18676 29307
18677 23563
18677 32945
18678 28661
18678 29138
18678 30268
18678 35717
18678 37834
18679 32850
18679 32938
18680 26880
18680 27520
18680 31384
18681 20261
18681 22668
18681 27184
18681 28478
18681 34826
18681 38280
18682 35144
18682 35886
18683 26516
18684 33758
18684 34056
18685 21051
18685 21308
18685 25146
18685 32299
18686 24213
18686 26381
18686 28646
18687 27579
18687 29565
18688 20398
18688 37857
18688 38359
18689 24199
18689 33677
18691 24283
18691 35000
18692 24104
18692 26509
18692 27376
18692 28388
18692 36649
18693 32537
18693 35342
18694 22305
18694 29337
18694 31548
18695 29820
18695 36713
18696 31484
18697 18744
18697 25821
18698 28407
18698 30339
18698 39845
18699 20294
18699 23442
18699 29712
18699 35048
18699 36950
18699 37321
18700 19979
18700 24307
18701 21417
18701 29233
18701 30450
18701 30593
18702 23053
18702 32327
18702 32953
18702 33323
18703 18982
18703 26608
18703 29136
18703 30671
18704 22425
18704 24861
18704 26246
18704 37369
18705 22646
18705 30171
18705 31212
18705 37958
18706 39819
18707 30908
18707 33939
18707 37223
18707 39552
18708 24264
18708 26314
18708 26541
18708 30565
18709 24261
18709 26669
18710 25442
18710 31462
18711 19002
18711 25407
18711 37251
18713 26728
18714 26938
18714 30687
18715 28520
18715 29023
18715 35572
18716 31760
18717 31471
18717 31938
18718 20021
18718 20169
18718 37090
18719 35817
18719 36393
18720 26612
18721 21239
18721 32971
18721 34879
18724 22721
18724 24684
18724 38917
18724 39041
18724 39527
18725 31298
18726 22990
18727 22568
18727 27048
18727 28075
18729 24152
18729 25581
18729 28030
18731 25921
18731 27291
18731 27710
18731 35123
18732 26008
18732 28672
18733 26490
18733 32038
18733 34891
18734 24019
18734 24280
18734 33004
18734 37994
18735 32525
18735 39599
18736 18744
18737 21558
18737 36178
18738 31038
18738 36439
18740 19577
18740 33249
18741 23393
18741 23693
18743 20416
18743 30289
18743 31625
18743 31991
18743 38653
18744 19035
18744 24709
18746 19162
18747 20561
18747 30582
18748 25452
18748 30074
18748 34075
18749 38000
18750 22904
18750 29362
18750 32709
18750 37133
18751 22739
18751 28856
18751 29656
18751 39200
18752 21926
18753 26354
18753 37424
18754 20959
18754 35379
18755 21662
18756 23287
18756 25059
18756 30087
18756 34687
18757 38558
18757 39603
18758 20740
18758 29957
18759 30888
18759 34084
18759 35063
18760 22295
18760 27061
18760 34437
18761 25942
18762 25908
18762 36074
18763 23002
18763 30691
18763 31689
18764 34811
18765 19957
18765 29447
18765 32636
18765 35883
18766 24797
18766 25437
18766 28241
18766 29077
18766 37589
18768 31013
18769 19611
18769 33933
18770 21609
18771 20520
18772 26800
18773 22273
18774 36299
18775 23693
18776 25939
18776 36047
18777 25539
18777 26174
18777 33940
18778 22712
18778 35429
18778 39053
18779 20144
18779 32105
18779 34549
18780 19448
18780 21163
18781 20759
18781 34999
18781 38342
18783 20317
18783 34415
18783 37140
18783 37431
18783 39861
18784 23025
18785 31234
18785 33933
18785 34563
18786 30210
18786 32301
18787 20405
18788 26410
18788 31297
18789 22287
18789 35329
18789 38290
18791 19738
18791 35467
18792 36871
18793 23532
18793 25318
18793 28314
18793 30526
18793 31976
18796 18974
18796 23917
18796 27281
18796 32735
18797 27492
18797 29499
18797 39770
18798 31793
18798 37420
18799 18942
18799 32429
18799 39484
18800 23577
18800 26386
18800 31402
18800 34186
18801 35020
18801 39240
18802 33654
18802 36607
18803 28222
18803 31435
18803 39471
18804 28447
18804 37253
18805 18938
18805 21267
18805 22089
18806 36945
18807 18921
18807 39815
18808 19846
18809 20366
18810 39044
18811 19595
18811 27739
18812 35358
18812 35944
18812 36822
18812 39768
18813 22619
18813 38803
18814 24074
18814 30948
18814 31384
18814 37185
18814 37648
18815 37943
18816 29154
18816 35339
18816 38046
18817 19473
18817 24510
18817 31563
18818 26829
18818 37376
18819 21372
18819 38815
18820 20002
18820 23898
18821 32720
18821 38613
18822 23642
18822 35448
18823 29186
18823 29239
18823 36023
18824 35548
18824 38387
18825 19666
18825 31188
18825 35211
18826 22646
18826 37707
18827 22634
18827 30449
18828 20371
18828 22946
18828 24167
18829 26929
18829 27271
18829 33145
18830 20512
18830 27993
18830 28842
18830 31472
18830 35400
18830 36947
18831 27718
18831 34305
18832 29120
18832 36795
18833 20771
18833 29261
18833 34529
18834 26636
18834 31055
18835 29236
18835 32626
18835 34661
18835 35807
18836 29313
18836 33015
18837 38023
18838 21264
18838 28961
18840 28957
18840 32162
18841 27628
18841 33431
18841 38179
18842 23749
18842 24363
18843 21796
18843 29299
18843 30122
18843 33318
18843 34000
18844 31386
18844 32559
18845 24251
18845 39197
18846 31836
18846 34463
18846 37210
18847 20590
18847 29146
18847 34673
18849 31253
18850 21203
18852 21388
18852 24512
18852 36937
18853 29824
18853 30518
18853 35388
18854 33375
18854 35236
18855 22748
18855 37182
18855 38853
18856 19372
18858 29027
18859 31098
18860 21658
18860 39736
18861 23960
18861 31944
18861 35342
18861 36424
18861 39482
18862 24961
18862 38277
18863 27270
18864 24449
18864 24855
18865 28738
18865 37515
18866 37802
18866 39544
18866 39971
18867 24267
18867 29076
18867 32771
18867 38873
18868 34161
18868 37480
18869 20813
18869 29102
18870 28281
18870 39309
18871 27968
18871 29439
18871 36596
18872 30963
18872 33518
18872 35197
18872 36176
18873 19829
18873 26026
18873 27455
18873 29004
18875 20686
18875 21366
18875 25411
18875 26341
18875 29483
18875 30884
18876 29528
18876 35864
18876 37327
18876 38965
18878 28304
18879 35895
18880 39467
18881 21535
18881 26968
18881 28459
18881 30707
18881 30952
18882 23278
18883 23291
18884 25494
18884 28402
18884 31673
18885 32328
18885 35286
18885 36593
18886 28364
18886 30756
18886 35651
18886 36936
18887 22967
18887 35385
18888 19146
18888 32126
18889 28701
18889 38835
18890 21349
18890 21539
18890 23551
18890 26105
18890 30811
18890 37200
18891 29840
18891 30317
18891 38665
18892 22918
18894 22960
18894 33006
18894 36374
18894 37658
18895 21111
18895 35661
18895 39128
18896 23566
18896 30182
18896 33985
18896 38457
18897 22643
18897 26372
18897 31381
18897 34502
18898 20790
18898 21718
18898 22003
18898 23513
18899 26540
18900 26775
18900 27279
18900 28226
18900 29318
18900 29581
18900 33039
18900 34553
18901 37967
18902 28130
18902 38068
18903 30323
18903 33392
18903 33627
18904 21154
18905 22162
18905 26779
18906 28620
18906 29110
18907 27784
18907 30912
18907 39882
18908 29414
18908 37304
18909 27660
18909 35769
18909 35853
18910 34714
18911 18953
18911 23574
18911 38602
18912 22221
18912 28815
18913 20381
18913 23110
18913 36397
18915 33037
18915 35292
18916 22159
18916 32235
18916 36963
18916 37449
18919 34063
18920 20337
18920 38182
18920 39099
18922 25219
18923 29893
18923 38880
18925 37969
18926 36512
18927 19832
18927 24980
18927 32883
18928 22672
18928 23538
18928 25879
18928 34288
18929 20527
18929 22126
18930 21486
18931 30993
18931 34731
18932 23705
18932 28977
18932 29886
18932 31581
18932 35298
18932 36231
18933 36114
18935 20704
18935 26015
18935 36728
18935 39214
18936 38705
18936 39448
18937 35856
18938 26558
18939 26028
18939 35515
18939 37492
18940 21299
18940 26334
18940 31790
18940 39700
18941 23014
18941 26579
18942 22128
18942 31006
18942 34106
18942 38191
18943 20503
18943 39628
18945 19455
18945 22692
18946 22031
18946 23826
18946 29752
18946 30512
18948 26148
18948 28799
18948 31773
18948 34992
18950 30004
18951 26153
18951 33379
18952 27356
18952 32688
18952 36515
18953 28149
18954 32668
18954 38471
18956 19330
18956 25469
18956 26915
18956 37654
18957 22527
18957 31774
18957 32651
18957 39906
18959 23920
18960 34213
18961 25310
18961 28035
18962 20744
18962 21742
18963 20663
18963 20951
18963 28738
18963 31437
18964 20756
18964 22108
18964 23517
18965 26080
18966 29164
18966 34291
18966 35285
18966 36291
18966 38174
18967 27009
18968 27967
18969 19721
18969 29528
18970 36010
18970 36018
18970 38115
18971 33690
18972 20950
18972 22019
18972 27110
18972 31045
18972 39797
18973 22686
18973 36456
18974 20446
18974 35798
18974 36624
18975 28891
18975 32428
18976 22105
18976 30732
18976 34922
18976 35202
18976 36502
18977 19619
18977 22486
18977 35495
18978 21617
18978 22339
18978 28875
18978 28891
18978 39677
18979 19401
18979 36769
18979 37920
18980 33775
18981 27771
18982 20326
18982 30190
18982 31894
18982 32629
18983 28028
18984 27398
18984 36088
18985 27018
18985 29660
18985 33414
18985 35820
18986 26359
18986 34366
18987 33644
18989 26484
18989 36616
18990 32725
18991 19512
18991 26158
18991 27970
18991 31335
18993 21818
18993 23623
18993 24482
18993 26043
18994 25913
18994 25923
18995 37921
18996 39320
18997 29374
18997 35787
18997 37823
18998 21561
18998 25546
18998 27851
18998 32698
18998 35343
18999 29586
18999 32726
18999 33629
19000 26317
19000 35671
19001 31985
19002 29379
19003 23853
19004 19284
19004 23949
19004 26639
19004 29797
19004 31272
19005 36340
19006 19196
19006 30125
19006 35527
19007 23421
19007 26941
19008 19252
19008 38758
19009 25294
19009 32515
19010 20783
19010 30979
19010 35586
19010 35959
19011 30156
19012 20481
19012 34389
19013 27659
19013 29165
19013 31796
19013 37761
19014 20123
19014 28062
19014 30522
19015 39022
19016 26234
19016 30700
19016 33933
19017 30311
19017 38694
19017 39043
19018 35512
19019 21993
19019 23143
19019 38278
19020 37559
19021 22754
19021 36344
19022 21555
19023 28555
19024 21957
19024 35722
19025 22179
19026 24145
19026 29811
19026 31989
19027 20069
19027 23087
19029 20403
19029 27346
19029 27789
19029 28024
19030 37463
19031 28387
19031 37173
19032 31848
19032 35240
19033 24441
19033 33759
19034 24515
19034 33572
19034 35278
19034 38283
19035 29492
19035 33724
19035 35039
19035 37835
19035 39268
19035 39458
19036 29168
19036 33696
19037 24766
19038 36546
19039 24895
19040 36588
19041 19199
19041 35076
19041 38091
19042 21380
19042 22307
19042 25313
19043 29043
19044 23055
19044 25979
19044 32185
19044 36229
19045 33561
19046 21390
19046 22780
19046 27663
19046 35348
19048 37440
19049 24274
19050 26449
19050 26743
19051 39452
19052 21537
19053 27862
19053 35525
19053 37507
19054 24973
19054 30067
19054 31600
19055 26129
19056 27229
19056 37786
19057 27846
19057 34646
19057 35424
19058 19832
19060 20323
19061 30116
19061 37576
19061 38859
19061 39957
19062 27059
19062 30412
19063 22639
19063 26939
19063 27147
19063 27792
19063 30115
19063 35832
19064 19434
19064 21735
19064 22691
19064 32733
19064 38663
19066 38481
19066 38613
19067 21736
19068 36737
19068 36977
19069 22674
19069 31153
19070 20278
19070 22615
19071 21190
19072 32084
19073 33312
19073 37631
19073 39350
19073 39611
19074 21351
19074 22511
19075 27855
19075 37513
19075 39877
19076 24253
19076 28210
19077 22250
19077 23354
19077 26268
19077 27547
19078 20586
19078 29515
19079 34387
19080 31612
19080 37954
19080 38775
19082 32301
19082 38902
19083 38140
19084 35262
19085 24346
19085 31992
19086 29439
19086 33543
19086 33943
19088 24701
19088 26767
19088 29666
19089 23183
19089 32120
19089 38214
19091 20359
19092 24932
19092 27072
19092 27712
19092 30182
19092 37139
19092 38116
19093 24299
19093 25865
19093 28822
19093 29241
19093 33221
19094 20778
19094 24252
19094 33970
19094 38636
19096 21536
19096 39841
19097 22503
19097 28969
19097 33249
19097 34513
19098 20707
19098 39713
19099 23704
19099 23851
19101 28707
19101 38419
19102 33758
19103 28137
19103 29325
19104 19109
19104 20395
19104 21840
19104 28140
19104 34189
19104 34829
19104 35791
19104 36410
19104 39568
19105 28469
19105 30858
19105 35671
19106 36380
19106 37537
19107 25621
19107 35826
19108 32596
19108 37182
19108 37736
19108 38309
19109 23941
19109 26775
19110 24027
19110 38101
19111 19864
19111 25850
19111 32288
19111 35760
19112 27622
19113 36248
19114 25056
19114 39192
19115 25193
19116 36788
19117 22065
19117 33335
19117 35904
19117 38628
19119 20007
19119 24266
19119 30418
19120 19948
19120 35617
19121 20656
19121 23916
19121 25372
19121 39414
19122 26128
19122 30564
19123 33236
19123 35096
19123 35111
19124 19640
19124 22739
19125 19427
19125 36299
19126 25141
19127 19693
19127 25737
19127 26404
19127 28294
19128 33154
19129 21369
19129 23500
19129 25800
19129 30658
19130 39822
19131 24788
19132 24605
19132 32251
19132 34054
19134 30369
19134 32946
19134 33243
19134 36381
19134 38596
19135 22920
19137 19235
19137 34955
19138 20067
19138 39058
19140 22270
19141 28525
19141 39076
19143 21722
19144 34847
19144 35780
19145 20997
19145 31495
19145 33686
19147 24136
19147 36696
19148 22635
19148 25038
19148 32639
19149 36353
19150 29893
19150 33822
19151 31487
19151 32411
19151 39192
19154 28582
19155 26219
19155 35787
19155 39437
19155 39585
19156 20359
19156 35304
19156 36634
19157 26984
19157 33914
19157 36397
19158 29760
19159 19227
19159 25844
19159 30662
19159 38781
19161 25669
19162 19218
19162 29395
19163 30099
19163 32920
19164 22755
19164 23329
19164 33943
19164 38280
19164 39321
19165 28505
19166 20660
19166 21318
19167 24224
19167 24473
19169 36422
19170 22470
19170 28300
19170 31889
19170 35433
19172 27097
19173 20685
19173 32054
19173 38998
19174 27639
19174 34117
19175 22544
19175 26694
19175 38893
19176 27462
19177 25209
19177 30371
19179 26707
19179 35452
19181 25368
19181 30216
19181 31571
19182 21450
19182 30509
19182 37437
19182 38598
19183 24037
19183 25123
19183 39064
19184 28490
19184 32639
19184 36670
19185 22518
19185 33356
19185 34150
19185 37597
19186 23332
19187 25155
19187 32930
19188 22503
19189 26398
19190 30143
19191 29708
19192 24595
19192 25573
19192 31101
19193 30960
19193 34341
19194 33700
19195 33199
19195 33676
19195 34104
19196 24162
19196 24206
19196 31014
19196 32971
19198 24022
19198 34456
19200 21420
19200 28718
19200 34562
19201 29770
19201 35116
19201 37086
19201 39858
19202 19306
19202 22469
19202 25443
19202 34772
19202 36019
19203 28869
19203 34127
19204 33670
19204 35499
19204 37850
19205 25248
19205 25598
19205 33833
19206 21441
19206 31200
19206 34485
19206 37078
19207 20331
19207 31922
19208 23675
19208 28786
19208 39085
19209 24649
19209 31062
19209 31639
19209 39771
19210 21989
19210 22533
19211 31498
19212 22408
19212 31567
19213 30419
19213 35326
19213 37877
19213 38401
19214 26333
19214 36530
19215 19733
19215 25868
19215 35852
19216 21488
19217 26050
19217 26604
19217 31749
19218 23241
19220 33376
19220 35105
19220 39069
19221 19435
19221 24308
19221 36364
19222 26441
19222 33891
19224 22705
19224 33406
19224 33456
19225 19547
19225 30184
19226 21313
19226 24862
19226 28272
19226 34456
19228 20923
19228 29025
19228 31125
19229 23013
19229 25872
19229 39456
19230 20837
19231 23447
19232 26500
19232 33112
19233 23706
19234 25317
19234 28326
19235 35770
19236 35775
19236 36793
19236 37445
19236 39331
19237 21135
19237 21630
19237 23137
19237 25124
19237 29653
19237 32097
19238 26039
19238 26800
19238 27182
19238 27552
19238 29774
19239 20630
19239 31263
19239 32193
19240 22613
19240 24093
19240 26501
19241 21340
19241 25780
19242 25142
19242 32126
19243 23159
19243 24693
19243 27727
19243 30720
19244 26235
19244 29845
19245 20445
19245 31550
19246 27631
19246 28430
19247 24540
19248 29280
19250 28849
19250 32251
19250 35132
19251 36126
19252 30983
19253 19291
19253 26097
19253 26421
19253 30282
19254 37740
19255 19896
19255 27459
19255 32093
19255 32099
19256 33946
19257 20428
19257 20500
19258 35762
19258 38884
19259 23348
19259 30038
19260 31598
19260 32326
19262 19384
19262 20955
19262 21230
19262 31100
19263 35426
19264 26018
19264 28675
19264 32385
19265 27221
19265 32611
19265 36681
19266 32391
19267 20268
19267 23632
19267 37099
19268 24889
19268 33588
19268 39753
19269 20188
19269 23058
19269 38317
19269 39800
19270 25982
19270 26876
19270 27904
19270 35650
19271 20983
19271 30467
19272 28024
19272 28301
19272 29610
19273 32752
19273 39758
19274 25692
19274 26218
19274 34169
19275 19291
19275 25088
19275 26313
19276 27619
19277 39047
19278 23159
19278 26982
19278 29854
19278 30703
19278 34806
19279 24491
19279 26957
19280 35602
19280 39518
19281 38568
19282 21459
19282 29499
19282 31833
19283 20890
19284 27045
19285 21661
19285 38619
19286 25554
19286 28027
19287 32601
19287 34353
19288 24410
19289 36998
19289 38932
19290 36777
19290 38974
19291 30866
19291 31055
19292 24262
19292 27422
19292 33714
19293 28483
19293 34413
19294 19805
19294 33036
19295 27707
19296 21202
19296 34661
19297 20445
19297 31857
19298 30217
19299 21399
19299 33233
19300 30277
19301 19663
19301 24349
19301 33616
19302 20120
19302 25742
19303 26342
19304 19795
19304 35228
19306 30045
19306 30163
19307 22178
19307 23635
19308 36722
19309 34974
19310 23210
19310 24718
19310 26693
19310 27727
19310 29872
19310 32376
19310 33464
19310 33652
19310 36785
19311 23889
19311 31245
19312 19968
19312 37475
19312 38543
19313 21719
19313 24500
19314 21694
19314 22178
19314 32139
19315 30148
19315 30534
19316 19903
19317 24963
19317 28772
19317 31896
19318 36622
19319 19685
19319 32132
19319 34646
19319 37760
19319 39818
19320 21074
19320 22265
19320 28446
19320 31631
19320 35649
19321 26938
19321 32127
19322 20399
19322 23845
19322 28360
19322 38880
19323 21308
19324 24983
19324 26050
19324 28280
19324 29288
19324 31020
19324 32416
19325 26712
19325 38634
19326 29757
19326 30191
19327 27355
19327 30641
19327 34343
19327 38888
19328 26040
19329 19521
19329 21682
19329 29531
19329 33104
19330 27645
19331 23096
19331 29738
19332 19858
19333 27202
19333 34302
19334 26356
19335 35607
19336 31376
19337 28774
19337 33069
19337 37406
19338 22299
19338 25585
19338 33085
19338 36685
19340 21422
19340 36818
19341 21590
19341 28946
19343 30738
19343 34896
19344 35894
19345 19498
19345 24042
19347 33416
19348 33719
19349 25237
19349 26911
19349 34385
19350 22352
19350 22842
19351 20997
19352 23860
19352 27707
19353 21765
19353 30232
19353 37324
19353 39275
19354 32711
19355 32765
19355 35858
19356 21346
19356 21594
19357 21042
19357 21789
19357 27895
19357 36957
19358 22000
19358 31044
19358 32323
19359 32775
19359 35821
19360 36572
19360 39625
19362 26167
19363 19751
19363 34690
19364 23256
19365 27519
19365 32167
19366 23554
19366 25367
19366 29041
19366 31738
19367 19557
19367 19624
19367 21363
19368 24864
19368 32782
19368 34991
19368 38507
19369 26372
19369 30236
19369 36895
19370 23416
19370 34898
19371 23472
19371 33639
19372 19770
19372 22957
19373 21442
19373 23642
19374 22079
19374 22342
19374 25099
19374 25562
19374 37169
19374 39822
19375 22806
19375 23238
19375 31063
19376 21302
19376 22765
19376 38761
19377 21548
19378 22658
19378 30073
19378 30340
19379 31246
19379 33870
19380 25845
19381 19564
19382 29785
19384 27229
19384 35094
19385 21660
19385 21769
19385 27081
19387 25091
19387 26646
19387 26805
19387 36401
19388 22717
19388 23464
19388 33577
19389 22589
19390 37296
19391 20530
19391 24628
19391 36660
19392 38004
19393 34908
19394 22130
19395 19435
19395 21158
19395 21988
19395 26858
19395 32121
19395 35041
19395 36046
19396 19832
19396 30290
19396 31637
19397 25815
19397 36073
19397 38265
19398 23800
19398 30036
19399 29982
19399 30871
19400 32608
19401 21811
19401 35311
19402 24334
19402 26402
19402 30972
19402 32422
19402 32992
19402 39702
19403 21179
19403 24556
19403 29993
19404 20908
19404 24263
19404 34362
19406 36189
19407 23985
19408 32593
19409 30565
19409 35083
19409 37518
19410 34128
19410 36960
19411 26341
19412 29074
19412 39483
19412 39824
19413 28638
19413 37140
19414 29337
19415 22748
19415 29021
19415 32678
19416 38073
19416 38643
19416 38954
19417 35072
19419 29823
19420 39504
19421 22557
19422 22225
19422 26686
19422 31517
19422 35029
19423 22854
19424 22842
19424 27625
19424 29285
19424 31622
19424 33487
19425 27987
19425 31753
19425 34840
19425 37316
19426 25325
19426 27835
19427 21303
19427 22098
19427 22312
19427 29867
19427 32152
19428 22340
19428 23617
19428 35781
19429 21031
19431 20965
19431 21190
19431 31076
19431 35773
19431 37698
19432 24573
19432 34706
19432 36064
19433 25131
19433 25298
19434 20874
19434 34784
19435 27081
19435 30316
19436 32194
19436 34433
19437 20973
19437 25973
19437 31417
19438 24712
19438 26369
19438 27823
19439 29771
19439 30339
19440 20052
19440 32096
19441 21519
19441 39595
19442 32442
19443 39858
19444 26045
19444 35883
19445 19579
19445 29862
19445 37305
19445 39303
19446 19552
19447 29681
19448 33137
19448 33145
19448 34491
19448 39862
19450 23664
19450 29528
19450 31778
19451 30855
19451 37886
19452 26964
19452 29344
19452 35846
19453 33520
19454 33856
19456 20745
19456 23430
19456 29019
19456 33669
19457 21906
19457 31804
19457 34525
19457 36947
19459 26171
19459 29652
19460 19714
19461 23262
19461 35897
19461 36501
19461 38215
19462 32168
19462 32747
19464 23725
19464 26380
19464 39810
19465 22535
19465 24654
19465 26625
19466 21185
19466 26083
19466 32012
19466 33684
19466 36746
19467 31016
19467 35675
19468 20223
19468 27292
19468 35097
19468 38563
19469 28644
19469 30582
19471 23197
19471 23970
19471 29760
19471 33478
19472 24997
19472 28159
19472 31546
19472 36682
19473 19520
19473 25044
19473 28888
19473 30886
19473 35832
19473 37896
19474 23056
19474 25237
19474 27236
19475 23400
19475 28783
19476 31071
19477 26981
19477 27229
19477 31657
19478 20933
19478 27473
19479 31955
19479 34978
19479 35451
19479 37631
19479 39331
19480 31878
19481 27896
19481 27961
19483 30062
19484 28782
19484 33902
19484 34983
19485 28828
19486 25396
19486 27318
19486 28317
19486 33862
19487 27229
19487 32880
19488 30026
19488 33387
19488 34876
19489 22218
19489 32798
19489 38978
19490 19628
19491 21290
19492 28950
19492 29659
19492 34121
19492 35216
19493 24529
19493 25382
19493 35567
19493 36427
19493 37808
19494 21829
19494 27447
19494 32562
19494 36557
19495 24700
19495 35390
19495 35762
19496 24117
19496 29348
19497 36761
19498 19813
19498 29081
19498 29599
19498 33655
19498 38861
19499 26693
19499 29385
19500 30508
19500 32481
19501 31408
19501 38193
19501 39623
19502 20318
19502 22363
19502 23880
19502 23971
19502 27331
19502 30488
19502 30526
19502 32461
19503 21169
19503 37010
19503 37291
19504 24661
19504 34168
19504 38699
19505 19967
19505 22157
19505 23032
19505 24177
19505 24866
19505 33170
19506 20168
19506 22867
19506 24418
19506 29501
19507 24704
19507 27908
19507 31221
19507 31506
19507 32153
19508 39086
19509 20917
19509 38533
19510 21368
19510 29287
19510 37765
19510 37913
19511 22169
19511 26420
19511 34808
19512 26741
19512 26934
19512 37625
19512 38489
19513 28327
19513 34566
19514 25703
19514 34557
19514 36145
19514 39670
19515 27668
19515 31631
19516 20335
19517 29409
19517 37919
19517 38049
19517 39548
19518 27866
19518 28533
19518 29380
19518 33438
19519 22543
19519 28073
19519 28702
19519 39114
19520 28348
19521 24618
19521 33884
19521 34923
19521 35661
19522 31370
19522 37836
19523 19560
19523 38735
19524 21518
19524 30835
19525 24483
19525 27627
19525 29587
19526 29968
19527 20196
19528 29326
19528 33293
19529 31371
19529 38763
19529 39364
19530 32320
19530 32625
19533 25566
19534 26474
19535 31120
19536 29824
19536 33303
19537 23432
19537 25020
19537 26877
19537 36324
19538 21599
19538 25592
19538 28993
19538 29202
19539 33071
19540 36624
19541 26825
19541 39300
19542 23899
19542 27689
19542 37099
19543 21980
19544 37141
19545 22331
19545 25132
19545 25314
19545 26677
19545 30578
19545 34511
19545 37798
19546 22836
19546 33169
19547 20834
19547 25079
19547 25955
19547 29215
19548 28998
19548 39406
19549 30570
19549 34197
19550 38700
19551 21193
19551 22985
19552 28401
19552 38790
19553 26084
19553 34460
19553 34676
19554 31506
19555 35493
19557 38211
19558 21667
19558 22233
19558 31571
19558 38084
19560 25194
19560 36922
19561 28971
19561 33079
19561 38280
19562 21070
19562 21524
19562 21737
19562 24926
19562 31833
19562 36089
19562 37952
19562 39081
19563 28768
19566 24630
19566 34494
19566 37104
19567 33167
19568 37286
19569 32319
19571 26689
19571 33767
19571 38303
19572 19575
19572 26978
19572 28858
19572 32874
19573 35545
19574 32215
19575 22604
19575 30389
19576 31349
19576 31691
19578 28225
19579 21251
19579 33731
19581 35038
19582 22666
19582 38205
19583 25225
19583 35360
19584 27750
19584 38730
19585 24677
19585 28343
19585 30788
19585 37240
19586 22379
19587 32551
19587 33110
19588 22509
19588 24023
19588 29566
19588 31880
19589 34307
19590 20560
19590 24632
19590 27305
19590 34020
19591 29339
19592 27592
19592 33830
19592 36261
19592 36435
19593 20975
19593 21384
19593 22107
19593 25893
19593 37772
19594 26283
19595 21086
19596 21959
19596 28439
19596 39337
19597 26757
19597 37326
19598 22027
19598 24944
19598 25900
19598 34726
19599 21314
19599 29137
19599 31782
19599 37817
19600 26051
19600 29763
19600 35598
19600 37530
19601 30279
19602 28450
19602 34394
19602 34978
19602 39700
19603 36985
19604 21621
19604 29656
19605 25283
19605 26580
19605 37738
19606 29956
19606 33382
19606 35894
19607 26487
19608 24258
19609 19757
19609 35409
19610 21785
19610 23478
19611 20045
19611 38171
19612 32251
19613 21421
19615 28095
19615 34393
19616 21367
19616 27668
19616 38400
19617 22046
19617 25495
19618 21664
19618 21893
19618 25749
19619 30762
19620 19634
19621 20694
19621 32062
19621 35797
19621 38262
19622 26086
19622 32019
19622 35874
19623 23186
19623 25569
19623 28829
19623 30411
19623 33606
19624 23577
19624 35617
19624 36348
19625 23849
19625 33050
19626 36205
19627 23577
19627 26531
19627 30959
19627 31684
19627 36950
19628 38684
19629 34501
19630 21324
19632 23723
19632 39193
19633 24373
19633 30877
19633 38881
19635 33991
19637 24868
19637 28053
19637 28546
19637 31800
19637 35736
19638 20493
19638 22095
19638 25081
19639 21842
19639 33546
19639 35804
19640 21156
19640 29110
19641 21900
19641 29911
19641 32703
19642 26702
19642 30618
19643 21915
19643 28335
19643 28502
19645 39859
19646 27636
19646 37843
19647 21179
19647 39323
19648 29000
19648 31688
19648 34126
19649 21032
19649 28956
19649 36124
19650 22946
19650 37037
19654 22682
19654 36133
19655 39024
19656 32805
19656 35656
19656 37128
19656 38958
19657 27493
19657 33993
19658 24560
19658 27996
19658 30980
19658 33140
19658 34691
19659 21206
19659 21757
19659 25660
19659 26586
19659 29514
19660 29147
19660 37383
19661 27638
19661 33658
19661 36496
19661 38380
19662 39491
19663 32009
19664 21025
19664 25618
19664 33653
19664 36955
19666 22963
19666 33875
19667 26111
19667 34771
19667 35082
19668 24930
19669 22199
19670 33304
19670 39812
19671 22012
19671 25999
19672 21558
19672 25260
19672 32202
19673 19866
19673 31765
19673 34647
19674 23391
19674 23619
19674 23763
19674 24206
19674 37566
19675 24182
19675 30071
19675 34367
19677 34292
19677 39095
19678 22745
19678 25246
19678 33435
19678 39427
19679 20385
19679 25936
19679 26149
19681 24486
19682 23345
19682 26371
19682 33096
19682 36764
19682 37153
19683 24451
19683 28439
19683 35873
19683 38057
19684 25681
19684 28940
19685 26451
19685 36103
19687 22008
19687 24219
19687 26285
19687 38732
19688 34950
19688 35538
19688 39301
19689 29489
19689 31349
19689 35325
19690 21149
19690 26762
19692 22328
19692 25532
19693 19724
19693 21299
19693 22302
19693 26408
19693 29601
19693 30842
19695 35195
19696 23415
19697 21149
19698 21639
19698 25580
19698 35610
19699 37637
19699 38404
19700 23206
19700 28248
19700 34154
19700 35958
19701 24175
19701 37253
19702 24840
19702 32698
19702 38540
19702 38897
19703 21643
19703 28811
19703 34785
19704 35267
19705 33694
19705 34717
19707 34681
19707 34992
19708 21747
19708 25457
19708 28263
19708 31055
19708 36769
19708 38305
19708 39808
19710 24175
19710 25331
19711 21639
19711 36992
19713 25191
19713 32994
19713 36353
19714 25042
19714 28205
19714 28410
19714 29370
19716 24083
19716 36943
19717 33151
19717 37396
19718 35159
19719 22869
19719 25152
19719 39385
19720 31179
19720 34273
19721 21369
19721 22201
19721 32372
19721 35640
19722 20973
19722 22232
19722 25209
19722 29606
19722 36842
19722 38467
19723 31091
19724 22832
19724 31615
19724 36427
19724 37470
19725 34190
19726 38798
19727 25457
19727 32774
19728 20669
19728 29893
19728 35653
19731 23619
19732 23056
19732 24186
19732 25612
19732 27317
19732 33833
19732 39348
19733 24531
19733 24798
19733 39337
19734 33746
19736 22588
19736 24380
19736 29126
19737 31246
19737 31853
19737 36294
19738 20841
19739 31310
19740 24377
19740 29691
19740 30459
19740 30826
19740 34125
19742 19802
19742 27978
19742 32399
19743 20706
19744 30190
19745 32851
19745 34160
19746 21609
19748 26077
19748 32590
19748 32993
19748 39302
19750 33001
19750 36977
19751 27306
19751 29114
19752 19796
19752 23907
19752 24131
19752 26551
19752 36554
19752 37665
19753 30093
19753 31445
19754 30506
19754 30939
19754 39956
19755 23110
19755 35977
19756 22264
19757 25667
19759 21515
19760 35253
19761 22603
19761 33903
19761 38953
19762 22514
19762 36271
19762 37443
19762 38060
19763 28332
19764 24162
19764 27463
19764 28326
19764 29584
19764 34788
19764 35765
19765 25366
19765 30424
19765 33974
19766 19909
19766 35094
19766 39585
19767 24134
19768 23705
19768 27552
19768 35251
19768 36927
19769 26788
19770 20607
19770 28474
19770 38648
19771 26670
19771 27273
19771 31659
19772 20501
19772 37982
19773 20847
19773 23249
19773 23667
19773 25099
19773 28073
19774 20876
19774 31434
19774 33586
19774 33815
19774 39343
19775 23911
19775 31130
19775 33674
19777 39299
19778 21580
19778 31135
19778 39436
19781 29641
19781 34646
19782 24419
19782 31682
19782 38634
19783 21554
19783 21884
19783 27973
19784 31842
19784 35097
19784 39941
19786 26219
19786 29938
19787 19998
19787 21117
19787 23943
19787 27724
19787 31034
19787 35212
19788 27253
19789 31122
19790 36158
19791 36120
19792 35123
19793 26569
19794 24484
19794 26414
19795 25146
19795 32729
19795 33416
19795 37256
19796 22290
19796 22946
19796 36452
19798 34124
19799 23631
19799 29644
19799 29863
19799 36205
19800 21591
19800 38794
19801 30598
19801 30836
19805 27076
19806 29936
19806 39910
19807 20453
19807 23650
19807 38757
19808 20780
19808 22198
19808 28102
19808 32770
19810 30483
19810 33795
19811 39787
19812 28688
19814 36743
19815 21741
19817 24289
19818 29797
19818 36702
19819 20702
19819 25222
19819 27974
19819 29194
19820 21739
19820 23106
19820 23955
19821 21898
19821 23168
19821 25331
19821 38731
19822 24709
19822 26611
19822 30272
19822 32324
19823 22384
19823 29284
19824 29998
19824 37438
19826 29578
19826 36446
19827 24712
19827 27964
19829 32120
19829 34163
19830 37708
19833 28170
19833 28962
19833 35510
19835 30353
19835 36462
19835 38873
19836 21739
19837 30637
19837 36642
19838 28299
19838 30674
19838 32818
19838 33921
19838 34264
19839 20500
19839 23288
19839 26980
19839 29957
19840 26711
19840 34502
19841 20648
19841 22101
19841 38095
19842 39072
19843 26712
19844 20090
19844 21018
19844 33637
19845 36175
19846 25583
19847 34884
19847 38087
19848 33730
19848 34547
19848 38661
19848 39814
19849 38740
19850 28278
19850 30835
19851 26931
19851 31032
19852 24193
19852 34080
19853 20643
19853 38569
19854 33647
19855 34737
19856 23973
19856 26407
19856 35777
19856 38119
19858 24423
19859 24514
19860 29759
19860 35114
19860 38142
19861 33993
19861 34875
19861 36912
19863 25345
19863 31643
19863 38940
19864 19891
19865 23897
19866 23896
19866 26456
19866 34411
19867 19869
19867 20907
19867 21476
19867 37820
19869 33981
19869 34203
19869 39170
19870 26001
19870 39431
19871 37295
19872 22610
19872 30461
19872 37478
19873 38401
19874 21879
19874 31071
19875 23152
19876 23136
19876 26704
19876 33482
19877 22097
19877 32303
19878 22885
19878 30077
19878 33825
19878 39838
19879 26247
19879 38978
19880 24192
19881 21365
19881 29822
19881 36289
19881 38202
19882 27815
19882 31506
19883 20458
19883 20908
19883 26657
19883 28111
19883 29836
19883 30537
19884 24861
19884 26625
19884 32108
19885 24405
19885 25665
19885 25931
19886 37570
19887 24275
19887 33023
19888 21000
19889 31763
19890 22447
19890 27236
19890 37572
19891 22820
19892 22337
19892 28785
19892 33725
19893 31153
19894 20066
19894 26852
19895 26362
19896 21921
19896 22139
19896 36837
19897 39476
19898 26040
19898 31945
19898 32113
19898 32666
19899 27861
19900 20213
19900 21532
19900 31713
19901 26454
19901 39063
19902 31866
19902 37824
19903 34149
19904 27759
19905 24605
19905 35703
19906 20634
19907 20926
19907 37682
19908 28775
19908 30472
19908 37952
19909 21416
19909 24890
19909 33171
19910 39950
19911 20320
19911 30749
19912 27386
19912 37774
19913 36232
19914 31041
19914 31955
19914 35560
19915 29808
19915 30250
19915 35240
19915 37191
19916 20178
19916 29371
19917 21491
19917 35879
19918 24560
19918 27659
19918 34330
19918 37788
19918 38176
19919 26000
19919 32552
19920 28422
19922 27075
19922 36089
19923 24274
19923 28946
19923 30567
19923 30983
19923 34341
19925 23603
19925 32324
19925 39790
19926 24462
19926 24959
19926 28831
19926 32183
19926 35299
19928 26354
19928 28808
19928 34212
19930 21084
19930 36477
19931 25749
19931 26351
19931 31699
19931 39183
19932 27493
19933 32765
19933 39776
19934 35270
19935 26519
19935 27585
19936 24549
19937 20123
19937 29948
19937 29957
19938 25220
19938 27434
19939 29440
19939 32074
19939 34544
19939 39088
19940 26000
19941 34727
19942 25688
19942 27686
19942 27858
19942 30386
19943 26910
19943 35814
19943 39648
19944 33662
19944 35431
19944 39365
19944 39502
19945 20127
19946 25291
19947 38914
19948 30050
19949 24545
19949 26820
19949 29505
19949 39285
19950 21124
19950 32329
19951 36625
19951 39451
19952 23654
19953 34230
19953 39181
19954 22043
19954 23454
19954 29840
19954 37108
19955 27646
19955 31815
19956 22833
19956 23676
19957 26093
19957 28636
19958 25438
19958 28072
19959 22405
19959 24537
19959 30463
19959 30473
19959 32825
19959 39230
19960 20521
19960 39730
19961 28190
19961 31291
19961 39505
19963 27632
19963 39018
19964 23194
19964 29855
19964 36471
19965 22167
19966 33126
19967 38713
19969 21133
19969 25720
19969 32328
19969 34791
19970 37887
19970 39656
19971 33363
19971 39556
19972 25356
19972 31590
19973 27700
19973 35530
19973 38249
19974 26505
19974 28171
19975 24910
19975 35580
19976 24919
19977 20148
19977 37701
19978 25710
19978 37308
19978 39871
19979 21950
19980 26403
19984 29262
19984 31347
19984 37576
19985 24023
19985 34654
19985 37507
19986 28146
19986 32835
19986 35798
19986 39233
19988 22570
19988 28573
19988 35927
19989 23359
19989 25726
19989 31086
19989 39430
19990 22641
19990 32224
19990 38026
19991 22619
19991 27133
19991 29105
19991 32605
19992 26322
19992 37397
19993 20428
19994 30737
19994 38172
19995 20097
19996 23541
19996 30226
19996 34057
19997 37349
19998 31937
19998 36673
20000 21677
20000 24043
20000 37494
20001 26346
20001 38782
20001 38986
20002 28850
20003 24215
20003 25687
20003 30627
20003 37047
20004 30117
20004 36506
20005 26195
20005 30581
20005 35573
20006 31479
20007 20945
20007 27508
20007 31436
20007 32719
20008 23460
20008 23538
20008 24442
20008 33244
20008 33982
20009 29365
20009 34603
20009 35932
20010 26394
20012 23132
20012 28331
20013 29911
20013 35007
20014 20071
20014 28208
20014 29958
20014 32649
20015 33528
20015 35543
20016 22036
20016 23763
20017 30433
20017 32800
20018 22947
20018 34509
20020 25299
20020 28932
20020 37154
20021 34972
20022 28646
20022 29629
20023 26244
20023 27382
20024 21818
20026 24097
20026 39261
20027 24332
20028 28532
20028 37279
20029 35530
20030 20187
20030 20967
20030 24496
20030 26986
20030 32703
20031 26119
20032 34690
20033 26283
20033 30310
20033 33486
20034 22367
20034 24684
20034 35050
20035 37537
20036 26979
20037 23799
20037 31305
20037 33496
20038 20931
20038 25789
20038 26375
20039 27109
20039 28990
20039 35994
20040 20357
20040 26385
20040 26867
20040 30610
20041 21121
20042 38767
20043 25359
20044 26194
20044 34750
20045 34933
20045 35578
20046 37596
20047 30659
20047 35620
20048 25114
20048 28324
20048 35060
20049 25371
20050 30378
20051 38396
20052 29014
20052 36720
20053 23939
20053 30310
20053 33094
20053 34411
20054 30148
20054 35721
20054 39570
20055 35060
20056 21448
20056 22912
20057 27733
20058 28559
20059 20272
20059 29584
20059 33756
20060 21710
20061 27714
20062 21334
20063 23508
20063 25962
20063 33752
20064 20268
20064 24768
20064 27232
20064 29177
20064 29354
20064 30460
20065 25817
20065 28592
20065 36968
20065 39887
20066 23482
20066 23625
20066 31535
20066 37770
20067 30143
20068 23342
20068 24501
20068 27074
20068 33726
20069 22178
20069 29963
20069 32458
20070 23483
20070 34419
20071 38200
20072 22417
20072 34714
20072 35179
20072 35548
20073 22809
20073 29668
20073 36355
20074 22930
20074 34498
20074 36535
20074 38946
20075 34187
20076 21297
20076 30167
20076 39252
20077 25162
20077 31423
20077 31662
20078 26497
20079 39302
20080 22693
20080 28771
20080 32952
20080 34791
20080 34861
20081 23785
20081 28042
20083 35619
20084 37105
20084 39785
20085 35783
20085 37170
20085 38044
20086 29030
20087 22766
20087 28666
20087 32540
20088 21643
20090 33093
20091 31012
20092 20378
20092 33040
20093 21163
20093 34001
20094 31857
20095 22498
20095 30248
20096 32881
20097 21561
20097 38300
20097 38495
20098 21322
20099 22495
20099 25855
20099 39558
20100 36931
20101 25559
20101 38863
20102 34968
20103 26643
20103 27163
20104 25839
20104 27885
20105 20532
20106 20339
20106 30593
20107 25227
20107 31417
20107 38887
20109 23202
20109 29877
20109 30543
20110 34474
20111 25540
20111 29443
20111 35260
20112 21730
20112 24018
20112 28001
20112 36185
20114 20441
20114 27755
20114 37404
20115 21814
20116 32811
20117 23029
20117 28120
20117 33769
20117 36681
20117 39403
20118 30084
20118 34156
20119 33705
20119 37168
20119 38122
20120 38800
20122 31780
20122 34876
20123 39269
20124 33070
20124 37031
20124 37924
20125 21656
20125 34716
20125 38014
20125 38816
20125 39030
20127 22021
20127 24355
20128 39138
20129 27779
20130 32265
20130 38847
20131 34518
20132 20887
20132 24515
20132 38832
20133 27312
20133 27519
20134 20642
20134 22467
20137 20800
20137 25629
20137 29570
20137 31230
20138 22717
20138 25242
20138 26706
20139 25353
20140 26494
20140 27157
20142 22798
20143 33218
20143 38261
20144 30059
20144 35316
20145 27706
20146 28811
20146 29999
20146 39658
20147 29443
20147 29613
20147 30762
20147 37747
20148 21081
20148 30130
20148 30401
20148 38991
20149 28419
20149 29895
20149 32390
20150 33776
20150 33796
20150 37464
20151 29703
20151 29913
20152 25919
20152 28593
20153 27715
20153 37617
20153 38344
20154 22613
20154 26817
20154 35150
20155 20403
20155 28204
20155 32177
20156 29363
20156 37713
20157 26046
20157 30652
20158 26758
20158 30528
20158 39518
20159 24131
20159 27631
20159 33241
20159 35960
20159 36101
20159 37037
20160 37083
20161 21099
20161 22806
20161 27164
20161 27250
20161 39618
20163 23442
20163 29748
20164 20953
20164 39278
20165 22832
20166 20735
20166 27625
20166 37610
20167 25117
20168 20336
20168 24565
20168 30345
20168 31890
20168 36753
20168 36974
20169 25227
20170 30655
20170 33572
20170 36404
20170 37212
20171 23758
20172 26129
20173 26801
20173 38887
20174 27008
20174 34110
20175 20517
20175 23007
20175 34348
20176 23255
20176 27423
20176 35546
20179 23547
20179 30967
20179 36402
20179 37751
20181 38408
20182 20987
20182 22185
20182 32357
20182 36482
20183 24534
20183 35520
20184 22680
20184 31742
20185 21792
20185 28227
20185 33846
20185 37562
20187 39619
20188 39861
20190 20239
20190 27547
20190 36902
20191 27047
20192 30685
20193 21045
20193 26049
20193 26780
20193 38978
20194 26762
20194 37340
20194 38949
20195 22783
20197 20348
20197 28308
20197 29791
20197 34034
20198 27495
20198 34837
20198 35625
20198 37457
20199 21036
20199 30300
20199 34820
20199 39031
20200 22884
20200 24169
20200 29123
20200 31089
20202 30480
20204 25951
20204 32169
20204 33012
20204 38117
20205 34895
20205 38396
20206 22210
20206 29330
20206 33839
20206 35873
20206 37322
20207 20517
20208 38707
20209 34188
20209 36266
20210 26552
20210 39590
20211 23635
20211 24381
20211 31567
20212 22080
20212 24107
20212 30526
20212 34132
20213 28199
20213 31522
20214 24441
20215 31175
20216 24088
20216 24663
20217 22079
20217 25932
20217 28567
20218 38303
20219 32978
20220 32095
20220 34099
20221 38433
20222 21798
20223 20231
20223 27522
20223 36172
20225 31679
20225 37536
20225 38085
20227 22187
20230 23678
20230 29201
20230 32252
20230 39216
20230 39412
20231 21615
20231 36934
20233 20328
20233 20408
20233 24887
20233 33517
20234 38443
20235 23964
20235 25344
20236 24829
20238 34990
20238 38384
20238 39675
20239 22645
20239 28210
20239 38929
20240 20506
20241 34378
20241 37727
20242 28061
20242 34372
20243 26833
20245 36668
20247 37440
20248 30255
20248 30338
20248 32266
20248 33991
20249 20409
20249 26341
20249 27744
20249 28223
20249 31103
20250 25841
20250 29191
20250 30263
20251 26089
20251 33839
20251 39375
20251 39838
20252 21831
20252 27755
20253 23999
20253 30830
20254 20304
20254 24460
20255 20523
20255 29008
20255 34768
20256 32250
20257 22092
20257 32180
20257 35519
20257 35681
20258 26944
20258 38187
20258 39387
20259 30284
20261 21729
20261 26900
20261 31956
20261 34319
20261 37553
20261 39252
20262 31849
20263 28002
20264 35662
20265 28008
20265 30492
20266 20618
20266 29009
20266 36350
20267 21254
20267 34071
20268 30296
20268 31317
20268 34037
20268 35111
20268 35667
20269 30185
20269 32060
20269 36834
20270 30862
20271 37999
20272 30058
20274 22635
20275 24846
20277 28805
20277 29329
20277 37722
20278 20428
20278 26635
20278 30560
20278 39823
20279 23916
20280 28145
20281 20798
20281 21437
20281 34036
20282 29866
20282 33151
20283 27003
20283 31355
20283 31536
20284 22167
20284 22331
20284 25487
20284 35695
20285 23534
20286 21260
20286 37023
20287 31859
20287 33067
20288 32004
20289 21272
20289 28148
20289 32020
20290 22279
20290 24118
20290 34925
20290 36663
20291 28325
20291 34900
20292 23708
20292 33333
20292 36615
20293 27146
20294 23451
20294 29647
20294 35453
20295 27454
20296 21296
20297 37131
20299 22158
20299 26514
20299 36410
20300 23117
20300 23674
20300 33070
20300 33297
20300 37008
20302 22359
20303 22214
20303 23538
20303 27326
20303 39128
20304 25910
20304 27656
20304 35909
20304 37240
20305 21308
20305 33204
20305 38002
20306 34925
20307 24378
20307 27051
20308 22716
20308 24187
20308 24608
20310 25734
20310 30141
20310 32845
20310 33516
20311 32255
20311 32683
20311 34906
20311 35180
20311 39153
20313 36810
20313 38775
20315 28069
20315 31391
20316 21507
20316 32183
20317 29301
20317 33842
20317 34331
20318 26445
20319 26167
20319 33247
20319 33369
20319 33503
20319 38914
20320 29333
20322 29350
20322 33987
20322 39614
20325 23812
20327 22007
20327 23366
20328 27060
20328 29678
20328 39683
20329 29028
20329 32387
20329 32657
20331 24370
20332 23390
20332 26242
20332 26817
20333 27813
20333 29306
20333 33618
20333 39271
20335 20895
20335 29233
20335 35457
20336 22814
20336 26665
20336 28134
20336 29143
20337 21597
20337 23712
20338 21755
20338 24985
20338 29299
20339 29570
20339 36606
20340 34381
20340 39263
20343 20615
20344 25173
20344 25916
20345 36115
20345 36744
20346 30218
20346 37957
20347 22421
20347 27123
20347 29354
20347 38048
20349 20442
20349 22810
20349 23015
20349 29278
20349 33289
20350 24560
20350 30093
20351 26521
20351 26696
20351 32739
20351 39099
20352 31868
20353 21879
20353 31159
20353 39263
20354 32921
20355 36168
20356 30542
20357 31320
20357 33627
20359 32597
20360 24110
20360 36698
20360 37015
20361 24314
20361 28794
20361 32706
20361 35707
20362 23069
20362 25151
20362 27979
20363 23975
20363 39310
20365 35814
20366 25680
20366 33801
20367 34033
20368 25132
20368 37394
20370 36257
20371 26107
20372 26800
20372 34249
20375 22898
20375 37260
20375 37764
20376 22882
20376 23717
20376 28510
20376 31555
20376 34570
20376 36521
20377 25833
20377 26619
20377 28197
20378 36470
20379 34392
20379 35437
20379 38110
20380 24554
20381 21150
20381 39376
20382 31655
20382 38422
20383 27058
20384 38618
20385 33503
20386 22356
20386 33383
20387 31523
20387 34712
20387 36734
20388 29001
20388 32043
20388 34697
20389 36919
20391 30431
20392 22517
20393 27316
20393 35393
20394 22901
20394 23530
20394 39119
20395 20627
20395 21851
20395 35108
20395 38157
20395 38958
20397 24638
20398 20890
20400 29126
20403 27468
20404 32232
20404 37215
20405 38580
20405 38875
20407 20854
20407 21987
20407 32802
20408 22303
20408 24256
20408 34777
20409 26205
20409 26909
20409 29017
20409 31413
20409 31899
20410 27228
20410 39301
20411 21962
20412 23711
20413 24832
20414 35664
20414 38943
20416 36916
20417 29510
20417 32851
20417 38074
20418 28682
20418 31517
20420 32171
20421 27314
20421 30946
20422 27222
20422 35142
20423 34981
20423 39296
20424 32985
20425 24519
20426 34377
20427 21940
20427 30237
20427 37044
20428 27642
20428 34711
20429 25263
20429 25830
20429 27895
20429 35718
20429 37693
20430 20569
20431 30179
20431 30539
20432 23514
20432 23542
20432 38514
20432 38837
20433 25960
20433 27728
20433 33412
20435 23807
20435 28445
20435 31182
20435 34763
20435 37819
20436 28159
20436 35566
20438 35158
20439 21944
20439 24782
20440 20827
20440 30049
20440 38570
20440 39974
20441 32964
20441 34506
20442 20702
20442 27496
20443 21644
20443 25690
20444 25775
20444 29044
20445 25428
20446 28080
20447 26355
20447 27549
20447 37534
20448 30850
20448 34307
20448 38603
20449 21960
20449 26647
20450 21818
20450 24110
20451 25609
20452 32463
20454 21073
20454 29648
20456 32901
20457 20871
20457 28620
20457 35682
20457 36723
20458 31020
20459 35492
20460 25989
20460 26028
20460 30403
20461 26194
20461 29834
20461 36271
20462 30344
20462 35288
20462 38467
20464 28433
20464 39438
20465 25364
20466 23815
20466 36330
20466 37862
20467 20875
20467 24368
20467 30623
20467 37107
20468 23817
20469 34300
20470 28847
20472 29610
20472 38469
20473 25113
20473 34620
20474 24383
20474 28426
20474 30203
20474 36125
20475 27384
20475 32765
20476 20842
20476 28238
20478 28451
20479 25289
20480 35109
20481 26547
20481 31042
20481 36677
20482 21348
20482 24102
20483 24301
20484 22080
20484 23266
20486 36138
20487 26246
20487 28720
20487 34369
20488 21610
20488 32400
20489 27953
20491 25956
20491 31682
20492 27335
20492 28619
20492 29863
20494 28948
20495 26865
20495 37113
20496 25705
20497 30211
20497 34934
20498 29067
20498 39710
20501 23571
20501 24428
20501 31241
20502 38273
20503 23969
20504 23094
20504 29589
20505 22061
20506 35638
20507 24081
20507 26673
20508 28691
20508 33552
20508 33801
20509 33001
20509 38339
20510 26131
20510 26741
20511 31278
20511 39155
20512 27677
20512 28852
20512 37573
20513 35545
20514 23577
20515 24646
20515 27572
20516 27380
20517 28050
20517 32683
20518 21514
20518 33949
20518 39132
20518 39691
20519 24603
20519 32746
20519 38387
20521 20819
20521 31101
20522 31583
20523 28018
20523 35317
20523 37685
20524 27519
20525 23608
20525 25770
20527 24763
20527 32173
20527 39740
20528 32810
20528 39659
20530 37525
20531 30307
20532 22024
20532 37489
20533 22087
20533 27237
20534 36175
20534 38903
20535 36985
20536 20991
20536 29188
20538 29076
20538 30114
20538 37661
20539 24377
20539 33719
20540 23451
20540 25845
20540 25868
20540 27945
20540 35680
20540 36438
20541 30910
20542 23783
20542 38540
20543 35568
20543 38864
20544 23205
20545 32408
20545 33849
20546 37017
20547 22163
20548 21434
20548 22362
20548 32877
20549 30017
20549 31578
20550 37191
20551 23675
20551 24413
20551 32337
20551 32449
20552 38271
20553 39984
20554 28363
20554 28686
20554 37409
20555 35555
20555 36689
20557 27051
20557 31401
20558 24178
20558 39376
20559 23365
20560 30238
20561 30123
20562 23726
20563 27507
20563 33071
20563 34253
20564 22168
20565 23212
20565 34051
20565 34696
20565 37372
20567 26650
20567 31105
20567 31779
20567 31899
20567 38740
20568 28346
20569 39364
20570 22084
20570 24813
20570 25945
20572 23343
20572 29700
20572 34680
20574 27902
20575 37117
20575 38050
20576 29214
20576 34049
20576 35065
20577 21767
20578 24305
20578 24493
20578 31611
20578 35664
20579 24441
20579 33991
20579 35418
20580 23688
20581 20846
20581 21276
20581 31511
20582 23695
20582 34654
20582 36941
20583 22649
20585 35336
20585 37668
20585 38094
20586 28483
20587 21121
20587 25023
20587 31205
20587 39023
20589 27157
20589 32001
20589 32915
20589 33018
20590 35641
20590 36422
20591 33694
20592 31355
20592 39999
20593 35199
20593 36102
20594 32064
20594 34581
20594 36542
20594 37472
20595 37314
20596 24291
20597 31241
20597 38900
20599 23516
20599 24097
20600 23254
20602 29196
20602 39491
20603 39664
20604 22179
20604 25072
20605 22248
20605 25529
20605 27552
20605 30044
20605 32289
20606 26986
20606 30106
20606 34411
20608 21572
20608 22277
20608 35143
20608 39763
20609 29048
20609 29437
20609 33972
20610 31390
20610 33684
20611 22104
20611 23918
20611 30036
20611 38328
20612 27079
20612 38409
20613 22548
20613 31050
20614 33764
20614 36316
20615 27021
20615 36022
20616 23769
20616 24987
20616 33085
20619 28471
20619 32366
20620 35573
20621 21436
20621 23128
20621 26757
20622 26424
20622 33316
20623 23725
20623 23745
20623 24815
20623 37276
20624 32161
20624 36561
20626 21337
20626 24450
20626 25186
20627 27603
20627 28356
20627 33102
20628 37621
20629 20648
20629 24609
20630 23815
20631 24127
20631 29977
20631 38009
20633 24998
20633 27799
20633 29090
20634 21225
20635 29507
20636 22939
20636 37184
20638 28064
20639 21977
20639 22418
20639 23434
20639 33318
20639 34434
20639 34813
20639 38908
20640 24629
20640 31117
20641 21698
20641 29152
20641 35855
20643 38991
20643 39169
20643 39920
20644 31858
20645 33334
20646 34411
20646 35716
20647 31559
20648 28439
20649 27415
20649 30548
20650 37739
20651 30076
20652 22508
20652 23252
20652 34025
20653 21331
20653 24759
20654 21439
20654 27226
20654 29312
20655 21926
20655 30616
20655 33112
20656 29195
20656 34867
20656 35007
20657 38270
20659 37650
20660 31744
20661 25005
20661 30050
20662 23931
20662 26971
20663 25753
20663 36158
20664 25927
20665 28795
20666 23023
20667 22459
20668 38446
20668 39403
20669 25609
20669 30031
20669 32564
20669 39781
20670 29388
20670 36338
20671 26274
20671 26908
20672 20802
20672 29667
20673 24558
20674 21725
20674 22934
20675 21507
20675 22313
20675 25593
20675 33134
20677 39554
20678 24417
20678 27042
20678 27521
20678 37978
20679 23852
20679 30200
20679 37535
20679 38504
20679 39272
20680 39277
20681 27398
20682 22629
20682 25457
20682 34941
20683 22582
20683 27285
20683 31430
20684 27400
20684 31616
20684 32226
20684 38986
20685 20718
20685 37467
20687 24211
20687 38588
20688 39054
20689 22171
20689 32403
20690 22752
20691 22578
20691 27683
20691 30705
20691 34098
20692 22029
20692 27199
20692 35246
20692 35584
20693 20923
20693 21686
20693 28503
20693 31370
20694 23834
20695 25490
20695 29578
20697 23806
20697 35156
20698 33455
20699 32728
20699 38505
20700 24261
20700 25419
20700 29230
20700 35496
20701 21141
20701 24914
20702 22326
20702 36309
20702 36911
20703 35697
20704 28025
20704 28170
20704 30659
20704 36747
20705 22928
20705 37666
20705 38828
20706 25840
20707 24205
20707 24366
20708 28315
20708 30598
20709 32255
20710 32838
20711 20791
20711 24789
20711 28396
20711 32115
20711 35527
20712 26986
20713 32362
20714 21857
20714 38582
20714 39386
20715 33505
20715 33644
20715 34484
20716 33129
20716 33302
20717 28594
20718 26968
20718 31699
20718 36330
20719 38122
20720 24321
20720 25698
20720 38961
20721 23502
20721 26522
20721 31536
20722 21329
20722 22194
20722 34899
20722 37668
20723 27925
20723 35479
20725 31075
20725 32649
20726 30442
20726 33449
20726 35023
20727 21573
20727 31451
20729 32602
20729 35051
20731 25617
20732 22571
20734 35388
20735 36122
20736 33374
20736 35629
20737 31641
20737 36648
20738 30420
20740 38686
20741 23330
20742 22752
20743 29701
20743 33175
20743 37126
20744 29096
20744 36605
20745 29511
20747 24382
20748 35699
20748 39082
20749 39979
20750 32647
20750 33145
20751 27807
20752 27448
20753 20867
20753 22473
20754 26390
20754 37012
20754 39778
20755 21481
20755 31068
20757 36808
20758 21605
20758 32652
20759 23268
20759 35412
20762 22999
20763 39027
20764 24755
20764 27513
20764 28371
20764 35322
20765 24536
20766 21358
20766 23550
20766 29101
20766 30775
20767 22755
20767 30842
20767 33389
20768 23434
20768 28933
20770 36621
20770 39915
20772 30675
20772 30950
20772 39192
20772 39251
20773 35211
20774 29862
20774 32696
20775 29743
20775 36617
20775 36982
20775 37473
20777 25713
20777 33493
20778 20784
20778 29522
20778 33318
20778 33448
20780 21893
20780 26714
20780 30970
20781 21948
20781 23360
20781 30958
20781 34047
20781 35410
20781 36378
20781 38495
20782 20818
20782 27072
20782 36710
20784 21357
20784 37124
20785 26362
20788 24141
20788 25394
20788 35484
20788 36980
20788 37721
20789 37627
20789 37922
20790 27183
20791 31200
20791 32711
20792 28040
20792 32704
20792 38651
20794 30523
20794 34262
20794 34435
20796 25541
20796 33605
20797 34100
20797 35350
20798 28664
20798 32627
20799 28572
20799 31115
20800 26445
20800 38250
20802 37662
20805 35900
20806 26081
20807 26282
20807 30429
20808 21706
20808 23706
20809 31866
20811 35106
20813 36148
20814 21567
20814 35364
20814 37182
20815 28907
20816 31592
20816 31952
20817 23024
20817 24178
20817 24436
20817 34874
20817 37479
20818 23781
20818 39826
20819 30827
20819 33999
20820 26974
20821 20991
20821 35913
20821 38783
20822 29657
20822 34342
20823 24443
20823 29964
20824 22638
20824 31605
20824 36189
20826 27575
20826 28174
20826 34771
20826 34915
20827 25319
20828 24151
20828 31717
20828 38758
20829 26533
20831 27379
20831 29270
20831 30992
20832 24812
20832 26020
20832 28522
20832 28909
20832 36791
20833 25015
20833 28581
20834 28693
20834 31432
20834 37894
20835 29389
20835 33918
20835 35446
20835 35746
20836 27038
20836 38719
20837 21073
20837 25395
20838 20943
20838 24313
20838 38479
20839 21269
20839 28744
20839 30924
20839 32782
20840 35285
20842 21962
20842 21996
20842 32881
20844 23998
20844 29080
20844 29111
20845 22129
20845 23362
20845 26602
20846 21656
20846 25465
20846 33407
20847 23617
20847 23945
20847 26842
20847 31246
20847 38630
20848 27341
20848 37403
20849 29787
20849 32051
20849 38049
20850 29092
20851 28335
20851 33130
20852 33218
20852 33932
20853 30238
20853 37198
20854 26262
20854 34411
20856 31096
20856 37076
20856 38482
20857 27388
20857 30697
20859 39032
20860 31646
20860 38829
20860 39395
20861 34403
20861 37139
20862 35920
20863 27363
20863 36348
20863 39627
20864 28620
20865 34000
20866 34321
20867 22736
20867 36234
20868 25700
20868 30849
20871 26592
20872 21994
20872 24802
20872 39629
20874 23777
20874 28098
20874 35757
20875 21853
20875 23612
20875 26455
20875 35904
20876 25701
20876 26063
20876 26082
20876 35739
20877 22945
20877 34306
20878 23651
20878 37510
20879 28138
20879 29203
20879 33043
20879 36134
20880 24158
20880 33137
20880 36445
20880 39864
20881 25837
20881 29674
20881 30460
20882 31858
20882 36544
20883 35809
20883 37679
20884 21625
20888 33959
20888 37039
20889 29839
20891 23156
20892 26686
20892 31150
20892 32267
20893 24378
20893 31316
20894 23575
20894 38867
20895 23034
20897 25819
20898 31997
20898 36120
20899 31009
20900 23373
20900 30517
20900 36638
20901 28921
20901 39542
20902 30244
20902 39536
20903 21803
20903 35586
20903 38437
20904 29552
20904 35550
20905 26953
20906 33163
20907 32746
20907 39622
20908 31178
20908 35236
20909 33814
20910 24672
20911 33384
20912 34483
20912 36053
20913 24225
20913 27569
20913 38414
20914 21403
20914 30999
20914 31369
20915 21759
20915 31843
20915 38288
20916 25722
20916 31877
20916 33694
20916 35651
20916 39456
20917 30507
20917 30996
20917 34620
20917 37712
20917 39428
20918 29866
20918 36868
20918 38378
20919 23888
20919 38430
20921 23564
20921 23956
20922 26756
20922 33086
20922 36210
20922 37282
20923 28996
20924 24164
20924 39793
20925 28971
20925 29634
20925 34280
20926 25436
20926 25781
20926 29946
20927 38862
20928 24331
20928 26582
20928 36053
20929 33977
20929 34991
20930 36689
20931 26533
20934 34029
20935 25518
20935 35067
20935 38918
20935 39754
20936 20983
20936 21357
20937 37216
20938 22212
20938 30445
20938 39926
20939 22608
20939 33237
20939 39427
20941 24598
20941 39411
20942 24731
20942 28077
20942 39906
20943 26864
20943 27143
20943 29065
20943 34109
20944 29233
20944 34867
20944 38784
20945 30737
20946 28941
20947 34216
20947 37696
20948 27621
20949 28001
20949 37807
20950 23901
20950 26126
20950 28977
20950 36915
20951 25124
20951 36928
20954 25733
20954 34067
20955 26472
20955 35652
20956 36594
20956 38729
20958 22114
20959 21315
20960 21581
20960 25376
20960 30209
20961 26004
20961 26943
20961 28454
20961 37550
20962 21517
20962 25740
20963 33045
20964 27891
20964 39522
20966 29712
20966 33325
20966 33600
20967 26407
20967 26410
20967 27068
20968 23016
20968 26110
20968 30161
20968 31582
20968 33277
20969 23987
20969 27393
20970 33082
20970 35542
20970 36485
20971 37367
20972 36628
20972 38970
20973 27521
20975 23540
20975 26878
20977 35299
20977 35356
20978 27380
20978 29665
20978 33525
20978 36238
20978 39871
20979 22603
20979 35534
20980 32056
20980 34869
20981 29302
20981 32610
20981 37597
20981 37974
20982 23712
20983 22282
20983 30857
20983 33873
20984 25699
20984 34908
20984 35315
20985 34373
20985 35130
20986 26453
20986 30370
20986 35213
20987 28431
20987 29312
20987 33816
20988 26887
20988 33251
20988 36653
20989 34670
20989 38464
20989 39426
20990 34011
20990 37097
20991 25304
20992 25988
20993 24404
20994 39592
20994 39752
20995 28662
20995 30565
20996 25140
20996 33185
20996 39884
20998 22936
20998 36485
20999 32046
21000 25584
21000 37154
21002 27262
21003 25599
21003 32082
21004 26982
21004 39372
21005 35587
21006 26928
21006 36129
21007 25814
21007 34538
21008 22280
21008 35928
21009 31179
21009 33054
21011 31692
21012 24024
21012 31927
21013 36505
21013 36738
21014 21483
21014 31303
21014 36492
21015 21206
21015 34085
21016 26570
21016 28285
21017 38820
21018 21987
21019 30447
21019 33933
21020 30601
21020 33946
21022 30813
21023 36477
21024 22540
21024 22555
21025 21245
21025 36380
21026 24263
21026 30607
21026 37139
21028 33775
21028 34851
21029 29368
21030 32906
21030 35199
21032 35193
21033 29238
21033 30485
21033 36223
21033 36729
21033 38567
21034 22633
21034 39900
21035 28776
21037 25395
21037 27767
21037 27867
21038 27399
21038 33207
21039 31784
21039 35517
21039 37302
21041 25286
21041 36550
21042 24122
21042 24393
21042 27313
21042 27691
21042 30733
21042 38281
21042 39519
21043 29672
21044 25727
21044 32517
21045 22284
21045 30977
21046 22188
21046 34000
21046 39096
21047 25405
21047 30979
21047 39757
21048 34135
21049 37797
21051 32847
21052 22503
21052 27560
21054 23033
21054 35376
21055 24340
21055 25800
21056 31571
21056 34993
21057 24832
21057 24880
21057 29449
21058 26661
21059 23544
21059 30396
21060 23119
21060 23885
21060 38666
21062 23999
21062 28152
21062 32409
21062 38636
21064 33162
21065 26619
21066 24279
21066 29605
21066 35997
21066 38511
21066 39603
21068 21467
21069 28541
21069 39262
21070 23008
21070 29933
21070 30941
21070 33126
21070 39380
21071 33008
21071 34291
21072 39741
21073 26087
21074 25137
21074 26735
21074 30414
21076 21108
21077 37980
21077 38254
21078 26140
21078 30464
21078 34777
21078 36525
21079 28298
21079 35469
21081 23792
21081 28100
21081 30691
21081 33463
21082 27849
21082 39199
21082 39852
21083 22078
21083 25210
21083 34006
21084 30627
21085 21470
21085 26864
21085 30356
21086 21890
21087 33844
21088 22130
21089 34579
21090 22605
21090 26391
21090 36762
21090 37588
21091 22582
21091 27278
21091 27614
21092 32700
21093 38117
21094 29711
21095 28090
21095 33457
21095 34629
21095 39545
21096 31504
21096 34877
21097 33909
21099 27452
21099 31967
21099 35734
21100 29942
21100 30172
21100 31654
21101 21166
21101 36434
21101 37911
21102 29667
21102 38214
21103 31079
21103 38370
21104 36850
21105 27213
21105 29906
21105 31420
21106 21560
21106 21975
21106 30329
21107 25614
21107 37513
21108 23291
21108 26690
21108 27563
21108 35006
21109 37238
21110 25543
21111 35385
21112 32839
21113 25641
21113 34243
21114 28345
21115 31696
21115 32446
21116 35261
21117 21430
21117 27534
21117 39215
21118 23220
21118 29160
21118 33014
21118 36093
21120 26350
21120 31035
21120 33165
21120 38861
21121 33433
21122 26670
21123 30727
21124 30258
21124 30743
21124 35925
21124 35975
21126 26938
21127 34642
21129 28217
21129 29629
21131 22677
21131 27878
21131 30536
21131 32993
21131 34768
21132 25114
21132 29974
21133 21276
21133 21717
21133 30081
21134 21787
21134 25715
21135 27565
21135 30469
21135 34679
21135 38242
21136 24796
21136 32392
21137 31333
21138 26627
21139 24810
21141 31634
21141 31638
21142 25278
21142 28733
21143 22357
21143 28346
21144 25202
21145 23865
21145 36915
21147 28433
21147 39554
21148 27126
21149 27699
21149 35640
21149 37500
21150 26549
21151 26267
21151 30744
21151 34773
21152 24564
21152 34651
21155 30432
21155 33894
21155 35022
21156 28287
21156 32509
21158 27314
21158 33358
21158 34096
21159 22485
21159 30301
21159 31342
21159 37756
21160 29257
21161 28857
21163 30103
21164 30557
21164 32388
21164 32940
21164 35283
21164 39425
21166 31342
21166 32745
21167 30379
21167 38724
21168 23856
21168 30683
21168 34276
21169 36319
21169 39166
21170 22594
21170 25868
21170 35643
21170 37961
21171 25990
21171 28704
21171 30847
21171 38075
21172 28879
21172 29083
21172 33833
21173 32034
21173 32125
21173 35570
21174 22007
21174 30282
21175 33573
21175 38621
21176 22140
21176 31222
21176 39381
21177 23672
21177 24250
21177 39096
21178 28711
21178 29769
21179 22764
21179 35586
21180 22196
21180 27024
21180 27558
21180 33338
21181 25339
21181 34020
21181 35192
21183 24895
21183 27514
21183 32970
21184 27367
21184 37462
21185 39624
21186 28465
21187 25412
21189 21667
21189 27786
21190 27359
21191 34233
21192 24508
21192 26270
21192 32423
21192 36030
21192 37351
21193 31777
21195 26658
21195 31810
21195 35383
21196 23246
21196 35063
21197 27327
21197 28414
21197 35227
21198 35309
21201 36554
21202 24193
21202 25477
21202 34697
21203 21344
21203 35257
21204 32341
21204 34897
21206 23855
21207 30750
21208 31306
21208 38369
21209 25182
21209 33154
21211 37782
21212 28724
21212 35794
21213 36831
21214 24943
21214 30709
21216 21684
21217 28222
21218 27163
21218 32637
21220 34344
21220 39670
21221 34419
21221 38442
21222 21526
21222 23992
21222 33675
21222 38545
21223 35109
21224 31265
21224 35386
21225 21547
21225 35355
21225 36871
21226 37968
21226 38224
21227 21773
21227 24848
21227 29172
21227 39864
21229 30486
21229 38028
21230 30874
21230 34836
21232 32613
21232 35073
21233 25530
21233 25872
21233 32193
21233 39576
21234 34028
21235 36860
21235 38918
21236 29786
21236 38473
21236 38915
21238 28617
21238 35170
21239 27303
21240 23013
21240 30706
21240 32250
21241 35203
21242 21352
21242 39578
21243 31350
21244 33058
21246 33978
21246 35847
21246 36262
21249 23256
21250 26715
21251 26687
21251 30867
21251 35709
21252 36356
21253 25458
21254 23696
21258 23699
21259 37346
21260 26843
21260 27249
21260 36325
21262 28702
21262 39688
21263 27813
21264 22381
21264 22957
21264 24990
21264 27537
21264 37098
21266 21799
21266 25932
21266 38442
21267 31154
21267 38297
21268 28591
21268 31982
21268 35482
21269 33577
21269 34437
21270 38350
21271 25326
21271 27486
21271 28464
21271 34485
21271 39759
21274 29173
21274 32942
21276 27835
21277 27005
21277 28155
21278 27973
21278 37768
21279 22503
21279 30194
21280 29134
21280 36266
21281 21941
21281 36990
21282 28282
21282 31000
21282 31716
21283 26194
21283 28502
21283 33060
21283 33791
21283 35712
21283 39227
21284 24025
21285 30357
21285 35242
21286 26317
21286 31473
21286 37639
21288 26469
21288 30335
21288 33842
21289 24308
21289 38090
21290 38437
21290 38693
21291 31670
21292 30218
21292 35702
21292 38254
21293 25879
21293 29308
21293 39474
21294 30810
21294 32266
21295 22376
21295 31036
21297 23969
21297 25022
21297 27084
21297 39249
21298 23775
21298 25658
21298 31576
21299 31020
21300 23180
21300 25899
21301 31878
21301 36299
21302 28464
21302 31832
21302 38285
21302 39936
21303 21530
21303 39902
21305 21625
21305 32892
21305 36930
21306 30937
21307 22776
21307 35819
21308 30117
21308 30236
21308 34390
21308 36333
21308 36666
21309 39240
21312 22320
21312 26803
21312 29526
21313 22340
21313 23022
21314 25043
21314 27198
21314 39681
21315 39248
21315 39911
21316 23632
21317 22818
21317 27553
21317 30641
21318 32583
21319 26565
21320 26378
21320 29398
21320 31511
21320 36664
21322 22322
21322 22942
21322 25071
21322 36465
21323 28629
21324 22897
21325 30533
21326 31269
21327 34263
21328 23104
21328 30757
21329 24449
21329 24629
21329 28058
21329 29063
21329 30009
21329 31567
21329 38469
21330 24973
21330 26675
21331 21452
21331 35000
21331 35555
21331 39742
21332 28949
21332 33379
21332 37130
21332 37805
21333 24722
21334 29428
21335 26472
21335 33216
21336 23546
21336 32573
21337 24933
21337 28834
21338 22747
21339 25590
21341 25580
21342 21717
21342 25201
21342 33289
21342 35442
21342 36203
21343 30841
21343 32224
21344 28554
21344 37552
21345 27636
21345 28016
21345 32927
21346 23556
21346 36841
21347 23555
21347 31886
21348 22476
21348 25352
21348 30658
21348 36405
21349 36343
21349 37208
21350 22376
21351 28196
21352 24202
21352 31490
21353 25529
21354 26919
21354 37995
21355 22453
21355 27227
21355 27759
21355 31162
21355 37263
21355 39457
21356 39296
21357 24022
21357 36588
21358 22085
21359 38940
21360 33870
21360 35189
21361 31015
21361 31608
21361 35377
21362 25923
21362 39541
21363 39005
21364 27343
21364 36817
21364 38208
21365 36374
21365 36781
21366 30405
21368 26656
21368 32542
21368 34307
21370 31082
21370 38560
21371 38587
21372 24091
21372 32355
21372 32804
21374 21946
21374 22715
21374 22882
21374 24625
21374 30734
21376 22785
21376 27786
21377 28481
21377 34350
21377 34853
21377 39811
21379 23500
21380 24940
21380 26879
21381 24085
21381 25294
21381 38568
21382 28968
21383 22991
21383 36070
21383 38724
21384 31993
21384 32979
21384 35378
21385 22267
21385 33488
21386 33772
21387 25361
21387 26432
21387 36934
21387 38132
21389 22680
21389 23753
21389 26042
21390 21973
21390 27642
21390 30617
21390 31844
21391 34132
21392 22649
21392 25206
21392 26507
21392 38672
21393 27192
21393 29993
21394 32882
21394 33664
21395 25074
21396 30566
21396 31900
21397 35671
21398 27063
21398 34878
21399 32889
21400 27021
21400 32072
21401 22221
21401 25311
21401 30919
21402 33045
21402 35849
21403 23366
21403 27055
21403 34885
21403 36271
21404 21863
21404 35229
21405 31994
21406 23079
21406 29263
21406 37209
21407 36759
21408 38447
21409 30445
21409 33008
21409 34740
21409 38055
21410 23191
21410 28155
21411 31573
21411 35149
21412 23058
21412 25487
21412 34350
21413 23087
21413 24776
21413 27017
21413 37674
21415 26155
21415 33926
21415 35595
21416 23076
21417 22271
21417 37776
21417 39959
21418 24100
21418 34114
21420 31646
21421 28266
21421 33642
21421 34147
21423 29323
21423 34056
21423 39952
21424 25882
21425 33136
21427 21811
21429 30593
21430 29614
21431 30263
21432 28291
21432 29211
21433 31604
21433 38766
21434 24197
21434 29623
21435 39461
21436 29855
21436 39049
21437 37867
21438 25689
21438 31417
21439 22488
21440 37006
21441 21600
21441 25834
21441 27539
21441 28584
21441 30068
21441 32860
21442 30696
21444 35714
21444 36783
21445 32003
21447 22271
21447 35682
21447 37096
21448 26028
21448 36468
21449 27012
21449 29209
21449 29918
21449 36338
21450 21868
21450 24046
21450 30811
21450 37622
21452 22053
21452 26452
21452 37641
21452 38524
21453 23107
21453 29196
21455 21491
21455 24873
21455 26656
21455 29753
21455 39570
21456 21966
21456 26094
21456 30929
21456 33628
21457 33753
21457 38090
21458 23803
21458 24212
21458 36485
21460 31840
21461 21994
21461 27269
21461 32538
21462 23570
21462 25960
21462 38925
21463 28439
21465 24501
21465 30686
21465 33822
21466 32326
21466 34277
21467 23264
21467 24619
21468 26269
21468 33960
21470 28694
21471 23292
21471 26618
21471 33240
21472 24471
21472 28316
21473 26272
21473 29313
21473 32034
21473 35734
21476 36262
21477 30132
21477 38553
21478 27581
21478 31818
21478 34068
21478 39068
21479 33502
21482 32610
21482 36611
21483 22907
21484 27493
21486 39640
21487 22511
21487 35548
21488 33688
21489 23989
21490 26474
21490 34062
21492 36455
21493 21838
21493 23864
21493 33228
21493 35247
21493 38290
21494 24948
21494 25165
21494 32957
21494 37342
21495 22426
21495 28233
21496 26537
21497 30498
21497 37749
21498 25994
21498 30583
21498 37953
21499 35755
21499 39461
21500 26371
21500 29843
21500 35029
21501 35419
21502 37901
21503 22792
21503 29962
21503 39369
21505 22509
21505 25462
21505 38035
21506 24295
21506 24897
21506 30535
21506 35492
21506 37232
21507 27475
21507 36082
21507 38171
21507 38942
21509 25848
21509 32687
21509 35311
21510 27526
21510 38762
21510 39612
21511 27078
21512 32987
21512 34494
21513 27240
21517 24232
21517 26085
21517 31251
21517 38421
21518 25006
21518 29140
21518 38771
21520 36919
21522 26087
21522 30866
21522 33528
21522 39625
21523 28928
21524 30577
21524 33284
21525 36714
21528 35441
21528 39585
21529 33520
21529 37065
21530 21786
21530 39060
21532 25793
21532 35667
21533 28070
21533 33252
21535 33341
21537 30783
21537 37025
21538 23093
21541 22948
21542 27946
21543 30283
21543 36609
21543 38813
21544 39405
21545 22508
21545 26281
21545 36128
21545 36720
21546 32827
21546 36724
21546 38871
21547 23976
21547 28139
21548 28029
21549 25276
21550 26803
21551 27116
21552 37811
21553 26900
21554 21592
21554 28204
21554 36782
21554 37983
21554 39592
21555 23654
21556 22738
21556 36361
21557 30332
21557 36896
21558 31633
21558 39506
21559 23069
21559 36601
21561 23501
21561 33469
21562 23362
21563 29096
21563 39982
21565 27049
21565 32199
21566 28962
21566 38759
21567 33388
21567 33404
21567 34159
21568 35068
21569 30152
21569 33738
21571 36534
21571 39881
21572 30176
21573 23506
21573 23977
21573 34357
21573 35194
21575 22150
21575 22562
21575 31646
21575 39251
21578 30198
21578 36296
21579 34709
21579 35995
21581 25638
21581 28336
21581 33118
21582 28236
21582 32786
21582 35434
21583 26853
21583 27441
21583 33438
21583 39280
21584 22893
21585 24114
21585 25089
21585 30768
21585 36711
21585 38364
21585 39886
21586 22060
21586 32410
21587 27900
21588 28700
21588 29118
21588 29218
21588 33928
21589 23994
21589 30699
21589 35982
21589 39398
21590 25798
21590 28076
21590 38605
21591 25052
21591 25813
21592 22153
21592 22816
21592 34214
21592 34330
21592 37715
21593 29075
21593 34440
21593 35803
21594 23512
21594 24423
21594 29207
21596 27005
21596 31587
21597 31386
21597 35645
21597 36798
21598 25069
21598 25899
21598 29432
21599 24339
21599 25917
21599 27760
21600 34951
21600 39262
21601 35630
21602 22285
21602 27250
21602 33217
21602 35996
21604 21911
21604 37069
21605 35227
21606 23025
21606 35713
21606 35790
21607 27489
21608 32760
21608 33580
21609 21963
21609 30826
21609 32271
21609 38407
21610 24753
21613 32308
21614 23343
21614 36751
21615 33216
21615 37281
21616 24164
21616 34518
21617 26918
21617 34491
21618 33421
21618 35595
21619 24166
21619 30115
21619 33293
21620 36407
21621 27077
21621 32117
21621 39508
21623 29334
21623 34162
21624 26013
21624 33562
21624 35218
21624 37843
21625 35006
21625 35865
21625 37864
21625 38899
21627 35000
21627 35544
21628 25584
21628 26120
21628 28334
21629 23101
21629 25663
21629 35905
21630 25284
21630 30102
21631 23572
21631 39926
21632 21825
21632 23096
21632 25578
21632 38552
21633 38626
21634 39077
21635 39119
21636 39745
21637 26101
21637 27587
21637 32280
21637 37076
21639 29863
21639 32452
21639 39552
21640 22770
21640 30270
21642 27959
21642 30997
21642 39921
21643 39313
21644 24631
21644 28081
21644 35821
21644 38296
21645 29773
21646 29372
21646 33660
21648 29678
21649 31251
21649 34258
21649 37960
21650 36752
21650 36931
21651 22015
21651 27698
21651 36872
21653 25312
21653 36030
21655 39714
21656 24178
21656 36445
21657 32055
21657 39054
21658 28989
21659 34195
21660 39359
21661 26005
21662 25023
21662 30160
21663 24565
21663 34682
21664 23472
21664 28444
21664 29612
21666 27686
21667 30983
21668 29997
21668 37437
21669 27497
21669 35400
21669 38156
21670 22335
21671 31802
21672 28870
21673 37106
21674 29760
21674 36786
21675 25524
21675 39434
21676 24193
21676 30206
21677 25893
21678 26103
21678 28991
21678 30395
21678 30445
21680 22297
21681 23104
21681 36094
21682 39051
21683 22194
21683 24671
21683 31922
21683 38687
21685 28778
21687 25841
21688 33325
21688 33456
21689 23234
21689 29991
21691 22113
21691 23754
21691 37813
21692 35728
21692 39278
21693 22251
21693 23165
21693 27380
21694 29843
21694 31933
21694 33195
21696 29920
21697 30267
21698 31474
21698 38221
21699 35594
21700 29638
21700 30392
21700 39089
21701 27608
21702 22995
21702 26126
21703 27603
21703 30279
21703 38376
21703 39019
21704 31616
21704 38298
21705 22408
21706 33782
21707 30930
21709 37611
21710 31742
21711 25892
21711 36645
21712 33099
21712 35673
21713 34568
21714 24576
21715 24052
21715 38885
21716 33257
21717 30300
21717 30327
21717 31999
21718 26035
21718 26785
21718 30757
21718 31290
21718 36379
21719 24827
21719 34897
21719 37249
21720 32626
21721 27996
21721 33701
21721 39219
21722 31148
21722 33743
21723 32434
21723 33603
21725 37922
21726 32135
21727 33585
21729 29056
21729 30496
21729 35890
21730 32378
21731 21951
21732 23292
21732 23638
21733 28661
21733 34033
21734 39336
21735 31894
21735 32623
21736 24008
21736 31720
21736 32674
21736 36534
21737 27510
21737 34620
21737 38365
21740 32147
21740 38446
21741 23671
21741 36385
21743 27294
21744 27775
21744 29192
21747 25067
21747 35445
21748 21857
21748 30199
21749 24340
21749 28495
21749 33135
21750 21854
21750 28000
21751 29179
21751 39484
21753 23730
21753 30378
21755 27391
21755 39824
21755 39861
21756 23505
21756 32827
21757 28420
21757 35575
21758 29026
21759 29309
21759 30130
21760 27349
21760 27827
21760 31165
21760 35290
21761 27810
21762 22089
21762 25515
21762 37359
21763 37323
21764 33289
21767 27079
21767 35723
21767 36556
21767 37141
21770 28357
21770 34098
21772 29276
21772 39192
21773 21941
21773 23581
21773 32274
21773 35184
21774 24985
21774 25277
21774 30532
21774 31188
21775 21810
21775 23403
21776 23755
21776 24462
21776 30048
21777 23390
21778 26306
21778 30789
21778 39622
21779 25992
21779 34194
21780 24852
21780 33219
21781 30332
21782 24358
21782 32618
21782 36576
21782 39999
21783 33986
21784 24112
21784 39680
21785 39042
21786 22282
21786 28616
21786 29880
21786 32518
21786 34547
21786 39587
21787 30332
21788 22454
21788 31810
21788 35884
21789 30479
21790 27111
21791 34136
21791 36180
21792 29400
21794 33302
21794 37004
21795 24790
21795 26721
21795 27371
21795 37922
21797 22630
21797 27885
21797 35200
21798 28849
21798 32280
21799 24917
21799 30730
21799 34157
21800 21937
21800 25508
21800 30742
21800 32744
21802 23621
21803 21940
21803 28529
21803 39532
21803 39856
21804 22338
21804 33895
21805 39148
21807 28762
21808 21904
21808 34511
21808 36505
21809 26454
21809 31281
21809 35804
21811 28408
21811 35291
21812 28970
21812 29278
21812 35409
21814 34058
21815 36806
21815 39986
21816 21976
21816 34084
21818 34491
21820 22998
21820 31741
21821 28937
21821 38442
21822 24473
21823 22146
21823 23921
21823 27235
21823 38083
21824 35780
21824 37109
21827 34345
21827 37562
21828 21866
21828 30523
21828 31295
21829 28427
21829 36338
21830 39791
21831 30848
21831 30852
21831 32625
21832 22826
21833 23248
21833 31383
21833 33479
21834 35006
21835 27516
21835 34026
21835 39081
21837 27561
21838 22971
21838 25940
21838 26373
21838 28445
21839 27263
21839 30016
21839 33864
21841 34311
21841 37823
21842 31970
21844 31398
21844 39306
21844 39576
21845 29096
21847 34468
21847 37337
21847 37560
21848 22870
21849 23742
21849 30506
21849 36713
21850 29275
21850 29399
21850 31908
21850 32951
21852 27433
21853 27872
21853 30902
21854 24345
21854 26272
21854 39055
21855 22020
21855 24906
21855 31951
21857 31987
21857 32466
21857 38035
21858 36502
21859 27172
21859 39530
21860 25887
21860 29147
21860 29352
21860 29381
21862 26260
21862 28971
21863 25060
21863 31737
21864 21983
21864 37938
21866 23022
21867 24276
21867 28815
21867 34560
21867 39778
21868 28466
21868 35849
21871 25625
21871 26529
21871 29497
21872 23259
21874 22783
21874 26371
21875 27134
21875 37130
21875 37212
21876 25273
21876 38242
21876 39827
21877 29187
21878 34100
21878 35805
21878 39566
21879 32627
21880 23631
21880 28684
21881 30063
21881 33440
21881 34992
21881 38851
21882 30638
21882 35218
21883 30123
21884 27668
21885 28324
21885 31152
21885 31996
21885 33195
21885 35787
21886 27675
21887 29303
21887 30056
21887 39918
21888 36887
21889 23748
21889 32119
21890 23653
21890 33928
21890 36296
21891 30323
21891 31192
21892 24668
21892 27129
21892 28484
21892 36041
21893 24767
21894 22247
21895 25140
21897 38060
21899 23381
21899 35333
21901 26395
21902 25839
21902 35428
21905 21937
21905 27629
21905 33435
21907 33735
21908 28160
21908 34292
21908 36110
21909 29439
21909 30096
21909 39899
21910 24655
21910 35663
21911 38616
21912 23148
21912 30917
21912 30974
21912 31172
21912 31177
21913 34495
21913 38447
21915 24023
21915 25679
21915 37153
21915 38361
21916 29428
21916 30965
21918 27531
21918 29613
21918 32050
21918 39656
21919 30250
21919 34294
21919 36495
21919 36506
21920 32549
21920 37862
21922 26114
21922 36570
21923 24295
21923 34905
21923 37305
21924 22431
21924 30631
21924 31907
21924 33205
21924 34574
21925 24518
21926 37324
21926 39695
21927 26443
21927 27390
21928 22985
21928 34209
21928 35275
21929 28506
21929 28640
21929 30945
21929 38568
21930 29183
21930 34577
21930 34902
21930 37597
21931 23147
21931 35253
21931 36872
21932 24434
21933 22008
21933 27040
21933 28569
21934 23195
21934 36714
21935 23038
21935 35687
21936 30586
21936 31150
21937 24015
21938 29965
21941 33902
21941 34679
21941 34978
21941 38079
21943 31602
21943 32433
21943 34024
21943 36477
21945 24005
21946 26456
21946 28362
21946 36724
21948 31337
21950 35778
21951 34597
21952 24671
21952 28616
21952 34592
21953 27943
21953 35469
21953 38676
21955 34043
21955 37218
21956 27778
21956 35964
21958 34748
21958 38319
21959 38155
21960 23755
21960 26558
21960 36428
21961 25744
21962 35487
21962 36299
21963 22545
21963 22623
21963 26845
21963 30914
21963 31953
21964 25965
21964 28750
21965 24338
21965 26822
21965 28618
21965 30122
21965 34195
21966 28613
21966 29485
21966 33537
21967 31448
21967 38613
21968 23692
21968 24277
21968 25129
21968 32536
21969 32293
21969 33140
21970 22302
21970 26510
21970 31235
21970 38341
21971 29891
21973 28900
21973 29500
21974 23327
21974 23571
21974 27910
21975 27937
21975 33445
21975 34771
21975 36296
21977 24068
21977 36917
21978 23948
21978 33003
21978 34916
21979 22823
21979 29110
21979 30144
21979 37542
21980 22282
21980 27108
21980 29513
21980 30589
21980 35069
21981 28556
21982 22909
21982 26462
21982 29210
21982 38194
21983 22682
21983 37967
21983 39130
21984 34709
21984 34859
21986 31809
21986 32129
21987 27368
21987 31217
21987 37814
21988 24079
21988 29352
21991 23924
21991 24308
21991 32058
21993 23324
21993 23638
21993 25261
21993 32878
21993 34706
21994 25758
21994 30605
21994 33025
21994 39190
21995 27645
21996 28002
21998 29731
21998 39204
21999 27685
21999 33197
21999 36750
21999 38908
22000 39598
22002 22381
22002 22480
22002 30106
22003 23974
22004 34575
22005 27719
22005 30422
22005 30903
22005 31672
22005 34576
22005 38693
22006 24394
22006 28582
22008 28383
22008 29058
22009 23835
22009 27885
22010 24941
22010 35963
22011 26938
22011 29077
22011 29240
22012 24054
22012 32210
22012 38792
22013 24040
22013 25860
22013 37700
22013 38397
22014 24306
22014 36677
22014 39680
22015 34695
22015 36759
22015 38914
22018 31366
22018 38125
22019 34000
22020 23553
22020 35766
22021 22339
22021 39945
22023 25755
22023 35029
22024 25228
22024 30530
22024 31577
22025 26003
22025 26897
22025 34614
22026 26663
22028 28525
22028 37085
22029 33004
22029 36117
22029 37974
22030 28966
22030 30410
22031 28620
22032 24929
22032 32154
22032 33936
22032 37776
22032 39393
22033 33067
22034 25728
22034 28115
22034 32750
22035 29017
22035 34351
22035 34717
22035 35713
22035 39160
22036 31427
22037 27784
22038 33771
22038 39947
22039 30923
22039 33127
22039 36099
22040 31870
22040 33097
22040 33272
22040 37413
22042 27844
22042 28203
22042 28379
22042 34531
22043 23272
22043 34522
22044 23019
22044 25090
22044 31534
22044 31685
22045 26612
22045 26854
22045 29590
22045 39493
22046 26828
22046 32214
22046 38043
22047 30446
22047 32229
22047 32756
22047 35948
22048 37536
22049 25257
22049 29898
22049 37725
22051 23866
22051 25515
22051 28204
22051 33475
22051 35508
22052 25019
22052 30030
22053 22365
22054 27220
22054 29108
22054 31400
22054 36578
22055 22240
22055 27807
22056 23360
22056 32339
22056 38744
22057 29827
22057 29911
22058 25657
22058 29873
22059 38110
22060 38643
22060 38794
22061 37432
22061 38239
22062 25819
22064 29637
22064 30729
22065 31533
22067 27176
22068 37153
22069 24319
22069 25761
22069 30865
22069 31531
22069 37933
22070 31001
22070 34311
22071 25619
22071 34001
22072 34944
22073 26065
22073 32306
22074 35054
22074 37546
22075 31659
22076 23807
22076 30083
22076 31427
22076 31588
22077 24862
22077 28328
22078 25270
22079 32745
22080 26500
22080 30390
22081 28128
22081 30174
22081 38679
22082 25063
22083 26421
22083 31494
22084 31815
22084 36389
22085 24595
22086 30036
22086 33191
22087 22435
22088 34917
22089 26718
22089 27891
22090 28757
22090 34444
22090 37578
22090 39279
22091 24592
22091 26012
22091 28357
22091 32542
22091 34652
22093 30198
22093 38155
22094 26177
22094 34418
22094 38688
22095 24328
22095 31350
22095 37497
22096 25074
22096 31693
22099 25705
22099 27052
22100 28085
22100 35952
22100 38314
22101 24314
22103 25050
22103 27181
22103 28242
22103 37079
22104 33626
22105 35968
22106 22910
22106 32074
22106 38053
22107 24335
22108 36053
22110 33825
22110 39654
22111 25567
22112 27283
22113 38687
22114 23739
22114 27957
22115 22197
22115 28492
22115 36367
22115 37752
22115 37783
22116 23210
22116 32318
22117 27209
22118 22422
22118 33600
22119 23527
22119 34557
22119 35034
22120 37387
22121 36279
22121 39431
22122 26214
22122 30644
22122 31929
22122 37063
22123 30405
22124 26366
22124 30063
22124 35492
22124 39509
22125 29476
22125 31528
22126 24286
22126 29216
22126 30163
22126 35460
22127 29471
22127 36518
22128 28984
22128 36591
22129 24665
22130 22760
22130 31096
22131 30978
22131 31172
22131 34056
22133 27990
22133 28004
22133 32472
22134 24460
22134 28805
22135 33707
22135 37259
22137 26485
22137 31225
22137 33480
22139 35582
22141 22202
22141 22386
22142 22848
22142 26531
22145 22476
22146 38781
22146 38782
22147 27080
22147 32586
22147 36439
22147 39572
22149 25211
22149 26924
22149 39824
22151 23896
22151 25998
22151 39465
22153 24359
22153 30267
22153 32170
22153 38086
22154 36186
22155 25505
22155 33128
22155 35655
22157 22536
22157 33330
22158 30761
22158 38689
22158 38767
22159 24373
22159 25848
22159 28584
22159 32159
22159 33976
22160 22643
22160 39211
22161 29592
22161 30854
22161 31313
22162 26374
22162 29799
22162 32198
22163 23910
22163 32601
22163 38293
22163 39980
22164 22516
22165 32360
22165 34482
22166 29787
22168 25741
22168 25929
22168 34347
22169 25205
22169 28218
22169 31400
22169 34286
22169 35909
22170 33462
22172 24220
22172 37828
22173 24495
22173 30553
22174 25124
22174 28402
22174 33556
22175 33036
22175 33879
22176 22952
22176 25752
22176 32975
22176 35219
22177 32614
22177 34130
22177 36607
22178 24796
22178 39637
22179 22539
22179 27813
22179 33856
22179 38175
22180 28206
22180 34202
22181 32995
22182 38251
22183 38034
22184 22438
22184 30561
22185 36604
22186 39137
22187 32913
22187 38844
22188 22684
22189 25761
22189 30365
22189 32976
22189 36258
22190 25079
22190 27704
22191 25280
22191 37487
22192 32439
22193 28805
22194 37284
22195 30906
22195 36433
22196 27182
22196 37978
22197 34170
22198 22951
22198 29888
22198 32139
22200 26942
22200 35475
22200 36969
22201 31571
22201 37287
22201 39636
22202 30518
22202 32119
22203 22368
22203 27035
22203 28765
22204 34350
22206 27003
22208 26511
22208 29551
22209 26419
22209 31017
22210 26129
22210 29465
22210 38533
22211 26052
22212 38462
22213 23551
22214 33620
22215 35706
22215 39490
22216 28883
22216 29566
22216 32924
22217 23292
22218 28261
22218 36930
22220 24143
22220 31411
22222 30948
22222 39230
22226 30642
22226 38080
22227 26105
22227 31643
22228 29722
22229 24215
22229 29295
22230 32444
22231 28961
22231 30830
22233 35364
22233 36824
22234 39933
22234 39969
22235 33117
22235 34401
22235 38399
22236 34318
22236 39981
22237 36837
22238 22867
22238 28841
22239 26383
22239 39358
22240 33968
22240 37637
22241 31027
22242 22572
22242 22871
22242 29996
22243 31416
22243 35847
22243 37337
22244 26328
22244 38870
22245 32523
22247 27190
22248 22704
22248 23910
22248 30066
22248 35614
22249 29414
22249 32663
22249 34994
22250 23065
22250 36743
22250 39618
22251 23355
22251 26584
22251 31133
22252 26418
22252 29134
22252 35943
22253 27100
22253 29011
22253 30664
22253 31530
22253 32523
22254 24825
22254 35276
22255 23615
22255 25663
22255 34642
22256 30565
22257 27144
22258 26630
22259 22611
22261 28991
22261 39628
22262 26528
22262 29642
22262 31987
22262 32566
22263 34745
22264 23175
22264 39516
22265 25739
22265 26746
22265 32002
22265 34217
22265 38170
22265 39796
22266 23491
22266 30911
22267 29427
22267 36304
22267 37033
22269 26950
22269 28516
22270 28451
22271 23344
22271 28104
22271 31543
22271 36748
22272 23848
22273 22529
22273 28176
22274 26238
22274 36225
22274 36888
22274 38566
22276 24979
22276 27025
22276 28934
22278 25417
22278 30729
22279 36402
22279 39565
22280 32992
22281 22922
22281 30849
22281 31948
22281 32439
22282 35935
22283 24358
22283 36015
22284 26970
22285 23674
22285 27906
22285 38557
22286 33530
22286 36333
22286 36500
22287 32131
22287 34396
22288 27542
22288 33884
22288 33967
22289 25446
22289 27192
22290 25342
22290 33359
22292 22372
22292 29914
22292 34666
22292 37052
22292 37520
22294 23254
22294 28902
22295 24091
22295 26911
22296 28222
22297 26574
22297 29904
22298 31496
22298 37211
22301 25935
22301 34034
22305 34631
22306 39137
22307 26510
22307 33327
22308 24825
22309 39991
22310 30316
22310 33384
22310 36045
22310 39886
22312 32335
22312 32898
22313 36562
22314 26351
22314 30633
22315 25630
22315 28554
22317 27585
22317 27787
22318 32000
22319 38950
22320 33947
22320 37509
22321 30595
22321 39720
22322 26440
22325 22457
22325 34112
22325 37247
22326 36789
22327 29294
22328 27832
22328 34062
22328 38676
22329 27172
22329 37431
22330 25861
22330 36315
22331 30530
22331 33766
22331 34002
22332 23727
22332 23740
22333 30140
22333 36129
22334 26164
22334 31660
22334 33198
22334 33945
22335 25337
22335 28498
22335 29655
22335 33489
22336 26275
22336 32011
22336 36771
22336 38659
22337 33758
22338 26993
22338 35796
22339 23417
22339 25245
22339 34652
22340 35250
22341 30642
22342 30047
22343 24449
22343 37638
22344 31671
22344 39661
22344 39949
22345 26866
22345 30872
22345 36733
22346 34250
22347 36315
22349 23514
22349 28873
22349 34976
22350 24847
22352 23474
22352 31996
22352 39356
22353 30231
22354 23732
22356 30892
22356 35930
22358 22498
22358 30121
22358 34588
22358 36913
22359 34881
22360 39207
22361 29848
22361 30368
22361 33331
22363 28628
22363 39734
22364 24063
22366 28567
22367 25206
22367 27536
22367 31778
22370 26596
22371 36632
22372 33189
22372 35886
22373 39261
22375 27498
22375 28439
22375 34509
22376 23096
22376 24145
22376 30161
22376 30610
22376 33423
22377 22801
22377 27219
22377 28326
22377 30589
22377 32723
22377 38117
22377 39212
22378 35031
22378 35581
22379 25632
22379 29969
22380 32643
22380 37710
22381 22669
22381 23461
22381 37935
22382 24907
22382 38489
22382 38899
22383 38315
22384 27590
22384 27736
22384 29318
22386 27579
22387 31009
22387 37632
22388 38080
22389 23656
22389 34261
22390 26354
22390 31967
22392 29438
22394 23308
22394 25977
22394 35718
22395 29528
22396 24044
22396 34468
22396 36473
22397 30835
22398 33600
22398 34749
22398 37070
22400 28919
22400 30302
22401 25542
22401 30032
22401 37227
22402 28792
22402 29448
22402 32290
22402 34313
22404 26090
22404 35552
22405 24432
22405 38689
22406 22717
22406 26637
22406 29542
22406 33674
22406 38893
22406 39107
22406 39275
22408 27059
22408 37834
22410 29877
22410 32763
22410 38726
22411 26240
22411 27277
22411 29640
22411 34331
22411 35662
22411 35945
22412 27789
22412 30607
22412 32512
22413 32790
22414 33799
22415 28465
22415 35181
22416 25584
22416 34112
22418 26633
22418 31750
22418 33190
22419 24560
22419 37821
22420 23942
22420 29520
22421 26195
22421 32942
22421 39323
22422 23174
22422 31322
22423 22681
22423 29838
22423 30110
22424 37454
22426 31456
22426 32339
22429 23196
22429 38487
22430 25200
22430 38823
22431 25873
22431 28005
22431 35140
22432 25097
22432 26083
22432 30464
22433 29516
22433 34462
22434 24673
22434 32610
22434 34482
22435 28492
22435 31940
22435 32324
22435 33235
22435 33744
22435 36331
22436 25490
22436 35658
22436 37371
22437 27843
22438 26946
22438 29360
22439 25760
22439 36344
22440 33194
22441 27397
22441 31631
22443 27571
22443 38943
22444 30626
22447 37539
22448 36892
22448 36914
22449 23093
22449 26174
22449 26768
22449 30948
22449 35149
22450 33157
22451 27948
22451 39782
22452 23633
22453 29893
22453 30679
22453 39695
22454 22818
22454 31675
22456 27258
22456 28234
22456 30222
22456 33965
22457 22540
22457 30427
22457 36873
22457 37266
22458 38566
22459 23282
22459 26404
22460 25593
22461 24070
22461 27969
22462 26677
22462 31925
22463 26981
22463 33284
22463 33438
22464 30198
22464 35129
22466 24345
22466 29750
22468 23324
22468 30137
22469 22568
22469 27367
22469 39105
22470 30220
22471 37510
22472 29078
22473 32269
22475 35247
22476 30530
22476 38509
22477 27716
22477 32039
22478 34457
22478 39229
22479 26421
22479 29238
22480 25065
22480 28335
22481 27740
22481 39623
22482 29281
22482 32885
22482 34994
22483 30261
22483 36375
22484 28880
22485 22755
22485 23509
22485 29841
22485 32173
22485 37756
22486 22930
22487 24163
22487 26372
22489 29122
22490 33284
22490 39424
22492 36229
22494 25031
22494 30050
22494 30290
22494 38410
22494 39800
22495 23706
22495 31830
22495 34495
22495 35063
22496 23060
22496 31452
22496 32681
22496 34574
22498 26612
22498 38381
22499 27221
22499 30547
22499 32577
22499 38171
22500 34772
22501 36435
22503 25123
22503 33506
22504 22565
22504 39850
22505 34213
22508 35018
22509 29547
22509 36143
22510 24907
22511 25607
22511 39628
22512 28661
22512 36174
22513 29987
22513 32336
22513 35208
22513 39972
22514 26667
22514 35646
22515 35690
22517 22748
22517 23664
22517 30147
22517 30231
22517 37610
22518 24482
22520 27442
22520 30954
22520 31562
22521 29528
22521 30443
22521 34627
22525 33095
22525 34510
22527 27855
22527 28259
22527 33908
22527 38456
22528 33163
22528 36430
22528 38167
22529 24181
22529 33734
22530 24035
22530 27608
22530 35954
22530 37496
22532 32784
22533 32401
22535 24826
22538 23248
22539 34002
22540 24011
22540 26418
22540 31799
22540 33699
22540 37534
22541 23333
22541 28375
22541 36686
22541 37703
22542 30237
22542 35973
22543 27747
22544 25098
22544 29879
22544 34371
22546 24043
22546 26999
22547 23221
22547 32783
22548 23843
22548 37201
22548 37324
22548 37515
22548 39016
22549 30161
22549 33671
22549 37571
22549 39902
22550 23483
22550 24691
22551 27425
22553 23631
22554 26391
22555 29606
22556 27280
22557 23802
22557 24656
22557 30465
22558 34686
22559 25358
22559 37248
22560 24640
22561 35085
22561 37095
22562 26250
22563 26314
22563 29447
22564 28452
22564 28570
22565 23234
22565 39769
22566 24213
22566 28717
22566 30413
22567 35191
22568 23060
22568 32331
22568 33155
22568 34669
22569 25479
22571 22584
22571 35225
22573 35736
22574 26134
22574 26642
22574 27532
22574 33180
22574 37813
22575 31177
22575 31859
22575 32652
22575 34641
22575 37027
22575 39371
22576 25503
22576 31705
22576 38537
22577 24280
22579 33926
22579 36341
22580 35605
22582 38056
22583 22811
22583 23846
22585 27705
22585 27768
22585 35756
22586 30874
22586 37268
22586 38101
22587 25668
22588 26278
22588 32229
22589 32314
22590 30763
22591 24281
22592 25629
22593 31547
22595 24035
22595 38477
22596 23977
22597 22725
22597 29661
22597 39598
22598 30107
22598 38272
22598 39466
22600 22667
22600 36604
22601 25296
22601 28417
22601 32774
22601 33194
22601 34659
22601 36254
22601 36545
22602 24131
22602 31741
22602 33971
22602 34500
22604 31268
22604 38583
22605 36553
22607 23363
22607 24353
22607 26831
22607 35733
22608 36383
22608 38856
22609 25665
22610 27129
22611 27867
22611 29815
22612 25282
22612 27446
22615 28214
22615 39565
22616 25905
22616 35929
22617 24881
22618 27459
22618 31878
22619 24971
22619 28746
22619 36695
22621 33071
22621 39856
22623 25864
22624 27674
22625 24388
22625 30894
22625 34840
22625 37164
22626 23797
22627 35496
22628 25559
22628 26337
22628 31281
22628 33763
22630 25654
22630 27179
22630 38906
22631 30071
22631 36010
22632 23441
22632 31144
22632 32908
22633 25635
22633 34009
22633 37179
22634 24042
22634 28458
22634 32754
22635 36601
22636 30982
22637 29957
22638 24166
22638 25191
22639 25764
22640 30308
22642 31692
22644 35595
22645 23806
22645 35956
22646 27291
22647 28484
22647 29809
22648 35997
22649 26491
22650 25448
22651 35047
22652 27923
22653 39589
22654 23504
22654 26378
22654 33966
22655 31336
22656 26559
22656 29659
22657 25104
22657 37387
22658 25979
22658 36544
22659 28566
22660 29858
22660 36372
22660 39354
22661 24966
22661 26525
22662 34091
22663 36021
22664 22864
22664 26247
22664 34668
22664 35439
22665 23666
22665 25372
22667 30774
22668 35097
22668 39628
22669 25066
22669 27259
22669 31803
22669 33820
22670 36725
22671 30453
22671 30978
22671 31259
22671 32573
22671 35197
22672 38496
22673 29378
22673 34530
22673 38089
22674 23773
22674 32382
22674 32462
22674 35774
22675 28345
22676 26412
22677 30333
22677 36747
22678 23374
22679 35364
22679 38521
22680 33201
22680 36850
22680 38359
22681 25616
22682 23395
22682 32575
22683 38480
22684 39501
22685 28029
22685 33070
22685 38280
22686 22955
22687 24650
22687 32997
22687 37415
22688 26788
22688 31301
22688 35822
22691 33109
22692 35089
22692 39051
22692 39868
22693 25611
22693 37451
22694 39055
22695 33602
22695 34437
22695 35595
22696 26348
22697 28832
22697 33563
22699 25608
22699 28554
22700 25560
22700 38353
22701 23495
22701 25665
22701 35725
22701 38885
22702 35503
22703 37026
22705 26275
22706 26118
22706 30168
22707 23807
22708 29391
22708 33120
22709 23921
22709 33082
22709 33872
22709 39350
22711 24145
22712 32385
22712 36830
22714 25215
22716 23044
22716 23868
22716 36689
22718 34567
22719 30750
22719 39983
22722 34038
22723 28660
22723 35910
22723 38041
22724 33255
22725 31319
22727 27775
22727 35214
22728 25389
22728 31477
22729 25441
22729 28436
22729 37260
22730 23340
22730 25750
22730 34021
22731 32456
22732 33480
22733 27923
22733 37253
22734 26131
22734 33628
22735 23398
22735 31869
22735 39640
22736 23157
22736 29461
22737 24714
22737 26577
22737 27362
22737 34122
22738 29946
22738 35778
22740 23496
22740 37323
22741 30578
22742 27696
22742 32201
22744 36405
22745 23207
22745 25140
22745 27351
22746 27705
22746 28397
22746 28665
22747 32920
22748 24085
22748 35231
22748 36882
22752 36138
22753 28705
22753 31922
22754 27199
22754 27761
22754 31895
22754 35132
22755 23644
22755 31867
22756 23525
22757 23344
22757 24688
22758 34764
22759 24386
22762 28256
22762 30104
22763 33151
22764 31709
22764 34707
22765 28149
22765 33725
22767 33000
22767 38791
22768 32580
22768 34954
22768 35702
22769 24196
22769 39072
22770 24104
22770 27648
22771 32993
22772 33379
22772 33916
22773 35488
22773 39804
22774 23557
22774 31640
22775 32816
22777 28794
22777 29522
22778 22968
22778 30477
22779 23673
22779 25245
22779 29326
22779 36001
22780 33640
22780 34127
22781 24492
22783 25139
22783 34222
22783 39256
22783 39658
22784 26681
22785 36871
22786 28836
22786 35997
22787 24253
22787 29928
22787 32010
22787 37981
22788 36197
22789 27087
22789 28299
22789 28350
22789 34066
22790 29857
22791 23605
22793 38628
22794 23648
22794 29179
22795 27045
22796 24564
22796 33575
22797 33813
22799 23213
22799 37518
22799 37818
22801 31174
22802 23255
22802 35007
22802 38626
22803 30754
22803 37126
22804 25266
22804 30619
22805 32221
22806 26767
22806 38408
22807 30330
22807 34665
22807 37537
22808 25433
22809 38658
22810 26577
22812 24583
22812 32748
22813 25601
22813 34711
22814 24607
22814 34981
22815 39250
22816 24799
22816 28706
22816 33668
22817 24031
22819 28387
22819 34890
22821 29278
22821 29445
22821 34853
22822 34492
22823 24123
22823 28243
22823 30503
22824 36669
22825 33414
22826 38354
22828 27612
22828 35805
22829 25292
22829 36862
22831 33547
22833 29250
22834 36326
22835 23113
22835 33340
22837 36356
22839 23673
22839 24518
22839 29142
22840 32016
22840 32473
22840 36129
22841 27454
22841 33004
22842 37013
22843 23734
22843 38214
22844 29153
22844 36245
22845 28131
22846 39903
22847 23179
22848 25711
22848 36460
22849 23619
22850 37804
22850 39739
22851 24666
22851 26866
22851 37279
22852 28503
22854 24384
22854 24512
22854 28216
22854 35892
22854 38834
22855 23123
22856 32251
22856 37242
22856 39678
22857 24411
22857 26932
22857 33191
22858 35243
22858 39294
22859 24081
22859 27858
22859 32200
22860 26302
22860 31104
22860 32650
22861 39012
22862 27470
22862 27615
22862 29567
22862 36006
22862 37552
22863 27414
22863 38529
22865 26407
22865 38365
22866 29679
22866 35196
22866 36040
22866 39970
22868 39652
22869 24130
22869 33507
22869 36203
22870 28279
22870 28345
22870 36109
22871 28576
22871 35105
22872 31830
22873 24059
22874 36306
22874 38136
22875 31051
22875 39901
22876 36057
22877 23064
22879 32153
22879 35970
22880 37350
22881 27534
22881 29741
22882 27660
22882 38647
22882 39370
22883 27726
22884 23099
22884 25155
22884 28594
22884 29921
22884 31829
22885 31384
22886 31900
22887 23960
22887 26022
22887 34848
22888 33272
22890 33497
22890 34988
22891 35000
22891 38808
22893 34018
22894 27493
22895 32229
22895 37754
22896 29763
22897 31579
22897 36879
22898 23936
22898 31699
22898 35306
22898 35332
22899 23143
22899 28518
22899 34470
22900 26104
22900 26901
22901 24991
22901 36306
22901 36435
22902 29256
22902 32332
22902 37843
22903 23855
22903 33404
22903 34604
22904 38477
22906 26265
22906 29441
22906 30476
22907 28317
22907 34835
22908 26610
22908 29209
22911 34695
22912 26061
22912 28490
22912 31411
22913 27662
22914 27732
22915 23985
22915 24770
22915 35437
22915 36801
22916 24654
22916 25493
22916 25804
22916 26149
22916 26567
22919 24757
22919 38562
22919 39033
22920 29430
22920 37760
22921 35172
22922 26890
22925 34969
22926 23327
22926 29458
22926 33773
22926 35320
22927 32647
22927 38442
22928 28475
22928 29377
22928 37897
22929 23922
22929 26051
22930 30018
22931 26318
22931 26726
22931 29421
22931 30620
22931 31931
22931 35149
22931 36965
22932 25418
22932 37157
22933 27801
22934 27549
22934 29808
22934 36373
22936 31488
22937 23689
22939 38756
22940 26671
22940 29093
22940 39764
22941 24188
22941 33706
22941 35809
22942 23387
22942 34355
22944 37251
22945 25958
22945 28020
22945 31920
22945 37944
22946 28493
22946 34339
22946 38560
22947 24890
22947 32185
22949 25050
22949 36186
22950 23590
22950 27979
22950 37052
22951 26393
22952 30707
22952 34419
22954 24105
22954 29060
22954 35533
22954 38722
22955 25279
22955 31195
22957 26782
22958 23936
22958 38153
22959 36124
22959 39031
22960 31728
22960 35891
22960 39525
22961 27707
22962 24729
22962 35630
22963 29163
22963 37899
22963 39437
22964 27129
22964 34269
22965 26111
22965 33084
22966 23059
22967 26147
22967 39553
22968 39223
22969 24638
22969 29611
22972 26653
22972 26904
22972 34889
22972 35854
22972 38886
22974 24673
22974 34850
22974 38017
22977 27450
22979 29959
22979 31318
22979 34063
22979 35363
22979 38090
22980 30181
22980 39138
22981 39253
22982 29138
22983 23279
22983 28553
22983 33906
22984 28058
22984 33001
22985 34507
22986 31847
22987 28042
22988 23256
22988 31514
22988 33694
22989 27710
22989 29747
22989 30458
22989 37603
22990 24968
22991 38132
22992 36048
22993 26519
22993 34115
22994 26086
22996 27633
22996 30881
22996 38841
22997 26305
22999 26972
22999 31001
22999 32451
22999 37475
23001 27865
23001 29841
23002 24856
23002 37189
23003 24385
23003 30493
23004 23756
23004 27921
23006 24762
23006 26441
23006 29095
23006 38040
23008 39331
23009 32194
23010 31224
23010 35221
23011 23830
23013 24568
23014 25548
23014 31081
23015 38269
23017 30725
23017 35539
23017 37764
23019 38001
23020 34739
23020 36885
23021 27133
23021 31370
23021 33666
23021 36893
23022 32334
23022 38302
23023 32075
23024 34079
23024 35439
23025 34446
23026 33888
23027 26715
23028 34564
23028 36085
23028 36681
23028 38520
23028 39026
23032 36309
23032 38903
23034 34681
23035 28980
23037 36441
23038 30891
23038 37392
23038 39035
23041 26568
23041 26809
23041 27208
23041 33861
23042 28016
23042 30009
23042 38441
23043 31127
23043 31318
23043 34202
23044 28718
23046 23290
23046 30443
23046 38396
23046 38981
23047 27213
23047 32390
23047 36046
23048 29905
23048 34541
23048 34832
23049 30552
23049 31429
23049 31496
23049 38542
23049 39552
23050 27287
23052 23859
23052 27367
23052 27778
23052 35072
23052 37745
23053 30917
23053 36088
23054 25804
23055 25858
23055 26190
23055 32968
23057 23638
23057 36404
23057 36614
23058 36943
23058 37598
23059 23601
23059 23883
23059 30407
23059 38563
23060 23285
23060 25004
23061 39224
23062 32764
23064 27029
23064 29208
23064 32150
23064 32712
23065 33641
23065 39425
23066 25247
23066 25631
23066 31169
23066 33896
23066 37068
23066 38004
23067 26103
23067 31573
23067 34626
23068 31768
23069 32860
23071 28249
23072 23724
23072 25610
23072 26882
23072 32012
23072 32508
23072 37695
23072 39891
23073 29831
23074 30906
23074 36858
23077 30714
23077 34743
23077 35054
23078 36335
23079 33011
23081 23475
23081 27074
23081 29081
23081 31037
23082 23947
23082 32045
23082 35486
23083 24878
23083 26905
23083 33100
23084 27350
23084 33855
23085 26480
23086 34563
23086 35485
23086 39255
23087 29880
23087 32403
23087 33226
23087 38872
23088 30507
23088 33607
23089 27893
23089 27909
23089 36528
23090 24972
23090 25452
23090 29081
23090 39986
23091 30265
23091 32320
23091 33952
23091 37786
23092 24987
23092 31555
23094 24142
23094 37688
23095 23601
23095 27154
23096 24671
23096 29705
23096 34752
23097 33881
23097 34325
23100 29387
23100 32427
23100 33478
23101 27745
23101 31620
23101 33091
23101 34064
23102 29908
23105 29756
23105 37836
23106 25818
23106 28456
23106 33279
23107 26647
23107 29627
23108 23585
23108 29096
23108 31691
23109 32544
23109 38306
23110 23760
23110 32149
23112 27957
23112 33622
23112 34138
23113 26326
23113 39251
23113 39732
23117 23945
23117 36889
23118 24440
23118 27695
23118 29035
23118 36212
23119 33372
23120 32971
23120 36965
23121 31941
23121 39931
23122 23867
23122 31900
23123 26695
23123 33831
23124 39905
23125 27087
23125 33355
23126 23760
23126 25081
23126 39350
23127 26736
23129 32508
23129 32664
23130 37608
23130 39580
23130 39920
23131 28722
23131 38188
23131 39096
23132 27099
23132 28312
23133 25817
23134 25396
23134 25896
23134 38195
23136 34319
23137 35522
23137 36228
23138 25688
23139 34996
23140 28779
23140 33375
23141 26542
23141 39754
23142 26158
23142 31540
23142 33782
23145 34208
23145 37027
23146 28973
23146 30386
23148 27215
23148 36979
23149 25032
23149 36397
23150 24242
23150 25624
23150 25955
23150 26154
23150 31372
23150 34349
23150 34550
23151 24688
23151 30407
23151 32762
23153 26472
23154 26953
23154 28710
23154 36388
23154 37113
23155 35763
23155 39362
23156 24636
23156 26278
23156 29198
23156 33315
23157 30609
23157 35987
23158 31400
23158 39075
23159 26536
23160 28223
23160 34268
23161 37251
23161 39927
23162 23453
23163 33926
23163 34060
23163 39500
23164 30624
23165 28495
23165 29247
23165 32913
23166 37049
23167 23583
23167 24216
23167 27954
23167 36396
23168 25802
23168 36340
23168 39169
23170 26929
23170 27310
23170 36595
23172 28656
23173 24645
23173 37313
23174 23790
23175 33485
23176 33479
23176 37879
23177 32664
23177 38679
23178 24799
23178 29522
23178 35112
23180 29060
23181 28551
23181 38479
23185 23779
23185 25600
23185 34999
23186 23560
23186 25741
23186 38615
23187 31360
23187 31902
23188 32166
23188 32176
23189 33905
23189 39281
23190 23473
23190 34214
23190 37672
23191 25735
23191 31871
23191 32832
23192 26336
23193 31787
23194 32566
23195 24212
23195 26830
23195 39872
23196 37316
23197 31378
23197 33047
23198 25717
23200 26528
23200 33385
23202 34015
23203 30084
23203 35869
23204 33102
23205 28677
23206 26729
23206 31050
23206 34558
23206 39361
23208 31939
23208 39550
23209 28425
23209 28744
23209 30504
23210 34811
23210 35519
23211 23949
23213 30568
23213 36250
23213 38947
23215 29966
23215 34623
23217 39219
23217 39709
23217 39913
23218 24374
23218 37266
23218 37271
23221 33229
23221 36621
23222 32050
23222 33821
23223 34776
23224 23800
23225 36170
23226 24309
23226 30523
23227 28568
23227 29207
23227 35052
23228 28350
23228 34426
23228 36729
23229 23911
23230 27928
23230 30665
23231 24971
23231 27606
23231 31052
23232 24351
23232 37781
23234 25553
23235 29170
23237 28748
23237 37427
23238 24247
23238 32514
23238 39960
23239 33235
23240 31512
23241 28021
23241 39738
23242 23923
23242 38011
23243 24063
23243 28802
23243 30929
23244 24494
23244 30770
23244 32892
23245 39373
23246 23734
23246 25660
23247 26539
23247 38648
23248 25099
23248 36129
23250 24724
23251 25647
23251 31687
23252 38077
23253 26916
23253 32436
23255 25910
23255 31462
23255 37962
23256 25337
23257 29340
23258 25912
23258 38848
23259 25192
23260 27028
23260 32047
23261 24540
23261 28067
23262 23638
23263 32408
23264 23331
23264 30533
23264 31834
23265 37404
23268 33346
23268 35583
23269 24902
23269 38273
23270 25476
23271 34636
23271 38334
23274 26334
23275 27664
23275 34400
23276 31572
23277 23833
23277 26205
23277 32914
23278 35377
23278 37294
23278 38891
23279 35404
23279 36784
23280 25358
23281 35131
23282 29691
23283 25052
23283 27674
23284 24235
23286 23386
23286 32756
23286 33467
23287 33007
23288 23687
23288 26408
23288 27183
23288 29979
23288 33409
23288 35894
23289 39506
23290 27459
23290 31402
23290 31879
23290 33271
23291 25266
23291 35235
23292 38587
23293 23707
23293 36259
23294 31770
23294 36494
23295 26654
23296 26020
23296 33701
23297 23790
23297 27479
23298 26131
23299 36617
23300 29619
23300 30846
23301 30742
23301 32205
23301 34170
23302 23736
23302 24918
23302 32052
23304 34608
23305 33185
23305 36296
23306 25183
23306 28434
23306 30526
23307 27652
23308 26824
23308 30824
23308 39721
23310 28578
23310 29856
23310 31263
23311 35424
23312 29358
23313 23414
23313 29256
23313 39301
23314 28797
23315 28813
23315 32339
23316 23983
23316 25822
23316 32003
23316 34232
23317 28835
23317 31069
23318 28812
23318 30154
23318 34962
23320 23774
23321 39837
23322 38885
23323 26553
23323 35066
23323 35405
23323 35678
23325 35485
23325 39493
23326 31684
23327 25930
23327 38711
23329 31875
23330 28634
23331 25487
23331 38796
23332 29765
23332 32988
23332 38037
23333 29219
23334 32861
23334 39852
23335 27756
23335 31786
23335 32096
23335 35071
23336 33227
23336 37114
23336 37551
23337 27316
23337 29938
23338 27630
23338 29170
23340 23797
23340 24194
23341 26321
23341 35410
23342 26554
23344 34910
23345 39258
23346 34392
23347 34463
23348 39903
23350 39900
23351 23387
23351 28461
23351 35171
23353 39596
23353 39952
23354 28758
23355 27013
23356 29546
23356 38298
23357 30339
23357 38929
23359 23389
23360 25167
23360 27967
23360 32310
23361 23601
23361 30493
23361 37920
23362 29968
23362 33658
23363 30396
23363 31493
23363 33667
23363 34902
23364 32982
23364 38684
23365 27439
23367 24959
23369 30220
23370 24517
23371 25600
23371 33600
23371 36592
23372 27861
23372 36010
23373 28650
23373 31419
23373 34555
23373 36351
23374 35510
23375 26812
23375 29020
23377 37590
23379 26152
23379 27455
23379 36068
23380 29899
23380 34163
23381 28670
23382 27121
23382 34712
23382 35066
23382 36775
23383 37891
23384 28923
23384 33611
23385 33748
23386 31294
23386 32676
23386 34591
23386 39095
23387 31101
23387 39821
23388 32068
23388 38367
23390 33204
23390 37773
23392 28729
23392 33961
23392 34310
23392 36857
23392 39789
23393 26865
23393 28291
23393 34323
23393 35579
23393 38539
23394 32385
23396 28392
23396 33337
23396 35040
23399 31330
23399 31967
23399 32600
23400 29330
23401 32982
23401 33879
23402 32228
23403 30105
23403 34873
23403 39399
23404 27303
23404 34037
23404 38938
23405 37560
23406 38083
23406 38957
23406 39124
23408 24765
23408 29809
23408 36415
23408 37785
23409 24628
23409 27945
23409 30612
23409 31513
23409 32440
23410 25591
23412 25304
23415 23864
23415 28261
23416 24864
23417 25112
23417 30811
23417 31605
23418 31975
23419 24204
23419 30402
23420 25943
23420 31917
23420 36873
23421 24175
23421 30875
23421 38672
23423 23854
23423 26148
23423 39333
23424 27428
23425 35431
23426 30634
23426 39596
23427 29717
23427 31686
23427 33537
23427 34671
23427 37644
23427 39821
23428 24383
23428 31641
23429 24425
23429 31156
23430 37405
23430 38803
23430 38898
23430 39482
23433 27854
23434 29050
23434 34080
23434 37516
23436 33465
23436 36641
23436 37867
23436 39294
23437 28291
23437 35004
23437 35287
23438 29820
23438 39239
23440 36783
23441 30071
23441 36254
23442 36708
23442 37714
23443 32307
23443 39441
23445 37224
23445 37968
23445 39689
23447 26848
23448 27474
23448 32597
23448 36166
23449 36075
23449 38723
23449 38877
23451 28181
23452 25716
23452 32018
23453 27692
23454 24719
23454 38056
23455 32535
23455 39091
23456 24991
23456 31428
23456 35966
23457 33595
23459 25238
23459 27071
23459 31523
23459 36174
23459 38276
23461 24224
23461 31731
23462 29738
23462 37294
23463 30985
23464 26767
23464 29170
23464 38137
23465 38196
23466 31398
23466 31683
23467 39572
23468 24090
23468 34570
23468 37240
23469 25394
23469 32704
23470 27323
23470 31001
23470 38882
23471 33946
23471 39028
23472 30604
23473 25533
23473 31591
23473 33605
23474 24687
23474 24922
23475 29567
23476 25957
23476 29670
23476 36638
23476 38771
23477 26578
23477 39405
23478 35194
23478 39020
23478 39808
23480 29775
23481 25755
23483 26534
23483 37819
23483 39917
23484 36576
23486 30273
23486 34315
23486 39260
23487 25887
23487 29016
23487 30104
23487 32597
23488 28943
23488 32390
23488 38402
23489 30523
23489 39295
23491 37562
23491 38421
23492 25355
23492 29480
23494 24821
23494 27067
23496 28778
23496 28941
23496 31619
23498 24705
23498 26125
23498 32568
23499 23516
23499 29682
23499 33950
23500 39032
23501 28187
23503 38389
23504 23851
23504 27930
23504 31259
23505 29737
23506 31707
23507 30469
23507 32704
23508 25908
23508 27917
23508 31718
23509 25186
23509 31172
23510 23583
23510 24864
23511 32122
23511 35333
23511 37826
23513 30992
23514 25173
23514 29026
23514 33092
23514 35305
23515 38863
23516 26804
23517 39196
23518 29489
23518 37313
23519 28286
23519 29964
23519 33019
23519 34862
23520 39189
23523 24693
23523 27099
23523 35427
23523 38485
23524 25826
23524 31779
23524 35777
23525 27629
23525 32676
23525 35964
23525 39022
23525 39562
23526 23838
23527 24539
23528 39927
23529 36632
23530 29539
23531 39269
23532 24045
23532 24754
23532 28323
23532 29118
23532 32425
23532 38044
23535 28107
23537 26734
23537 31649
23538 32399
23539 32456
23539 33007
23541 26612
23541 30332
23542 31054
23542 32332
23542 35702
23543 34816
23543 38004
23544 25115
23545 30297
23546 27316
23546 37969
23548 32632
23550 25781
23550 35408
23551 30705
23551 34131
23552 39063
23553 25909
23554 25977
23555 34191
23555 36791
23557 30212
23558 33596
23559 29391
23559 29675
23559 39304
23559 39527
23559 39610
23560 31781
23560 32775
23560 38322
23561 23703
23561 31103
23562 36208
23563 28876
23563 31036
23563 35641
23563 36782
23564 30172
23565 35367
23565 36306
23566 37937
23566 38353
23567 38488
23568 27229
23568 29756
23569 24299
23570 26296
23570 29749
23570 32983
23571 25537
23572 34948
23572 36737
23573 29613
23573 37295
23574 24897
23574 28878
23574 32976
23576 26525
23576 28813
23577 26527
23577 31683
23578 34449
23579 28345
23579 33107
23579 33992
23579 34955
23580 31403
23581 30123
23581 38193
23582 37502
23583 33725
23583 38509
23584 24501
23584 30656
23585 24614
23585 35712
23586 32980
23587 34619
23587 35467
23587 36822
23588 39621
23589 24830
23589 28889
23589 29720
23591 27096
23591 35312
23591 36637
23592 24652
23592 39096
23593 26884
23593 27763
23594 25375
23594 35302
23594 35482
23595 27898
23595 33692
23596 34287
23596 36130
23596 37855
23597 25427
23597 29493
23597 30319
23598 28190
23598 31111
23598 33013
23599 26567
23599 34729
23600 28930
23601 23770
23601 27484
23601 31465
23601 32869
23603 31759
23603 34017
23603 35370
23605 33001
23607 26557
23607 30727
23607 34457
23609 31800
23609 35408
23610 27293
23613 36615
23614 33537
23614 34740
23614 35167
23615 25118
23615 25731
23615 34873
23615 37301
23615 37386
23617 35486
23618 34592
23618 39103
23619 24839
23619 36410
23619 36682
23621 27791
23622 25046
23622 39200
23623 29902
23623 32916
23623 35341
23623 36799
23625 25865
23625 35866
23626 28493
23626 30043
23626 33713
23626 34652
23626 36480
23629 26088
23629 30409
23629 31959
23631 37648
23632 24272
23632 25767
23632 31172
23632 39842
23633 24127
23633 29411
23633 34468
23635 23877
23635 38128
23636 35424
23636 37518
23637 33128
23637 35692
23637 37829
23638 36212
23639 25941
23640 31934
23640 34485
23641 33929
23641 34478
23641 34514
23642 30282
23642 30883
23643 31304
23646 34760
23647 26509
23647 26818
23647 26952
23647 35515
23649 38442
23649 38648
23650 26104
23650 27854
23650 29963
23650 33082
23652 38867
23653 25374
23653 28234
23654 24630
23654 38410
23655 33541
23656 31471
23656 36295
23656 37132
23657 27845
23657 30473
23657 31664
23657 32179
23657 35923
23657 36233
23657 36976
23658 37075
23658 38037
23659 24798
23659 36331
23660 28953
23662 25662
23663 33928
23664 29300
23664 31426
23665 26345
23665 34725
23665 36152
23666 29820
23666 33880
23666 34604
23666 38000
23667 26776
23667 33225
23667 35217
23668 26120
23668 27868
23668 30488
23668 39844
23669 39946
23670 33897
23670 36679
23671 29933
23671 33513
23671 35924
23672 33893
23672 37742
23674 36927
23675 35749
23675 37820
23676 31420
23676 39984
23677 36081
23678 27346
23678 30119
23678 36738
23679 30420
23679 38689
23680 36885
23681 32054
23681 34343
23681 34736
23682 25016
23683 24934
23684 28121
23684 29182
23685 25979
23685 27584
23685 29059
23686 28618
23686 34110
23687 24903
23687 25505
23687 32516
23688 28981
23690 25258
23690 26886
23690 38866
23691 27981
23691 28757
23691 33616
23692 31117
23692 33118
23694 32336
23694 36660
23694 37036
23695 25110
23695 29860
23695 33567
23695 36863
23696 31728
23696 32701
23697 27085
23697 32210
23697 39410
23698 29482
23698 38728
23698 39245
23699 27932
23699 30324
23700 36275
23700 39585
23702 30046
23705 32586
23705 34041
23705 38543
23707 25007
23707 28120
23708 33459
23708 33496
23709 35655
23710 26795
23711 38302
23712 26862
23712 39315
23713 32435
23716 24781
23716 31661
23716 38778
23717 31727
23717 36141
23719 24356
23720 39601
23723 25036
23723 26476
23723 27256
23723 32908
23724 28061
23725 32411
23725 35997
23725 36888
23725 39958
23727 38655
23727 39300
23728 28114
23730 33275
23730 36409
23732 36475
23732 38937
23733 25817
23734 26928
23734 34563
23734 36271
23734 38363
23735 28824
23735 29223
23735 30708
23735 33653
23735 38030
23736 24324
23736 39436
23737 24187
23737 33455
23738 30879
23738 33954
23738 34994
23738 37122
23738 39687
23739 29784
23739 33940
23739 36342
23739 36936
23741 25255
23741 32986
23741 35923
23742 23797
23742 24484
23742 39815
23743 25863
23745 36407
23746 30654
23746 39145
23747 30428
23748 23867
23749 35694
23749 37490
23751 27000
23751 27638
23752 24863
23752 35860
23753 36284
23753 39131
23754 27665
23754 28026
23754 28165
23757 36289
23757 38447
23758 39515
23759 28792
23759 30301
23760 39906
23761 29140
23761 31885
23761 35714
23762 34759
23764 36975
23764 39612
23765 25940
23765 34481
23767 23818
23768 32015
23769 34956
23770 33110
23770 36758
23772 32785
23772 33062
23773 26582
23773 26617
23773 38851
23774 29956
23774 34044
23774 37030
23775 26710
23775 29042
23775 30362
23775 30862
23775 38764
23778 28247
23779 39823
23780 36821
23781 26954
23781 36168
23782 27682
23782 28562
23782 32678
23782 33738
23783 28475
23783 37075
23784 25087
23785 39718
23788 34166
23788 37156
23789 35693
23789 39742
23790 24743
23790 28138
23790 39980
23791 25431
23791 33832
23792 28900
23792 28905
23792 31260
23793 24304
23793 26080
23793 38070
23795 39461
23796 29275
23797 30677
23797 38333
23797 39184
23798 36699
23799 25261
23799 27327
23799 29268
23799 38608
23800 39024
23801 32147
23801 36468
23802 24859
23802 29739
23802 32561
23803 36507
23804 27956
23805 25707
23807 25799
23808 32286
23808 35567
23808 35776
23809 28041
23809 39784
23810 31988
23811 25964
23811 31217
23811 32425
23812 35181
23813 28388
23813 29020
23814 33330
23815 27114
23815 34938
23815 36628
23816 27315
23816 30411
23816 30919
23816 39528
23816 39616
23817 24057
23817 28370
23817 30859
23817 38298
23818 27417
23818 36552
23820 29203
23821 37098
23821 38006
23823 28523
23824 33411
23825 25328
23825 32712
23825 34558
23826 24052
23826 34722
23826 37849
23826 38171
23827 34367
23827 38348
23829 31848
23829 32277
23829 35831
23831 33175
23832 32336
23833 29591
23834 30664
23834 34584
23834 35507
23834 36899
23834 37077
23835 24305
23835 24786
23836 24359
23836 33158
23836 34609
23837 32690
23838 32138
23839 31020
23839 33490
23839 33731
23839 37945
23840 24895
23840 30719
23841 27286
23841 29339
23841 33517
23842 23909
23842 27246
23844 28425
23845 25631
23846 34504
23848 25831
23848 29194
23849 24186
23849 31657
23849 39130
23849 39814
23850 33008
23850 35164
23851 23955
23852 39969
23853 28309
23854 24741
23855 25113
23855 26082
23855 32081
23856 24058
23856 30356
23856 37531
23860 35654
23862 30599
23864 30393
23866 26081
23867 25216
23867 28673
23868 26719
23868 30304
23870 27482
23870 27920
23870 37580
23871 34252
23872 27601
23872 32156
23872 35783
23873 36136
23873 36783
23874 28446
23874 36389
23875 24116
23875 34601
23876 31580
23878 26439
23878 28625
23878 29678
23878 33080
23879 25334
23879 32969
23879 33366
23879 33490
23879 35717
23880 29449
23880 36563
23881 27347
23881 33055
23882 33139
23882 37375
23883 25700
23883 27293
23885 28499
23885 36199
23886 31095
23886 34833
23887 36339
23888 29610
23889 36692
23890 30263
23890 36127
23890 38990
23892 39775
23893 24878
23893 27370
23894 30747
23895 33921
23895 37717
23896 33243
23896 38996
23898 30181
23898 36090
23899 33984
23899 39519
23900 28699
23900 31377
23902 37548
23902 37643
23903 36814
23904 26848
23904 36206
23906 36095
23907 30953
23907 35366
23907 38831
23908 34243
23909 28586
23910 25577
23910 29595
23911 25880
23911 30682
23911 36640
23913 26880
23913 39350
23914 31522
23915 30742
23916 26290
23918 24809
23918 29259
23919 32756
23921 24216
23922 24164
23922 26571
23922 29394
23922 36927
23924 25897
23925 31315
23925 35646
23926 27841
23926 31129
23927 28366
23928 27930
23929 27360
23929 36959
23930 29551
23930 32455
23932 31401
23933 39324
23934 23992
23934 36809
23934 38767
23935 26218
23935 28016
23936 36417
23937 31836
23939 30493
23939 32999
23939 34664
23942 26467
23942 38173
23943 24055
23944 25271
23944 33766
23944 33914
23945 24601
23945 27888
23945 36508
23945 39451
23946 27495
23947 25857
23948 30181
23948 34431
23949 31761
23949 32213
23949 34041
23950 34052
23951 24266
23951 27875
23951 28306
23951 38929
23952 29474
23952 38768
23954 24201
23954 37961
23955 37885
23956 34028
23957 24693
23957 27941
23958 26545
23959 24589
23959 33648
23959 36945
23960 31437
23960 31446
23960 38582
23961 30102
23962 24819
23962 26769
23962 31557
23962 36253
23962 39152
23963 30982
23964 34011
23964 34066
23966 24159
23966 26767
23966 35069
23967 32036
23967 38533
23968 25029
23968 26826
23968 28808
23968 29155
23968 32108
23968 33259
23969 26020
23969 30160
23970 32980
23971 29717
23971 31943
23972 36145
23972 37878
23972 39940
23973 24172
23973 26469
23974 29229
23974 36525
23975 33013
23976 25662
23976 33820
23976 37008
23977 25261
23977 26752
23977 27675
23977 38182
23978 28252
23978 30093
23979 32366
23980 29702
23981 25750
23981 30001
23981 30758
23981 31692
23981 38812
23983 24207
23983 34305
23984 24392
23984 33983
23985 24795
23986 24758
23986 27759
23987 38559
23988 26971
23993 24456
23993 27676
23993 27741
23994 37131
23995 25001
23995 26285
23995 32774
23995 34697
23995 39821
23996 25579
23997 29721
23998 26514
23998 33277
23999 34077
24000 32858
24000 34586
24002 28500
24003 24134
24003 26371
24003 33752
24004 36884
24005 33186
24005 34121
24005 35436
24006 29711
24007 38112
24008 26266
24008 34494
24009 28963
24009 29983
24011 26804
24011 29372
24011 36818
24012 29305
24012 32986
24013 25153
24013 34512
24013 39007
24014 34161
24017 30660
24018 27207
24021 37406
24022 26584
24022 28297
24023 37932
24024 30409
24024 30617
24025 32133
24025 37603
24025 38665
24026 25870
24026 30902
24027 30493
24027 32017
24028 31279
24028 31455
24028 35149
24029 24841
24029 29158
24029 39521
24030 25476
24031 28949
24031 31331
24032 37871
24032 39077
24033 34330
24034 26703
24036 26700
24036 35062
24038 37464
24038 38347
24039 31286
24040 26939
24040 32742
24041 34756
24042 28143
24042 31175
24042 31878
24043 26904
24043 30819
24043 31012
24045 27080
24045 28711
24048 31824
24048 34501
24049 29602
24050 32902
24051 24789
24051 28469
24051 31647
24051 37165
24052 29749
24052 33709
24052 37375
24053 24247
24053 37515
24054 33482
24054 34227
24055 24576
24055 30574
24056 31849
24058 26658
24059 27072
24059 35857
24060 26077
24060 33380
24061 31864
24061 37022
24062 33669
24063 34955
24064 38881
24066 25421
24067 27426
24067 39373
24070 24934
24070 30327
24070 39652
24071 30448
24073 26257
24073 29859
24073 38368
24074 25921
24074 39609
24075 29519
24077 26401
24078 30951
24078 37744
24079 24149
24079 31826
24079 38338
24079 39121
24080 31366
24082 39755
24083 38063
24084 38488
24085 27388
24085 27514
24085 32579
24085 33047
24087 25276
24087 36660
24088 29049
24088 35220
24089 26939
24092 27093
24095 38398
24097 25219
24097 32199
24100 37849
24101 24990
24101 26308
24103 33501
24103 34428
24103 36210
24105 39178
24106 28982
24106 32345
24106 34650
24107 28997
24110 25913
24111 25967
24111 29598
24111 33471
24111 37755
24112 29594
24112 35245
24112 35683
24112 36662
24113 30143
24114 31377
24115 29801
24115 30957
24115 37354
24116 30635
24116 34629
24116 36975
24117 31299
24118 25478
24118 32423
24119 25909
24120 27522
24120 27530
24121 24277
24121 24517
24122 32489
24122 33537
24123 26684
24123 30807
24123 32975
24123 35754
24127 26623
24127 27176
24127 34316
24127 37605
24128 34717
24130 38298
24131 26972
24131 34694
24132 37192
24134 27005
24134 31567
24135 39407
24136 26398
24136 26714
24138 28520
24138 35518
24140 25990
24140 38209
24143 31719
24143 37428
24144 32531
24144 34210
24144 35119
24145 25084
24145 26223
24145 27815
24145 29523
24146 35103
24147 30793
24147 32055
24148 24331
24148 27768
24149 31514
24149 31976
24149 33141
24149 34622
24151 38334
24153 37810
24154 24372
24154 33818
24156 27845
24156 32077
24156 37169
24157 24939
24157 31577
24159 30990
24159 31940
24159 33740
24159 35612
24159 39026
24160 37889
24161 25637
24161 36137
24161 39251
24162 29498
24163 29875
24165 24462
24165 24805
24165 26034
24165 26674
24165 39506
24166 36491
24166 39680
24167 24192
24167 30614
24167 31209
24167 31618
24168 28058
24168 31897
24170 37478
24172 36524
24172 38137
24176 26381
24177 34481
24181 36102
24182 33390
24184 28787
24184 29205
24184 39852
24185 27649
24185 30528
24185 35088
24185 37697
24186 36927
24187 37687
24188 26180
24188 26668
24188 27654
24188 32174
24191 32847
24194 25364
24194 29266
24195 32566
24195 32710
24195 38624
24196 33306
24196 35806
24196 38528
24198 36876
24199 28859
24199 39015
24201 28664
24201 38381
24201 39214
24202 30474
24202 33014
24202 33539
24202 34483
24203 28786
24203 39065
24204 30738
24205 25475
24205 36958
24206 27726
24206 34669
24208 24744
24209 35709
24211 24918
24212 26896
24212 31532
24212 33466
24213 31743
24214 26370
24214 33723
24216 25833
24216 34767
24217 32831
24218 28947
24219 24396
24220 29279
24221 25873
24222 25885
24222 34769
24223 30373
24224 26162
24224 35157
24225 29604
24226 25346
24226 26222
24226 32179
24228 37490
24229 31152
24229 32835
24230 35688
24230 37088
24231 31963
24231 33203
24231 36208
24231 38558
24232 31843
24232 37647
24233 39583
24234 32992
24234 34188
24235 25223
24236 33031
24236 36729
24237 34667
24237 37293
24238 27371
24238 33602
24239 24473
24239 25757
24239 33380
24242 29125
24243 28760
24243 33443
24244 35235
24245 26912
24245 27941
24245 34651
24246 35292
24246 35645
24246 37751
24247 29891
24247 31771
24248 25152
24248 34332
24249 25318
24249 31006
24249 32462
24249 36023
24251 25759
24251 26433
24253 31619
24254 25668
24254 26190
24256 27702
24257 24471
24257 37161
24258 24360
24258 37136
24259 34841
24259 37859
24261 36172
24262 24943
24262 31931
24262 32641
24262 32819
24264 30401
24264 32762
24265 36088
24268 38712
24269 28147
24270 26337
24270 29912
24270 32260
24271 30160
24271 34466
24271 37732
24272 25766
24272 27436
24272 30932
24273 30581
24273 39293
24274 26559
24275 37078
24276 32985
24276 36731
24280 32028
24281 25268
24282 25008
24282 34816
24282 36461
24283 25923
24283 30956
24283 39957
24284 32549
24285 26490
24285 29477
24285 35721
24285 38645
24288 24437
24288 29478
24288 32069
24288 32825
24288 34717
24289 27202
24289 37948
24290 28825
24291 34113
24292 30207
24293 26187
24294 25715
24296 33292
24296 39643
24303 29244
24304 26056
24304 30722
24306 30006
24307 38823
24308 32242
24309 25570
24309 37814
24311 30301
24311 33855
24311 34095
24311 36539
24313 30615
24314 35466
24314 37634
24315 29862
24315 31075
24318 27755
24318 33754
24318 34916
24319 28433
24320 34317
24321 32904
24321 35270
24323 24576
24323 34453
24324 31383
24324 34688
24325 25328
24325 32092
24325 37291
24326 32448
24326 37261
24327 35901
24327 37116
24328 27030
24329 26425
24329 29069
24330 38166
24331 39284
24332 24609
24332 32648
24332 32894
24332 38765
24333 31357
24333 34798
24334 31595
24334 34304
24334 38651
24336 25432
24336 33433
24338 28609
24338 29039
24338 34244
24338 39291
24339 37628
24340 24397
24340 39085
24341 35108
24341 38641
24342 31835
24344 28856
24344 39801
24345 28561
24347 28560
24347 29984
24347 31233
24347 31912
24348 39465
24349 34318
24349 38043
24350 33483
24351 27205
24351 34321
24352 25854
24352 29235
24353 38045
24357 32281
24357 35770
24359 27619
24359 38614
24360 25704
24360 29203
24360 32603
24361 31274
24362 31944
24362 33930
24362 37528
24363 24668
24363 27882
24363 31073
24363 35572
24364 24922
24364 39114
24365 33194
24366 34540
24366 36213
24366 37284
24367 28406
24367 30918
24367 35018
24369 32953
24369 36422
24370 33940
24370 38135
24371 29939
24371 30906
24371 36837
24371 36850
24372 30269
24372 32111
24377 33090
24379 24770
24379 34291
24380 26588
24380 32261
24380 35882
24381 25990
24383 27173
24383 32596
24383 33137
24383 33257
24383 36005
24383 37485
24384 31529
24384 35882
24385 25012
24385 31895
24386 32427
24386 37427
24387 32077
24387 38153
24388 32134
24390 26653
24390 31135
24390 33976
24391 35311
24392 26545
24393 33737
24394 25634
24394 32016
24394 33768
24394 34365
24395 34845
24395 35911
24397 26794
24397 34865
24397 38084
24397 39295
24398 34308
24399 27766
24399 30917
24399 36996
24399 39083
24402 25768
24402 38931
24403 31992
24403 32925
24404 24982
24406 27091
24406 33500
24406 33832
24407 28269
24407 36524
24408 25628
24408 28622
24410 25503
24410 29184
24411 28023
24411 35374
24411 39855
24412 35335
24414 26856
24414 30270
24414 35220
24415 31149
24415 35982
24416 27362
24416 33489
24416 37156
24418 38218
24419 26125
24419 35453
24419 38168
24421 24455
24422 36386
24423 27353
24424 38834
24425 34211
24426 30336
24426 37305
24427 29427
24428 31760
24429 27477
24430 32589
24430 36138
24430 37379
24432 26359
24432 35088
24432 35331
24432 38419
24433 28009
24433 28932
24434 24814
24435 34453
24437 24729
24438 24458
24438 25911
24440 30413
24440 31736
24440 38326
24441 36235
24442 24483
24442 39332
24443 25538
24443 36766
24443 37640
24443 39524
24444 25582
24444 31662
24444 36199
24446 30029
24448 38121
24449 25832
24449 39111
24450 25211
24450 37205
24451 32568
24451 34036
24451 36558
24452 31045
24452 32025
24452 32206
24453 39938
24454 25675
24454 27836
24456 37629
24457 30919
24459 30715
24459 34735
24459 35173
24460 30938
24461 32766
24462 26053
24462 27238
24462 29170
24462 31497
24465 31088
24465 38308
24466 32531
24467 26529
24468 29574
24468 34834
24470 33995
24471 38810
24474 25821
24474 27217
24474 29757
24475 28223
24475 38533
24475 38868
24476 28304
24476 31300
24476 32204
24477 24509
24477 24577
24477 31365
24477 32757
24478 29635
24478 36690
24478 38504
24479 25761
24479 32533
24479 35033
24480 24581
24481 29519
24481 31740
24481 37719
24482 28853
24482 29652
24483 31232
24483 32768
24483 38610
24484 24733
24484 26267
24484 28795
24485 25154
24485 27774
24485 34072
24485 35320
24485 37275
24487 28830
24487 30694
24488 32616
24489 27634
24490 24579
24490 38844
24491 25519
24493 27166
24493 29575
24494 28453
24494 33274
24494 34582
24494 37290
24495 26447
24495 35228
24498 25072
24498 29589
24500 27942
24500 32336
24502 32934
24502 32984
24502 35228
24502 39423
24503 26030
24503 35316
24505 29030
24505 29671
24505 29860
24505 34950
24505 39907
24506 28347
24506 28501
24506 33420
24509 32048
24509 33224
24509 36264
24509 36351
24510 38204
24512 33843
24512 34172
24512 34655
24512 38765
24513 28634
24516 28093
24516 33932
24517 24823
24517 34705
24517 34860
24518 36762
24519 30818
24520 33919
24522 31296
24523 32571
24523 33321
24524 25951
24524 36622
24524 37578
24524 39658
24525 28781
24525 32949
24525 36791
24526 24762
24526 26690
24526 29334
24526 31724
24526 33183
24526 33575
24526 38547
24527 27938
24528 25833
24528 29607
24529 24571
24529 25322
24529 34683
24531 27282
24531 28648
24533 34851
24534 32226
24534 33929
24535 26320
24535 27889
24536 26337
24536 29529
24536 34970
24537 25629
24538 24658
24538 34286
24540 26759
24540 29463
24541 29027
24541 35093
24542 32535
24543 30198
24544 30053
24544 35626
24545 37412
24546 27270
24547 30165
24547 30667
24548 24883
24549 27620
24549 29132
24549 38952
24551 30709
24551 33475
24551 39399
24552 34837
24552 36473
24553 32897
24553 34579
24554 32142
24554 36859
24555 28071
24556 24922
24556 39641
24557 28011
24557 30929
24557 33280
24557 34270
24558 32425
24558 36609
24559 34185
24560 35418
24560 36948
24563 28055
24563 34508
24564 30632
24564 35545
24565 39114
24566 32591
24567 27439
24568 32776
24568 35347
24569 26009
24569 26701
24571 27008
24571 28751
24571 33164
24571 37659
24572 28214
24572 30620
24572 34015
24574 26146
24574 30304
24574 34280
24575 26341
24575 30091
24575 31679
24575 34745
24575 39804
24575 39856
24576 32778
24576 33350
24576 39292
24576 39934
24578 29576
24578 31638
24578 35905
24579 27391
24579 32157
24583 31013
24583 31607
24583 34248
24585 28302
24585 29768
24585 36961
24588 25563
24588 26188
24588 29777
24588 34810
24588 36217
24588 36840
24589 26275
24589 29843
24589 30042
24590 31764
24590 33252
24590 39673
24591 39130
24592 35436
24593 32734
24594 25540
24594 26545
24594 30145
24594 31247
24594 37409
24595 28022
24595 33414
24598 27156
24598 34453
24599 36163
24600 39548
24601 28119
24601 36394
24601 36986
24602 30758
24603 33785
24605 38800
24606 34621
24607 26535
24608 24650
24608 27515
24608 38946
24609 39741
24611 38193
24611 39623
24612 27033
24612 31215
24612 35398
24615 28636
24615 30868
24615 31848
24617 27829
24617 38712
24618 32045
24619 28522
24619 36649
24620 25644
24620 38631
24621 37017
24622 39524
24623 25249
24623 26153
24623 29224
24623 39591
24625 36008
24626 30687
24626 35796
24627 34016
24628 35539
24630 30243
24630 37847
24631 27971
24632 28075
24635 35506
24636 27140
24638 27294
24639 28930
24639 30248
24639 35785
24642 31521
24642 34786
24642 35378
24643 31628
24643 34084
24643 36043
24643 36741
24644 25940
24644 27958
24645 27452
24645 31556
24645 34517
24645 37283
24647 29347
24647 39010
24648 29630
24648 33498
24648 34649
24649 32477
24651 28358
24652 27411
24652 35410
24652 36381
24652 37093
24652 39154
24653 31106
24653 31150
24653 35853
24656 31730
24656 32004
24657 32984
24658 31447
24658 38440
24660 27073
24661 33672
24662 37560
24662 38448
24662 39310
24664 35762
24665 36232
24665 37305
24665 39273
24666 36630
24666 38200
24666 39070
24666 39770
24667 32246
24668 35326
24669 28941
24669 35903
24670 31157
24670 34812
24671 28911
24671 30871
24672 29460
24673 26524
24675 29962
24677 34072
24678 30263
24678 31697
24680 34257
24681 35968
24682 27703
24682 31539
24682 37271
24683 27715
24683 34938
24684 31350
24685 25238
24686 34275
24691 34046
24691 37957
24692 27319
24692 28678
24694 31388
24694 39850
24696 25314
24696 34526
24696 37271
24696 39166
24698 26833
24698 30274
24699 29696
24701 28587
24701 28648
24701 35964
24701 36333
24703 26582
24704 35668
24705 33296
24705 39321
24706 29323
24708 32484
24708 37536
24710 33112
24712 25478
24712 29787
24712 34077
24712 39843
24714 24876
24714 31087
24715 26809
24715 28160
24715 36755
24715 38330
24716 34641
24717 33874
24717 35349
24717 37865
24717 38716
24717 38895
24718 35021
24719 38661
24720 27439
24720 34920
24721 26883
24721 38132
24723 30675
24723 32060
24723 37870
24724 26426
24725 35447
24727 35907
24728 31961
24728 32395
24728 37759
24729 28925
24730 27304
24730 31610
24730 35256
24731 33707
24731 38850
24732 33510
24732 35520
24733 24739
24733 37602
24734 36956
24734 37258
24734 38267
24735 32158
24736 30486
24737 29910
24738 31954
24740 28155
24741 35301
24742 29013
24743 28401
24743 28549
24744 27982
24744 31143
24744 34750
24744 36705
24746 25042
24746 36645
24746 38499
24748 25648
24748 37057
24749 26512
24749 38755
24750 28529
24750 30677
24750 36544
24750 36706
24751 26507
24751 27155
24751 38543
24752 27857
24753 25688
24753 26675
24754 28087
24754 29856
24754 33875
24754 34985
24755 26271
24755 31179
24756 39247
24756 39736
24757 38300
24758 28902
24759 25060
24759 25850
24759 26217
24759 27929
24759 32913
24759 36439
24759 36654
24760 27197
24761 25920
24761 26761
24761 27770
24761 31853
24761 35614
24762 39625
24763 35958
24764 38590
24765 31131
24765 31282
24765 39020
24766 26212
24767 33094
24768 24787
24768 28219
24768 29427
24768 38355
24769 27727
24769 33069
24769 36535
24770 37126
24770 38472
24770 39808
24771 34464
24772 34742
24773 33423
24774 28556
24774 38069
24774 38794
24775 25940
24775 36907
24776 36411
24778 31958
24779 39584
24780 33726
24780 36014
24780 36618
24781 29601
24781 29666
24781 38150
24783 35218
24784 35343
24784 39123
24785 33480
24785 38626
24787 36253
24788 26369
24788 32296
24788 39617
24789 31720
24790 25780
24790 27223
24790 33391
24790 35287
24791 28606
24792 26240
24792 31209
24795 34370
24795 35601
24798 30574
24798 34390
24799 25499
24799 28836
24801 35587
24802 27040
24803 30042
24804 36570
24804 39657
24805 27353
24805 34113
24805 36036
24806 24871
24806 32281
24806 36269
24807 34618
24808 30219
24808 30263
24809 36134
24810 29742
24811 30335
24811 34518
24812 30054
24812 30285
24813 35549
24813 38797
24814 30906
24815 26158
24817 28904
24817 33429
24818 36719
24819 30155
24822 38628
24823 25293
24823 27710
24823 33815
24823 35578
24824 29154
24824 39949
24825 30609
24826 26121
24826 38922
24827 35266
24828 34044
24828 35475
24829 33853
24830 33183
24830 39252
24833 26720
24833 31825
24834 30526
24834 37526
24836 33511
24836 39997
24837 31498
24840 33479
24840 37612
24841 34673
24842 30344
24843 31822
24844 34178
24847 27387
24849 28364
24849 32157
24849 37640
24851 29384
24851 30705
24851 36591
24852 29617
24852 34407
24853 28592
24854 25793
24854 30504
24855 37700
24856 35565
24857 31439
24859 31217
24859 38116
24860 28736
24860 33020
24861 26854
24861 30875
24861 34314
24862 38384
24863 31490
24864 26199
24864 31479
24864 34433
24864 35670
24864 38946
24865 28859
24865 37712
24866 39052
24867 27303
24867 27733
24869 25768
24870 37394
24872 29768
24874 34153
24875 29766
24875 29830
24876 33066
24876 37665
24877 26635
24877 28272
24877 32364
24877 34695
24877 36441
24877 36602
24878 31339
24879 33473
24879 34726
24880 39392
24883 29225
24883 30930
24883 37520
24884 30811
24885 28668
24885 36474
24886 38414
24887 31766
24888 31027
24890 31320
24890 37092
24891 37365
24892 39565
24893 26608
24893 29118
24893 35030
24893 35634
24894 33469
24895 26771
24895 31124
24895 37495
24896 26212
24896 29807
24896 32723
24896 32814
24899 32478
24899 39610
24900 34274
24901 28151
24901 36400
24903 26760
24903 35250
24904 29256
24904 35277
24904 36579
24905 32651
24905 34115
24905 35708
24906 31143
24906 34103
24906 36631
24907 25626
24907 32956
24907 33182
24908 34067
24909 28611
24910 28442
24911 25186
24912 39963
24913 31225
24913 37668
24914 26453
24914 37395
24915 26871
24915 34026
24916 35657
24916 36495
24918 26345
24918 37862
24919 39921
24920 32632
24920 37202
24920 38052
24921 29321
24921 31215
24921 31234
24921 34144
24921 38347
24922 29159
24922 30257
24922 31476
24923 32007
24923 32733
24924 30463
24924 33504
24925 26986
24926 29612
24926 32807
24927 28227
24928 35637
24929 37074
24930 34709
24931 25984
24931 30760
24931 37264
24931 38688
24931 39597
24932 39168
24933 39224
24934 25143
24935 32818
24936 31768
24938 32943
24939 36893
24940 36186
24941 27535
24941 31632
24942 29538
24942 32602
24944 33106
24944 34343
24945 27721
24945 33071
24946 31048
24946 39586
24947 34832
24948 25834
24948 36221
24949 25571
24949 38317
24955 36695
24955 36881
24956 28723
24956 35757
24957 32604
24957 39045
24958 34417
24958 39877
24959 27917
24959 39063
24961 26069
24961 33263
24962 27818
24963 28513
24963 32047
24963 35071
24963 35544
24964 29040
24964 32762
24964 34837
24966 39277
24967 36190
24967 37538
24967 39546
24968 37053
24969 28152
24969 32121
24970 25391
24970 39659
24971 36805
24971 39630
24972 25297
24975 38153
24976 39795
24977 30822
24978 25804
24978 30439
24979 27863
24979 32217
24979 35053
24979 37623
24980 25573
24980 25743
24980 28743
24981 35245
24982 27090
24983 36644
24986 26516
24986 30048
24986 36504
24987 32951
24987 34861
24987 36571
24988 38314
24989 38664
24990 26015
24990 39139
24991 39800
24992 26726
24994 30208
24995 29135
24995 31378
24998 31414
25000 28332
25000 32062
25000 36608
25001 30627
25001 30900
25001 37749
25001 38905
25002 25025
25002 25881
25002 27814
25002 32545
25003 27687
25003 34423
25004 31254
25006 26232
25007 39701
25008 26416
25009 30740
25010 25966
25010 27544
25011 28725
25011 36076
25012 27545
25012 36312
25014 34681
25015 26301
25015 32662
25016 36834
25017 26615
25019 30521
25019 38991
25020 32528
25020 37049
25021 30846
25021 32735
25022 32747
25024 25257
25024 33747
25025 27073
25025 30950
25025 37218
25026 38537
25027 32965
25027 33164
25028 32248
25028 38962
25028 39209
25029 36072
25030 28023
25031 36723
25032 27189
25035 29838
25036 31772
25037 26357
25037 36977
25038 28063
25039 35127
25039 38484
25039 38694
25039 39865
25040 25565
25040 37205
25041 36574
25043 31747
25044 28624
25044 38699
25045 34214
25046 25524
25047 32717
25049 26374
25049 39388
25050 29760
25050 37362
25052 28630
25052 32409
25054 27442
25054 31388
25054 34161
25055 37067
25057 29514
25058 27348
25058 29091
25058 30323
25058 37577
25059 32777
25060 26336
25060 28809
25061 30649
25061 36811
25062 37965
25064 28623
25064 30277
25067 34494
25069 29471
25069 32800
25069 34310
25072 26712
25074 30379
25074 37452
25075 39651
25076 32214
25077 26200
25077 29333
25077 30546
25078 29447
25082 25783
25082 33863
25083 29886
25084 25814
25084 28061
25084 28643
25084 28930
25084 29442
25085 30095
25086 27300
25087 34228
25087 36914
25087 38282
25088 33590
25088 36236
25088 37145
25089 28078
25089 34105
25090 31443
25091 32423
25091 33717
25091 37930
25092 26337
25093 30304
25093 30705
25093 31772
25093 37759
25093 39564
25094 31053
25095 34855
25096 32260
25098 33363
25098 33669
25099 27513
25100 34535
25101 38778
25104 29547
25105 25828
25105 38854
25106 34403
25109 36928
25110 29849
25112 29643
25112 35056
25113 27756
25113 29104
25113 34978
25114 28343
25115 25175
25115 33922
25117 27348
25117 30501
25118 34875
25120 26420
25120 39389
25120 39787
25121 29111
25122 31949
25123 26428
25123 33093
25124 34761
25124 37793
25125 38956
25126 39030
25128 25511
25130 28860
25130 30793
25130 32403
25131 35424
25131 39239
25132 28529
25133 33968
25133 38741
25134 30680
25135 25161
25135 25240
25135 25632
25135 29063
25136 36115
25137 36254
25138 27365
25138 27959
25139 25712
25140 37221
25143 30153
25143 33688
25143 35723
25144 30144
25145 29692
25145 30111
25145 30814
25147 27420
25147 28426
25147 32453
25147 33336
25148 26338
25148 26546
25149 25741
25149 29924
25149 33517
25149 34666
25151 28635
25151 28748
25153 27031
25154 28302
25154 34557
25155 34408
25156 38723
25158 34602
25158 37207
25159 25458
25159 33312
25160 25751
25161 37697
25162 28930
25162 34703
25162 35890
25163 35437
25164 30743
25165 27200
25167 27829
25167 39951
25168 27260
25168 35856
25169 28368
25169 33791
25169 38597
25171 30808
25171 39353
25172 37684
25173 27591
25173 33617
25174 39022
25175 30103
25175 32814
25175 34074
25177 25972
25178 25744
25178 39416
25180 29812
25181 27871
25182 27462
25182 32358
25182 36836
25183 28101
25183 32279
25184 29960
25184 32814
25184 39364
25184 39529
25185 32430
25186 30558
25186 36443
25187 31950
25187 37912
25187 38743
25188 29119
25188 32000
25188 39425
25191 36658
25192 39205
25192 39846
25194 25747
25195 35698
25196 25522
25196 35078
25197 28233
25197 37821
25198 27432
25198 31315
25199 26260
25199 37906
25200 26334
25201 27463
25201 27507
25203 36724
25203 39518
25204 31165
25204 34897
25204 37234
25205 28118
25205 31932
25205 34879
25205 35875
25206 39377
25207 29065
25208 27736
25208 36301
25209 39061
25210 26618
25210 37647
25212 29849
25215 28527
25215 37338
25217 27408
25218 27516
25218 29895
25219 30393
25219 33927
25222 26898
25222 36250
25224 26568
25226 26483
25226 35131
25226 36508
25228 27838
25229 26611
25229 33435
25232 28130
25233 30344
25233 37770
25234 27803
25234 31894
25234 35822
25234 37586
25234 37994
25234 39580
25235 25654
25235 29602
25235 33822
25236 33119
25238 27297
25238 27669
25238 28877
25238 39032
25239 29638
25239 36256
25239 37845
25239 39281
25240 36223
25241 30690
25243 29616
25245 39742
25245 39903
25246 35342
25247 39847
25248 26828
25248 28159
25248 30236
25249 31424
25249 32299
25249 37042
25251 28912
25252 31498
25252 38631
25253 26697
25253 39577
25255 34705
25256 36076
25256 39514
25257 29255
25257 30654
25258 28166
25258 30082
25259 30372
25260 26874
25260 29369
25262 25277
25263 37716
25264 25473
25264 29228
25264 30579
25265 37059
25266 27166
25267 38322
25269 38084
25271 26429
25271 31219
25271 31882
25271 33300
25272 30021
25274 33420
25274 37301
25275 28884
25275 36375
25275 38915
25276 28785
25276 31106
25276 33624
25276 37023
25277 39613
25278 38094
25280 27627
25280 36396
25281 26268
25281 36828
25282 31390
25282 34513
25282 39355
25283 29787
25283 35524
25283 36758
25283 36920
25283 37777
25284 28338
25286 27678
25286 36678
25286 39790
25287 39820
25288 31923
25288 33430
25288 37593
25288 38280
25289 33398
25289 34879
25289 36929
25289 37559
25290 26543
25291 26038
25291 26850
25291 33321
25291 35134
25291 37447
25293 28447
25293 31741
25293 34535
25293 39196
25294 28789
25294 35952
25295 31864
25295 32578
25295 35786
25296 34260
25297 38713
25297 39649
25298 27799
25299 31572
25299 32352
25299 38994
25300 26492
25300 35599
25301 30212
25301 30697
25301 34562
25301 37765
25302 25837
25302 28235
25304 25820
25304 29355
25304 31434
25305 25564
25305 36424
25307 31291
25307 31703
25308 27409
25308 37595
25308 38563
25309 25857
25309 35718
25309 39389
25310 25956
25310 28668
25311 38433
25312 37118
25313 26665
25313 28827
25314 31580
25314 37724
25314 38443
25317 27319
25318 34915
25318 38555
25320 34842
25321 37782
25322 30382
25322 37271
25322 37824
25322 37885
25323 31813
25323 34244
25324 25752
25324 25908
25324 30234
25325 32913
25326 26492
25327 32574
25328 27077
25329 29047
25329 30225
25329 30247
25330 31780
25332 31495
25332 34968
25333 35683
25333 39709
25334 31759
25335 31093
25335 33952
25337 27908
25339 31527
25339 34407
25340 28989
25341 29854
25342 29136
25342 29623
25342 35951
25342 37442
25343 34460
25344 36142
25344 36783
25344 39036
25345 32780
25347 26614
25347 31132
25347 31701
25347 37586
25347 37901
25348 38665
25349 28857
25350 29381
25351 25709
25351 27495
25351 30050
25353 32131
25353 35999
25354 37879
25354 38592
25354 38979
25355 31251
25355 36915
25356 32975
25357 26715
25357 27078
25357 27858
25357 39262
25358 25832
25358 30615
25358 35111
25359 34338
25360 30867
25360 34848
25360 36714
25361 34135
25362 30399
25362 34801
25362 38085
25363 37930
25365 27361
25368 27364
25368 29136
25368 30512
25368 32492
25368 33089
25369 32034
25370 25640
25370 28224
25370 38163
25373 32993
25374 34668
25376 27760
25377 28376
25378 39529
25379 29714
25379 36127
25380 30668
25380 39906
25381 28699
25381 36169
25382 28703
25383 36346
25384 32683
25384 36203
25384 37730
25385 26005
25385 26521
25385 36176
25385 38575
25386 28935
25386 37600
25386 37788
25386 39716
25387 25860
25388 38372
25389 39656
25389 39811
25390 30989
25390 33418
25390 36324
25390 36488
25391 37881
25391 39723
25392 37383
25392 39243
25393 36407
25395 30650
25396 27985
25397 37347
25397 38219
25399 39489
25400 30293
25400 33829
25401 28924
25403 32273
25403 35670
25403 39838
25407 35087
25408 38060
25409 37643
25411 38200
25412 29439
25412 36766
25413 28582
25414 28085
25415 27003
25415 27956
25415 28432
25415 33275
25416 25432
25416 39095
25417 34294
25419 26143
25419 32448
25419 35445
25421 26718
25421 37026
25422 27597
25422 35691
25424 31558
25424 37374
25428 29499
25428 31086
25429 33206
25429 34091
25429 35426
25431 28132
25431 31797
25433 27988
25433 28416
25433 29396
25433 37453
25435 29944
25436 38917
25437 25583
25437 37508
25437 38254
25438 28633
25438 29116
25439 27711
25440 38206
25441 34096
25442 35879
25444 31813
25446 26754
25447 29468
25448 30216
25449 29102
25449 29724
25449 32031
25450 34465
25451 26881
25451 33873
25451 39689
25452 33395
25453 27098
25453 33753
25454 33513
25455 33140
25456 37207
25457 38764
25458 36183
25460 32334
25464 29390
25464 34002
25465 36353
25466 27442
25466 32913
25466 33576
25468 39134
25470 37288
25471 26970
25472 37251
25474 27244
25474 28948
25474 32013
25475 32160
25475 32797
25476 26511
25476 27548
25476 30562
25477 35312
25477 38678
25478 37635
25479 35818
25480 26865
25483 35635
25484 25832
25484 29024
25484 33831
25485 30622
25485 35970
25485 36428
25486 26349
25486 29595
25486 29904
25487 35019
25487 37399
25487 37489
25487 38541
25488 25986
25489 28946
25491 35072
25491 39277
25492 29902
25493 26455
25493 31271
25493 35902
25494 35050
25495 29230
25495 35449
25495 39989
25496 36418
25496 36535
25498 35929
25499 25545
25499 30941
25501 26608
25501 31243
25501 36522
25501 37279
25503 30211
25503 36042
25503 38135
25504 39555
25505 37629
25505 39566
25507 34938
25507 35784
25508 33537
25508 35438
25509 25677
25510 39950
25511 38047
25513 31353
25513 35998
25513 36146
25513 37700
25514 26421
25515 38182
25516 26094
25517 31541
25518 27493
25518 29205
25519 37565
25520 25758
25520 31946
25521 27213
25522 35633
25523 33064
25523 35628
25523 38575
25524 27277
25524 28612
25524 39058
25525 32884
25525 36814
25526 27549
25527 35885
25528 27560
25528 38871
25529 38449
25530 26458
25530 30078
25530 35229
25531 29553
25531 38638
25531 39624
25532 26290
25532 29380
25533 33091
25534 27200
25534 33116
25535 27121
25535 27521
25535 30562
25535 39826
25537 35901
25538 28601
25539 39237
25541 35676
25543 26774
25543 30779
25543 32314
25544 31976
25544 33673
25544 35242
25545 30134
25547 29322
25549 32025
25550 34099
25550 36365
25552 32810
25553 26907
25553 27511
25553 37195
25554 27199
25554 32654
25555 35917
25555 37010
25556 26017
25556 29014
25556 31475
25556 34231
25556 35843
25558 31711
25558 39546
25559 28000
25559 31637
25559 32192
25561 39661
25562 27840
25562 33471
25563 25781
25564 37907
25565 28583
25565 38236
25565 39546
25568 26539
25569 37782
25570 26600
25571 29953
25572 27075
25572 27967
25572 31102
25572 35175
25572 35734
25573 27906
25573 32002
25574 33991
25575 25919
25575 31692
25576 28215
25576 30436
25576 32369
25578 28666
25579 31929
25579 36197
25580 34290
25580 39359
25582 30239
25582 30941
25582 33183
25585 36445
25586 36354
25589 32586
25589 36040
25590 32421
25591 26993
25592 29628
25592 34069
25592 36367
25593 36793
25594 32206
25595 28682
25596 36029
25597 28648
25597 33501
25599 30379
25599 32021
25600 34352
25601 25727
25602 29306
25602 37079
25602 38390
25603 34862
25603 38979
25604 30018
25606 34030
25606 37965
25608 31993
25608 37733
25608 37843
25609 28013
25609 38708
25609 39515
25612 33904
25614 33470
25615 28751
25615 32504
25615 33793
25616 28724
25616 31020
25616 32111
25616 33798
25616 39859
25617 27005
25617 30301
25617 34473
25620 29290
25620 39285
25621 27621
25622 27332
25622 33079
25623 30325
25623 35470
25625 36587
25625 38265
25625 39828
25626 32193
25626 35095
25626 36533
25627 32466
25627 35318
25628 26849
25628 31085
25630 29393
25630 30292
25630 36041
25630 39045
25632 28628
25632 36533
25632 38578
25633 30264
25633 30559
25633 33850
25634 29687
25635 29275
25635 35076
25635 39001
25635 39020
25636 28663
25636 29960
25636 34222
25636 36708
25636 39235
25637 29533
25637 36631
25639 31429
25640 32262
25641 37074
25642 28260
25643 39604
25644 27149
25644 34546
25646 27838
25647 35056
25647 35245
25647 38636
25648 31991
25651 26370
25652 29076
25653 27498
25653 31373
25654 36750
25654 39099
25655 28724
25656 35134
25657 28213
25657 36084
25658 29196
25661 38864
25662 38953
25663 26914
25663 29466
25663 36014
25664 31938
25664 34191
25665 27282
25665 34382
25665 35779
25665 39616
25666 36800
25666 37072
25667 36239
25669 34890
25670 30500
25671 26997
25671 34641
25671 39058
25672 35059
25673 26695
25673 36274
25675 37694
25676 32303
25676 32664
25677 34688
25678 28667
25678 39598
25679 30151
25679 30229
25680 32307
25680 34860
25681 31606
25681 37161
25682 28289
25682 32533
25684 29559
25686 31127
25687 34463
25691 28144
25693 26548
25693 35072
25694 25741
25695 27962
25695 31941
25697 36229
25698 33058
25698 34151
25698 34330
25698 34400
25699 26989
25700 28335
25702 36808
25703 32839
25703 33280
25705 27489
25707 34828
25707 36893
25708 27506
25708 29709
25709 25917
25709 27905
25709 34216
25709 35209
25710 38626
25710 39696
25712 29748
25712 35713
25712 38720
25713 32268
25714 26919
25715 28749
25715 32815
25716 29847
25716 30233
25716 37089
25717 29297
25718 29975
25718 39258
25719 39819
25720 34583
25721 35589
25722 35829
25722 38894
25723 28622
25723 29261
25724 27551
25725 28102
25725 39008
25726 26343
25726 33087
25727 29221
25729 35071
25729 37062
25730 35672
25731 28282
25731 29697
25731 39154
25732 39813
25734 34355
25734 34560
25734 36458
25734 39641
25736 28547
25736 32706
25737 37508
25738 27098
25738 31758
25738 32797
25739 26477
25739 34255
25741 27996
25744 28052
25744 33344
25744 36754
25745 29096
25746 31083
25746 31283
25746 31707
25746 37105
25747 30517
25748 32026
25748 32039
25749 30562
25749 37973
25750 28294
25750 30629
25750 32496
25751 39426
25753 26857
25753 33794
25754 31624
25755 31351
25755 34558
25756 34523
25757 29858
25757 36816
25757 38522
25758 29677
25758 35654
25759 32938
25760 25867
25760 29993
25760 30368
25761 28407
25762 28789
25763 30215
25764 35954
25765 36507
25766 27320
25766 29543
25773 27257
25773 33375
25775 30824
25776 29278
25776 34584
25776 36856
25777 28926
25777 33497
25778 31445
25779 29199
25779 33223
25781 28793
25781 30631
25782 30489
25783 26071
25783 29244
25783 30826
25783 35056
25784 28187
25784 31781
25785 35848
25786 26719
25786 31408
25788 26428
25788 36194
25790 27779
25791 28552
25791 33324
25791 37164
25792 26259
25792 34543
25794 25893
25794 27999
25794 35123
25795 27092
25795 29685
25795 34084
25795 39651
25796 33825
25797 26357
25797 29709
25797 36837
25798 34865
25798 35933
25798 37871
25799 28374
25800 32012
25801 37987
25802 29850
25802 33017
25803 29337
25803 31993
25803 34242
25803 35199
25803 37775
25804 38370
25807 37960
25808 38908
25808 39549
25811 32563
25812 27004
25812 28141
25814 27512
25814 30985
25815 28570
25817 31407
25817 31738
25817 32013
25817 36611
25818 38785
25819 30702
25821 25874
25822 29908
25823 28559
25823 33264
25824 28567
25825 38483
25827 28053
25827 38745
25828 39879
25829 33166
25829 37179
25829 39187
25830 26766
25831 35685
25832 38463
25833 26473
25833 28238
25834 34155
25834 38910
25835 30235
25835 37192
25836 31280
25836 36059
25836 36842
25841 25977
25841 26237
25841 27692
25842 32239
25843 36194
25844 30381
25844 39993
25848 26689
25848 30369
25848 32814
25848 37331
25849 32277
25849 34380
25850 33256
25851 37291
25852 27400
25853 34069
25853 35952
25854 25980
25855 36613
25855 39986
25857 30209
25859 27155
25860 26714
25860 28219
25860 31315
25860 31862
25860 35222
25861 29211
25861 33535
25861 37934
25862 26662
25862 27098
25863 30334
25864 27140
25864 29926
25864 34422
25864 39586
25868 33744
25869 35715
25869 37232
25871 29736
25872 27456
25872 29567
25874 30422
25874 33874
25876 39524
25876 39552
25877 35808
25877 39591
25879 35521
25879 38553
25882 30425
25882 33762
25885 30247
25886 38360
25888 30069
25888 39050
25890 28221
25890 31771
25892 34048
25892 37694
25893 33465
25893 39253
25894 27176
25894 34029
25895 28581
25895 39410
25896 35294
25896 39895
25897 31352
25897 37356
25899 39716
25901 35180
25901 38347
25907 32178
25907 33018
25907 34250
25907 35947
25907 38273
25908 26714
25908 36345
25909 27580
25909 30470
25909 32440
25909 39785
25910 31610
25910 32146
25910 35191
25910 38117
25911 26688
25911 27990
25912 35468
25914 31848
25915 30459
25915 34917
25916 38582
25917 26856
25919 29072
25919 34401
25921 38287
25923 30900
25923 38448
25924 39736
25925 30157
25925 33256
25927 27637
25927 30898
25927 36712
25928 26050
25929 34717
25930 29234
25931 36199
25931 38328
25934 34248
25934 36306
25934 37150
25936 29295
25936 29826
25937 28883
25937 38813
25938 27780
25938 38852
25939 38600
25940 39687
25941 33452
25942 26218
25942 31376
25942 31985
25944 29957
25945 29948
25945 30498
25945 31016
25945 32808
25946 30217
25948 26317
25949 28207
25949 34353
25949 35199
25950 39317
25952 27223
25952 31319
25952 32887
25952 38847
25953 26980
25953 33124
25954 31545
25954 38737
25956 35747
25957 34541
25957 37886
25958 31797
25959 31782
25960 29758
25960 37576
25961 36784
25962 36964
25967 30898
25968 31375
25969 31036
25969 37266
25969 38019
25970 28875
25970 36586
25970 38313
25973 26838
25974 26645
25974 29058
25974 31790
25974 35048
25974 36736
25974 38778
25977 26179
25977 29965
25977 31579
25977 31917
25978 34522
25979 27488
25979 30828
25981 34609
25981 39370
25982 30201
25982 34978
25984 33178
25984 39932
25986 26751
25986 31339
25986 37486
25987 26349
25987 28450
25987 30538
25987 35443
25987 36630
25989 33721
25990 30423
25990 33077
25990 33241
25991 27662
25992 37038
25992 37296
25993 30013
25994 33438
25994 39740
25995 39365
25998 27117
25998 32526
25998 34842
25998 37760
25998 39682
25999 26577
25999 28728
25999 32523
25999 39394
26000 26578
26000 28850
26002 30548
26002 33121
26002 35697
26003 26479
26003 29656
26003 37839
26004 34008
26005 28366
26006 27297
26007 34761
26007 38050
26007 38738
26010 33063
26012 26178
26014 30575
26014 34761
26014 37924
26015 28954
26015 39626
26016 33508
26017 27717
26017 31476
26018 31585
26020 26075
26020 34323
26020 36101
26021 29331
26021 29851
26021 33718
26021 38715
26024 32244
26025 36909
26025 37780
26026 31693
26027 31067
26027 33272
26027 33608
26027 38602
26028 38530
26029 27478
26030 38735
26031 37217
26032 30512
26032 31565
26033 28127
26033 34226
26034 31542
26034 33958
26034 37886
26035 30433
26038 34205
26038 38879
26039 35197
26039 35891
26039 39837
26040 27390
26040 27843
26042 26157
26042 26351
26046 27213
26046 29039
26047 27682
26047 35431
26048 29653
26048 39070
26049 31343
26049 34009
26049 34464
26049 38057
26050 29332
26051 33937
26052 34815
26052 37998
26053 29707
26053 29915
26053 35398
26054 30041
26054 39602
26055 35545
26056 30404
26057 28372
26057 28974
26058 36429
26059 32081
26061 28527
26061 38751
26062 29682
26062 32473
26063 32135
26063 35147
26064 29307
26065 34574
26067 28398
26069 26595
26071 29769
26071 35105
26072 28711
26072 34426
26073 35270
26073 39022
26074 34488
26075 34644
26076 27903
26076 28906
26076 31227
26076 39324
26076 39715
26077 34541
26078 32486
26080 35603
26081 26137
26081 26144
26082 34103
26083 39060
26084 28382
26085 29280
26085 30704
26085 36822
26086 38463
26087 28734
26087 30081
26088 30285
26088 33727
26090 39796
26091 33109
26092 27398
26093 31808
26093 39655
26095 29208
26095 32276
26096 33107
26097 35566
26098 32720
26098 36816
26098 36981
26098 39915
26100 26887
26100 27418
26100 30077
26101 26627
26101 37017
26101 38069
26102 26642
26102 39795
26103 28090
26103 28778
26103 33511
26104 36184
26106 33613
26106 38551
26106 38572
26107 26375
26107 30508
26107 30632
26109 28716
26109 30029
26111 29245
26111 29852
26111 37029
26117 35699
26118 33991
26118 37820
26120 29017
26121 27781
26121 28172
26121 36433
26122 28783
26122 34290
26122 37998
26124 37122
26124 38895
26125 36480
26126 30937
26126 33541
26126 39235
26127 27849
26127 32561
26127 39545
26128 37727
26130 35639
26132 35751
26132 35993
26133 36379
26135 28566
26135 39170
26135 39630
26137 38131
26138 27363
26139 29902
26139 35987
26141 27692
26141 30969
26143 28603
26143 36497
26145 36513
26145 38412
26146 34525
26147 31789
26148 27003
26148 30996
26148 32227
26148 34051
26148 39289
26149 29699
26149 32677
26150 26269
26150 29455
26151 31453
26151 35994
26154 33617
26154 38397
26155 26977
26155 35224
26156 29653
26156 31852
26156 32506
26156 34261
26156 36786
26157 30616
26157 32939
26157 39277
26159 32576
26160 29888
26160 34157
26160 34485
26161 27826
26161 31048
26162 26310
26162 26953
26162 39365
26162 39409
26163 28114
26164 35671
26166 30444
26166 31964
26166 34536
26167 27372
26170 28577
26171 28810
26171 30496
26172 39153
26173 31222
26173 31243
26173 36176
26174 36852
26174 37726
26176 26778
26176 31664
26177 39009
26178 34953
26178 39784
26179 29329
26179 31338
26179 33045
26180 37323
26182 36164
26184 36560
26186 37572
26188 39002
26189 28707
26189 29023
26189 31722
26190 30704
26194 28832
26194 28903
26194 39027
26197 34148
26197 38079
26197 39805
26201 28028
26203 33127
26204 32446
26205 27723
26205 35238
26205 39984
26206 33365
26207 27076
26207 35182
26209 38429
26211 32347
26212 32495
26213 29588
26214 29574
26214 32554
26214 39094
26215 28667
26216 36734
26217 31709
26219 37960
26220 37333
26221 26800
26222 31297
26223 30910
26223 33153
26225 28396
26225 34761
26225 39869
26226 35250
26227 29417
26227 36458
26228 32435
26228 34237
26231 35262
26232 37875
26233 27145
26233 28880
26236 34083
26236 38860
26237 28130
26237 34204
26237 38923
26238 26601
26238 26808
26238 28277
26239 31367
26239 38300
26240 30818
26240 30999
26240 33927
26241 27822
26241 28469
26241 37530
26243 26302
26243 39840
26244 30041
26244 39765
26246 32218
26246 39073
26247 32806
26248 26941
26248 28396
26248 34720
26250 28027
26250 30369
26251 27537
26251 27889
26252 35920
26254 39709
26255 39882
26256 28500
26257 36202
26258 30517
26258 31781
26259 29186
26259 38452
26260 38474
26261 37282
26262 35855
26263 29126
26265 32850
26266 27355
26266 30507
26266 37813
26268 28791
26268 30907
26268 33251
26269 36026
26269 38981
26270 26681
26270 36204
26270 37587
26272 29819
26273 30579
26276 33692
26277 30158
26277 35358
26277 37002
26277 38289
26278 33356
26279 27510
26279 31529
26279 37057
26280 28307
26281 29624
26282 34546
26283 27636
26283 33668
26285 28738
26285 29876
26285 32808
26285 33385
26286 34835
26287 36348
26288 28909
26288 32864
26288 37191
26288 39749
26289 28221
26289 30714
26290 27070
26290 29705
26291 27064
26291 33349
26292 30336
26292 35794
26292 36864
26293 33132
26293 37538
26294 28284
26295 29064
26297 34973
26298 32553
26300 29169
26300 33777
26301 33388
26303 29505
26303 33021
26303 33042
26304 37119
26306 26614
26306 32208
26307 28725
26308 36049
26309 31833
26310 32839
26310 39614
26311 37620
26314 30001
26316 28612
26318 28768
26320 31210
26320 39232
26320 39465
26320 39493
26322 37237
26323 31730
26323 32731
26324 30151
26324 33670
26324 39038
26325 27233
26325 35904
26326 33213
26326 35056
26327 32296
26327 34295
26327 34933
26327 35362
26328 31967
26328 37085
26329 39468
26330 33453
26330 35113
26331 31067
26331 31441
26332 26785
26332 31848
26332 33985
26332 36731
26332 36804
26333 34737
26334 26433
26334 26899
26335 31915
26335 35251
26335 37684
26336 30230
26337 36879
26338 37374
26339 27495
26341 27064
26341 29607
26341 30424
26341 32396
26341 35867
26341 38619
26344 30787
26345 27416
26345 27585
26345 39246
26345 39613
26346 26979
26347 31762
26348 35067
26348 37262
26349 28026
26349 32480
26350 34736
26350 35473
26350 37209
26351 33710
26351 39159
26352 28484
26352 33774
26353 27346
26353 39977
26355 39092
26358 26776
26358 27479
26360 32638
26360 39598
26361 27341
26361 33486
26361 39201
26362 33090
26363 27920
26364 29623
26366 39227
26367 32798
26367 36997
26368 34070
26369 27507
26369 39070
26370 29541
26370 34171
26370 39197
26371 33009
26373 39068
26374 33221
26375 30254
26375 30881
26375 34234
26376 35411
26376 39644
26377 26752
26377 29993
26377 30529
26379 27633
26380 29661
26380 35446
26380 38637
26384 34028
26385 36106
26385 39796
26386 32031
26387 30318
26388 37700
26390 34230
26391 33484
26391 33886
26391 35210
26394 36294
26394 39232
26395 38325
26396 34200
26397 29605
26398 29664
26398 30207
26398 32623
26399 31753
26400 27548
26400 29731
26402 27279
26402 30516
26402 39049
26403 27186
26403 28631
26404 27136
26404 29528
26404 30490
26404 39718
26406 37071
26408 31880
26409 33248
26409 34226
26410 34078
26410 35241
26413 33431
26414 39733
26415 33638
26417 31106
26417 33412
26417 34415
26418 39373
26418 39783
26419 27723
26419 29775
26419 29834
26419 38322
26420 27088
26421 26914
26422 28014
26422 29513
26422 35308
26422 37709
26423 28984
26423 37337
26425 26505
26426 33369
26426 37737
26427 27692
26427 29577
26428 33670
26428 37588
26429 28567
26430 33451
26430 37778
26431 28607
26432 30559
26432 37384
26433 35137
26434 34096
26435 30478
26435 39417
26436 27918
26436 33286
26439 27017
26440 34027
26440 35157
26441 28557
26442 29124
26443 34701
26443 35628
26445 31473
26445 34869
26446 35717
26447 34913
26450 28840
26450 29020
26451 30183
26451 39211
26452 30174
26453 29806
26455 28464
26456 31814
26456 38028
26457 32310
26458 32320
26459 29025
26460 31852
26462 31624
26462 35680
26462 35744
26463 28250
26463 29772
26463 32562
26464 37134
26467 27856
26468 37130
26469 34829
26469 37390
26472 28306
26472 34804
26473 38312
26474 39291
26475 28975
26475 34380
26476 33550
26477 36888
26478 27196
26478 32396
26479 28560
26479 29191
26479 30624
26479 35120
26479 39220
26480 27677
26480 36078
26482 38438
26483 29574
26483 32444
26484 27784
26484 35392
26485 29539
26487 29001
26487 29060
26487 29972
26488 38317
26489 36632
26489 39588
26490 31134
26492 33174
26492 35272
26492 35632
26493 30234
26495 35660
26496 32015
26497 27890
26497 39827
26498 28317
26498 28646
26498 33958
26499 29356
26499 37310
26500 33593
26501 30978
26501 36306
26502 29126
26503 27796
26503 32252
26503 39463
26504 33174
26505 35720
26505 39071
26511 32062
26512 32914
26513 27087
26513 31197
26515 39653
26516 29894
26516 39341
26516 39606
26517 36638
26518 29553
26518 31762
26518 32314
26519 33813
26519 38500
26520 29439
26520 35059
26522 31052
26522 31490
26524 37794
26524 39124
26525 37819
26526 28893
26527 28065
26529 29281
26529 34213
26529 37079
26530 30818
26530 31947
26530 32190
26530 35142
26533 39128
26534 27281
26534 27948
26534 38787
26535 31652
26535 33191
26535 35942
26535 36849
26537 27866
26538 29441
26539 38107
26540 34278
26542 27659
26543 38218
26544 37389
26546 30921
26547 39330
26549 26693
26549 37258
26550 31491
26550 38477
26551 33917
26551 36094
26552 28388
26552 31220
26553 39667
26555 36504
26556 27004
26557 28072
26557 30777
26557 32157
26559 31891
26559 35004
26560 33007
26560 35456
26561 30947
26561 38452
26562 29580
26562 30916
26563 27657
26563 38091
26564 35331
26564 39428
26568 30083
26570 28955
26570 30077
26570 34776
26571 37282
26572 28055
26572 28736
26573 27345
26574 32415
26575 32432
26575 35904
26575 39773
26576 31908
26576 36188
26577 29032
26578 34496
26578 39368
26580 34298
26581 27193
26581 27923
26581 35719
26581 35797
26582 31558
26582 37021
26584 26634
26584 34910
26584 39828
26585 31773
26585 36837
26586 35028
26587 27380
26587 29875
26587 39229
26588 39477
26590 28223
26590 33421
26592 26774
26593 32082
26594 34055
26594 36852
26594 37391
26594 38694
26596 31828
26596 33741
26597 27148
26597 34553
26599 28559
26601 38739
26602 29494
26602 38047
26602 38135
26603 35237
26603 36112
26604 33285
26605 28637
26605 31305
26606 31120
26606 33759
26606 35889
26607 28130
26607 29785
26607 32115
26607 34547
26608 32013
26608 35884
26608 37822
26608 38945
26610 29374
26611 39869
26613 35041
26613 35927
26614 39490
26617 35626
26621 28023
26621 35736
26622 36717
26623 29439
26624 27542
26624 29680
26625 31777
26626 28301
26626 30202
26626 37907
26627 30697
26628 33038
26629 32387
26629 36068
26629 38456
26630 35963
26631 38990
26632 30029
26632 35813
26632 35838
26635 31430
26635 38295
26636 28579
26636 36427
26637 36298
26639 30698
26639 38975
26640 27959
26640 36467
26642 35426
26643 27526
26643 30384
26643 39986
26644 29590
26644 36194
26645 27057
26645 27724
26645 28500
26646 27522
26646 34190
26650 34155
26652 39115
26653 37814
26654 29417
26655 28038
26655 29004
26656 39337
26657 30886
26658 33723
26659 27500
26659 39089
26660 30619
26660 36857
26660 37047
26662 29923
26662 34441
26663 27924
26664 35535
26665 29702
26666 37087
26666 37485
26667 27049
26670 29308
26670 33739
26670 36405
26672 32012
26672 33753
26674 30363
26675 29263
26675 31777
26675 39649
26678 27625
26679 32314
26679 34537
26681 32654
26681 38122
26681 38219
26683 39276
26684 30855
26685 29055
26685 29333
26686 27268
26687 27879
26687 30253
26687 33001
26688 28954
26689 31263
26689 36442
26689 37027
26689 38063
26690 28356
26692 27579
26692 35977
26693 30925
26693 34186
26693 36953
26694 27101
26694 39149
26695 31395
26696 32253
26697 29716
26697 35474
26698 39459
26700 31371
26701 32542
26702 26916
26702 36609
26702 36788
26706 39605
26708 31656
26708 33617
26708 39901
26710 28944
26710 29639
26710 35498
26711 39691
26713 28143
26714 26945
26715 28373
26715 32504
26716 31175
26717 28050
26717 30696
26718 36782
26719 28612
26719 35132
26719 36256
26719 37049
26720 39363
26721 31625
26721 36771
26721 37215
26722 32176
26724 28026
26724 32306
26725 35534
26725 35985
26726 28529
26726 28757
26727 37646
26728 28734
26728 31574
26728 34196
26729 36835
26729 37207
26731 31077
26731 37672
26732 30907
26732 30928
26732 32385
26732 35467
26734 36407
26735 30314
26735 32649
26735 34906
26735 36539
26735 39850
26735 39964
26736 36821
26737 26823
26737 30728
26739 31204
26739 38240
26740 28862
26741 29712
26741 31903
26741 35396
26742 32070
26743 32610
26744 31453
26746 35758
26746 38078
26746 39483
26748 28900
26748 31127
26748 39759
26750 33744
26753 32483
26753 33054
26753 33074
26754 35477
26755 37111
26755 37127
26755 38311
26757 27621
26757 30036
26757 32847
26757 38538
26759 33297
26759 35671
26759 38551
26759 39659
26760 29758
26762 35252
26763 27825
26764 34440
26764 39869
26765 28436
26767 36953
26770 28758
26770 33781
26772 30169
26773 39421
26774 34398
26775 31646
26776 39818
26776 39841
26777 29387
26778 28062
26778 37588
26778 39116
26779 36515
26779 37855
26781 38832
26783 34838
26784 33952
26786 28133
26787 39287
26789 26914
26789 38512
26790 27129
26792 32411
26793 28122
26793 28260
26793 31543
26793 36476
26795 38910
26797 33529
26797 38079
26797 38958
26799 33288
26800 30580
26800 35105
26801 31825
26801 37499
26802 28180
26803 35370
26805 30035
26805 37459
26806 27852
26806 32590
26808 27916
26808 37130
26808 38262
26809 36951
26811 29147
26811 30928
26811 38295
26813 35076
26814 38822
26815 36828
26816 32198
26816 38092
26816 38565
26817 29135
26817 34833
26818 32604
26819 30847
26819 34826
26819 35123
26820 35120
26820 38366
26822 27868
26826 34889
26827 39134
26828 30204
26828 34016
26828 38459
26829 37355
26829 37924
26829 39302
26830 27916
26830 31502
26830 38486
26832 33805
26833 27288
26833 28989
26834 33403
26834 33891
26834 38877
26834 39004
26835 31824
26835 36576
26837 28799
26837 30981
26838 28523
26839 28735
26840 34817
26840 36091
26841 39363
26844 32824
26847 34569
26847 34815
26848 28596
26848 39786
26849 37676
26850 33686
26851 30897
26851 32759
26852 29505
26852 32449
26854 28333
26854 30207
26854 37449
26855 35415
26859 31678
26859 35988
26861 30345
26862 32220
26863 29015
26864 29206
26864 36060
26864 37126
26865 28098
26865 30457
26866 30340
26866 39114
26867 29655
26867 37451
26871 28717
26871 31911
26871 33152
26871 35123
26873 39076
26874 27152
26878 28956
26880 28661
26880 29607
26880 30410
26880 31871
26880 34930
26881 27882
26881 29066
26881 36985
26881 37180
26882 36697
26883 29723
26884 33323
26884 37633
26884 39661
26885 35045
26886 34736
26886 37696
26887 27156
26887 29825
26887 35387
26888 34393
26888 34594
26888 36770
26888 38419
26889 36453
26890 37702
26891 37367
26894 30006
26894 35661
26895 27555
26895 32955
26895 34505
26896 38204
26897 26949
26897 28603
26897 35488
26897 36369
26897 38511
26898 29996
26898 38470
26898 39971
26899 37964
26899 39064
26902 38870
26903 28798
26903 33669
26903 39285
26904 30961
26904 32955
26905 27234
26905 32911
26905 36411
26905 37874
26906 35108
26906 37777
26907 34432
26907 36835
26907 39125
26908 36426
26909 32201
26910 31027
26910 33198
26910 34452
26911 27827
26911 34712
26914 28879
26914 36493
26915 27378
26915 27953
26916 34025
26917 37822
26918 36361
26919 28945
26919 34057
26919 35898
26919 39523
26921 27677
26921 30636
26922 38652
26923 32916
26923 35970
26927 34438
26928 36652
26928 39645
26930 38561
26931 28109
26934 30210
26934 32703
26935 36378
26937 35934
26941 38578
26942 30676
26942 36969
26942 37699
26942 39983
26943 29971
26944 36952
26946 29787
26947 33695
26948 27457
26948 29420
26948 37012
26948 37712
26949 29137
26949 29769
26949 34358
26951 31157
26952 28882
26952 31831
26952 35238
26952 38612
26954 32228
26954 38709
26955 28866
26955 31461
26955 34593
26955 35187
26956 27763
26956 33605
26957 34550
26958 30254
26958 37350
26958 39917
26959 27169
26960 35051
26960 38296
26962 30767
26963 28428
26963 35713
26965 32845
26965 35331
26965 37118
26966 32883
26966 36259
26967 37909
26967 39568
26968 34257
26969 38412
26970 26984
26971 31673
26971 34742
26973 29513
26973 32562
26974 29145
26975 29441
26975 29512
26975 32760
26975 33426
26975 33817
26976 39646
26977 33635
26977 34454
26978 28685
26979 29042
26979 33072
26979 38658
26982 27517
26982 39469
26984 27577
26985 26990
26985 30647
26985 31745
26986 27296
26989 30176
26989 32240
26990 38565
26992 34516
26992 36133
26992 39712
26993 28848
26993 38132
26994 28681
26994 30828
26994 36247
26995 30764
26995 34465
26996 30820
26997 27156
26997 39546
26998 29562
27000 29859
27002 34426
27006 27067
27007 29729
27007 34961
27007 39085
27008 34917
27008 39613
27010 39796
27011 31452
27011 37286
27012 30934
27012 35744
27012 37690
27013 28054
27013 34825
27014 28419
27014 38686
27014 38789
27015 34809
27016 34541
27018 29616
27018 33358
27020 28377
27020 28438
27023 29682
27023 34530
27023 37862
27024 37334
27025 29299
27025 37197
27026 30559
27026 30632
27028 35481
27030 39637
27032 36938
27032 38519
27033 27958
27033 28083
27033 29903
27033 30481
27033 36766
27034 29574
27034 32558
27034 35290
27035 36410
27038 27824
27040 36874
27041 34819
27041 38386
27042 34903
27043 33970
27044 29073
27044 37752
27045 35294
27046 32769
27047 33458
27048 34828
27049 30963
27050 33050
27050 34936
27051 33861
27051 39715
27051 39929
27052 31515
27052 31920
27052 32435
27052 36136
27053 39090
27054 31749
27054 33256
27055 27575
27056 31963
27056 38862
27057 31411
27058 33039
27058 36325
27059 31257
27059 32665
27060 27643
27061 33492
27061 38187
27062 38119
27063 38425
27064 32431
27065 31687
27065 37243
27066 34790
27066 34877
27066 39540
27067 30106
27068 29411
27068 32818
27069 32787
27070 37489
27071 38464
27072 34919
27072 35655
27072 39630
27074 31403
27076 30226
27077 28975
27078 29143
27079 30391
27079 39622
27080 38107
27081 32442
27081 35281
27082 30034
27082 31536
27084 28210
27084 38440
27084 38695
27085 27405
27085 35406
27085 35626
27085 37426
27086 28230
27087 30949
27087 34450
27089 31801
27091 35907
27091 36841
27092 34818
27093 36816
27094 28003
27094 29054
27096 27675
27096 28555
27096 29544
27096 30612
27096 34037
27097 35520
27097 36437
27097 39327
27098 31611
27099 31619
27101 35645
27101 37607
27102 28634
27102 32351
27102 33991
27102 34372
27102 35110
27102 36024
27102 36059
27103 33414
27103 38933
27104 34214
27105 31118
27107 34841
27108 31161
27108 34325
27109 27177
27110 29026
27110 39523
27111 28402
27111 36928
27112 32182
27112 35128
27114 37550
27115 37701
27116 33371
27119 28156
27122 28261
27122 32351
27125 27876
27127 38547
27128 30043
27128 33064
27128 33454
27128 36871
27130 28680
27130 36857
27131 29477
27131 33221
27131 35746
27132 29964
27133 29089
27133 37883
27134 32620
27134 34384
27135 37063
27135 38242
27136 31106
27136 37254
27137 31061
27137 38299
27138 28394
27138 30847
27138 34991
27140 35067
27143 35126
27143 39568
27144 33861
27146 28126
27149 29871
27149 35224
27150 30245
27150 32057
27150 34068
27150 38100
27150 38410
27151 28252
27151 31399
27151 32374
27151 34842
27151 35541
27152 31114
27152 35599
27153 34857
27153 38538
27154 31165
27154 31316
27154 38506
27155 27433
27155 28267
27156 29219
27158 32639
27158 33532
27161 31492
27163 31466
27163 34075
27164 27748
27165 31534
27165 34479
27165 35941
27165 36970
27166 34254
27166 36289
27167 28003
27168 33173
27170 27960
27172 27506
27173 31565
27175 35233
27176 30759
27176 36046
27177 27276
27177 33031
27177 37915
27177 38957
27178 32655
27178 33082
27178 34069
27179 30692
27179 35815
27181 33462
27181 39933
27182 35024
27182 35385
27182 35939
27183 33419
27183 38031
27185 31881
27185 34609
27185 35528
27185 37429
27185 39104
27187 34784
27188 32534
27189 28039
27189 28322
27189 31077
27189 37258
27191 31992
27192 32325
27193 35450
27196 31813
27197 33899
27197 37411
27198 34513
27199 39732
27201 31580
27202 35219
27202 39321
27203 35334
27204 28990
27204 38983
27206 30844
27206 34306
27207 28940
27207 29044
27209 37445
27210 37690
27210 38441
27210 38583
27210 38786
27213 32211
27213 33968
27214 33351
27215 32857
27217 33829
27217 35716
27218 39498
27219 29103
27220 28798
27220 28805
27220 30869
27221 38240
27222 27265
27222 28163
27225 38667
27227 36018
27228 36375
27228 39826
27229 30866
27229 37370
27230 28578
27232 32488
27232 34910
27232 35900
27234 29654
27235 38032
27236 33253
27237 29495
27237 30136
27238 30912
27238 34322
27239 29457
27240 28686
27240 28832
27240 30917
27241 28587
27241 31564
27241 31622
27245 34470
27246 38393
27247 33972
27247 37423
27248 31911
27253 35880
27255 35857
27256 39078
27257 39353
27258 31333
27258 31422
27259 32946
27260 27279
27261 36075
27262 37322
27262 39668
27262 39845
27265 29139
27266 31818
27267 36235
27268 28046
27268 37220
27269 29684
27270 34484
27272 28158
27274 38750
27275 31488
27276 33679
27277 32704
27277 37517
27278 29413
27278 33737
27280 31605
27281 30237
27281 32208
27281 39450
27282 28540
27282 37361
27283 28413
27283 35565
27284 29868
27284 34051
27289 30151
27291 34826
27291 38025
27292 35257
27293 33494
27293 36215
27295 27749
27295 28389
27295 37989
27298 32927
27300 30456
27300 30888
27300 37684
27302 28388
27302 38641
27304 37097
27305 30516
27305 37292
27306 27413
27307 28481
27307 31448
27307 31839
27312 36515
27313 32002
27314 27834
27314 29090
27314 31793
27314 36668
27314 36868
27315 35406
27316 31452
27317 29808
27317 31763
27318 27625
27318 27701
27318 32011
27320 28936
27321 30134
27321 30785
27323 37360
27328 33656
27328 36414
27328 38429
27329 29932
27329 33171
27329 38658
27329 39687
27330 34495
27332 32640
27333 39517
27334 35313
27334 36994
27335 33179
27335 35503
27336 29641
27337 35165
27338 31130
27338 32118
27339 31529
27340 31463
27340 32127
27340 36227
27341 31623
27342 38760
27343 34623
27346 37716
27347 33966
27348 38694
27349 35406
27350 30960
27350 36703
27351 31388
27351 38114
27351 39088
27353 29026
27353 34381
27353 37928
27355 30155
27357 32874
27358 30309
27358 38462
27361 33293
27363 38739
27364 34337
27364 39436
27365 27458
27365 28668
27365 32275
27366 38635
27368 37286
27368 39085
27369 28101
27370 30715
27372 29762
27372 36077
27375 37820
27377 33408
27378 35167
27379 28609
27379 29372
27381 33048
27383 33984
27383 34687
27385 34773
27386 33320
27387 34768
27387 37662
27387 39230
27388 32357
27388 39280
27390 29085
27390 30413
27391 28648
27391 37119
27392 34101
27395 38959
27396 27461
27398 33267
27401 29773
27401 31379
27401 32497
27401 36401
27403 36737
27404 33640
27405 32690
27406 32779
27407 37537
27409 30692
27410 29538
27410 32502
27410 32908
27411 30091
27411 33373
27412 34512
27412 39345
27413 33263
27414 30719
27415 36372
27415 39016
27415 39657
27417 38285
27417 39940
27418 32340
27419 35276
27420 28755
27420 34899
27420 38001
27421 32433
27422 28022
27422 34530
27423 38491
27424 31415
27424 33725
27424 39939
27425 32057
27426 32845
27426 33422
27426 36103
27426 36991
27428 31346
27428 35895
27430 39674
27431 30739
27431 33171
27431 34383
27432 27797
27432 28531
27433 27521
27433 28364
27433 29561
27433 30142
27433 30192
27436 38977
27436 39550
27438 29091
27438 31467
27438 38174
27439 31671
27439 34600
27439 37700
27440 28483
27440 31254
27440 36014
27441 38008
27441 38746
27443 33168
27444 28361
27447 28573
27447 29929
27447 39300
27449 27947
27449 33227
27452 29467
27452 30278
27452 36506
27453 28694
27454 30787
27456 32227
27456 33588
27456 34628
27457 37209
27458 38722
27459 28511
27460 28075
27460 31769
27460 38011
27461 36621
27462 38121
27463 34719
27465 29012
27466 36200
27469 32156
27469 34099
27471 31834
27471 34088
27471 39832
27472 31900
27473 39672
27476 33411
27478 30679
27478 31687
27478 34501
27479 31521
27480 32712
27481 30277
27481 35690
27482 29042
27483 35072
27483 38441
27484 28855
27484 36887
27485 36673
27486 35997
27486 38519
27488 34375
27490 32676
27490 33450
27490 35205
27491 38575
27493 39985
27496 36865
27497 30449
27497 30455
27497 38654
27498 33804
27500 33331
27502 28186
27502 35283
27502 35521
27502 39933
27503 30679
27505 33491
27505 35612
27505 37489
27505 39844
27506 31426
27508 34408
27508 39946
27509 32333
27511 38103
27513 36083
27513 37273
27515 31247
27515 36223
27515 37461
27517 32545
27517 37081
27518 29070
27518 34874
27518 39037
27519 38498
27520 28118
27521 33566
27521 35629
27522 31678
27522 36541
27523 32153
27523 33349
27523 37795
27524 33374
27525 34589
27526 33967
27526 39926
27527 30962
27528 34329
27528 35250
27528 35913
27529 33555
27529 39490
27530 28242
27530 38479
27532 33063
27532 36905
27533 30108
27533 34058
27533 38246
27535 34092
27536 38692
27537 29013
27537 30877
27539 38230
27540 31808
27540 39635
27542 37206
27543 38787
27544 29674
27544 31996
27545 33821
27545 36309
27546 30231
27546 32989
27546 38554
27547 38396
27547 38435
27548 33150
27550 33308
27550 33853
27551 30664
27552 34659
27553 30379
27554 30377
27555 31748
27555 36049
27556 36746
27556 38647
27558 28505
27558 30242
27559 28702
27561 27620
27561 39035
27562 28637
27563 37371
27565 33951
27565 35548
27566 28954
27567 36578
27568 30265
27568 32128
27568 33483
27568 36388
27570 33286
27571 31224
27571 37554
27572 28346
27572 32078
27572 32502
27573 27922
27574 34722
27575 34516
27575 38524
27576 29845
27577 29464
27577 32383
27577 37334
27578 31795
27578 32570
27578 39964
27579 27920
27579 32121
27581 27590
27582 31215
27582 32334
27582 35086
27583 31292
27583 31523
27583 33423
27586 31279
27586 33942
27587 29364
27588 37993
27589 30175
27589 33106
27589 39371
27590 32032
27591 36050
27591 39667
27592 33704
27592 39463
27593 36364
27594 29634
27594 35330
27594 35512
27594 36689
27594 39426
27597 37630
27598 30416
27598 35682
27599 33901
27599 35336
27599 35366
27601 36720
27602 27929
27603 30789
27604 29454
27604 36999
27605 35783
27605 38103
27606 33816
27608 32239
27608 35442
27608 36122
27609 30409
27611 29269
27612 31125
27612 33270
27612 38826
27613 37016
27614 32186
27615 32741
27616 30443
27617 29613
27617 36432
27618 34744
27619 35422
27620 29756
27622 35654
27622 38952
27623 28339
27624 28700
27624 29413
27625 29867
27629 28041
27629 35965
27629 38648
27632 29044
27632 31457
27632 32088
27633 29634
27633 38600
27634 28354
27634 38051
27635 34915
27636 30100
27636 37423
27639 27956
27639 28555
27639 36833
27640 36190
27640 36734
27641 38042
27642 35375
27643 32797
27643 36389
27646 36347
27646 36943
27647 31608
27647 34948
27648 39467
27649 31838
27649 36023
27651 32659
27651 36452
27652 29425
27652 36299
27653 30026
27654 29300
27654 31808
27654 33218
27656 29714
27656 36339
27657 34681
27657 36306
27658 32681
27660 34822
27660 36504
27660 36525
27662 32298
27663 38839
27664 27710
27668 33275
27669 37160
27671 39077
27672 28804
27673 29180
27673 35469
27673 39985
27674 32841
27675 38529
27676 28741
27676 34984
27676 38907
27677 38824
27679 30858
27680 35816
27682 35256
27684 28743
27684 36468
27686 39756
27688 29973
27688 31914
27688 38921
27690 32539
27692 28252
27692 33966
27692 36289
27692 36309
27693 31573
27694 36275
27696 28216
27696 28338
27697 31767
27697 32415
27697 38696
27698 33168
27698 35397
27699 30168
27700 28324
27700 38133
27701 32197
27702 34896
27702 37656
27702 39183
27703 33770
27704 39016
27707 34805
27708 33817
27713 31071
27713 32227
27713 38169
27714 32245
27714 36456
27714 37092
27714 38164
27717 28277
27717 34414
27720 36824
27722 31718
27722 32443
27722 39063
27723 29592
27723 35616
27723 37490
27725 31712
27727 27872
27729 30696
27729 37707
27730 28172
27731 39072
27732 36576
27733 31060
27734 31299
27736 28884
27738 30441
27739 38620
27739 38630
27740 33601
27741 34677
27741 35131
27741 38114
27742 36474
27744 37126
27747 38935
27749 31738
27749 32407
27750 32350
27751 39485
27752 30899
27752 34489
27752 36478
27752 38438
27753 28231
27753 33618
27753 35716
27755 30186
27756 33096
27756 35928
27757 39418
27758 36759
27759 30807
27759 37576
27761 29106
27761 30632
27761 30984
27762 36788
27763 29595
27763 32306
27765 29916
27766 37852
27766 39896
27768 33719
27770 31092
27770 39665
27773 33467
27775 36544
27775 39699
27776 33138
27778 30610
27780 32578
27782 28836
27783 39947
27784 36580
27785 34467
27786 39044
27787 32956
27787 34921
27787 37330
27787 39326
27788 30837
27788 32542
27790 39802
27791 31936
27791 38008
27792 37468
27795 36723
27796 30641
27796 33847
27798 33742
27800 37181
27802 30333
27802 36775
27803 30830
27803 34312
27804 35327
27804 36052
27805 36521
27809 29049
27809 30026
27810 34119
27810 37675
27810 38839
27811 35075
27812 35169
27812 38942
27813 30588
27813 32951
27814 28189
27815 35969
27816 38351
27817 33960
27818 34105
27819 29224
27820 30217
27820 32179
27820 36576
27820 37123
27821 29275
27822 35155
27822 35753
27824 30528
27826 36193
27827 29728
27827 37276
27827 39219
27829 32357
27829 36588
27830 29175
27830 34841
27832 32547
27832 34485
27834 37367
27834 39486
27835 30157
27835 34909
27836 33936
27836 37052
27837 39758
27838 36337
27840 33043
27843 34251
27844 33910
27844 38692
27845 30183
27845 32073
27845 36159
27848 36963
27849 30989
27849 32528
27850 33012
27852 36100
27852 37782
27853 31071
27853 34739
27854 35188
27855 36275
27857 38562
27858 30042
27858 32198
27858 38006
27860 39982
27863 31859
27864 36993
27866 29495
27866 33891
27866 35842
27867 29742
27867 29975
27868 35436
27869 38479
27870 39351
27871 39113
27872 32046
27872 35636
27872 39399
27875 36139
27876 30438
27876 38560
27877 30275
27878 36844
27879 31432
27879 32347
27880 32468
27881 31973
27881 32326
27881 34018
27881 34114
27883 36064
27883 37150
27883 37568
27884 30776
27884 31651
27884 37599
27885 27994
27885 28399
27886 38310
27887 35040
27888 32051
27890 36606
27891 30833
27891 35894
27891 39407
27892 33050
27894 28651
27895 35152
27895 37680
27895 38344
27896 28735
27896 33362
27896 34217
27898 28572
27900 29330
27901 27991
27901 31808
27901 38239
27903 33238
27903 38409
27904 35594
27905 31525
27905 33954
27906 36244
27909 31120
27910 38166
27911 37528
27912 36867
27914 37851
27917 34525
27919 30686
27919 36940
27919 38582
27919 39375
27920 37425
27921 36959
27922 29166
27922 37996
27923 31760
27923 37337
27924 28314
27924 28745
27925 32035
27925 34907
27926 33468
27927 38520
27928 37477
27930 29019
27930 33814
27931 31505
27931 34092
27931 39513
27932 29183
27932 31096
27932 35858
27934 37443
27936 28210
27936 36470
27938 37349
27940 28931
27940 33441
27941 33306
27943 29567
27943 30824
27943 31571
27943 32364
27944 34656
27945 35015
27947 27997
27947 30749
27948 29323
27948 37598
27949 31148
27949 32136
27950 27971
27950 29188
27950 36234
27951 31083
27951 38493
27952 34931
27952 35032
27953 31234
27956 36974
27956 38720
27956 38918
27958 38974
27959 30667
27960 38919
27961 28252
27962 32359
27963 34268
27965 34554
27967 27999
27968 28705
27970 31577
27970 36042
27971 35206
27971 39168
27972 35869
27972 37672
27973 30746
27974 28476
27974 38027
27975 29453
27976 28329
27976 29687
27976 30044
27976 38583
27979 30382
27979 32186
27981 31542
27984 33398
27986 28741
27986 35012
27986 35059
27986 38936
27988 35307
27989 29265
27989 38182
27990 29648
27992 29516
27992 37651
27992 39935
27995 32767
27996 33449
27997 28485
27997 28600
27997 36048
27998 31295
27999 29750
28001 31839
28002 31423
28004 34448
28004 39610
28005 34286
28006 36585
28009 29541
28009 38235
28010 35053
28010 37114
28011 36530
28011 36667
28011 37872
28012 37981
28013 37384
28014 31208
28015 34526
28015 38133
28016 31317
28016 38714
28017 39814
28018 39521
28019 34889
28020 33282
28021 33155
28021 39783
28025 36014
28026 31058
28027 36608
28027 39105
28029 29868
28029 31113
28030 29040
28030 33785
28030 39031
28032 34122
28034 35666
28034 38915
28035 32585
28036 31275
28036 32696
28036 36479
28038 28767
28038 29972
28038 35046
28038 38791
28039 33728
28041 34321
28041 36056
28041 37132
28042 34130
28043 29375
28044 36346
28045 37473
28045 39211
28047 37672
28047 38461
28048 31368
28049 38544
28049 38990
28050 34889
28050 35086
28052 29662
28052 35779
28053 32727
28055 37135
28056 33289
28056 34945
28056 39803
28057 28478
28058 31563
28058 36409
28058 38201
28059 30538
28059 34528
28060 36688
28061 39197
28063 28819
28063 32737
28064 38818
28065 32539
28066 36944
28066 37337
28067 38979
28068 38772
28069 36131
28070 28192
28070 33758
28071 28870
28071 36676
28072 31796
28072 35024
28072 38742
28073 28158
28073 35607
28073 38220
28073 39437
28076 30535
28076 38034
28077 38599
28079 31768
28079 37388
28080 29651
28080 32050
28083 36834
28083 38212
28084 39418
28085 32181
28087 30883
28087 34665
28087 38706
28088 34520
28089 33544
28090 34985
28090 35241
28090 36467
28091 33006
28091 37046
28093 29658
28093 31619
28093 34122
28093 37563
28095 30524
28095 33645
28097 30469
28098 39040
28099 33170
28099 34388
28100 37496
28100 38284
28100 39462
28103 31094
28105 31107
28105 39195
28106 29463
28106 35705
28107 28206
28107 30054
28107 30877
28107 31952
28108 36180
28110 34078
28110 34255
28110 36843
28113 36950
28113 37519
28115 30278
28115 31930
28116 39288
28117 29981
28117 39332
28119 37906
28123 38093
28124 33757
28125 38298
28126 34553
28126 39642
28127 31636
28127 33221
28128 30004
28129 35911
28132 30671
28132 38375
28133 29936
28133 33257
28133 39148
28134 33762
28135 33509
28136 39595
28138 28933
28138 33300
28139 28210
28139 39590
28141 33278
28141 33551
28142 34429
28144 39034
28146 32939
28147 36304
28150 38530
28151 29260
28152 38295
28153 39513
28154 32626
28154 33752
28155 29159
28155 34302
28155 37233
28156 36801
28156 38705
28157 30124
28157 35141
28158 34919
28159 31176
28159 37924
28163 31677
28164 35288
28166 31064
28166 36017
28167 32169
28168 37747
28169 37245
28172 34728
28173 35577
28173 38285
28174 34736
28175 29178
28176 33384
28176 34634
28176 39315
28177 32105
28178 35794
28178 38271
28179 29070
28179 31159
28181 28341
28181 28597
28181 33153
28181 38183
28182 33851
28183 35516
28183 37565
28184 36450
28184 36884
28185 33579
28185 37903
28186 35889
28186 38482
28189 32620
28189 33530
28189 37814
28193 29006
28193 29499
28193 34010
28193 35815
28193 37960
28195 31301
28197 33555
28197 39662
28198 33185
28198 33703
28201 30357
28202 30747
28202 33414
28203 38180
28204 31777
28204 38482
28205 36525
28206 29544
28207 29697
28209 33612
28210 29967
28212 29847
28212 32993
28213 30655
28213 36385
28214 31486
28215 35109
28215 35268
28215 36811
28216 34054
28216 37012
28218 29881
28219 29726
28219 34882
28220 29412
28222 36690
28223 29599
28223 35879
28224 29201
28225 28739
28225 32967
28225 33989
28225 35003
28226 36245
28227 33506
28228 29864
28228 36242
28228 37091
28230 31823
28232 36328
28233 33132
28234 36874
28235 32411
28236 35659
28236 36164
28237 34476
28238 30808
28238 31443
28238 34673
28238 39873
28239 35629
28241 38576
28242 28570
28243 38090
28244 36751
28246 36016
28247 39892
28249 34735
28250 31465
28251 31291
28251 34796
28252 36398
28253 38181
28254 31185
28254 31483
28254 37449
28255 30896
28257 30268
28258 32698
28258 37611
28259 39226
28259 39877
28260 32505
28261 36254
28262 28290
28262 30397
28263 28407
28263 28963
28264 28721
28264 29887
28265 31922
28265 32972
28266 30778
28266 33355
28269 36300
28270 37796
28270 38897
28271 34442
28271 37360
28273 33958
28276 29018
28277 31999
28279 32452
28279 33003
28279 35643
28280 36690
28281 29911
28281 34218
28281 37695
28284 30844
28285 33859
28286 33526
28286 36413
28286 38356
28288 30414
28289 34509
28290 32703
28290 39132
28293 36278
28294 28762
28295 35058
28295 36367
28296 36619
28297 34293
28298 39733
28299 29529
28299 35936
28300 28617
28302 32292
28303 33887
28303 35418
28304 30929
28306 35173
28307 29388
28308 29678
28308 39315
28309 31764
28310 31871
28310 35733
28315 33199
28316 35403
28318 28567
28318 33265
28321 32089
28321 36497
28324 33422
28324 34150
28324 37552
28325 30342
28325 38061
28326 30596
28327 35525
28327 39465
28328 36142
28329 32667
28330 29884
28330 33575
28331 35402
28333 38777
28334 33008
28338 36707
28339 37615
28342 32743
28343 32571
28344 38348
28345 36210
28345 37450
28346 30221
28347 39265
28348 29828
28349 31221
28351 34264
28351 34812
28355 30980
28357 34388
28360 29174
28360 30768
28360 38310
28360 38694
28361 33631
28363 30306
28364 36927
28365 29602
28368 34333
28368 38235
28369 31583
28370 34710
28370 35609
28371 31138
28372 34670
28373 28613
28374 38190
28374 38499
28374 39505
28378 32039
28379 28587
28379 35897
28379 37155
28379 39777
28381 35361
28381 39035
28382 35510
28383 37576
28383 37966
28384 28563
28384 30126
28384 37562
28385 29882
28385 35294
28386 31569
28387 30795
28387 31990
28388 34337
28389 29296
28390 36130
28391 32651
28391 37440
28392 38481
28393 34427
28394 29460
28395 36391
28396 32137
28396 32237
28396 34327
28400 29682
28402 31882
28402 38501
28403 35094
28403 36401
28403 36630
28404 32350
28406 29607
28406 37922
28407 34324
28408 37280
28408 38222
28409 37954
28410 36772
28410 37528
28411 35267
28412 30236
28413 39072
28414 34318
28416 30678
28417 29805
28418 30727
28419 34659
28421 30019
28421 35868
28421 38600
28422 39590
28423 29507
28423 39231
28425 29063
28425 31453
28426 33584
28426 36626
28429 30845
28431 30348
28432 34525
28433 35727
28434 29193
28434 34171
28434 36049
28434 36495
28435 36954
28436 34943
28436 38529
28437 30576
28439 32146
28439 39263
28440 28502
28440 31214
28440 33456
28441 29577
28443 30846
28443 38906
28445 29059
28445 36442
28446 34031
28446 38954
28447 39858
28449 34228
28449 35824
28450 37806
28450 39703
28451 36138
28452 31754
28453 35320
28453 38595
28455 37941
28457 30916
28457 37322
28458 28696
28462 33736
28464 33317
28465 28687
28465 32521
28466 28706
28466 33947
28467 33460
28467 33488
28469 28553
28470 29605
28471 30455
28471 37385
28471 38432
28473 31195
28473 32847
28473 36987
28473 37531
28473 38264
28474 30974
28475 31718
28476 29301
28476 32218
28479 31942
28479 35360
28479 36637
28479 38234
28480 30014
28480 33127
28481 36806
28481 39783
28482 30248
28482 36457
28483 29825
28483 31972
28485 32750
28485 39622
28487 32887
28488 38175
28489 32996
28491 31700
28492 36278
28492 38222
28492 38731
28493 29430
28494 34400
28494 39082
28496 30349
28496 38406
28497 31388
28497 36023
28499 29104
28500 30646
28500 33884
28501 35187
28506 35132
28507 35360
28507 35660
28507 36316
28508 33767
28508 36489
28508 37046
28508 38481
28510 30071
28510 31682
28511 36245
28512 38877
28513 35970
28513 38823
28516 31093
28516 31558
28516 32625
28517 34476
28518 31595
28518 38416
28519 32086
28520 32674
28521 33893
28521 35747
28522 37832
28524 39463
28526 31791
28526 36188
28526 38286
28526 38655
28527 35445
28528 34645
28528 35127
28529 29484
28529 31205
28529 38339
28530 39413
28533 29677
28533 34077
28534 37903
28535 38986
28536 33671
28538 33100
28539 33825
28539 35350
28541 34132
28541 34354
28542 38752
28543 28842
28543 32837
28543 35920
28543 38399
28544 29304
28546 31912
28547 29393
28547 31055
28547 36424
28550 32514
28550 32827
28550 38898
28552 37131
28553 33240
28554 28756
28554 34531
28555 32917
28556 33380
28558 28685
28558 34855
28558 35733
28559 34198
28559 34306
28559 35115
28560 30304
28560 31198
28561 37612
28562 34268
28563 30388
28563 31459
28565 39867
28566 29898
28567 30717
28570 31725
28570 35104
28571 29245
28571 36352
28572 32248
28572 32399
28572 34240
28574 29943
28574 34710
28575 34177
28575 35351
28575 36103
28577 37141
28578 38260
28580 29630
28580 30851
28581 36382
28582 29049
28582 31273
28582 36804
28583 35897
28584 29476
28584 31249
28586 37878
28587 37024
28588 31906
28590 31853
28590 37813
28590 39506
28592 31019
28592 34153
28593 35495
28593 36019
28594 33014
28594 38874
28595 30785
28595 31798
28598 35152
28599 39671
28600 35753
28600 39142
28601 33935
28603 35696
28606 39374
28608 30622
28608 37483
28608 38534
28608 38996
28609 37749
28611 34323
28612 29436
28612 29591
28614 29328
28614 35282
28615 37156
28615 38016
28615 38617
28616 38553
28618 30354
28618 30917
28618 38236
28619 28768
28620 31626
28623 36533
28624 36861
28625 36965
28626 32464
28627 32421
28628 30401
28628 33089
28628 34135
28628 35546
28629 33911
28629 38921
28630 29194
28630 38700
28631 37126
28634 31495
28634 38182
28635 39203
28636 32390
28636 39384
28637 30816
28638 29322
28638 33784
28638 34412
28638 35296
28639 28768
28639 28790
28639 34086
28639 35503
28639 38291
28642 39513
28643 31481
28643 36431
28644 29081
28644 29848
28644 31007
28644 34459
28647 36743
28649 32584
28650 35675
28651 29692
28653 37168
28654 29896
28654 37176
28655 32105
28655 38335
28657 29217
28658 29593
28658 36327
28660 35657
28660 37682
28662 31053
28665 29465
28665 29711
28666 37763
28667 30751
28668 32714
28668 35788
28669 39023
28670 39104
28671 33015
28671 36160
28673 29814
28673 37590
28675 30962
28677 28804
28678 32530
28679 39724
28679 39790
28680 30236
28681 31901
28681 34851
28682 28796
28682 33254
28683 32169
28685 32261
28685 39572
28687 36545
28689 29624
28689 31567
28689 33093
28690 31139
28690 33854
28690 34916
28693 30581
28696 33553
28697 31199
28699 32834
28700 32294
28700 33096
28701 38594
28702 33885
28703 37478
28704 36215
28704 37673
28707 32992
28708 35317
28709 39283
28710 31309
28712 37338
28713 31402
28713 33821
28713 35540
28713 37533
28713 38084
28715 37190
28717 33528
28718 29295
28720 36659
28721 29444
28721 37288
28722 35314
28723 29615
28730 34171
28730 39048
28732 31547
28733 32837
28737 29934
28737 30329
28739 32682
28739 38959
28742 37437
28744 36447
28745 29124
28748 28940
28748 38155
28750 32126
28750 32625
28750 38709
28751 33343
28752 30189
28754 38928
28755 35504
28756 30459
28756 34953
28758 31818
28759 33421
28760 37694
28762 31967
28763 29274
28763 35111
28764 36665
28765 28898
28766 30700
28767 35121
28767 35782
28767 39517
28768 29212
28768 33888
28771 37439
28773 29231
28774 30647
28776 30820
28777 34797
28777 37373
28777 37597
28778 39266
28780 31009
28780 38410
28781 38490
28783 34436
28783 35145
28784 33850
28785 30629
28785 32299
28789 32125
28789 39805
28790 38008
28791 34438
28792 36310
28793 38628
28796 39026
28799 35693
28801 34527
28802 35554
28804 28955
28805 29962
28806 32144
28807 36954
28807 38948
28808 33378
28809 36529
28809 39461
28810 32299
28812 38239
28813 39506
28814 28875
28814 39435
28815 36435
28816 37266
28817 31868
28818 28960
28819 32472
28821 29952
28821 33523
28821 36242
28822 30151
28823 31022
28823 33575
28824 36045
28825 33845
28825 36432
28827 39992
28828 30785
28829 39213
28832 30282
28832 32553
28833 33620
28833 34995
28833 39659
28834 33041
28834 36982
28834 38361
28835 29929
28835 35765
28835 38632
28836 38326
28839 38578
28840 33156
28840 39845
28843 32016
28843 32219
28843 35952
28845 39490
28846 31677
28847 31872
28849 31167
28849 34722
28849 37347
28850 37671
28852 31703
28854 29356
28854 29909
28854 37921
28856 33109
28857 38361
28860 39274
28860 39390
28862 31619
28862 31951
28862 38523
28863 32620
28863 38649
28864 37891
28865 37392
28866 29033
28866 37430
28868 36288
28868 39670
28871 32492
28871 35105
28872 29137
28873 38247
28879 30211
28880 38606
28881 36141
28882 33079
28884 30132
28884 30895
28884 32218
28884 34950
28886 32302
28887 34988
28887 39411
28888 30445
28888 33160
28888 34476
28888 35549
28889 36893
28890 30142
28890 34330
28891 34248
28892 36428
28892 36651
28893 30164
28897 36194
28900 30441
28900 31126
28900 32796
28900 36783
28900 37946
28901 35154
28901 36393
28903 33665
28907 29367
28907 34349
28907 35196
28907 35631
28908 34398
28909 37297
28911 29820
28911 34462
28912 29032
28913 32418
28915 30232
28916 34063
28916 35132
28917 30420
28917 37873
28917 38537
28918 37926
28920 39930
28922 32810
28922 37220
28922 38937
28923 32241
28923 36056
28924 33109
28925 30243
28925 33684
28925 35968
28925 36108
28926 31912
28927 30679
28927 39460
28928 35633
28929 35029
28929 38067
28929 38897
28929 39458
28930 31420
28931 31948
28931 34276
28934 37553
28935 31689
28935 35182
28938 36831
28940 31944
28941 36871
28944 36635
28944 38339
28945 32763
28945 39259
28946 36325
28946 36888
28946 37468
28947 29035
28948 37127
28948 37868
28950 36325
28950 38499
28954 36938
28955 35091
28957 33949
28958 33208
28958 35244
28960 38833
28962 30552
28963 31178
28964 30537
28964 39122
28966 30677
28967 31673
28967 38165
28967 39926
28968 35582
28969 39885
28970 38090
28971 34235
28973 29059
28973 33220
28975 29261
28975 31542
28976 31012
28977 29554
28977 35379
28979 35997
28982 31454
28982 36471
28982 37968
28983 33044
28983 33443
28983 37145
28984 35097
28988 32502
28988 35897
28988 35991
28988 36229
28989 32422
28989 39070
28990 29265
28990 32008
28990 33684
28991 30464
28991 34346
28991 37581
28992 35446
28994 34198
28996 36665
28996 37268
28996 37408
28997 39073
28998 34064
28998 35883
29000 31704
29001 30877
29001 36304
29002 29431
29002 34912
29002 36133
29002 39300
29003 32471
29003 33929
29005 36173
29007 29317
29007 30108
29007 33523
29008 30330
29008 38138
29010 29193
29010 39115
29012 37131
29013 35514
29014 29351
29014 32908
29016 33162
29017 30526
29017 31236
29017 38013
29018 30695
29021 30426
29021 37515
29023 33350
29023 37364
29024 29143
29026 31760
29026 33615
29026 34574
29026 38086
29026 39064
29028 30160
29028 34328
29028 34707
29028 35995
29029 31253
29029 37297
29030 32116
29031 29840
29032 34803
29032 35176
29033 34653
29034 35207
29036 33191
29038 33345
29039 29395
29040 34956
29040 38803
29040 39997
29042 33722
29042 35234
29045 38622
29045 40000
29046 29488
29046 30306
29046 37373
29046 39210
29048 31750
29048 36615
29049 37675
29049 37737
29053 37935
29055 31444
29055 36681
29057 29659
29058 31475
29058 37626
29059 37887
29061 35173
29063 29813
29063 30937
29064 32852
29065 36610
29066 30509
29066 32249
29067 35736
29067 36295
29068 38723
29069 30810
29069 33769
29071 33777
29071 34217
29074 36161
29075 30412
29075 35592
29076 32129
29078 31742
29078 35295
29079 31750
29080 33240
29081 29406
29081 36576
29082 31180
29082 38935
29083 37981
29084 39657
29086 32902
29086 36694
29086 37706
29086 38048
29087 34916
29088 35935
29089 33322
29093 35852
29093 37177
29095 37456
29096 38533
29097 29457
29098 30942
29098 31099
29099 38781
29100 30755
29100 33403
29100 38631
29100 38997
29102 30094
29103 37619
29104 39819
29105 39136
29107 30804
29107 31191
29107 34975
29109 34325
29109 34802
29109 36252
29110 37420
29111 39736
29112 29834
29112 32601
29112 37458
29114 33026
29115 31198
29116 30153
29119 30138
29119 31588
29120 32241
29120 38927
29122 33244
29123 30093
29123 39600
29124 29701
29124 31992
29126 37147
29127 34566
29127 36943
29128 38431
29130 30713
29132 38467
29133 34519
29133 37769
29133 38770
29134 36833
29135 30753
29135 37288
29136 32586
29137 38851
29137 39717
29138 30039
29138 36008
29138 37968
29139 31929
29139 32041
29139 32474
29139 38016
29140 30074
29140 38991
29141 34339
29143 35356
29144 36684
29144 37912
29146 31890
29146 33133
29147 31755
29148 34976
29148 38744
29149 32166
29150 33147
29150 38774
29152 36210
29153 37310
29156 31217
29156 32910
29156 39468
29157 29331
29157 34358
29158 29412
29160 31958
29161 39352
29163 30224
29163 32985
29163 37404
29163 37711
29165 31855
29166 33919
29167 39028
29168 37945
29168 38913
29169 29848
29169 36551
29171 29230
29171 38560
29171 38737
29172 29204
29172 29852
29175 35709
29176 30747
29176 31651
29176 32710
29176 38796
29177 39550
29180 39733
29182 30137
29182 31122
29182 32455
29182 37317
29183 38711
29184 35005
29184 38353
29185 38364
29187 30035
29187 32116
29188 33761
29189 34447
29190 32034
29190 35313
29191 31798
29191 35919
29191 38078
29193 33985
29193 34184
29193 37499
29198 32377
29198 38888
29199 31577
29199 36043
29200 33807
29200 34813
29200 37736
29201 32515
29201 36350
29202 33766
29202 36880
29202 37520
29208 33216
29211 32145
29211 34795
29212 31249
29212 31937
29214 31384
29215 36703
29217 31012
29217 38880
29218 33524
29218 36595
29220 38697
29221 37262
29222 30210
29222 34690
29223 35855
29224 33307
29224 35686
29224 36203
29225 34532
29226 29481
29226 32584
29226 35408
29227 38966
29230 29729
29230 32908
29230 38429
29231 30078
29231 34947
29231 35160
29232 29958
29233 33197
29235 36120
29235 38089
29235 39321
29236 34922
29238 32860
29240 31786
29240 32277
29241 29452
29241 31250
29241 39292
29242 30694
29242 32904
29242 38664
29244 37873
29244 38830
29246 32896
29247 35087
29248 30810
29248 34801
29248 37399
29249 35739
29249 37321
29250 31965
29250 35658
29250 36222
29251 32201
29251 33037
29252 30356
29253 32070
29253 38492
29254 39336
29255 34292
29255 36708
29256 37371
29259 33563
29259 36256
29260 33756
29260 36611
29262 30298
29262 30463
29262 32906
29262 33933
29263 30595
29264 31144
29264 35311
29264 36477
29265 29410
29265 36455
29265 37477
29266 34239
29268 36552
29269 32932
29269 33464
29271 34117
29272 31437
29272 34273
29273 35711
29273 35735
29274 32809
29275 31356
29276 33017
29276 35590
29276 39888
29277 33690
29278 30843
29278 32391
29279 32879
29280 31413
29281 33489
29282 30162
29282 34574
29282 36622
29282 39627
29284 29348
29284 39383
29285 34929
29285 38965
29286 37480
29286 38245
29288 32825
29289 32184
29290 32293
29291 35577
29292 38728
29294 31789
29296 33886
29296 37885
29296 39758
29297 35505
29298 29917
29298 33260
29299 36666
29300 36903
29302 38256
29303 30652
29303 37566
29303 38044
29305 34787
29305 37073
29306 38128
29307 31381
29307 32471
29307 38689
29308 39372
29309 30031
29311 35999
29312 30215
29313 30590
29313 33130
29313 35845
29313 39169
29315 36223
29316 32489
29318 36685
29319 32730
29320 39376
29320 39577
29321 37098
29322 30188
29323 36639
29324 32166
29324 33042
29326 29400
29326 32600
29330 34759
29331 34018
29332 38716
29333 31731
29333 33341
29333 34318
29333 34579
29333 35877
29333 36288
29334 38346
29334 39890
29335 32730
29335 34317
29335 38947
29336 35088
29337 36408
29338 31996
29343 30379
29343 35703
29344 35265
29344 37841
29346 33923
29346 35843
29347 29731
29348 31984
29352 29604
29352 38296
29353 29500
29354 35994
29355 33307
29355 35131
29355 38915
29356 37670
29360 31356
29360 33587
29361 31951
29361 34958
29363 33261
29363 38606
29364 36926
29369 35360
29370 30108
29374 38590
29375 35536
29376 29604
29376 34214
29377 30655
29377 33659
29378 29739
29378 33089
29378 38512
29380 37554
29380 38178
29381 36292
29382 29458
29382 30392
29382 36431
29383 31345
29383 35318
29383 36264
29384 31411
29385 38916
29386 30706
29386 33126
29389 29785
29389 35036
29391 30957
29391 33114
29392 39242
29397 36175
29399 34048
29399 34790
29401 37896
29402 32321
29403 39818
29405 30860
29406 34380
29408 39048
29409 30585
29409 32199
29410 37283
29411 39644
29411 39992
29413 32625
29413 34233
29413 35442
29414 31525
29414 37490
29417 29424
29417 29524
29418 32955
29418 34509
29419 38507
29420 35818
29421 38803
29422 35630
29423 33254
29424 33061
29424 34388
29424 35227
29425 31634
29425 34101
29426 32350
29426 34007
29426 37353
29426 39336
29430 31472
29430 39447
29432 34816
29435 37937
29436 31010
29437 33062
29438 34159
29439 32195
29439 39064
29440 34088
29440 35768
29443 35819
29444 31161
29444 32721
29444 34599
29445 31034
29445 37088
29445 39051
29446 30407
29446 33487
29447 29547
29448 33881
29448 38206
29448 39542
29451 37883
29454 36569
29455 38312
29456 34659
29457 39728
29458 34256
29459 30297
29459 32124
29459 39340
29461 37353
29462 34738
29465 37605
29466 29959
29468 29485
29468 36445
29468 38999
29470 30907
29470 33987
29471 35120
29473 38835
29474 38150
29475 32157
29475 33167
29478 37517
29478 39721
29480 36865
29480 39822
29482 33992
29484 31402
29485 35123
29486 35688
29487 33273
29488 29711
29489 31345
29490 34024
29492 34043
29492 37050
29492 37885
29494 36972
29496 30023
29496 31157
29496 37724
29498 34613
29498 35507
29498 36039
29499 35028
29499 36134
29500 36401
29501 31889
29502 35486
29503 30709
29503 36132
29503 39141
29505 35842
29506 32160
29506 34305
29506 34998
29507 38628
29508 30021
29509 37901
29510 30388
29510 32759
29513 31778
29513 35752
29513 38034
29515 35116
29516 35156
29517 31890
29517 35979
29518 36301
29519 34762
29521 37274
29521 37436
29522 35880
29524 29559
29524 30476
29524 38939
29525 37254
29525 37852
29527 31470
29530 31076
29530 38361
29534 31953
29534 33619
29534 36684
29535 29541
29537 32900
29538 37588
29540 34661
29540 37999
29541 29757
29542 34079
29543 32994
29545 35363
29546 39998
29548 35136
29551 36395
29552 31254
29552 39360
29553 30041
29553 30859
29553 36587
29554 29568
29554 35071
29555 34380
29555 39410
29557 33415
29557 35129
29561 35754
29562 32301
29562 35969
29563 38221
29566 37933
29566 38733
29569 33242
29576 30134
29576 30390
29576 30420
29576 33841
29578 32766
29578 36510
29580 36939
29582 33002
29582 39816
29583 33359
29584 33356
29585 31279
29587 38450
29591 35538
29592 39103
29592 39222
29593 30532
29594 33595
29594 33999
29594 36925
29595 32494
29596 31368
29596 33182
29596 37942
29598 35530
29598 39802
29601 29933
29602 31809
29605 37366
29606 32141
29607 31641
29608 34144
29608 36406
29608 39484
29609 37515
29610 36633
29611 31748
29611 35179
29612 33542
29612 39853
29613 30517
29614 36652
29614 37135
29615 36071
29615 38363
29619 30085
29619 30330
29621 29841
29623 37577
29624 35097
29624 38395
29625 33830
29626 36722
29627 31519
29627 39113
29627 39820
29628 35578
29629 31631
29629 37215
29630 32267
29632 34761
29632 39383
29632 39465
29636 29914
29636 35001
29637 30895
29637 32362
29637 33083
29638 33194
29639 33182
29639 35695
29641 35523
29643 30666
29648 36327
29649 31905
29651 30998
29653 31388
29653 32139
29653 34041
29653 38328
29654 33673
29657 30042
29658 34136
29658 38419
29660 39147
29662 32604
29664 32377
29664 33413
29664 35040
29664 37774
29665 34197
29665 37550
29670 34671
29673 37297
29674 29828
29675 31408
29676 35012
29677 38013
29678 32991
29680 31687
29680 32102
29681 33265
29681 33616
29681 34215
29681 35014
29681 37907
29681 38119
29682 30261
29682 30316
29684 30554
29684 33206
29685 34165
29685 36299
29686 29819
29687 30706
29687 36726
29687 38065
29687 39328
29688 32716
29688 35911
29688 39478
29689 31023
29689 37837
29690 32819
29690 35753
29691 30456
29692 32755
29693 37118
29694 36779
29695 33852
29695 37662
29696 39915
29700 31799
29702 32746
29702 35801
29703 36023
29704 32893
29704 35876
29704 36387
29704 39744
29707 31040
29707 33823
29707 34747
29707 39244
29708 29955
29709 31600
29709 37776
29709 38731
29709 38908
29709 39783
29710 37769
29711 30541
29711 37508
29712 31770
29713 36124
29714 29846
29714 39171
29716 34517
29719 39385
29719 39713
29724 32373
29724 38020
29725 30341
29727 32753
29727 35525
29727 38410
29729 32591
29729 35066
29734 32074
29734 33332
29734 34672
29736 39196
29738 32221
29738 39505
29740 30561
29742 31535
29742 33377
29744 31283
29745 32368
29745 34761
29747 32575
29748 33051
29748 34123
29748 34787
29748 36380
29749 29855
29750 30300
29751 35143
29752 30692
29752 35652
29752 37706
29753 32001
29753 33611
29753 36223
29754 37533
29755 30998
29755 32252
29757 34498
29758 30241
29758 31167
29758 39224
29758 39541
29763 35012
29763 35139
29764 32606
29764 34104
29766 29853
29766 30198
29766 38329
29768 31830
29768 38708
29770 33816
29770 33829
29770 39626
29771 34253
29771 37670
29771 39350
29772 33371
29772 35096
29772 37046
29774 36372
29775 37891
29777 37053
29778 39427
29779 38216
29781 35766
29782 39652
29784 38683
29785 33750
29785 36533
29786 31294
29787 31280
29788 30102
29788 35133
29789 38588
29789 39537
29790 30068
29790 38789
29791 35996
29797 33014
29798 33110
29798 36831
29799 38985
29802 30358
29802 31222
29803 32081
29803 33702
29803 37475
29803 37694
29804 36048
29805 38998
29806 30148
29806 33441
29807 33527
29808 35797
29809 37278
29810 33172
29812 34034
29812 36095
29813 32197
29814 35304
29814 39190
29815 39708
29817 38470
29819 30577
29820 30055
29820 37531
29822 32718
29822 33959
29822 39784
29823 32634
29825 34116
29827 32157
29828 34702
29828 35629
29829 31548
29830 39448
29831 34264
29833 38270
29834 38642
29835 34725
29835 36803
29838 38669
29841 31477
29841 37604
29841 39356
29842 31088
29842 31790
29842 34275
29844 38844
29845 33008
29847 37172
29848 35258
29848 37681
29849 31106
29850 31217
29850 33122
29850 37895
29851 35703
29852 39850
29854 30504
29854 32682
29854 38466
29855 39441
29860 36573
29860 38944
29861 38109
29862 33909
29864 34975
29864 36948
29866 31955
29867 35901
29873 33920
29874 30801
29875 31460
29876 31467
29876 33581
29876 36942
29877 30386
29878 31081
29879 34992
29881 32671
29881 33034
29881 38535
29882 33232
29883 32444
29883 37660
29885 30442
29885 32091
29886 30895
29886 33849
29886 36951
29887 34954
29888 36169
29889 31873
29889 38757
29892 33171
29892 37968
29893 34000
29893 38122
29894 36692
29898 34606
29902 33204
29903 31613
29905 34569
29905 35001
29907 31139
29910 31594
29910 38961
29911 37222
29912 35022
29915 37074
29917 34557
29917 38901
29919 33053
29920 35182
29923 33782
29924 30138
29924 31081
29925 31373
29925 36515
29927 34382
29929 35015
29930 35025
29931 32846
29932 31691
29934 33449
29934 33511
29935 34582
29937 32076
29937 35862
29937 37954
29938 36620
29938 38993
29939 33636
29939 39073
29940 33531
29941 30311
29941 33476
29941 39825
29942 31278
29942 34033
29942 36368
29943 33351
29943 34154
29944 37050
29944 37879
29945 38815
29946 33323
29946 38148
29948 39398
29952 39609
29953 33603
29954 34531
29954 36162
29958 39071
29959 33980
29960 33943
29961 37656
29961 37692
29964 32330
29965 37823
29966 32755
29967 38288
29967 38379
29968 35080
29969 33862
29971 35875
29971 36991
29972 31535
29975 31758
29975 35178
29976 33293
29977 33640
29979 39286
29979 39524
29984 31191
29986 32564
29986 38563
29987 37883
29988 31310
29988 32254
29989 39531
29990 34484
29990 39610
29993 36111
29993 38745
29993 39766
29994 38815
29995 29997
29996 35252
29997 34668
29997 35938
29998 34435
29999 34420
30000 36365
30000 39312
30001 30148
30001 30402
30001 30785
30002 32180
30002 32204
30002 37253
30003 30042
30004 32345
30004 33714
30004 36833
30005 34951
30005 36794
30006 35661
30006 37855
30007 37664
30008 39704
30010 38426
30011 31763
30011 37101
30014 30462
30014 37188
30015 30699
30015 38586
30018 30497
30019 33467
30020 32665
30020 33055
30022 36234
30022 39671
30029 35722
30030 35509
30031 31505
30031 37303
30033 32449
30034 37932
30035 32498
30036 36681
30037 33345
30038 33633
30038 37657
30040 39594
30041 39264
30043 35668
30045 31015
30048 36620
30049 38560
30056 34482
30056 38036
30056 39931
30058 32234
30060 37739
30062 39088
30062 39752
30063 39563
30063 39675
30064 34784
30064 37336
30066 34136
30067 31214
30068 32147
30071 37794
30076 35538
30076 37835
30077 38467
30078 35821
30079 36805
30080 34440
30080 34464
30080 35245
30081 34574
30081 38877
30082 39735
30084 38963
30085 36155
30086 34649
30089 32053
30089 34244
30089 38078
30089 38579
30090 31398
30090 33466
30091 31078
30091 38866
30091 39250
30092 30565
30093 35408
30094 36203
30095 37935
30095 38558
30096 30328
30096 36859
30096 38708
30097 31206
30097 33160
30098 30909
30100 36525
30103 32185
30103 32201
30104 35623
30105 30997
30105 31052
30107 39722
30108 33091
30108 35418
30111 30431
30111 35974
30112 34688
30113 37034
30114 35604
30116 32359
30117 35065
30117 36581
30117 37093
30117 39242
30118 33486
30118 38312
30120 37156
30121 32706
30122 35178
30122 36298
30123 30925
30125 36597
30126 34450
30126 38744
30128 35567
30131 30373
30135 33967
30138 31060
30141 31134
30141 32011
30142 35571
30142 38033
30145 32945
30146 33420
30147 37759
30147 37762
30150 36220
30151 30187
30152 33281
30154 32594
30154 36168
30155 30947
30155 33612
30157 38446
30158 34819
30158 37101
30159 39086
30163 31298
30164 38446
30165 37835
30168 30324
30168 37871
30170 31991
30170 37488
30171 36083
30172 36524
30178 39135
30179 32608
30182 38524
30183 32720
30184 31052
30185 34933
30185 39439
30186 31890
30187 34021
30188 30914
30188 39527
30189 33343
30191 37574
30192 39303
30193 39325
30196 31586
30196 34046
30197 35685
30198 30231
30199 31152
30199 31532
30199 32674
30200 32013
30201 30275
30201 36767
30202 33409
30203 31494
30204 34515
30205 34936
30205 37985
30209 33803
30211 33807
30211 37664
30212 36329
30213 33771
30214 30688
30214 39475
30215 31810
30215 34818
30217 37799
30219 31085
30221 35161
30222 32899
30223 35994
30223 37385
30224 31045
30226 35043
30226 36546
30226 39779
30232 32689
30234 35610
30234 39450
30235 34547
30235 35195
30235 36129
30236 33259
30237 37547
30239 30772
30240 30432
30243 39632
30244 31339
30244 36753
30246 30619
30250 36018
30251 32888
30251 35321
30251 36610
30253 39042
30254 33429
30254 38011
30255 38731
30256 31101
30256 33291
30257 37732
30266 32821
30266 39279
30267 37383
30268 36113
30268 36772
30269 39289
30271 31174
30272 35206
30272 37142
30273 31406
30274 34055
30274 38593
30275 30292
30275 32320
30275 37361
30275 38221
30276 36607
30278 32139
30278 33230
30279 36308
30279 39812
30280 34196
30281 36839
30283 34568
30284 32076
30284 34065
30284 35992
30286 30440
30286 37242
30286 37681
30287 37162
30288 39290
30289 30398
30289 34099
30291 35155
30293 30849
30294 32080
30295 32074
30295 34774
30295 38610
30297 37327
30299 35780
30299 39862
30300 31489
30300 39564
30301 31663
30302 31507
30302 33914
30303 31662
30305 39123
30308 37438
30310 31662
30310 39943
30311 38199
30313 30678
30313 34096
30315 31362
30318 33094
30318 34378
30319 36485
30322 34158
30322 34736
30323 31345
30323 36638
30324 31873
30326 35860
30327 35573
30327 39367
30328 30833
30328 36320
30331 39386
30332 38321
30333 33998
30333 34656
30335 39598
30339 38274
30342 38135
30342 38704
30346 38327
30347 35308
30348 39776
30349 37331
30352 36581
30353 32551
30354 36410
30354 37587
30355 31381
30355 32384
30356 39465
30360 34983
30362 30875
30362 37486
30366 32236
30366 34353
30366 37936
30367 31901
30368 33962
30370 33879
30370 39258
30371 31403
30372 31965
30372 37555
30373 32683
30373 34618
30374 31336
30374 38925
30378 35603
30380 34783
30383 34954
30384 35870
30385 31363
30385 33532
30385 34286
30385 34888
30386 30612
30386 39929
30387 32277
30387 37612
30390 32726
30390 34617
30391 31851
30392 37460
30392 39055
30393 32792
30393 36397
30394 30408
30394 34967
30394 37078
30395 38678
30401 31826
30403 35316
30404 32181
30408 34824
30409 34496
30413 36814
30413 39991
30414 37178
30415 32217
30416 37020
30419 30934
30419 32260
30419 34222
30422 33543
30422 39164
30422 39380
30423 32088
30425 38252
30427 30848
30429 36972
30430 37555
30430 38559
30430 39316
30431 30784
30432 33411
30433 36303
30433 39299
30434 34501
30434 37944
30438 33688
30438 35905
30440 34626
30441 36084
30442 33677
30443 37009
30445 31534
30446 31628
30448 39923
30448 39935
30449 33777
30450 33188
30451 38310
30454 39062
30457 38837
30459 35223
30459 35436
30460 34008
30460 35238
30462 31561
30462 33163
30463 39273
30463 39470
30465 39062
30465 39905
30466 34469
30467 38206
30468 37493
30469 36029
30469 37803
30470 37512
30470 37788
30475 32071
30475 32231
30476 35453
30477 34592
30477 38301
30477 39383
30478 31581
30478 32706
30479 33941
30481 31306
30481 37156
30484 34832
30484 38944
30487 31924
30489 37208
30490 32490
30491 32160
30493 33806
30493 37656
30494 34602
30495 32279
30495 33931
30497 33343
30497 35071
30498 32498
30498 39628
30499 32721
30500 34443
30500 37932
30501 31179
30501 32858
30502 37155
30503 31477
30503 33901
30504 35975
30505 34269
30506 30960
30506 38572
30506 39625
30508 31360
30508 36197
30510 31822
30510 33303
30510 36605
30512 38393
30512 38954
30513 36298
30513 36991
30515 31144
30515 34441
30515 36166
30517 31874
30521 33138
30521 38934
30522 33856
30522 39569
30523 32257
30525 36389
30526 35993
30526 38725
30527 31719
30527 33086
30527 38955
30528 32421
30531 38044
30534 33566
30537 39766
30538 35179
30540 39708
30541 31788
30541 36989
30543 31839
30544 38428
30544 38781
30545 30766
30547 35379
30547 36350
30547 39417
30549 32022
30549 33596
30549 35769
30549 35967
30552 36829
30552 39884
30553 37826
30554 32715
30555 31323
30555 38724
30556 30630
30557 32578
30558 34786
30559 34317
30564 37272
30565 31742
30565 32164
30565 33639
30566 38794
30567 39284
30570 37535
30571 31969
30571 32252
30572 39331
30573 36072
30574 39782
30575 31484
30576 31965
30577 31227
30582 36656
30583 33824
30584 37308
30587 39312
30588 31340
30588 32653
30588 33521
30591 30782
30592 32114
30594 35159
30595 38793
30597 37399
30599 33197
30599 39611
30600 30923
30600 32910
30600 35994
30601 39801
30607 32324
30608 30815
30610 36996
30610 38624
30610 39851
30612 35122
30616 34397
30616 39704
30618 35527
30618 37232
30620 34195
30625 35833
30628 31171
30629 35022
30629 36035
30630 32710
30634 34159
30638 38920
30639 33345
30639 39426
30644 35377
30644 39008
30645 34387
30646 39229
30646 39590
30647 37454
30648 38789
30649 32482
30650 35424
30650 35729
30653 32175
30654 37991
30655 33361
30655 35937
30655 39724
30658 37789
30660 36361
30660 38961
30662 38484
30663 34897
30663 35999
30664 31921
30665 32459
30665 34178
30666 35750
30667 35012
30668 34126
30668 38779
30669 35392
30669 39828
30671 34519
30673 33376
30673 33578
30673 38570
30674 34090
30674 37507
30674 38650
30675 34522
30677 35406
30677 37150
30678 31386
30679 33249
30680 34581
30681 37074
30681 39635
30682 33747
30682 38453
30682 39200
30683 34462
30684 36657
30685 33537
30685 39565
30686 31179
30686 32229
30688 31958
30688 32983
30688 38827
30688 39916
30689 33931
30689 36584
30689 38683
30689 39657
30690 31927
30690 37996
30691 38860
30692 39023
30697 31922
30699 39532
30700 32417
30700 33635
30701 37988
30702 33064
30703 37925
30705 37245
30706 33964
30706 39357
30707 32023
30707 32189
30707 33345
30707 36224
30708 33568
30708 36238
30709 33745
30711 31300
30712 36311
30714 37306
30714 38052
30716 33562
30716 34821
30717 32076
30718 35841
30720 37007
30721 36189
30721 39422
30721 39467
30722 38484
30723 33577
30724 37742
30725 35351
30727 36193
30728 31521
30729 31948
30729 36297
30730 32007
30730 35300
30730 35580
30730 36033
30730 37429
30731 33761
30732 36196
30733 36606
30734 36294
30734 39015
30734 39284
30737 39542
30737 39884
30738 35926
30738 36886
30741 32337
30741 39748
30743 32624
30744 35449
30744 36103
30744 36456
30745 34363
30746 36424
30747 37692
30750 33779
30753 31762
30755 30838
30755 35908
30759 32259
30759 38191
30760 33984
30761 33242
30761 39220
30762 35640
30764 31851
30764 36508
30766 39368
30767 32786
30768 39395
30769 34253
30773 39791
30775 38514
30776 34724
30779 35461
30779 36228
30779 39951
30780 31657
30780 38177
30782 32140
30782 37454
30784 34422
30786 33916
30788 33782
30789 34049
30792 31037
30792 37580
30793 32876
30793 36248
30799 37960
30802 34917
30806 32127
30806 32791
30807 31018
30807 34156
30808 37705
30812 36415
30814 34520
30814 36267
30814 39915
30816 32559
30819 37414
30820 33201
30821 34849
30822 32027
30822 33903
30824 32152
30824 35173
30825 34078
30825 36119
30826 39526
30829 32040
30829 35253
30831 30907
30834 32080
30834 36496
30834 38373
30835 34805
30837 35560
30838 39580
30838 39632
30839 35856
30840 33312
30840 39712
30841 33483
30841 37450
30842 33699
30842 38406
30842 39661
30843 32130
30843 36934
30843 37562
30846 31901
30846 32673
30846 36492
30847 36645
30848 33993
30848 34793
30849 33244
30850 39582
30853 34629
30854 37398
30854 37546
30855 37745
30855 39144
30856 37071
30859 33907
30861 37969
30861 38771
30861 39335
30862 35429
30862 36239
30863 30926
30863 34691
30865 33670
30867 34609
30867 38078
30868 32467
30868 32617
30868 35758
30868 36312
30869 37415
30870 36694
30873 34845
30873 36633
30874 37128
30874 37847
30876 32928
30877 39217
30880 34219
30880 36438
30881 37795
30883 35121
30885 33960
30885 36559
30888 30930
30888 39364
30892 31114
30892 32751
30895 35330
30896 36678
30897 37817
30898 39223
30899 34696
30899 36769
30900 33319
30901 33271
30901 33778
30902 33303
30902 33340
30904 33074
30905 31665
30908 34797
30911 31680
30911 37644
30914 31309
30914 39029
30915 30969
30915 35264
30917 33461
30918 34550
30918 38537
30919 32531
30919 39048
30922 37995
30925 36670
30927 35805
30927 38089
30932 33096
30932 38900
30934 31268
30935 32035
30936 34037
30936 35487
30937 33687
30941 37947
30944 38701
30945 37285
30949 35907
30949 38106
30951 37325
30951 38463
30951 39710
30952 37054
30953 34279
30955 37284
30955 38872
30956 39140
30963 34628
30965 36306
30966 31096
30967 33050
30969 35165
30969 37831
30971 39678
30972 32884
30973 31490
30975 32653
30976 33756
30976 36841
30977 39192
30978 34763
30981 39606
30981 39682
30982 34477
30982 39737
30983 31974
30985 38786
30985 38876
30986 36128
30987 39684
30988 39292
30989 33907
30991 36580
30992 34006
30993 34450
30997 34550
30997 39768
30999 37829
30999 38884
31000 38141
31004 35205
31005 35090
31007 37334
31010 32638
31011 32810
31012 32060
31012 34077
31012 39915
31013 39692
31014 33503
31016 38145
31018 37383
31019 31818
31019 36834
31020 39021
31021 37212
31022 34300
31023 38102
31024 35902
31024 36282
31024 37499
31025 33527
31028 37612
31029 33582
31030 32388
31030 38167
31032 36403
31037 31182
31037 33804
31038 38915
31043 31806
31043 32350
31044 38117
31046 36649
31046 36719
31046 37576
31046 37618
31047 38798
31048 31838
31051 35346
31055 37033
31059 39726
31060 37611
31060 37965
31062 31520
31063 32131
31064 33729
31064 34862
31064 37005
31065 31846
31066 33064
31066 35441
31069 39859
31072 37050
31073 32364
31073 36613
31075 39466
31077 34366
31077 36673
31078 31699
31078 36264
31078 37263
31078 38959
31079 33737
31081 36632
31083 32987
31084 37910
31085 39103
31087 32611
31087 33612
31087 35986
31089 34478
31091 37892
31092 32402
31093 32156
31093 34192
31093 36884
31094 38674
31095 33892
31096 32005
31097 33191
31100 34514
31103 32684
31103 35812
31105 31942
31106 34131
31106 39581
31108 37499
31110 39485
31111 38323
31111 38983
31112 35194
31114 38435
31115 38527
31115 39273
31118 31874
31120 31522
31120 32861
31120 33722
31120 34077
31123 33114
31123 39303
31123 39579
31124 35096
31124 38464
31125 37248
31127 39402
31128 31708
31130 35104
31132 38044
31134 37657
31135 33519
31135 39547
31138 36694
31139 31997
31140 35228
31143 38319
31145 34826
31146 34844
31146 38556
31147 37222
31147 38963
31148 34096
31148 34365
31149 33005
31149 38913
31149 39669
31152 33909
31152 35599
31153 35505
31154 31992
31154 33193
31155 32772
31158 33103
31159 35578
31162 33531
31162 35759
31166 34106
31166 35328
31167 32517
31168 35392
31168 35732
31169 33760
31171 35411
31171 35477
31172 33963
31175 35321
31175 38322
31176 31394
31176 32444
31179 34028
31179 35876
31179 38840
31181 34750
31183 33993
31183 34449
31183 37782
31185 32301
31185 36114
31186 38204
31187 37274
31189 35800
31191 31586
31192 38119
31194 35978
31194 39071
31195 33096
31195 38949
31196 33842
31196 39291
31198 36909
31199 36579
31200 35153
31200 35412
31201 31737
31203 39699
31208 37142
31209 31271
31209 36409
31210 36659
31210 37351
31210 38133
31212 33321
31213 31706
31215 35297
31215 38814
31217 38571
31217 39426
31219 36180
31219 38856
31220 33919
31223 32551
31223 34555
31224 32836
31224 34860
31225 31713
31225 33915
31227 39705
31231 33733
31231 39783
31235 32325
31235 34368
31235 35028
31236 37581
31236 38892
31237 32145
31237 34408
31237 39489
31238 34147
31238 36023
31242 35688
31243 34263
31243 35038
31244 37105
31244 38158
31245 33720
31246 39700
31247 31775
31247 34429
31248 37971
31248 38694
31249 37859
31249 38252
31250 32257
31250 33855
31250 38088
31251 36704
31255 34229
31257 37242
31257 37801
31258 38599
31259 38655
31260 36446
31260 39142
31261 31730
31261 38684
31261 39506
31262 32047
31263 33347
31265 37306
31268 37581
31270 38476
31271 32084
31272 33861
31272 37268
31273 37488
31274 33120
31275 34199
31276 32261
31276 32321
31277 33391
31278 34532
31278 37700
31280 35888
31282 38836
31282 39324
31283 32481
31286 33730
31287 36985
31287 38973
31289 35204
31291 32491
31291 33573
31291 39091
31292 32896
31296 35052
31297 35969
31300 38690
31303 32181
31303 36566
31304 31403
31304 32049
31306 34204
31307 36871
31308 39457
31309 33114
31311 37807
31312 34268
31312 35242
31314 31676
31314 36734
31316 33147
31316 38409
31318 33239
31318 34604
31319 35925
31320 39099
31321 39151
31321 39383
31322 31377
31322 32642
31324 33452
31324 33530
31324 35856
31324 36267
31324 36499
31325 32667
31325 33235
31330 36986
31330 39052
31331 32324
31342 33020
31342 37338
31346 32448
31346 39586
31349 34808
31349 39088
31350 39737
31351 35446
31352 33147
31353 39627
31354 34107
31355 31669
31357 34626
31358 34003
31360 32701
31361 35531
31363 34933
31365 38588
31366 37749
31367 32472
31367 37695
31367 38242
31368 32526
31368 33919
31368 35907
31369 39567
31369 39943
31370 32392
31374 33695
31374 34844
31380 37125
31380 37180
31380 39908
31382 32198
31383 32216
31383 33528
31383 35885
31383 35924
31384 39288
31384 39674
31386 39006
31388 33993
31390 37688
31392 33254
31394 37344
31395 31604
31395 35420
31396 32535
31397 39143
31402 37269
31402 38450
31403 32418
31403 33585
31403 37640
31404 32505
31406 33694
31407 39374
31408 37417
31409 35069
31409 38430
31413 35968
31413 37407
31413 37451
31414 32087
31414 36457
31416 38142
31421 31501
31423 35944
31424 37557
31424 38588
31427 32198
31427 33963
31428 34752
31429 39262
31430 35685
31430 39200
31433 36850
31437 38361
31437 39331
31438 34733
31438 38232
31438 38396
31438 39729
31441 36234
31442 32405
31442 36337
31442 37287
31445 31490
31445 33928
31445 34595
31447 33101
31447 35295
31448 32633
31448 37312
31449 32050
31450 33349
31450 33848
31451 37783
31453 36313
31453 37309
31455 35809
31458 38010
31460 33479
31460 39522
31463 38710
31464 37684
31465 31581
31465 37111
31465 38204
31466 32141
31467 38025
31468 36821
31468 37301
31470 33000
31473 36512
31474 31777
31474 34035
31474 38948
31476 31779
31476 33860
31476 37076
31477 31641
31477 36709
31478 32604
31478 38844
31480 31805
31480 35817
31480 36518
31480 37839
31480 39077
31481 31909
31482 36388
31482 36941
31482 37171
31483 37570
31483 38530
31484 38965
31487 38476
31488 34954
31488 38361
31491 38859
31493 34431
31493 35257
31496 36847
31498 35347
31498 37490
31498 37781
31499 33227
31499 38579
31499 39638
31501 39892
31502 31777
31503 35057
31503 37732
31505 36781
31506 37447
31506 37663
31508 39276
31510 34671
31510 38484
31511 36282
31511 38645
31513 34679
31518 39210
31519 35313
31520 33726
31524 32297
31524 37793
31525 36880
31527 37490
31532 35476
31533 37055
31533 39373
31535 32876
31535 34566
31535 36774
31537 35452
31538 36026
31538 37351
31538 39430
31539 35180
31540 39056
31542 32514
31543 32003
31543 32272
31546 34820
31546 35152
31546 35344
31546 35355
31547 33255
31547 34768
31547 36960
31549 34452
31549 39047
31550 32480
31550 33591
31550 37429
31553 33247
31553 37471
31553 39361
31556 33958
31556 35322
31559 35712
31559 39290
31562 32292
31564 33354
31566 37142
31567 38502
31569 31609
31569 34061
31569 34392
31570 37941
31571 33328
31573 33221
31575 38395
31577 39907
31580 34359
31584 39570
31585 37393
31588 37045
31589 32478
31590 38414
31590 38541
31591 33822
31593 34278
31593 34846
31593 37221
31593 37223
31595 34009
31596 34769
31597 38265
31598 34399
31599 38085
31600 38649
31602 38069
31604 39492
31605 38423
31606 31641
31608 34574
31615 34804
31615 37891
31615 38628
31618 32212
31618 32619
31619 33699
31621 39217
31622 32431
31623 32337
31623 38781
31626 32761
31627 31934
31627 32061
31627 32644
31627 34423
31628 32115
31629 38461
31630 32076
31630 39992
31633 39324
31634 36305
31635 33347
31636 34945
31638 38361
31638 38387
31639 34366
31639 37549
31640 35912
31640 36527
31641 39929
31643 34905
31643 39399
31643 39595
31645 36118
31645 38708
31648 34370
31648 35757
31651 34703
31652 37229
31655 34575
31655 37467
31658 35943
31659 38655
31662 31740
31664 38975
31666 34304
31668 33551
31669 35588
31669 37789
31670 32758
31670 38233
31670 39052
31671 32698
31674 33433
31675 32762
31675 37729
31678 36893
31682 31726
31683 32503
31683 36676
31685 36200
31686 35650
31686 39776
31688 32190
31688 32214
31688 35342
31689 34619
31690 37107
31691 34501
31692 32495
31694 34018
31694 34582
31696 35039
31697 37768
31698 34228
31700 38566
31701 37110
31701 38275
31702 39176
31703 36581
31703 39244
31709 37075
31710 37393
31711 39440
31712 34389
31713 36370
31719 34194
31720 39726
31720 39887
31722 34396
31722 39400
31723 32232
31725 32950
31725 37048
31726 32255
31728 32853
31729 39853
31732 33536
31734 34198
31735 37744
31736 35385
31736 39014
31737 36868
31737 38481
31738 39784
31742 36723
31743 33846
31745 38265
31747 33699
31748 38789
31749 33981
31751 38478
31753 37587
31754 32127
31755 39634
31758 32062
31761 32304
31761 33683
31765 34924
31765 39681
31766 39193
31767 36477
31767 36727
31767 37520
31769 35199
31769 37062
31770 34595
31770 38982
31772 35733
31773 33008
31773 33979
31776 33368
31777 34904
31778 35619
31783 33969
31783 36257
31783 39448
31784 39305
31787 39841
31790 37535
31792 34104
31792 37030
31793 35016
31794 35676
31795 38328
31796 32143
31797 37355
31800 33582
31800 38185
31800 39592
31801 31804
31801 37635
31804 33512
31804 37852
31807 35845
31808 37995
31809 33008
31810 33227
31811 36710
31813 33902
31813 37702
31814 34526
31815 39767
31817 33050
31817 38612
31822 33150
31823 39702
31828 32865
31830 35264
31830 39827
31831 39471
31832 33324
31832 33534
31833 35187
31835 35530
31837 32260
31841 35186
31842 35779
31843 32680
31843 37004
31843 38474
31844 38501
31846 34470
31846 35718
31846 37081
31847 32919
31847 37723
31848 35082
31850 39787
31854 32474
31855 36313
31857 33116
31859 32532
31859 33791
31861 37792
31863 36724
31864 34044
31865 35492
31865 38463
31866 36486
31868 35054
31869 38093
31869 38268
31870 39553
31873 34523
31875 37585
31875 37850
31876 32673
31876 36961
31879 38622
31880 32771
31880 35085
31881 36232
31881 37576
31882 31924
31882 34910
31883 32820
31886 33556
31888 36612
31893 33609
31895 35512
31895 38207
31896 38075
31897 35502
31898 35456
31899 34237
31899 38782
31899 39018
31904 35053
31904 36937
31906 35703
31910 35277
31911 33232
31911 33681
31913 32108
31914 34320
31914 35226
31915 38564
31917 35147
31917 36070
31917 38940
31918 34181
31919 32328
31921 39767
31922 38274
31923 33229
31924 32492
31924 37520
31926 36055
31927 32836
31930 32268
31930 34130
31931 37123
31932 33469
31933 38516
31934 37674
31937 39696
31938 32733
31939 33362
31939 38354
31941 36708
31945 33628
31946 32493
31946 39009
31947 32188
31948 32241
31948 39011
31949 32368
31949 34178
31950 33284
31952 32938
31957 34970
31957 37564
31958 36561
31962 32135
31962 35083
31966 37231
31968 34530
31968 38144
31970 33543
31971 33182
31971 34594
31974 33245
31975 39877
31980 35353
31980 36378
31982 34591
31982 35239
31983 32212
31986 32554
31986 36801
31987 38851
31988 36267
31988 37256
31989 38877
31991 36604
31992 36340
31993 36435
31993 36541
31994 38000
31994 38901
31997 37524
31998 35955
31998 39032
31999 35471
32007 39178
32008 34946
32010 39625
32011 36074
32012 32933
32012 34246
32012 38283
32014 32266
32014 37627
32015 35857
32017 34272
32017 37055
32018 35250
32020 36777
32020 39279
32021 37304
32022 33974
32024 36010
32025 39744
32025 39908
32026 36486
32027 33478
32028 32055
32032 36559
32035 37559
32037 34057
32038 36091
32038 37697
32040 35269
32045 35132
32045 36660
32048 36720
32048 38513
32051 34786
32051 36050
32052 35354
32053 33654
32053 34971
32053 39312
32054 32796
32055 37626
32056 37307
32058 37107
32063 32976
32063 35472
32063 38620
32064 33103
32064 38152
32065 32907
32066 34101
32068 34355
32070 34576
32071 35841
32071 37682
32072 32592
32075 35032
32075 39462
32076 35201
32077 33621
32077 37892
32078 36860
32080 33735
32080 37154
32082 33803
32083 35050
32084 34682
32089 32448
32089 34382
32090 36353
32094 38425
32095 33933
32096 32364
32098 38726
32102 34093
32102 36508
32108 39873
32112 32389
32112 36101
32112 36234
32112 39114
32113 33581
32114 37571
32115 34896
32115 39003
32116 34782
32116 37202
32119 37873
32120 34716
32120 37273
32120 37907
32121 33527
32121 35489
32122 33654
32123 38168
32124 34603
32126 34776
32126 35946
32128 37584
32129 32943
32131 39222
32133 34774
32135 36921
32135 37276
32137 36386
32141 32302
32141 33738
32142 35161
32142 38243
32144 33481
32144 39478
32145 34827
32145 37861
32147 34815
32148 35102
32149 37162
32149 37582
32152 38200
32157 38765
32158 38978
32159 39143
32161 35157
32161 39939
32166 37237
32171 34260
32172 36617
32173 32838
32173 38821
32175 35172
32176 33894
32178 36505
32179 35558
32184 36150
32184 38973
32185 38785
32186 33465
32187 35924
32187 37717
32188 34812
32189 33869
32189 36740
32195 36962
32196 39985
32199 35401
32201 33304
32201 35502
32205 32335
32205 35253
32205 38216
32205 38469
32207 39470
32211 39699
32212 32976
32213 37904
32214 33994
32215 36685
32215 37040
32220 39886
32221 33461
32222 33975
32223 32236
32223 33663
32224 33842
32225 33204
32225 33606
32227 38349
32227 39730
32229 34160
32229 39289
32230 36107
32233 34106
32233 36757
32233 38496
32235 38758
32238 36033
32239 37144
32239 38895
32241 33526
32241 34143
32241 36173
32245 36488
32247 38338
32250 33850
32250 37168
32255 32898
32257 36563
32258 34525
32261 33155
32266 35674
32266 38164
32267 38030
32268 37860
32268 39358
32271 36631
32274 39368
32275 38399
32276 35394
32277 37269
32278 37559
32279 39372
32280 35734
32280 36036
32282 33160
32282 34474
32285 34561
32285 38907
32286 37453
32286 39586
32287 38882
32288 34389
32288 36727
32290 37154
32292 37451
32294 37615
32295 39403
32295 39532
32296 35293
32296 35770
32296 37521
32304 34142
32304 38564
32306 34436
32307 32405
32308 33728
32310 33349
32311 36765
32312 34505
32314 35817
32315 36470
32316 35573
32319 38264
32320 38286
32322 36252
32325 34777
32328 33508
32328 34710
32328 37440
32330 32398
32330 36525
32330 39828
32332 33107
32332 37189
32334 33531
32334 37932
32335 39732
32336 36010
32336 39792
32339 33466
32340 35106
32341 32439
32342 38821
32345 36901
32346 39958
32347 37659
32350 32538
32351 34129
32352 36378
32353 37198
32355 37128
32355 38255
32357 35063
32358 34222
32359 36314
32361 37877
32363 36378
32363 38130
32364 38936
32364 39157
32365 36283
32365 38392
32367 37429
32367 39823
32369 37780
32371 38725
32373 32704
32373 36287
32374 34091
32374 36366
32374 39609
32375 38370
32378 33382
32378 37249
32378 38238
32379 34625
32379 38371
32381 39783
32382 32885
32383 32722
32384 32800
32385 33115
32386 32793
32386 33476
32386 38355
32389 39119
32390 35387
32391 32435
32391 39560
32392 33038
32393 33423
32396 33870
32397 39403
32399 37573
32399 37811
32400 35352
32401 37590
32402 35317
32403 32942
32405 33232
32406 35962
32407 33507
32408 34368
32408 36354
32408 37983
32409 35376
32410 36092
32411 35135
32411 36863
32414 32897
32416 33933
32417 36657
32418 34108
32418 38304
32419 38384
32420 35701
32421 34186
32422 38157
32424 38355
32424 39129
32427 35915
32429 32532
32431 37930
32435 38363
32436 35506
32436 39410
32437 37043
32438 37101
32439 36897
32439 39672
32441 37933
32443 36574
32445 32659
32445 38940
32449 38349
32452 35420
32458 35920
32458 38503
32461 37621
32463 38254
32466 34462
32466 39946
32467 39752
32470 35643
32471 33698
32471 39488
32473 33718
32474 37157
32477 37982
32479 32593
32479 38730
32482 38756
32484 34180
32485 34725
32485 39477
32486 34634
32486 38217
32488 36188
32488 36897
32488 37476
32489 36211
32489 39102
32493 36786
32493 37791
32493 38122
32495 35429
32496 33276
32498 36778
32500 39733
32501 33508
32501 33928
32502 38557
32504 33332
32505 37364
32509 38956
32510 37660
32511 36017
32511 39461
32514 33892
32515 35004
32518 38208
32521 36092
32522 36631
32524 39741
32529 37580
32531 33979
32532 35886
32532 38523
32535 34248
32536 33789
32537 36913
32541 38264
32542 39408
32544 39764
32547 33893
32547 35055
32547 36060
32548 33156
32551 35964
32552 34715
32552 35683
32552 36885
32556 34066
32557 36396
32557 37444
32557 39399
32558 36944
32558 39992
32562 33857
32564 35496
32570 39467
32579 39830
32580 37382
32582 39509
32586 33053
32586 36393
32588 38371
32589 37625
32590 37610
32591 38126
32592 37439
32592 37749
32593 39587
32595 37992
32598 33646
32598 36814
32600 33178
32600 35505
32601 32940
32602 35293
32604 39027
32605 37566
32606 37382
32608 37640
32609 33276
32609 35561
32609 36420
32614 33704
32615 37127
32615 38508
32619 38626
32619 38680
32619 39925
32621 37328
32622 35689
32622 35943
32626 34884
32627 33780
32629 32848
32631 39034
32633 35923
32633 39267
32635 34471
32636 35096
32636 35180
32638 37316
32639 39685
32640 35012
32641 37760
32644 36897
32646 39960
32651 39265
32652 33366
32652 34201
32655 38995
32656 35977
32657 33407
32657 33529
32659 37743
32662 36931
32667 35995
32668 39757
32683 36868
32684 36998
32688 37977
32689 33046
32689 34873
32691 35126
32691 35643
32691 39660
32692 39530
32694 34123
32695 34466
32696 35081
32696 38901
32696 39340
32698 39028
32699 39212
32699 39937
32700 34134
32702 35885
32707 35668
32707 36002
32711 36669
32711 38592
32715 33890
32715 36681
32716 33817
32716 35602
32716 37417
32720 36066
32721 38383
32721 38928
32722 33205
32723 33909
32724 34111
32725 35961
32727 35491
32728 33481
32728 33833
32728 34297
32728 37116
32732 33996
32732 36887
32733 39921
32738 39347
32739 39500
32743 36720
32746 34919
32750 36992
32750 38908
32752 37353
32754 33003
32754 36196
32755 39303
32756 38813
32760 33857
32761 38883
32762 33264
32762 33539
32763 35633
32765 38366
32765 39692
32767 33923
32769 33960
32770 33249
32772 35351
32773 36305
32773 37938
32776 33185
32777 36021
32779 32783
32780 33192
32780 33901
32780 36613
32780 38349
32781 35007
32782 34269
32783 32885
32785 33468
32786 33293
32786 38258
32787 33938
32790 36956
32791 37382
32792 39529
32793 37678
32795 36019
32796 39734
32798 39206
32799 39029
32799 39703
32801 33915
32804 33293
32804 34151
32805 37751
32807 33400
32808 33500
32811 34373
32812 36712
32815 38664
32816 34295
32816 39251
32819 35475
32820 38398
32821 33719
32822 34513
32822 37587
32828 35892
32834 32971
32834 36679
32836 32991
32836 36662
32837 38107
32839 32858
32841 35343
32841 38063
32842 33135
32842 39038
32845 34082
32846 36038
32849 32960
32850 37363
32852 33500
32852 37691
32854 39112
32856 37867
32858 38540
32859 38789
32862 38436
32864 37110
32865 34087
32865 34576
32867 34550
32867 35552
32867 37469
32869 36055
32870 38135
32872 37083
32877 39512
32882 34023
32883 34066
32884 36105
32885 34138
32885 39541
32886 34438
32886 36849
32887 33572
32887 37805
32891 33745
32891 34490
32893 34503
32893 34529
32893 37642
32894 34753
32896 37842
32897 33217
32898 35449
32900 37234
32900 39053
32900 39893
32901 34469
32901 35070
32901 37184
32901 38986
32903 34936
32904 37409
32907 35550
32908 34436
32908 37539
32909 38586
32910 34823
32911 36490
32913 32962
32913 34984
32913 36736
32916 35806
32920 33616
32920 36926
32921 34632
32922 37403
32925 34010
32928 39697
32929 38069
32943 39180
32944 34202
32946 37961
32948 39013
32949 37836
32949 39648
32951 38705
32954 39390
32955 38869
32956 37685
32958 36355
32959 36612
32960 39512
32962 33931
32962 37766
32963 34841
32965 37218
32966 36739
32968 33709
32968 39092
32969 36600
32970 35005
32974 35709
32975 35574
32977 38782
32978 38943
32978 39859
32980 33969
32981 39238
32985 38038
32986 35902
32987 35550
32989 38837
32991 39249
32994 37932
32994 39113
32996 35531
32996 35692
33002 36730
33002 37865
33003 35255
33006 39258
33007 35371
33007 35530
33008 36551
33009 38733
33010 38525
33010 39421
33011 36681
33012 36253
33012 39715
33013 39055
33017 34764
33018 39559
33018 39871
33024 39542
33026 35727
33028 39631
33031 36276
33032 33901
33033 38025
33035 35277
33037 37345
33039 38782
33040 39751
33041 33056
33041 34895
33042 34358
33043 37129
33044 34679
33047 36833
33049 34613
33050 36417
33051 35473
33056 33132
33057 38782
33058 36581
33060 33378
33061 38706
33062 35333
33063 37162
33064 36581
33065 34561
33066 36395
33068 34047
33069 33124
33076 35497
33077 35443
33077 38932
33082 34632
33082 37786
33083 39211
33083 39613
33087 33974
33087 37387
33089 37023
33092 33894
33092 33910
33092 39928
33097 36546
33098 34724
33099 36747
33102 35089
33102 36155
33103 39305
33106 34075
33108 38756
33109 33382
33109 33594
33110 35016
33111 36795
33112 34704
33114 33960
33114 37887
33114 38822
33116 37493
33117 33979
33117 35285
33118 38551
33120 39016
33121 38306
33121 38795
33123 34001
33124 34102
33124 39049
33127 36511
33127 37769
33128 33146
33128 35884
33129 39904
33131 33711
33132 37920
33135 36370
33136 39249
33137 39388
33142 33699
33142 34199
33142 36202
33144 34426
33144 35913
33144 37819
33146 36648
33146 37240
33147 37656
33148 33346
33148 33432
33149 35411
33150 35041
33151 39654
33154 33592
33154 35141
33155 35520
33156 34874
33157 33276
33157 36215
33157 38568
33158 38410
33158 39865
33159 33266
33159 38991
33162 34390
33163 33264
33164 36473
33167 34087
33168 39624
33171 33690
33173 35100
33174 38718
33177 34428
33177 39824
33179 35913
33179 37716
33181 33558
33181 33928
33181 34519
33182 33470
33182 37794
33184 34748
33185 37340
33187 37102
33189 37772
33190 39902
33193 35418
33193 37650
33194 33455
33202 37214
33203 38869
33210 37130
33210 39001
33211 34467
33211 36002
33212 34509
33215 33625
33219 35261
33219 36122
33219 39720
33220 33551
33220 38658
33222 34859
33223 37430
33225 35319
33226 38479
33227 35379
33227 35892
33230 37158
33231 35938
33233 34482
33233 39461
33234 37371
33237 39780
33240 33641
33240 39250
33243 35100
33243 37912
33244 37228
33244 37946
33246 37882
33246 39068
33246 39432
33247 36719
33252 38931
33252 39641
33253 33295
33258 37303
33258 39978
33260 37429
33262 33269
33262 36188
33263 37495
33263 38129
33264 36365
33265 33403
33265 39390
33266 37020
33267 37345
33273 34607
33273 34785
33277 34850
33278 36137
33279 34771
33279 37279
33280 38849
33282 36131
33284 36438
33285 37463
33286 35962
33289 37008
33291 33883
33291 34122
33291 37469
33291 37578
33293 34858
33298 36313
33301 38761
33302 34512
33307 36517
33308 37438
33308 38409
33309 33607
33310 39802
33312 37252
33312 39957
33313 39635
33314 39271
33319 33459
33320 37762
33320 39504
33321 34526
33321 38257
33324 33934
33325 33722
33328 36794
33328 39417
33329 36240
33330 37927
33330 39547
33331 33781
33335 35635
33340 39560
33341 36934
33342 36298
33342 39408
33343 36788
33345 36206
33350 39636
33352 39874
33353 36464
33353 39692
33356 37538
33357 37103
33358 36083
33360 37168
33361 36410
33362 38786
33363 34966
33363 38188
33365 37669
33365 38097
33367 35748
33373 35768
33374 35148
33374 36810
33374 37328
33377 37483
33379 39267
33382 34746
33386 33655
33387 35973
33387 38809
33388 36954
33389 39277
33393 36265
33393 39736
33394 37499
33394 39450
33395 33640
33395 36849
33396 34796
33396 39451
33398 34827
33398 38355
33398 39593
33399 38619
33400 35486
33403 36156
33404 33508
33405 34607
33406 37512
33406 38520
33410 37826
33411 39722
33412 35805
33412 39206
33414 37250
33415 38502
33417 37543
33418 37295
33418 38416
33418 39072
33424 35080
33424 39853
33425 34120
33425 35642
33427 38743
33429 34015
33431 36457
33432 35039
33435 34951
33437 39211
33440 39455
33441 39935
33442 36346
33444 37906
33445 35851
33445 36405
33448 35371
33449 33846
33451 34335
33452 38366
33452 39439
33453 33764
33453 34166
33454 35272
33455 36259
33455 38132
33456 37383
33456 38878
33461 36078
33463 37933
33464 35137
33464 37500
33465 33987
33465 34119
33467 36123
33469 33487
33473 38514
33476 37810
33481 33627
33483 39833
33486 33780
33487 37028
33487 38552
33489 34942
33489 36566
33489 37442
33491 39241
33493 34629
33493 38159
33493 39519
33498 35685
33499 34693
33503 34120
33503 38770
33505 35242
33507 39441
33509 36512
33510 34915
33510 37334
33516 33679
33516 34076
33517 38213
33518 39004
33519 33810
33519 36482
33521 37456
33523 34312
33524 38968
33524 39728
33525 33870
33525 36115
33525 38015
33529 39143
33532 38537
33536 34047
33536 38721
33537 34855
33537 39128
33538 35111
33538 38291
33539 38646
33540 38801
33542 34268
33546 36243
33548 39055
33549 34764
33549 35301
33549 37145
33553 34495
33557 34063
33557 38685
33557 38897
33559 33664
33561 36991
33561 39823
33562 36566
33563 34651
33564 34843
33566 34819
33566 36853
33566 39750
33568 33606
33569 35542
33574 33821
33576 34549
33577 34505
33577 35705
33579 36328
33581 36432
33581 39330
33585 33652
33586 35869
33588 37493
33588 39194
33589 34011
33591 34219
33591 35263
33592 33697
33597 36994
33597 38609
33598 34669
33598 36070
33598 37421
33599 34086
33599 36994
33600 35722
33601 34714
33611 33814
33613 39193
33614 34290
33614 35194
33619 37958
33621 34513
33621 38199
33621 38491
33622 34774
33623 39560
33624 33785
33624 36949
33628 38296
33629 34585
33629 38717
33630 35839
33632 35199
33634 36803
33634 38520
33635 38747
33635 39146
33637 35845
33638 33806
33638 34852
33639 36937
33640 37030
33640 37047
33641 39079
33644 38157
33645 36657
33646 39649
33649 35165
33649 39029
33651 36926
33657 38581
33658 33704
33662 36116
33663 33718
33666 38531
33667 34296
33667 36324
33669 35330
33669 39552
33670 35670
33673 37183
33674 35317
33676 35435
33679 35942
33680 35097
33681 34553
33684 38586
33685 35688
33686 35522
33691 36319
33691 39020
33694 35258
33694 38172
33697 36933
33698 37289
33698 39802
33699 35740
33701 34712
33701 38926
33704 34381
33704 39711
33705 37649
33705 38924
33711 37470
33711 39988
33714 34089
33714 39837
33716 38823
33719 38569
33720 36233
33721 39828
33722 36307
33722 39281
33723 36923
33725 39584
33727 34140
33729 34627
33730 35029
33730 36741
33730 37762
33730 39093
33732 38476
33733 37031
33734 37929
33734 39485
33735 39900
33742 35593
33742 35993
33742 37628
33744 37474
33746 37070
33746 37523
33752 38498
33756 39119
33758 37172
33761 33979
33761 34498
33765 36377
33767 35384
33768 39152
33768 39376
33774 37173
33775 35362
33777 36315
33777 37098
33778 35723
33779 35847
33780 38162
33781 37558
33782 35554
33783 39372
33786 38432
33788 39860
33789 38211
33790 39472
33792 39227
33793 36780
33793 37612
33794 35265
33794 38512
33795 35523
33795 37319
33798 33853
33798 34261
33800 36811
33803 37956
33807 36587
33811 36480
33814 36575
33814 39385
33822 39163
33823 36397
33824 37336
33825 39922
33826 37408
33826 39668
33827 38718
33828 38442
33829 36962
33829 38254
33829 38391
33830 34397
33830 35925
33833 37226
33833 37518
33834 34674
33834 36730
33834 39605
33834 39769
33836 35873
33841 35780
33842 37385
33843 36423
33844 37466
33846 37761
33850 36782
33851 39247
33852 35346
33854 38826
33855 34956
33856 36540
33857 35533
33857 38519
33858 37931
33859 35289
33861 38706
33862 38807
33864 36033
33868 37616
33870 35849
33872 35483
33872 38373
33877 37006
33879 39098
33882 38136
33886 34157
33886 34960
33886 35358
33887 38866
33887 38982
33888 34549
33891 34339
33891 39211
33893 39144
33895 38275
33898 34613
33898 39033
33899 38091
33901 37448
33902 39672
33904 37373
33904 38604
33904 39194
33905 38651
33905 39640
33906 37185
33907 39951
33911 39627
33912 38655
33916 39554
33917 34444
33919 37208
33920 36500
33924 35118
33924 35687
33925 34630
33925 36170
33928 38833
33929 36447
33930 35388
33930 36597
33931 35369
33932 34899
33934 39301
33935 38955
33936 36887
33937 34586
33937 36069
33941 37214
33941 39148
33942 35490
33944 34858
33945 34728
33948 39625
33949 36823
33950 38534
33954 38933
33954 39816
33955 36577
33959 36203
33963 36050
33964 37505
33964 38017
33966 35907
33969 36068
33969 37448
33969 38947
33972 35699
33977 36612
33981 36110
33982 38649
33983 34649
33986 37539
33986 38694
33990 38908
33991 36078
33995 35424
33996 39550
33997 36586
33998 35451
33999 39278
34001 39239
34003 34909
34006 37219
34007 36466
34007 37831
34008 39990
34011 38604
34013 36596
34014 36570
34015 34638
34016 39664
34019 36962
34020 39772
34021 39151
34027 37776
34027 38220
34028 36699
34029 38063
34032 35179
34034 36288
34036 35632
34036 38787
34040 38584
34041 35459
34041 39770
34045 36206
34047 34851
34048 34419
34052 39292
34053 39147
34058 37786
34059 34689
34063 35102
34063 39296
34068 38537
34072 36835
34072 37247
34076 34603
34076 38220
34077 38174
34080 38788
34081 35064
34087 37337
34087 38694
34088 34126
34090 38350
34092 34816
34093 39744
34095 37332
34098 38323
34098 38978
34100 36433
34101 36869
34101 39056
34105 36650
34106 38032
34107 36981
34108 35384
34111 34994
34114 36947
34115 34699
34117 36483
34119 36016
34124 37563
34126 39397
34135 35457
34140 37179
34142 34652
34147 37974
34152 37058
34153 35681
34154 34237
34159 35520
34159 37479
34159 38416
34162 37244
34164 34349
34164 36253
34165 35906
34165 37412
34165 37741
34166 34837
34169 39017
34170 37947
34173 36046
34180 37758
34180 39043
34185 39872
34187 36089
34187 37614
34188 36206
34196 35621
34197 38141
34199 39547
34212 39986
34215 36529
34215 37213
34217 39457
34218 39420
34219 35283
34221 36038
34222 34345
34223 38852
34224 38416
34225 36245
34226 35376
34232 35572
34233 35732
34238 39085
34239 39146
34239 39783
34244 38081
34246 34920
34248 39139
34249 36548
34254 36021
34258 36724
34273 39614
34275 34908
34276 36134
34279 35865
34283 35631
34284 36915
34284 39322
34288 36417
34292 36081
34293 38114
34293 39269
34294 37199
34296 38863
34297 36732
34299 35138
34299 35743
34302 36244
34304 34459
34307 39646
34309 38613
34309 39697
34310 34450
34311 37712
34312 36902
34315 38933
34316 37322
34317 39793
34319 35400
34319 37242
34321 35310
34321 38500
34325 37281
34326 39855
34327 36721
34327 37492
34329 36181
34330 34462
34331 34866
34334 35224
34334 36226
34341 39640
34342 35137
34343 39650
34346 36186
34346 36320
34351 35766
34353 36990
34353 37124
34355 39867
34358 38397
34359 35364
34362 37672
34363 36636
34363 36921
34366 36942
34366 37421
34367 37052
34367 37774
34374 35343
34376 37173
34377 35297
34381 39242
34385 38895
34385 39874
34386 36572
34386 39758
34387 38322
34388 34742
34388 36791
34388 38361
34388 38647
34391 35193
34391 35878
34399 34953
34400 35559
34401 37395
34402 34875
34407 34518
34412 38808
34413 38043
34419 35250
34422 35895
34424 38041
34427 37430
34428 38296
34429 36422
34430 35785
34431 34647
34431 37012
34435 38793
34438 37004
34439 34854
34439 37977
34441 39160
34441 39741
34443 36324
34446 34700
34448 37859
34450 38962
34454 37099
34456 36976
34456 39367
34459 38002
34461 36790
34463 35106
34470 35817
34473 34883
34474 38283
34480 37041
34481 37964
34482 38789
34487 35313
34488 39369
34491 38129
34491 38549
34492 36340
34493 35996
34498 39250
34501 35377
34502 37706
34506 36686
34506 37199
34506 38297
34507 36897
34507 37765
34509 37883
34512 35731
34515 35703
34516 37528
34518 39848
34519 39329
34521 34792
34521 37288
34523 34813
34523 36987
34523 37671
34524 39321
34526 36738
34528 35199
34537 35485
34537 36822
34539 34628
34546 35954
34546 36653
34547 37439
34548 35364
34548 36017
34548 39834
34549 37067
34549 39464
34555 38278
34558 36702
34558 39127
34558 39189
34559 34876
34562 38665
34564 36850
34565 35481
34565 37037
34579 38686
34580 35683
34581 34888
34581 35385
34584 38979
34588 35057
34588 36241
34588 39575
34588 39963
34590 35725
34590 39619
34591 35227
34592 34960
34593 35104
34593 36496
34594 35328
34598 37388
34598 38999
34602 38025
34602 38103
34603 39286
34606 36750
34612 36498
34614 34784
34616 38559
34616 39868
34618 36008
34619 39767
34622 36173
34623 39706
34629 39105
34630 35631
34632 35311
34633 35170
34633 36801
34636 35434
34637 38923
34638 37441
34639 36181
34640 38766
34641 37960
34648 36972
34651 37865
34652 38868
34653 38945
34656 34691
34659 36706
34662 39891
34663 38112
34664 39361
34667 35136
34667 36850
34667 39335
34671 36635
34672 35350
34674 34936
34674 39759
34675 35541
34675 39771
34676 34890
34677 35686
34680 38104
34681 35815
34681 35970
34681 39266
34685 36301
34685 38444
34685 38477
34692 34779
34695 39548
34698 36221
34698 37657
34705 35291
34705 36864
34705 38381
34709 39000
34712 39799
34713 36622
34714 36895
34716 37824
34722 36658
34722 36666
34722 37492
34724 38224
34725 37574
34725 38042
34731 35885
34731 35905
34731 37100
34735 39436
34739 35878
34747 35122
34748 36841
34748 39731
34754 36263
34754 39667
34756 35333
34756 37124
34757 36157
34761 34956
34761 36967
34763 39241
34764 35452
34765 36278
34771 39619
34788 38421
34789 36087
34796 39722
34797 36638
34797 38173
34798 35121
34799 35144
34800 39738
34801 39540
34802 36682
34803 37524
34804 38919
34806 36243
34807 37994
34807 38857
34809 37413
34809 38744
34811 37243
34816 35010
34818 38674
34819 35681
34823 39678
34826 36414
34826 37131
34829 36897
34830 35009
34831 35151
34833 35824
34835 37119
34836 36714
34837 37442
34838 35826
34838 37189
34840 36581
34842 37444
34842 38241
34843 38779
34843 39461
34843 39820
34846 36655
34847 39704
34849 38569
34850 39155
34852 38004
34852 38879
34864 39109
34866 38770
34867 37384
34871 36861
34871 38766
34881 36765
34882 38700
34886 39870
34888 34966
34889 36001
34889 38696
34890 36491
34890 36556
34893 37578
34897 39089
34898 37270
34899 37804
34899 39539
34900 38750
34900 39441
34902 38871
34903 35836
34904 39940
34906 38361
34914 35835
34917 36154
34917 36763
34918 39089
34921 39814
34925 36110
34926 37550
34928 37272
34932 38152
34933 38534
34937 35755
34938 38067
34941 36384
34941 36723
34942 37904
34948 39580
34950 39018
34951 34988
34951 37947
34956 35104
34956 37638
34960 39919
34961 39003
34964 37054
34966 35071
34966 37674
34966 38584
34968 39211
34968 39983
34970 37986
34972 35577
34974 39557
34974 39745
34975 38506
34978 39317
34978 39891
34982 38878
34983 36812
34985 37894
34985 39248
34986 39378
34988 39258
34989 35961
34990 39089
34992 38268
34993 36199
34994 35113
34994 39477
34996 36257
34996 38677
35004 36403
35004 38782
35007 38982
35008 36314
35009 35495
35011 35368
35012 38365
35014 37482
35015 35594
35017 35269
35019 39537
35021 35790
35021 39660
35022 38794
35023 39290
35024 38368
35025 38853
35027 35646
35028 36504
35029 38413
35030 39279
35032 39696
35034 35278
35034 39224
35036 37256
35037 36695
35040 35566
35044 39284
35051 38039
35053 38770
35065 35959
35065 36050
35066 35114
35072 36499
35073 37224
35074 36566
35075 38237
35076 36146
35077 38062
35081 39946
35082 37811
35084 39255
35085 35176
35085 35799
35086 35922
35087 36106
35087 37766
35089 39890
35090 37719
35092 36332
35092 36680
35097 37965
35101 35785
35103 35533
35104 38972
35105 37301
35105 37669
35105 39682
35106 38673
35109 38770
35112 38301
35118 36015
35118 36905
35119 38009
35122 35876
35125 37366
35127 38271
35128 38579
35130 39066
35132 36751
35138 37617
35139 36332
35142 37142
35142 38560
35144 37745
35146 36674
35149 38268
35149 39606
35150 39651
35152 39789
35154 38598
35156 39726
35156 39869
35157 35975
35164 38668
35165 35674
35173 37469
35179 37446
35184 36947
35185 38731
35186 38272
35187 36890
35189 39570
35193 36707
35195 37472
35197 37202
35197 38438
35198 35714
35198 37943
35202 35366
35202 38901
35213 37761
35213 39336
35214 38658
35216 35891
35224 37196
35226 36310
35229 37831
35231 38950
35232 38481
35236 35324
35236 36745
35237 36249
35238 35479
35238 37278
35239 39483
35241 35405
35241 37305
35246 39872
35249 36848
35251 37162
35251 39237
35252 39289
35253 36208
35253 36220
35253 36319
35255 38912
35257 35483
35257 37102
35258 37264
35260 38686
35262 38288
35263 38491
35263 39142
35267 36077
35267 36778
35267 37009
35271 37679
35272 38491
35274 37438
35279 37096
35280 39440
35284 37813
35286 39578
35289 39328
35291 37415
35291 38240
35296 38460
35298 36751
35303 37526
35305 37859
35306 35385
35306 36490
35310 38418
35311 35951
35316 37919
35320 38767
35321 37035
35326 37524
35326 37996
35329 36705
35329 37884
35332 37315
35337 38956
35338 36295
35339 37526
35340 35418
35340 38070
35343 37009
35347 39881
35352 37481
35352 38043
35353 38709
35353 39891
35356 36854
35357 35633
35360 36391
35360 37663
35362 35902
35364 39427
35365 35967
35365 38405
35370 36014
35370 36386
35372 36512
35372 37884
35377 37770
35377 37854
35379 35976
35379 37257
35381 35702
35381 36299
35382 39248
35383 37678
35385 39110
35385 39785
35387 38025
35392 38529
35392 39671
35395 36874
35399 35518
35400 37752
35403 38019
35404 35877
35404 38327
35405 38602
35406 37686
35406 38594
35407 37216
35409 38748
35410 35793
35414 35718
35415 35877
35417 36641
35419 39960
35426 36714
35428 39844
35430 35644
35430 35887
35430 39420
35432 39389
35436 39139
35438 37222
35438 38758
35439 37516
35439 39191
35439 39435
35440 37554
35442 35519
35442 36258
35443 36532
35444 37134
35453 39775
35455 36451
35459 36857
35459 36908
35460 37180
35462 37111
35464 37355
35465 37391
35466 39691
35470 39964
35471 37621
35474 37313
35475 37628
35479 38381
35480 35890
35490 36644
35491 36212
35491 37995
35497 37107
35502 36286
35502 39521
35503 38930
35506 39675
35509 36156
35512 39963
35514 38708
35516 37515
35517 36620
35519 37456
35519 38981
35520 38689
35522 35878
35530 36781
35533 38757
35536 37795
35537 37436
35537 38474
35542 39127
35543 38930
35547 38776
35548 36272
35548 38821
35550 39129
35553 36012
35556 37618
35556 37902
35557 35974
35557 38537
35558 38164
35560 36540
35562 35935
35563 36712
35564 38568
35569 36951
35570 36248
35572 38980
35574 38132
35575 39489
35579 39381
35580 38839
35582 38275
35584 37609
35593 36516
35594 36462
35597 36243
35597 36572
35598 37312
35604 36611
35605 35887
35606 38911
35606 39401
35606 39432
35612 36274
35613 37427
35616 36956
35617 38072
35617 39008
35617 39834
35618 39416
35622 35681
35622 37641
35625 37809
35631 38383
35632 36097
35632 39752
35633 37750
35634 35800
35640 36103
35644 36190
35645 35742
35646 38093
35647 39864
35656 37239
35656 37297
35662 37180
35662 37358
35668 38152
35673 39227
35678 36315
35681 36283
35681 39259
35681 39318
35682 39676
35685 37965
35688 39369
35692 35976
35693 36596
35693 39042
35695 36682
35700 36345
35700 38936
35703 38939
35712 38335
35715 37671
35715 39200
35718 37679
35725 39687
35728 36139
35728 39417
35729 36840
35729 39783
35731 36056
35739 38105
35740 37522
35742 39240
35742 39965
35745 39130
35748 39314
35749 37235
35749 39834
35750 39926
35751 35783
35751 38806
35752 38871
35753 37876
35756 36221
35756 38108
35760 38747
35760 39794
35761 38462
35763 36217
35766 38903
35767 38652
35773 35834
35788 37308
35789 40000
35791 37231
35792 36133
35794 39416
35800 39055
35811 37513
35812 39437
35813 38054
35815 38757
35817 38633
35818 35935
35818 36272
35819 35821
35819 39674
35820 36289
35825 37293
35825 38031
35830 35943
35830 36309
35831 36178
35833 36373
35839 39315
35852 37329
35855 38266
35857 36276
35857 39271
35858 37486
35858 38005
35863 36697
35863 38552
35863 39054
35865 38966
35865 39286
35868 38884
35870 39888
35871 39539
35874 36705
35875 37875
35877 36091
35881 39532
35882 38343
35883 37298
35885 38068
35886 37403
35887 36515
35888 37475
35888 39873
35890 36177
35902 39365
35916 37973
35920 36886
35924 36528
35924 37499
35924 39666
35925 37593
35926 36072
35926 37464
35928 38070
35930 38506
35934 37662
35942 37140
35945 38785
35948 36898
35950 37458
35950 37485
35950 38364
35950 38535
35952 36941
35955 37477
35957 37030
35957 38871
35963 36632
35963 38916
35966 36657
35966 39969
35967 38342
35967 39974
35968 38361
35969 39965
35971 39021
35972 38754
35975 37840
35982 39838
35983 36279
35983 37836
35990 39379
35992 39903
35995 36325
35997 39834
35999 38956
36000 37784
36012 38746
36015 36778
36017 36579
36019 38274
36022 39777
36030 38446
36031 38511
36032 39903
36035 36672
36035 39492
36042 38811
36043 37211
36046 37426
36055 39147
36056 36754
36056 37165
36062 36177
36063 38583
36065 38759
36066 37642
36067 37406
36074 37795
36075 36911
36078 36490
36079 39036
36083 37494
36085 38378
36086 39430
36087 37355
36087 39694
36088 38108
36089 36883
36089 39480
36093 37951
36094 36269
36096 37461
36096 39219
36104 38131
36107 38908
36111 37870
36115 39660
36116 37462
36117 38812
36120 38970
36121 39588
36122 36491
36128 38006
36131 38360
36131 39363
36132 39430
36133 37922
36135 38135
36138 36263
36138 38690
36138 38877
36139 39009
36142 38966
36143 38213
36145 38139
36146 38068
36146 38893
36146 39316
36149 39392
36149 39953
36150 36408
36154 36155
36155 36976
36161 36646
36164 39004
36165 36235
36168 39164
36169 38445
36171 36380
36172 37796
36173 38384
36174 37604
36177 37907
36180 38915
36184 36330
36186 36611
36187 38707
36188 39364
36189 38456
36190 37488
36190 37863
36190 38955
36192 37273
36193 39720
36196 37886
36201 37815
36210 36592
36210 39374
36220 37494
36220 39795
36221 38004
36221 38959
36228 38119
36230 36331
36233 38455
36234 36621
36235 38248
36235 39435
36237 38678
36239 36461
36240 39242
36241 38169
36248 36255
36251 39131
36259 36465
36260 37820
36261 37836
36263 36823
36264 37266
36266 36787
36266 37856
36267 36695
36269 36675
36269 37264
36273 39153
36280 37694
36284 37919
36286 39845
36291 38335
36292 38836
36293 36466
36293 38412
36297 37329
36301 39701
36301 39917
36304 38072
36304 39235
36306 36869
36312 38375
36313 37768
36314 39483
36316 39247
36321 37367
36325 38322
36325 38713
36326 37794
36326 39604
36328 36677
36328 37800
36332 37229
36332 37275
36335 37791
36335 39105
36341 38513
36343 38247
36343 39444
36347 37797
36348 37462
36353 38507
36354 36711
36355 39177
36359 38172
36359 39865
36364 38335
36366 36552
36372 36376
36373 37133
36380 37971
36380 38539
36381 38274
36382 36426
36382 38643
36384 36553
36386 38613
36394 36839
36398 39046
36400 37144
36407 39900
36408 38394
36409 37853
36410 36604
36411 37424
36413 37473
36414 39923
36415 39379
36423 38462
36425 37541
36425 38688
36428 39709
36429 39355
36431 36901
36432 38235
36432 38246
36433 38370
36435 39515
36437 39505
36442 37740
36444 37234
36444 38058
36446 36482
36450 37776
36451 36981
36453 37842
36457 36612
36457 37020
36464 37959
36465 36526
36467 37128
36471 37127
36475 37080
36476 39539
36477 39434
36483 39712
36484 37892
36484 38221
36489 36954
36491 36541
36491 36966
36496 36779
36497 36796
36501 37952
36506 38082
36518 37101
36523 36900
36523 39341
36525 38745
36527 39729
36529 38446
36534 37145
36534 37157
36541 36588
36543 38447
36545 39259
36547 38046
36547 38137
36547 39200
36552 36823
36552 38838
36553 37674
36556 37212
36558 39466
36561 37309
36562 37898
36564 39410
36570 38764
36572 37822
36573 38249
36578 38680
36587 36881
36594 37938
36595 36887
36599 37127
36601 38585
36602 37491
36602 38524
36605 36715
36605 39693
36606 39434
36606 39522
36607 37463
36610 38892
36612 37428
36614 37391
36614 38515
36623 38119
36623 39506
36625 37564
36626 39353
36629 37240
36630 38827
36634 37965
36634 38499
36647 39118
36657 37530
36659 39579
36660 36964
36660 37539
36660 37642
36675 37853
36675 39910
36680 37443
36680 39414
36683 38731
36685 39233
36690 39302
36695 36885
36695 37724
36697 38454
36697 39225
36699 37362
36701 38988
36703 37310
36703 37949
36704 37835
36710 37366
36714 38806
36716 37032
36717 39675
36720 37359
36724 37120
36740 37328
36742 39043
36743 37509
36744 39038
36752 38439
36755 38537
36764 37090
36765 39726
36766 37807
36768 39138
36769 38357
36772 39107
36777 37424
36778 39346
36785 37172
36786 37204
36790 39755
36791 37710
36791 38319
36799 37874
36800 37513
36801 37419
36802 37009
36803 38865
36804 39950
36809 39298
36813 37670
36813 39901
36819 38598
36824 37981
36825 37462
36828 37006
36830 38283
36832 37469
36837 38332
36849 37288
36851 37470
36851 38602
36859 37194
36861 39968
36862 38063
36864 37247
36867 38340
36871 37570
36880 37553
36880 39787
36887 37008
36891 38434
36891 39491
36892 38721
36892 38917
36893 37971
36894 38745
36894 39949
36896 37835
36896 38215
36900 37649
36901 39312
36903 38554
36912 38792
36913 38174
36917 39068
36917 39670
36921 39368
36922 38885
36926 38371
36928 38770
36929 36973
36929 38391
36930 39971
36931 38996
36936 37395
36937 39718
36938 38245
36939 39353
36945 38752
36947 38855
36947 39501
36952 37220
36955 39434
36957 37601
36959 37072
36966 39844
36972 37668
36973 37457
36973 37993
36976 38566
36985 37841
36989 38951
36990 38279
36991 38614
36996 38831
36996 38838
37000 37966
37011 37369
37011 39001
37015 38429
37023 39136
37024 37747
37024 38943
37024 39338
37025 38868
37027 39493
37027 39838
37028 37113
37030 37842
37033 39941
37040 37795
37040 38263
37044 37114
37045 37941
37045 38428
37047 37485
37048 39834
37055 39562
37059 38329
37059 38733
37065 39981
37069 39420
37073 37300
37085 37933
37094 38230
37098 38360
37109 37973
37119 39016
37122 37795
37126 37934
37126 37951
37126 39223
37129 37824
37132 39038
37132 39913
37134 39933
37137 39408
37142 37931
37142 39189
37143 37712
37145 38455
37147 39115
37147 39187
37149 38044
37151 39397
37156 38164
37158 39230
37162 38077
37162 39503
37171 37414
37171 38616
37177 38824
37185 38417
37193 39014
37195 38626
37198 37219
37198 38937
37199 39838
37200 38182
37201 37828
37201 38131
37201 39347
37203 38237
37212 39748
37213 38606
37213 39462
37219 38231
37222 38858
37227 38023
37230 38127
37239 38482
37239 39464
37244 37615
37245 39288
37248 38285
37255 38635
37264 39315
37268 38918
37270 38802
37275 39036
37279 39136
37291 39485
37293 39341
37307 39234
37310 38396
37318 37731
37318 39209
37324 38693
37325 37872
37325 39987
37328 39820
37331 37902
37336 38480
37348 39517
37350 38637
37351 39691
37354 38168
37359 37661
37361 39658
37364 37552
37365 37789
37375 37377
37387 37670
37395 38152
37402 38691
37404 38622
37412 37887
37413 37497
37416 39241
37420 38393
37422 38296
37422 38504
37427 39545
37430 39900
37440 37652
37440 39420
37441 39669
37445 39436
37445 39783
37446 37789
37451 38185
37459 38218
37460 39490
37461 38669
37479 37963
37488 38992
37490 38259
37492 39587
37493 39327
37498 39332
37501 39287
37504 39948
37507 39753
37509 39089
37522 39795
37526 39195
37531 38831
37534 37563
37547 39645
37550 37810
37550 39756
37556 38252
37565 37834
37574 38341
37580 38137
37580 39285
37582 39100
37587 39272
37588 38780
37590 39127
37591 38382
37602 38273
37603 39422
37615 38501
37619 39859
37623 37635
37628 39079
37635 38945
37639 39478
37644 38044
37645 38265
37645 38646
37660 39283
37663 38642
37668 38674
37672 38321
37674 39600
37674 39734
37675 39879
37676 38708
37678 39281
37684 38098
37685 39451
37687 39953
37689 38159
37689 38327
37695 39818
37697 38154
37701 38211
37705 39915
37706 37853
37706 38329
37708 37855
37719 39861
37722 39746
37726 37977
37728 39544
37729 38255
37729 38464
37744 38295
37747 38886
37749 38444
37751 39804
37752 38267
37758 37769
37758 39776
37762 39860
37764 39159
37765 38795
37772 38443
37783 39577
37788 39898
37797 39234
37803 38048
37805 38199
37810 38380
37815 39581
37822 38851
37824 39244
37826 39623
37830 39893
37830 39921
37837 37884
37839 38448
37840 38924
37846 39414
37848 39380
37851 39956
37859 39719
37866 38426
37878 39894
37881 38108
37885 37948
37888 38608
37890 38764
37890 38792
37893 39968
37895 38153
37895 38287
37899 38844
37904 37968
37912 38070
37913 38752
37915 39584
37917 38834
37925 39961
37927 38123
37928 38647
37930 38061
37956 39375
37961 38173
37962 38330
37973 39956
37974 38428
37977 39965
37980 39396
37982 39094
37984 39390
37985 39052
37986 39305
37989 38763
38008 39901
38014 38279
38016 39515
38033 39089
38035 39487
38040 39081
38051 38215
38054 39591
38057 39863
38061 38946
38079 39862
38080 39673
38107 39713
38112 39967
38126 38397
38129 39796
38148 39912
38149 38486
38171 39152
38171 39187
38178 38395
38182 39465
38185 39130
38186 39743
38205 39772
38206 38728
38207 39880
38226 39144
38235 38386
38250 38523
38277 38485
38278 39741
38308 38719
38309 39457
38312 39048
38312 39644
38318 38347
38318 38565
38318 39948
38324 38620
38324 39886
38330 39647
38335 39510
38335 39933
38346 38805
38350 38807
38354 38888
38359 38939
38359 39160
38361 39712
38372 38506
38372 38985
38373 39282
38377 38593
38379 38383
38379 38677
38379 39561
38381 39073
38384 38664
38388 39428
38392 38903
38397 38433
38397 39542
38406 39906
38408 39751
38414 39384
38422 38564
38457 39772
38468 38470
38468 38545
38479 39072
38484 38891
38484 39504
38500 38635
38503 38769
38507 38695
38515 39361
38520 39573
38522 38745
38528 39632
38540 39878
38542 39386
38547 38848
38560 39262
38563 38775
38563 38839
38571 39910
38579 39697
38594 38732
38594 39077
38598 39524
38599 39408
38623 39885
38629 38728
38629 39438
38631 39916
38645 39238
38650 38863
38652 39727
38663 39025
38668 38816
38669 39593
38676 39802
38677 39223
38685 39929
38709 39480
38712 39857
38718 38777
38730 39511
38769 39103
38769 39967
38773 39434
38776 39019
38781 39265
38798 39978
38809 39051
38825 39241
38832 39851
38834 38960
38846 39163
38856 39650
38877 39632
38878 39625
38879 39775
38889 39706
38894 39731
38899 39986
38904 39946
38915 39661
38918 39570
38935 39193
38936 39824
38940 39407
38947 39137
38949 39299
38963 39266
38971 39765
38982 39080
38991 39292
38993 39211
38998 39377
38999 39328
39017 39080
39020 39111
39031 39166
39032 39149
39057 39586
39059 39304
39060 39176
39070 39524
39088 39865
39103 39781
39104 39637
39109 39210
39117 39825
39126 39362
39142 39405
39160 39610
39163 39194
39163 39257
39174 39984
39183 39277
39184 39693
39211 39458
39256 39999
39275 39447
39292 39431
39297 39423
39298 39559
39299 39373
39332 39341
39334 39346
39334 39650
39335 39952
39363 39892
39409 39885
39410 39668
39421 39978
39428 39793
39429 39733
39459 39686
39461 39670
39482 39693
39534 39583
39577 39595
39666 39903
39695 39786
39741 39980
39925 39935
