10000 20000
887 9384
2778 6916
7794 8336
493 5387
1422 6650
28 2363
60 8691
3927 7764
541 3427
5737 9173
5212 5369
2568 6430
1531 5783
2863 5124
3136 4068
3930 9803
3059 4023
3070 8168
1394 8457
5012 8043
6230 7374
4422 4920
3785 8538
4325 5199
4371 8316
3527 6414
6092 8981
1874 9957
6863 9171
6997 7282
926 2306
6328 7085
337 6506
847 1730
1314 5858
3896 6125
546 9583
3368 8815
365 5435
3751 4044
1088 6809
7179 7277
3585 5789
2652 5404
2400 2755
5061 9933
3369 9677
13 7740
6227 8587
7540 8095
571 796
379 1435
6602 7468
98 2903
493 3318
757 6653
281 7302
4287 9442
3866 9690
6620 8445
4730 8441
8032 8118
5772 8098
676 4482
710 8928
4568 7857
2354 9498
4587 6966
4684 5307
6220 8625
1529 2872
5733 8830
20 9504
3369 8271
6716 9709
6341 8150
724 7797
2246 2619
2847 3452
2922 3556
2380 7489
7765 8229
2351 9842
1501 5194
7035 7765
125 4915
5857 6988
3744 6492
2228 8366
1937 9860
1433 2552
6438 9229
3276 5408
1475 6122
4396 8859
1238 6030
3794 8236
4429 5819
1012 6144
5929 9530
2405 8777
4444 5764
4539 4614
6841 8607
2905 4819
689 5129
7370 7918
6997 9918
3325 7744
2184 9471
5500 8491
6726 9773
5591 5645
7506 8140
2955 9787
7670 8083
8465 8543
198 9508
8805 9356
6349 8612
3623 7829
7344 9300
5569 5747
4341 5423
3312 3811
1802 7606
3731 5662
1306 4879
8737 9321
8627 9445
3466 8523
3417 6709
3259 8283
2925 7638
2063 5625
2037 2601
1900 3453
5551 9380
72 7469
974 7132
3882 4931
5895 8934
164 8661
7200 7982
2997 8900
2960 3774
2814 9669
1096 7191
2927 6467
1341 5085
2091 7685
3377 5543
5937 9108
7446 9757
8419 9180
6888 9413
2173 3349
1660 2010
2337 5211
6343 7588
8207 9302
7373 7714
1256 5322
4600 4820
7722 9905
5940 9812
3941 5668
1706 6229
1128 9151
5985 6659
3921 9225
2423 7270
1397 4082
85 5631
1973 9293
3851 7673
5386 7626
1223 9300
6043 6641
714 3899
2299 6191
525 2591
8210 8582
8820 9337
1156 7733
5995 8005
380 4770
1777 5274
7256 8851
1861 8143
5580 5885
1994 3206
7622 9568
614 2505
1962 2755
1327 4260
8203 8945
3203 3507
2022 6785
869 2843
5190 9529
8873 9909
499 9959
8037 8809
6249 7754
3304 3334
1649 2134
2891 9755
1747 7568
369 9530
4501 8047
3789 9798
6250 6991
3034 3304
2498 5364
254 4893
7687 9126
1153 3997
5976 9189
3730 9158
2461 5437
3415 3922
461 6305
29 8028
6749 8051
7557 8903
4795 7698
1044 8700
1040 2003
429 6404
682 4501
7648 8539
5152 6160
2135 2536
1693 4340
2216 6128
505 5630
50 965
6430 8286
5344 6336
2901 3178
5239 7972
290 6950
5368 7989
2293 5796
744 3145
2830 8391
1683 5341
570 3542
3827 4233
2262 6043
361 9118
6762 8024
82 6310
3191 5426
6368 8997
4235 4678
691 1627
4525 6058
3169 9615
359 8206
6313 7387
4347 5101
2727 4995
4917 6553
3530 5579
2291 8947
2648 6971
9052 9081
8594 9632
858 8628
1313 1887
8356 9215
91 3513
4413 9480
8970 9611
2275 6190
6356 7642
5434 6621
7889 8988
4567 8339
7285 7771
418 6857
607 2261
238 5850
3060 7206
5218 8519
784 4946
6874 8459
874 7638
484 4290
479 6608
2758 9315
4472 5730
1101 3460
3619 9439
1389 8026
1234 3075
3682 8158
359 3494
271 700
1840 3418
5570 8364
2623 8795
3174 9848
6432 7463
6683 9391
4293 5792
5058 5116
1522 6158
1492 8575
1948 2952
5022 9232
538 3741
4031 5055
4099 5326
1082 7517
3003 3517
2232 6140
1797 5405
2339 4581
9022 9219
3971 9863
4813 5380
2686 4978
1537 9905
3484 4177
9208 9760
4858 9745
3500 9912
128 3951
5237 7561
5106 7819
50 564
1245 8712
1806 9935
3292 7376
3615 8956
3590 3769
4919 8994
2806 6883
4823 6983
4031 6718
1575 3094
127 6594
254 1487
544 3075
4714 7815
8180 8378
4763 5776
2920 7089
5711 6733
295 1018
236 347
1138 5692
3944 5154
2574 6329
926 9292
4019 6711
6837 7218
5056 6964
3859 7091
4905 8131
2662 8572
9634 9686
3074 4790
2605 6852
9251 9806
6504 7869
9007 9486
2196 4640
1121 2950
227 968
6764 7678
597 3982
866 7561
7956 9037
3519 7771
6343 9212
2533 5197
2380 7322
4985 8271
4173 4428
2041 4235
73 7284
5831 7399
348 1064
2031 6951
574 3715
6060 7523
4048 6925
5083 9436
1233 9205
444 2955
1899 5487
4279 5641
263 9160
9263 9684
1042 9849
1724 8325
6273 9123
4155 7336
5822 7458
2748 9366
1172 1777
270 5219
1704 8702
4654 9934
908 3960
2807 6729
5798 8721
1309 7085
2699 5335
992 6377
2716 8899
1053 5172
1560 8190
2507 4011
8225 9017
3110 6540
1 3379
5054 8110
5082 9115
1339 5990
8068 9427
5148 5224
2232 6788
2123 6533
1282 3876
180 4851
2255 6591
1132 5351
3814 7858
1495 9182
4604 6082
2434 5721
182 7983
7488 9416
8826 9297
5405 8723
552 6893
33 298
3182 9135
416 8507
7058 9709
596 10000
1963 2298
5777 7484
155 8978
1310 2588
3383 9933
4267 5022
3564 8861
3683 9212
7686 9087
931 4286
4584 5991
1477 7315
4117 5821
1893 7526
5529 8840
7491 7526
1137 1361
7644 9619
338 929
6583 6622
4311 7956
889 4226
4571 6816
854 3438
9 7723
1784 2351
8658 9098
3828 9127
1270 2072
3150 6652
529 911
640 8399
1889 6611
2394 8578
3891 8977
4553 5200
6088 6932
100 8778
658 8567
953 7018
2642 2736
1299 9369
3196 8185
5806 6777
3429 5267
2529 8955
309 9594
2198 7279
2556 9673
775 6446
2326 5001
998 8284
6128 8413
5422 8383
4694 9335
2440 7335
8160 8422
2958 4986
1355 1762
2973 8763
1542 7717
1851 1853
3663 5483
400 6218
1174 5155
6507 9016
6365 9852
4791 8264
2492 3173
38 3538
8829 8860
872 7281
6591 8342
3971 5353
5512 7666
3070 9518
3084 7362
1352 4113
6507 9301
1639 4668
1490 9365
1033 4155
6105 9876
3680 6142
2539 3413
637 4970
1957 6171
2761 2845
6650 6815
4315 4466
2327 3887
184 6040
1536 6970
153 2622
1791 4394
110 7290
4674 9632
4265 5736
4296 4549
1878 4314
3199 6834
4950 9356
5156 7794
8157 8469
961 2934
3287 8824
3172 5359
141 5678
2182 3246
2762 3991
51 324
4101 9955
1076 8365
2043 5625
2660 3920
5845 6290
1239 3470
1552 4977
20 5384
3134 6344
1957 9305
2476 5982
3667 8012
6913 8968
193 1730
903 6869
5003 8132
3175 9208
5217 9719
1184 2378
5488 7473
4574 8958
5063 6126
3934 6798
2497 3419
3142 8154
1727 5475
5394 6981
3486 5949
31 2306
4030 9560
2161 6899
4563 6425
4281 7720
1642 8903
3011 3481
2727 7584
4141 8790
2724 3709
939 2558
432 2494
711 4221
5906 7691
9392 9614
3639 8271
7668 9422
2672 7830
6181 8744
3900 9096
3025 7089
2387 9155
570 8233
5711 9970
31 2374
8434 9664
2588 7280
95 9650
1500 2352
7340 7465
1743 7331
2087 7516
1350 9916
187 3882
5012 5635
4134 4388
2723 3288
6774 9644
1520 6743
245 5355
140 3125
2064 6260
6354 7419
1713 5270
5405 8706
2734 6800
2735 4820
436 4316
854 1088
670 2451
4803 6488
5563 6838
3611 8090
5206 5961
6705 6912
2558 9830
3404 8817
822 1893
1523 3606
2444 6580
1529 5362
3379 4448
2701 4046
3788 4883
4900 5552
1387 2590
354 9427
4795 6949
3037 8507
6093 7108
5418 9665
5922 8821
4167 8481
5995 6355
4124 8438
2934 9485
6313 6318
3932 9018
5166 6710
1609 9157
1746 7070
2996 7423
1172 6296
560 8570
4802 5677
6572 6653
5341 8926
173 1744
3092 4090
3567 6528
5813 8879
3051 5197
2125 3334
4214 5187
3371 8500
5569 6795
5116 6142
2640 9343
2438 4264
3199 3591
6203 9940
1632 6514
5129 8258
1805 4572
2347 4684
1226 8139
496 7541
6422 8973
635 7227
4159 5726
357 953
5473 7646
3340 3447
5884 8112
7604 7662
5826 7543
217 2340
5345 9175
597 7331
6268 9295
758 2014
520 8861
3293 4651
1877 7833
280 1991
636 3954
1599 9296
2742 6108
571 4938
2541 4977
802 4585
84 4801
5610 9493
6441 6497
2764 2940
1305 5736
2607 9874
165 4524
2252 4350
2531 2752
6340 6705
1987 3166
5626 8303
1080 9592
2408 2548
7132 8485
4920 9562
1932 9054
529 8428
5495 9820
7544 7582
1124 3769
188 7640
2439 4644
1989 7395
1321 4681
4099 4487
3019 8753
4099 6464
4696 9011
3180 6506
6067 6143
4426 8099
1473 4979
2854 6967
4798 6749
2273 4548
517 1087
5160 9913
1901 9878
1198 2554
2933 3004
2036 5952
8108 8499
50 9155
2907 3862
4 2335
5326 6785
4429 6798
1764 3634
116 6561
382 1015
898 5186
2101 5098
2409 8330
1314 3350
2635 5880
4317 7915
8586 8776
2766 4987
6627 7931
6617 7893
6630 9570
7410 9753
1516 6367
2834 7396
4429 7777
3848 9614
2301 5027
1063 3787
630 764
5101 6509
3398 9417
776 1983
3541 4545
3321 8827
6519 7566
1795 9500
1547 7135
6909 9854
3063 4304
2687 3843
6535 8433
9808 9811
870 8835
3597 5816
7985 8697
1383 2325
4466 9452
5362 9717
3038 9344
4188 5862
603 5982
4089 5361
3880 8621
3294 3942
2925 6629
7136 7709
3163 6943
1997 3871
4164 7467
7812 8501
2516 6488
3333 6235
2291 5951
1634 8694
2881 5340
2294 7495
2855 5214
5445 6383
324 1476
752 8739
5874 6952
4812 6466
8682 9169
4814 9684
2500 8978
4536 5015
770 5465
4108 8347
3073 3392
5741 8412
2624 9588
7058 7837
3440 8794
3282 6621
115 8372
3419 7372
597 8535
9765 9884
3568 4698
5801 6068
336 3675
5491 7434
2133 7458
530 5950
1691 5524
5293 8148
2350 7630
2336 6423
1969 2141
2256 3044
340 6767
937 2026
1654 8261
5221 7053
2958 9205
1288 2984
8722 9541
4827 6998
7128 7206
2729 3879
5170 9171
2799 7228
1521 9564
3661 9222
7884 8617
2268 8224
4293 5383
5512 7036
2554 2564
1863 8609
1769 9896
1199 7661
2377 4969
1010 2174
4888 9504
1255 4674
4058 8482
1930 3824
3045 4397
1943 2281
4210 8013
6856 9748
2367 4855
3135 3760
1282 1743
1974 9402
1639 3172
2959 3414
1900 4423
1485 7756
5662 9091
6072 8781
2604 3924
8001 8321
2001 9943
13 6953
505 3808
5359 9760
2526 2895
159 9118
1091 4637
2627 9561
615 2974
1938 8866
3422 3749
6621 9410
5401 8864
1833 2787
8005 9834
6357 7459
4411 6128
6369 6632
4570 6129
3447 8342
5375 7459
11 3606
3166 4902
1868 8990
927 2491
733 6239
700 3706
2001 9563
3833 5458
2349 3462
18 9808
2498 6170
570 2539
5140 9129
5019 7471
393 8586
1281 8543
2534 6755
1708 5744
551 4401
1486 3022
3721 6789
5141 5191
648 9635
1984 5326
462 1695
6631 8143
4192 5064
3321 5521
539 6555
1493 7143
931 8423
35 7686
7309 8095
1709 9781
2803 8645
1785 9546
1088 6523
6158 6926
1736 8603
4493 8549
297 8987
841 1531
4050 7052
513 6957
7590 7655
4873 8449
2429 8483
2558 6089
2338 6577
5221 7798
3695 5140
7006 8015
283 4783
524 2870
5016 5237
1418 1885
354 9300
755 2725
3237 6351
293 7711
6159 7243
5165 6024
4642 7722
2112 7570
6261 6411
2791 7903
6148 9956
1090 5917
2782 6440
3959 8018
5376 7807
4512 9902
4675 8979
5266 7378
2977 8567
2162 7670
2834 9135
128 4537
3000 6907
3317 7698
6840 9261
5568 7571
2987 3487
3009 5768
6278 6967
137 436
38 8694
4947 9720
213 5368
3935 7097
1118 9541
6096 8675
632 3951
7209 8803
2852 3631
526 9243
4448 9691
1162 2677
4170 7935
564 4796
1136 4932
6181 7352
1321 2298
5901 6689
2997 8862
6975 8402
3070 4115
3429 4417
53 8583
1626 3683
1434 8503
1124 9278
2950 6791
152 7236
961 4947
7800 8448
1503 6230
4629 7550
529 3800
590 9014
7564 9877
3767 3991
6985 7195
4760 7037
5777 6385
7072 7210
1239 2701
540 4685
4836 9491
451 7776
1927 9782
2363 5251
3429 9879
3580 6265
6759 6854
6635 8945
770 2712
4106 6978
1737 6258
1143 2035
4473 4566
5596 5711
6633 7266
3108 6250
377 1468
3559 7602
2303 5161
2083 9964
5039 6228
1797 2015
959 9434
6555 8431
3670 5408
660 9928
1802 3496
7968 8314
261 2719
30 6336
2632 6893
4713 9444
3008 9354
1663 2314
4514 8629
97 9552
2111 4857
642 7700
2482 3070
3091 7196
7855 7890
7737 9370
6009 7683
5705 8727
4296 5734
1188 1415
858 8365
2252 7725
211 4565
4724 5739
3194 5835
627 4402
7946 8326
1395 7367
807 8590
457 5048
2796 9827
2785 8804
3861 4841
3883 8156
574 1649
5291 5696
2506 7947
9068 9367
5105 8864
3791 8409
769 7291
5236 9162
556 9094
2602 6252
9145 9411
7652 8292
436 5589
3448 9449
3682 5276
2201 3957
5330 9652
3843 7835
3950 9561
6902 9165
4665 7044
1956 7573
6734 7812
3257 3543
2497 3641
5860 9137
3511 8259
3847 7429
298 876
1925 3295
4557 7251
4126 9886
3254 4320
3556 4072
3881 7325
2720 4897
4368 6645
3204 8531
6747 9730
1787 3371
5595 7646
3853 8859
6287 7509
7699 7806
3514 7345
4422 9731
208 948
659 4201
879 4730
4108 4759
2054 3180
2773 6008
6176 9211
1303 5905
2309 9441
5627 7903
4486 7087
947 8107
5805 7124
638 8752
4834 9502
449 1411
1393 2070
1001 2272
3151 5109
1557 3382
8288 9389
4329 4463
1984 4952
6719 7260
1424 2346
1515 4862
3183 5973
5808 6658
912 8130
7295 7631
5058 5745
7138 8079
7127 9079
5761 6629
4187 9142
8185 8826
4883 8866
9640 9834
849 6359
3445 8624
1311 5056
3486 4590
5645 7284
1247 5413
4894 6556
2301 3043
1121 9951
3429 5790
1550 6551
57 738
7043 8242
1925 5915
3459 5555
659 8110
1555 8265
3320 9282
9119 9217
4261 6500
4764 5507
1319 8264
400 1306
6702 9971
2112 8778
130 5329
13 187
2418 7056
4684 4780
4590 8980
238 7090
4854 5248
881 4996
4212 4525
8785 10000
712 1115
644 5327
1043 8785
5108 6633
1762 4097
4226 7219
3442 7232
764 2211
1895 4287
6895 9618
2836 3484
3059 8083
8054 8338
5316 9214
5315 8618
5681 7999
2781 8642
1007 1565
6036 7639
132 3024
243 5753
710 5546
3826 7825
4464 7757
1003 6072
4081 8907
3492 4486
6990 9175
1545 8657
162 8389
2739 3971
3103 5842
1380 6849
1019 3767
839 4043
251 2943
960 4285
4462 8489
2597 5136
1207 8925
3599 9357
114 4436
2848 3455
745 9963
2111 4703
2433 7258
7441 9452
1887 5172
2905 6300
3490 5290
5540 6947
2785 7583
1273 2851
2044 7987
3869 7320
3819 9193
5658 6677
5876 8254
5464 8216
3926 6620
3878 9270
2710 6710
4596 9681
2332 8233
3523 7501
4447 5821
4957 5414
2030 8265
425 6229
6251 6449
1795 7745
773 6619
3805 4873
6648 9268
9440 9620
3194 8710
2255 9849
1771 9529
6356 6851
1860 4351
4032 6230
1643 5149
7178 8989
1569 9907
2509 3955
1699 4370
988 4304
2471 8108
2212 5470
3727 8004
1441 3272
1289 3065
1187 5527
817 2377
7542 9028
123 3079
3060 8227
1766 8400
5405 8024
9359 9968
533 689
1188 7409
1677 6231
240 9295
8052 9373
8243 9493
1307 2645
781 4523
2494 7950
6387 6899
3329 9977
6388 6510
4627 8203
1139 9959
2650 7459
3182 5669
8147 9429
721 6175
15 5659
63 6415
4657 5740
4736 9555
335 2316
1161 9258
2508 4636
7547 7965
2484 4056
704 7038
1843 5034
3349 7684
5369 9301
7217 7447
1150 7938
3160 3622
4304 6388
43 3222
1044 2776
4778 9711
387 9463
871 4098
2894 8418
1729 2062
8825 9118
3859 8767
960 8467
260 7894
187 5110
1336 4058
3047 4031
3703 4496
418 7717
97 7814
493 4875
6307 7524
5261 8395
404 4507
3164 8818
6235 8340
1353 7935
8550 8894
6443 9819
6 5505
5914 7905
7303 7693
2188 9945
362 1005
1102 6257
4527 6749
2051 2328
3055 3940
6797 9810
6312 8446
4681 8627
1003 2913
6033 9553
2204 8158
2347 3662
251 8561
5928 6253
5872 7554
8441 8558
1049 2585
6011 7112
4149 8338
3555 5514
2278 8662
3364 7075
1325 8343
1755 2327
1255 4140
1879 5765
4226 6343
4903 5778
828 1705
1155 8381
5947 7576
161 3291
6995 9301
1143 3624
3991 5489
2620 4697
4150 4413
1826 9694
1449 2755
361 4152
2383 5588
1930 6125
1903 2960
3184 3787
3607 4338
2168 7535
1810 6637
3631 4047
1110 7670
1126 1452
2174 3158
3659 4071
3765 6586
5484 9340
1565 5987
3504 6053
2177 8369
1328 5433
431 4968
1467 4038
3634 9305
1572 2293
1795 5618
2276 9256
3401 9639
708 9148
4778 5574
2160 9158
993 4894
6458 7851
3903 6979
5348 9961
1745 2432
2862 3027
4493 6712
2369 6899
4478 4822
4661 6272
3288 6791
1880 2781
2587 6688
8280 8614
7364 7437
7125 8610
4975 8429
1760 5067
5028 5230
3459 7661
6485 6772
6874 9836
125 7330
2204 8159
3216 4946
783 8089
2662 6504
869 9543
5248 5501
8156 8963
1632 2937
7572 7718
2639 2959
8188 9477
2935 4018
2200 7141
5771 9073
3328 9452
1883 9197
495 7611
5099 8393
7954 8583
1054 5803
2653 3848
7655 8356
592 1615
5539 9987
2945 4661
489 4529
7484 8546
3423 6035
2038 5545
5108 5366
656 4997
2607 7248
1150 8698
6084 7351
3003 8404
6851 8239
1056 5893
5206 9022
2836 5192
912 7496
4489 5440
7984 8324
337 7758
4359 8727
3303 9466
4092 4651
121 7691
3609 7623
959 6389
58 9391
8296 9362
6241 6769
541 7798
2142 3376
3054 9342
3830 7224
1559 4845
1534 2153
6511 9317
260 8971
2328 4351
8801 9973
2041 3581
2775 4781
2832 4539
3900 4172
6764 7480
7020 8020
4562 5513
255 7747
4918 4970
4084 9763
2588 6529
1296 2197
1555 5451
1167 4130
1139 2257
2930 4297
2056 4719
5430 5609
4888 9601
8719 9508
2716 2879
3629 6738
836 8391
3309 3883
4318 5806
8686 9423
3258 7070
882 8708
8400 8624
880 2837
2119 5890
608 1528
4174 6957
5413 6216
2075 2909
1977 4131
1305 7220
1957 6047
5840 8056
213 5707
5129 6509
8898 9766
2198 6131
7173 8473
4530 7662
419 4404
2284 6132
6657 7378
5592 9945
2070 4853
2552 8371
6027 6829
6124 8785
531 2073
976 7780
7095 7485
5992 9260
7250 7810
2075 8474
3003 4982
5738 9736
5867 9773
3502 8021
3612 8875
944 3446
4816 8168
1644 9848
2323 4194
2618 6781
4108 9205
397 6299
1592 6009
2290 5194
763 3818
5151 7268
117 3355
888 6241
5260 5573
4447 9742
5224 9539
39 1743
1590 7706
1683 8251
264 4815
868 9468
7617 8922
5766 6866
3625 4407
2059 7442
1521 9326
2592 7989
2680 9832
4229 8252
3970 5091
314 2698
792 9860
353 3917
8387 8733
2167 8996
3201 9386
4815 8474
580 7002
5339 6978
1338 7397
2858 4419
3074 3363
846 2105
1426 3194
4636 6708
1747 9406
1606 4950
1654 6549
1874 5282
40 4040
4277 9592
9092 9778
3131 8065
6023 9756
109 7361
4527 7152
6570 6578
4241 7416
7434 8682
5193 5390
2070 6940
1147 3371
4897 7695
5024 6771
1415 2976
3605 7162
1006 6939
2696 5422
70 5070
178 5177
2430 8681
1056 9000
5258 5297
2767 3939
7959 9082
5680 7503
1250 6826
6147 7225
873 2248
2917 3848
78 3662
1019 7452
6499 7017
3438 6441
1569 1617
350 9967
297 1022
1906 9349
2670 8467
1752 2197
2778 7876
4027 5606
1054 2831
173 1926
1430 3089
1444 5773
9519 9577
2462 2887
2427 8902
3995 6324
6290 6871
697 3519
3663 6397
5425 6333
4864 7621
4436 7641
1848 6393
2901 8019
4544 9223
4826 7005
3984 6951
3502 8448
909 2879
5305 6388
6163 9063
3033 5652
5352 6348
2903 5367
2744 8327
3959 8051
2299 8838
499 7951
5230 5970
805 3399
513 4577
848 7809
6256 7879
4350 7109
737 7164
8765 9678
4416 6152
2710 7855
5613 7115
3221 6211
291 1271
169 8942
108 4472
1690 9440
441 9190
2494 7305
118 6654
4348 8152
2909 8853
1456 6424
5942 6573
2093 6102
5163 7340
4455 9947
7127 9520
3770 7017
790 7185
2711 7250
1656 8502
5291 8448
4043 7784
513 2104
789 6608
1212 3697
1812 9020
6472 7753
5592 8925
2931 6197
4088 6144
3737 7566
753 5663
1335 2804
397 4290
2297 6405
1695 8898
7097 9293
5830 9200
6157 6618
2159 7368
323 6666
3138 6387
1978 8075
2062 4272
2501 4909
4997 6767
67 8781
1401 5750
39 7936
1798 4341
2335 7047
2387 9431
2691 8217
4983 8847
1186 3493
6215 7852
3815 8953
7341 8242
931 5754
2191 8865
5631 8255
4673 7187
763 9288
6073 8698
4222 9326
1661 9390
1777 7621
311 7443
2425 9993
5510 7530
2270 8076
5381 6084
2721 7028
4310 4325
3189 8475
3081 6500
39 5171
5933 7753
177 9326
983 8652
372 4399
6664 8371
458 2148
5033 8492
542 9235
1504 6022
7754 8617
1997 3939
6827 8264
1653 6306
7804 9158
4733 9327
8837 9196
5259 8521
2593 9013
3524 9763
2965 6539
1464 8133
3166 3349
2583 6308
59 2329
438 5028
4376 6434
3260 7024
3329 8991
3147 4912
2486 5996
2473 8033
4083 4832
197 2906
6429 6676
9640 9959
4444 9320
2668 7455
3762 3961
371 1602
2039 2442
5398 8876
2421 6414
1757 8487
2102 3399
939 4903
5746 7375
5324 6930
1457 8229
7126 8132
1009 3436
4123 6680
1578 4231
8191 9347
948 1691
4133 4914
311 9338
3008 5752
1494 9084
7508 7537
1244 2410
4827 6990
150 6136
3919 7592
7396 8378
5724 5739
831 6198
1414 2418
7775 8117
5956 9466
869 5416
4754 9950
1180 2957
6615 6857
716 802
4151 8398
8977 9477
1739 5612
2009 9127
3203 3856
5278 9404
6586 9594
1476 2012
5602 7999
128 307
1419 5543
1175 1368
2354 6648
3504 4324
1478 8968
4219 9470
3695 6227
7965 8447
3925 9306
8861 9973
5728 7780
3726 4138
1965 8665
3016 5737
2216 7567
3322 8985
4110 4496
353 758
1028 3202
4261 8521
4832 8857
5083 7991
2789 8526
3047 4184
6713 9371
3044 4492
1450 3533
6467 8217
305 5498
3064 9482
8872 9155
2982 8400
2 8752
91 3203
703 6132
4988 8076
5534 6066
71 412
5206 9469
947 1918
3990 5192
2761 2993
3874 7330
9371 9459
5292 7634
2858 8786
798 3538
800 2191
2281 2289
354 4772
8429 9335
1221 9760
846 6182
6051 7984
2002 8930
4320 7193
7081 9271
3144 6538
2348 4410
8395 8867
4004 7640
4789 7604
7541 9794
5588 6182
5942 8426
953 4113
722 7064
1568 5333
3245 3316
3970 5247
2245 8290
1515 8791
1722 5328
1010 6131
7676 9876
877 1667
232 8481
6455 7772
2043 4626
305 9404
1258 4336
3516 5057
4673 8848
2976 7918
6946 8515
759 3164
1587 1954
3308 8625
7282 9634
1309 5790
3018 5862
2975 6093
7850 9429
216 2476
6873 7823
2158 8231
1746 4482
3567 9154
593 6542
5459 7071
6586 9839
1425 6217
1193 8540
1084 2173
6873 7178
3039 9833
2807 6243
4092 5483
2051 8587
2919 6410
1149 8923
4919 9756
8485 9246
6190 8909
1379 5980
1217 1648
2565 4216
7456 8994
77 5408
2586 5980
3302 5812
1976 5896
3811 4970
3557 9987
2213 9258
6318 7487
1236 6758
6004 7242
6073 6150
2193 7451
3841 8481
5019 7398
4012 8056
1205 9816
441 7185
94 2401
728 9348
4318 5989
4538 5975
3102 7874
1584 4191
588 8342
1778 7829
697 4202
331 2889
8004 8811
3023 3081
1137 2560
3386 3765
178 7304
6056 7301
271 6648
6259 6783
965 7673
8586 8838
169 774
1362 9380
4862 7510
5558 9190
1711 9520
6067 8447
4683 7879
7242 9089
5367 8826
2670 7358
4658 9004
5626 8725
1306 5508
1885 2270
470 9532
305 7460
3191 6990
1666 1852
7052 7208
7409 8763
2207 3079
4829 7761
86 269
1355 5452
5446 8712
801 8122
3370 6846
1027 6427
4663 8705
3296 8236
5132 7107
2121 8541
6558 6650
324 3701
117 7733
3196 8815
3643 6291
6376 7308
263 5014
2061 8180
78 6301
2861 3447
5639 9498
825 4555
301 472
2790 5432
7579 7682
580 3905
592 4228
708 4280
3095 8312
255 4603
3089 3915
7330 9704
5280 5509
1764 5357
976 8161
4011 5155
5979 6615
6915 8565
1354 6451
381 8699
5388 8955
960 5979
5239 9534
3038 7846
4685 9645
7774 8800
3559 6129
3829 8838
5592 7990
547 6150
2919 5701
160 9533
1680 8724
2800 8130
1498 6430
1817 8510
5821 6804
4147 6337
1059 7184
534 2096
6828 9333
6221 6738
49 1814
1928 9803
1992 2474
2304 4910
2464 4526
4443 6205
3594 7539
320 686
1443 5547
8246 8488
1367 2634
4582 8778
5116 6170
873 9349
800 7093
2439 2613
4366 7141
2415 9132
1071 3191
393 7716
1187 3534
273 7424
958 4780
4096 6222
2583 6505
819 4223
1569 1753
3000 4090
3220 3872
4019 9790
2228 7316
2984 4456
1750 2945
6135 9939
2820 6684
203 2705
475 7870
129 2650
4224 7784
640 5223
2394 3158
4726 4863
4146 4214
5167 7365
4438 4957
1753 7735
718 7184
2561 6481
2468 8851
5287 8967
5534 9169
3404 7992
4472 5995
2405 3779
3979 5047
4418 4556
6372 9280
5634 6869
800 3494
585 4283
5756 8320
6035 9292
5389 8595
4208 5772
1090 3798
9331 9495
259 3838
2605 9086
1490 4661
6059 6383
801 1821
614 8192
6247 6432
1413 6277
1997 7047
559 9154
2946 6668
2057 8445
568 7892
1689 6264
2110 8010
1020 4620
2299 6457
6959 7224
3607 4299
3017 6119
759 9983
662 3542
2074 6229
9627 9819
4071 6729
738 8781
3577 9674
7566 9146
497 5410
8506 9254
3871 6625
3125 6170
348 9434
3128 3732
306 2497
1064 9850
511 2479
958 5059
776 8937
4686 9359
3466 7504
3530 6448
5594 7042
1095 7538
6700 7355
1225 2395
5519 9677
3746 9110
2219 3226
2524 9193
5722 9042
4552 9940
897 5904
1192 9610
4295 8024
550 1879
4112 6998
1154 1760
2591 2854
5043 6297
3790 5906
1934 3873
7619 9308
7395 7878
844 6587
2917 6754
1980 6693
7468 7883
3429 3941
8316 9075
5976 7724
1835 6546
2973 8306
1915 9340
735 7511
3416 8211
4524 8436
183 1701
6054 9095
6897 8061
2033 4814
4012 9813
3632 7858
1895 8150
7060 7321
1135 2817
3296 9362
2621 9322
5013 7667
887 5178
5450 5747
4945 6622
3885 6646
3157 9938
1217 2092
3186 4125
2382 9350
4488 6591
2981 6382
1092 6392
54 3908
7527 9702
3269 6848
7288 8674
8212 9560
311 2465
3761 5009
5245 6932
88 6758
1534 8850
4719 7656
6389 9326
3813 4068
2979 3400
4070 6547
2952 9792
3670 4329
7598 9005
6869 7678
4885 5080
3590 3701
4950 5390
7461 8674
195 4219
1728 5113
9121 9420
5097 6447
5509 6866
4840 5261
1807 6618
5261 6409
1111 9590
115 6430
3298 3539
4775 7793
1382 4729
119 8475
2287 6331
2877 5144
256 2857
4605 8628
5728 7403
76 1237
620 5337
2428 7237
3495 7688
3645 4605
74 7277
4720 7167
8864 9723
1941 4452
6597 6767
922 9279
5406 6065
2156 8262
2672 3112
3242 8400
514 3317
1133 5988
5005 8415
4722 8500
6102 8366
9456 9731
527 4792
866 6897
8838 9390
2338 5317
2590 5604
1009 1617
124 5006
5623 7678
5216 9587
2429 6452
4884 8416
7584 9889
6830 8657
4740 9283
4195 7023
8166 9013
4722 5910
463 5383
4747 7052
2801 6702
769 9641
4063 4647
6037 7244
6830 8676
1104 7604
2487 3281
7216 9519
2700 8727
3466 5873
1982 9247
995 7661
2382 3764
3256 9146
2844 4354
1996 6197
1055 2190
1469 2764
6359 6836
3857 5511
1460 3188
2966 6468
2484 3947
2673 3684
1535 5908
3516 6139
151 5154
4510 8917
7765 8884
8062 8079
611 8470
75 9525
2800 9190
7345 9635
1202 5549
1497 8736
2661 4462
1556 2959
1591 3297
4831 5632
7498 8122
2651 4698
4624 5560
3507 7919
2332 9676
1585 8146
2942 8011
5741 7670
1366 7201
1727 9101
2567 9575
5228 7836
388 5743
3684 4538
169 7333
4830 4866
4642 9564
3832 9265
1750 5123
1150 2771
708 4082
7023 9295
3316 8718
5918 9116
4682 7194
5018 7248
6769 9206
7156 8827
3365 4948
7192 8633
2057 9885
879 3462
3646 7972
143 9446
5395 9266
596 5828
9890 9973
8690 9203
3206 8318
960 7887
2329 5511
1486 8631
6665 7886
5787 9186
2978 6381
6265 7818
1386 7631
5710 7143
1276 3638
3023 5155
2102 2903
8850 9227
1992 8052
1549 4268
2721 5227
4584 5787
3908 7272
1793 3214
288 5352
6668 7330
4681 5147
2933 6067
2778 6427
405 8128
64 3282
3427 9318
1736 8629
79 8544
2812 3032
1627 2105
4390 7413
6688 8297
1036 6253
6442 7676
1605 3771
4343 6285
7275 8918
8047 8703
54 6830
117 8451
6464 8230
5787 8199
4330 6858
8277 9889
6255 7141
1531 1993
19 5032
6179 7406
1285 2620
5081 9241
2743 9424
1660 1877
3050 6932
3103 6058
860 3761
6576 9572
5358 9089
4774 5946
6039 9402
2187 9532
531 5656
5674 7414
3592 5563
3080 3199
2564 8160
5306 8791
667 7583
3317 6985
7598 9374
87 7711
6010 6585
4286 5674
5412 7719
3758 7971
4813 6509
469 3289
702 7040
2494 8954
645 1925
2152 9560
85 7294
4019 4865
4533 7960
1003 1910
258 7442
6843 9620
257 9803
2516 7522
5668 6838
6833 7631
919 3347
386 3653
6146 7972
4968 5691
7842 8071
4507 4528
1487 5744
4877 9446
277 5880
6886 7707
3678 9673
3728 9475
287 2595
3348 5954
978 9433
9131 9138
2790 8248
2571 9516
5206 5288
7539 9710
8418 9399
885 4216
513 9092
6682 7141
741 1323
4027 7347
4106 4418
1056 6822
169 6701
2485 7010
2499 7499
1615 5746
5289 7482
6928 8317
2207 9039
4789 6637
6976 7204
2025 7488
2647 5058
3970 4629
5798 8655
6568 7668
4489 9112
5812 7623
984 1010
4648 8508
2614 3483
605 5123
95 8921
5485 8402
5038 7479
273 4454
2297 8593
1239 1942
2922 7355
1560 3152
7928 9228
6071 7039
68 3694
7429 9203
1029 3850
4511 5936
2816 2893
2910 5985
4386 8165
4747 5644
5019 5775
4367 6449
4742 7316
1022 1958
7663 9869
525 1942
6596 9096
5516 8981
6641 8183
2944 7669
5232 8384
1199 8532
868 8124
461 2640
5207 5254
1028 8283
225 4732
1747 3892
3704 5825
1265 3488
1790 9924
5372 5429
761 4737
887 1377
182 8943
3679 5397
280 1765
4877 6240
1148 5337
2753 8880
6895 7162
132 7120
1878 8245
4070 7363
1933 8628
1857 3909
5689 6769
1505 7228
4466 6450
1744 9233
981 4647
1774 6412
1261 6651
2651 8760
1530 8339
1512 5234
5044 7995
8705 9640
2419 6225
61 8157
3969 7398
4166 6365
6010 9944
2459 5670
761 4902
554 1760
2235 2328
4523 9847
3525 5330
20 8606
5055 6469
1605 6450
4463 6661
687 2441
2502 9080
5196 6477
6470 7912
643 8831
2664 4208
4968 7641
3918 8195
3079 6152
6874 7601
2203 5998
1126 4603
2532 8574
179 7423
8237 8981
1421 6839
5918 8924
471 3922
6744 8747
4734 5741
1926 8941
8404 9567
261 2321
3339 4113
986 4824
821 940
8417 9540
1775 8113
948 9197
8291 9928
1482 3786
7700 9061
3751 7974
2497 9531
616 1069
2994 8237
2993 9557
6169 8912
1665 3024
5859 6489
3150 4009
7309 9900
1566 5436
2513 4365
984 2655
4769 8792
488 2844
3829 4239
817 9711
6735 8237
327 1324
6235 7582
4316 6494
2403 5980
8261 9517
2468 9878
6129 7763
9328 9777
1564 4141
1841 8899
632 3148
3635 3668
3475 7496
643 4225
960 3559
3885 5231
2813 8635
119 2950
5658 8873
5174 5281
3485 4101
1247 1403
6581 7532
575 4496
8024 8767
3394 7523
7061 9398
1158 9225
909 5382
4467 6219
1450 2693
1327 4703
614 1173
628 6271
45 2261
3529 7796
5551 6361
1128 2941
3082 8054
1105 3788
6820 7181
2569 8628
594 6137
7854 8145
4364 7870
6915 8672
2165 3374
4593 9130
4546 5221
942 1752
5899 7481
193 822
1449 1949
4530 9485
2 3272
1987 3173
6804 6966
5742 7397
3886 9454
3675 5250
273 4601
589 6765
3646 5182
4543 5894
3997 6754
586 5484
2658 9896
778 1344
262 4606
960 2226
564 9885
4132 6688
6225 7529
437 3334
111 2038
4711 7008
2311 7597
2308 7828
73 9130
2235 3203
4070 5038
2820 3965
7695 9949
5308 8653
6562 7533
6446 9612
95 8096
1976 9485
6320 9921
5309 6430
1959 8669
621 7492
5319 6265
1746 2928
5392 6130
3980 5813
1168 3151
8862 9777
3099 5084
3866 9660
3477 8969
3416 6105
1941 9924
1744 6243
1862 3404
3820 9024
2072 2867
4440 4688
3719 8186
6433 9929
6764 9849
5741 7368
1869 9914
2581 9364
3304 6447
2272 9023
1479 6275
2040 6198
3420 3783
1633 2440
3538 7815
5452 5610
682 6243
297 5219
3082 6313
1499 2513
3591 9845
6111 9880
5459 8813
1826 5114
849 1611
7386 7885
5777 8679
4083 8450
2874 5911
82 9448
1885 7041
4074 5057
4479 5354
792 9292
4787 7142
983 3304
732 9536
2542 3445
5271 8348
7655 9958
1392 2471
1149 4194
3520 8276
9430 9599
7502 9680
894 8878
286 7917
2395 4967
1991 4258
3186 6777
6490 7751
4834 7760
1204 2377
724 3727
6474 7733
7033 8944
1226 9125
2644 6445
2395 5854
8426 9707
3655 8426
600 6342
3940 5566
5931 8737
1922 6175
3925 9059
3170 4763
5110 7139
4374 8836
4214 7199
1246 6568
2044 2495
5291 8824
1029 4688
7685 9465
735 6110
3119 7686
2452 7058
1188 9603
5777 9340
8399 9461
4224 6053
1162 7920
1362 2293
5576 6349
2916 5844
3173 4690
4960 8348
5999 9980
4016 9376
5463 6462
125 4933
4147 8928
1990 3749
6467 7682
5877 5928
2432 8281
151 351
5794 7864
2142 8996
1191 9791
1410 9316
5880 6369
2211 7663
3391 8719
4181 6226
2702 9852
3999 9113
7454 7982
4099 4448
1487 6328
375 3918
4608 6877
402 621
1093 9616
883 8895
304 806
3037 6550
3024 4213
1599 1742
4176 7603
2274 3806
3229 7738
1210 7804
5192 8255
5658 6678
2384 4582
5541 6948
7568 9261
353 2294
3535 7541
692 7587
4137 7844
868 3728
4701 5326
8655 8961
1235 5853
2460 9081
6616 8972
291 515
1222 2300
2155 3545
492 4683
3943 7695
4411 6341
647 7945
3881 4586
8076 8636
5074 8715
8943 9774
392 4256
6244 8428
5490 7239
4461 5324
1966 3854
1328 1427
4265 4872
3581 8948
1276 5363
9242 9773
3968 6241
4069 7848
826 2704
5899 5923
1218 7770
2024 8161
5473 6803
756 7314
4041 6079
4247 8126
4397 9453
5673 8661
4324 9254
6038 7608
3202 6881
848 2162
6230 9442
267 5047
5285 7321
2517 3054
4540 4890
6714 7566
1342 8321
4027 5382
752 8505
5148 5980
1653 7957
3808 8633
7258 7768
490 4670
969 6832
410 1337
2735 3061
4698 7028
55 9544
4945 7751
1669 4083
1658 5424
2037 9989
7092 7157
541 3137
2239 8497
1141 2399
7129 8398
166 8151
1134 5239
2927 4982
4394 7895
4922 5661
2067 9091
3194 4465
4899 7011
4862 5021
322 1202
3409 3830
3949 8294
532 6966
4458 8797
2278 2930
9207 9447
428 4445
1761 6932
4826 7371
3031 6154
5245 6099
1450 6915
4790 4812
1813 9651
8486 9832
3240 7204
2316 5497
3540 5633
2337 2381
1662 6443
4614 5649
1109 1393
94 4392
3153 3816
9218 9306
1668 3199
902 4648
4935 5691
6747 9459
1693 5643
1585 8897
252 5234
745 8774
2236 3125
1110 8678
2075 4787
2247 4327
772 3467
2990 6619
4587 8559
4137 5924
227 3178
5161 8784
4595 8868
6913 8259
237 9843
5470 5809
6446 6553
4243 8682
1704 6030
7168 7359
3778 8037
3596 5766
8755 8808
214 9747
2490 7314
3883 7540
5667 9019
886 9052
3613 7310
201 4150
3505 9958
5670 9950
2863 6265
8631 8892
2342 4320
2411 4450
378 8176
5538 8045
4611 6930
1636 4243
1870 7100
8134 9118
888 7185
852 6355
505 847
1052 4351
3074 6814
652 9676
5635 9338
3657 4919
7329 7976
4705 8106
2503 5504
242 8786
1877 7113
3028 4212
99 7514
986 9681
2387 4698
1896 8190
2891 9241
6057 6246
2314 6898
2084 8003
2532 7003
1660 6859
683 6117
1563 2539
1805 8619
1324 5731
33 703
6294 6483
2326 8216
7469 9266
1065 5658
307 1161
1250 7407
6363 9916
656 8447
7918 9539
1801 9577
2483 6397
2046 4311
5021 7016
2467 6344
8852 9099
1744 7047
5262 5334
422 2802
879 1486
2040 4811
1792 2413
5798 8155
2328 6453
245 6601
2343 8401
5091 6174
4571 7235
2256 9401
1586 1868
684 4951
719 1997
6052 8780
3611 9201
4489 5206
686 6368
2477 2880
8677 8780
6983 7459
5129 9935
3823 7704
229 4687
1922 8913
4799 8314
2736 4177
181 5479
899 9772
7476 8551
3302 7438
7751 8507
4788 8278
1158 1227
6 3616
599 9834
1315 3817
533 1520
5137 5220
4050 8100
3493 9250
2363 4021
1985 8895
1756 9499
3326 6145
6658 9446
763 4408
4305 5393
5531 5547
6550 9163
1888 2735
5704 9761
4049 6645
3575 5538
1674 8216
1708 5939
923 4653
5728 9260
3547 5227
1015 6043
4025 8552
5488 5667
4784 6144
331 1059
1674 3960
9493 9914
5605 6694
5617 7095
2249 9192
2632 6817
7217 8570
4492 8524
604 9574
3120 3751
1117 2182
5514 7085
1001 5141
2751 9925
161 3497
255 1522
4120 6099
1435 7166
1703 7052
303 4260
2595 3243
7119 9811
1995 8164
654 7737
2598 4404
4779 7208
2721 5521
1863 7013
73 966
3569 6937
1126 3543
1443 1598
2877 9641
7695 8763
6280 9374
5226 7998
1468 8968
1389 7131
2042 3462
1219 2411
6446 8426
3541 8318
5404 7498
5330 7570
2267 2721
198 7491
5809 8933
1802 8147
3261 8161
4441 9496
2634 3845
1601 6018
5313 7406
5083 5126
6301 9448
2245 7537
1077 1078
562 8575
2832 5891
1904 6145
4509 9987
2102 6670
6600 8919
7079 8471
7966 9861
7871 8846
1811 3889
447 7123
1881 7646
7093 8600
2488 8182
5611 5689
6250 9917
2748 4186
6682 8493
1004 9353
6668 9457
1938 6022
4492 6056
5916 9016
2458 3239
4268 4762
1560 3479
1124 7742
2693 3440
4569 7973
257 5181
5097 9936
2859 4121
4196 7703
802 5199
3821 7055
3077 4655
5758 7063
4773 7568
2978 6377
4091 4363
6996 7841
1089 2002
1794 5317
3782 9885
8962 9766
6493 9701
4058 5703
173 4605
3405 7326
460 9804
810 1146
6903 9888
7455 7872
7202 8028
184 8742
7179 7644
6583 9646
8251 8268
1439 2049
7556 8135
979 7362
3609 7771
3781 6682
2375 6438
1107 8530
6897 8604
3136 9340
1859 3563
591 9886
7116 7126
4760 8627
1561 4304
4405 8923
5843 9811
971 4297
3398 4684
1628 7006
2454 8309
4829 7139
4597 4746
7995 9710
3200 9049
1130 5058
8072 8964
1295 6079
5197 6274
5853 7190
1594 7834
3997 4775
2098 3788
3538 4645
6272 6781
6895 9235
4033 4580
415 5678
124 8629
24 8181
5525 7505
4488 9590
885 5577
6918 7125
4108 7158
1343 2977
2053 4104
1691 5841
6201 6336
2981 9378
2607 6272
3539 8567
6657 8981
1637 5568
5457 5591
981 6169
3095 5759
1820 5023
2995 5089
2148 6504
1476 9196
4198 7601
5579 5889
8131 9793
2224 9170
1182 7464
1793 6030
4720 4801
287 5011
467 2790
2229 8958
5324 7799
4716 9618
4062 6698
4706 5197
254 565
4763 6673
4206 8603
651 3998
3086 9226
549 9519
407 7663
1479 6578
2464 7940
5253 8117
346 4758
562 2556
2021 5278
8525 8718
5691 9583
3915 6256
6188 6939
393 1018
1893 8020
742 4978
260 3597
4003 5526
4274 8456
1833 6737
6395 9950
7505 8341
295 8903
60 2315
532 4937
6222 7384
871 1298
7058 8829
4588 6198
3802 6481
569 895
1458 4165
1154 3336
4520 5427
1791 6352
4537 8516
2653 3208
2041 2947
8453 8462
1613 5345
3389 8997
611 7919
6646 6747
1234 4020
7821 9297
4066 9865
5067 5523
4030 6220
5210 8549
3352 7998
1252 2865
3905 7889
6073 9929
886 3203
4733 4816
4473 6231
164 4149
3161 5083
7247 9102
746 6543
3274 4811
6408 8340
437 6686
911 1895
5261 5337
2940 5247
8125 9487
549 6844
5767 6399
500 1435
1214 4017
4972 7729
6407 8165
889 5411
1635 5508
5134 8306
4713 6445
3473 9482
736 1501
1377 3189
2975 5996
472 6128
2461 9324
1021 8227
2074 8807
3287 8726
50 2823
7339 7367
4607 6456
8315 9101
2593 7406
3448 5390
3273 8470
4871 6322
4008 6247
6355 9510
1990 9221
6826 8033
4198 7665
6260 9738
4985 9356
8530 9376
3094 5034
5868 7841
1321 7700
293 6156
8726 9603
2034 3548
6904 9227
3234 9869
5731 9503
5075 5940
7720 9118
1736 3108
3315 9367
1473 9023
703 7200
2089 7552
293 9772
7992 9929
1092 2436
4636 6169
2039 6669
1265 9716
3573 5937
851 9427
1667 3142
4501 5738
2259 7608
1926 7473
3326 8945
948 4029
4851 6144
6117 6436
2397 4622
779 5713
4833 5415
1882 3223
7949 8435
839 8359
3885 8041
1903 7785
1183 2286
7640 9793
5112 6245
1718 9571
408 9017
2903 3599
3868 6067
4841 5690
4815 6469
554 9647
8235 8787
6669 9221
60 3087
3324 5028
4452 9164
5226 5634
1449 2866
5427 7694
3496 7977
7264 8385
7214 8865
2732 7639
3280 3329
4446 7572
4477 9797
445 8031
9615 9665
1051 9054
2430 6076
528 2377
1594 3954
2513 9394
4291 6819
1148 7087
702 7787
5884 6651
3522 7915
5734 7546
6850 9657
6646 8344
486 8788
1028 6452
8431 8452
880 5505
4233 7212
7759 8805
271 8187
4551 5005
1637 4562
2504 8700
8387 8691
1702 2957
1909 3787
5110 6855
5198 9795
280 8108
3985 5487
3084 8788
3917 4940
1129 6019
3777 9173
6285 7359
835 4048
4961 8715
7571 8824
12 3866
5957 8065
4217 6822
28 8203
7997 9327
1577 3786
1913 4629
7712 9272
701 9541
3071 9003
7021 8175
3305 6848
1885 7247
492 6952
2207 5667
4522 8570
6830 9532
2705 6634
1047 4836
2733 6725
4309 9184
510 3812
6133 6222
3274 7875
5673 6878
2693 6344
1404 9543
3289 5998
2841 6789
6592 8995
1113 8507
3916 4390
549 7942
5340 7094
1736 6178
920 8416
487 5277
1083 3060
1410 8958
2685 7082
2187 9028
3590 6127
4923 8476
1711 6878
1316 3469
6174 7058
933 973
563 5227
4008 7874
6918 9609
186 5334
6880 7024
4315 6962
83 8371
2767 3272
1805 1810
7931 8146
3068 5399
6406 8629
4073 4779
8188 8449
246 9382
7160 9160
960 3385
1167 7877
1352 9346
3210 6225
172 8375
539 8457
162 4894
3050 7575
1971 2073
980 3722
1492 3737
2350 2622
798 7809
809 4406
6531 9969
1565 7490
2732 3353
2698 5367
4083 4928
5275 8810
1451 2165
2697 3618
1193 8679
5746 7001
6726 9617
722 1108
6814 9423
975 3730
221 4538
3103 5380
858 3297
563 593
5959 6028
3260 6462
4886 7238
5271 8689
3403 5241
1385 2081
6433 7130
2401 9081
207 6155
3373 3508
5577 7237
2149 4347
1775 6078
2632 5252
2196 9374
3194 5401
2806 4506
1743 8215
4043 9837
6783 7445
4519 5077
7861 9525
4958 8001
261 8207
1112 3769
3040 7931
2277 7357
5189 9131
6792 8355
7728 8115
5339 7660
9481 9844
4047 6817
860 1586
3883 4721
5312 8304
4181 9239
3172 7239
5490 9785
1798 6601
9728 9905
5992 7261
2005 7532
6392 6711
675 858
790 6013
270 8517
1686 5856
3794 4316
2545 4551
7200 8514
4104 9862
3033 7732
1343 3221
9169 9492
6173 9073
8517 9219
6334 7575
6048 9077
637 6723
1427 9934
2735 4802
1696 4943
2364 6487
5088 5383
3601 6914
6775 8935
3018 4056
1750 6159
5328 6239
1241 8763
460 752
7085 7279
4386 9679
5023 6161
2446 6401
5487 6449
4496 7248
86 6781
1868 6859
124 1821
1820 7107
5876 6898
124 9409
2714 7625
1088 8866
1477 1839
5107 5677
6414 8924
1436 4785
1436 7537
3882 4236
7481 9376
6156 8732
1942 3918
5738 8024
2066 6195
8963 9196
2070 9320
4723 6047
2033 5810
1264 9861
6940 7649
2924 4968
3353 6104
1141 4359
3641 8240
5376 9368
4107 5720
5523 9638
6049 9898
1727 4466
923 2445
3428 4514
4503 6594
6912 8626
312 8175
4312 4839
5114 6158
4819 7235
1594 8613
2311 8605
6185 7686
7972 8257
8145 9847
545 7894
5972 9744
5010 8540
3246 4789
3054 9839
9291 9965
4817 5955
4492 9655
266 9605
2164 7501
775 776
3085 5446
1630 9381
7123 7352
5267 9886
4131 7198
2163 3294
6455 7172
1833 9700
1238 8312
7603 9539
707 7555
2046 9909
174 6713
8002 8876
4026 5129
6003 9471
4565 5383
1101 1687
7338 9087
2636 3305
1469 5467
2281 7923
466 8990
3974 7302
8055 9864
1256 5609
570 1164
4006 7282
7689 8360
1715 2509
4864 9840
1185 4404
246 8637
5684 6091
5747 5975
3795 4672
1214 6952
6555 8069
3769 8394
1824 3856
1463 8258
3784 5179
4142 8978
6667 8813
1321 2501
2340 8381
5917 6184
2782 3095
906 9185
4817 6880
4932 9488
2497 7026
1446 2792
6560 9051
9259 9839
8096 8383
2167 7073
3275 6051
2087 6308
5160 9069
3801 9759
2295 3851
6945 9717
1428 6974
2482 6244
3765 3853
5732 7230
2613 8523
1663 8675
5082 8514
7273 9817
4346 6609
6235 8335
994 6748
4673 5816
4432 6153
6355 9616
3078 5684
3299 4505
2132 2658
748 2862
2831 5896
92 4860
5118 7705
6523 9139
147 3631
6592 8955
844 3641
7591 9178
3851 4634
3406 7138
4634 9373
3492 7711
1409 3142
418 8567
1626 5666
3873 9631
6074 8497
6201 8733
1192 1607
1174 1691
1753 6997
2597 7765
637 3295
187 5270
7145 9945
2407 8130
2250 5669
3429 5840
1744 4406
3369 3846
71 9829
3593 4919
2325 5902
7093 7472
3931 9162
4619 5684
6159 8735
4632 6795
2029 4818
8417 9173
1114 7175
3135 3654
5777 9493
3872 6563
250 6761
3592 6673
6589 7184
2490 7943
5414 9509
3439 5935
928 6905
3438 5474
105 5639
6584 7668
1275 1352
3192 8740
6846 8527
655 1874
2690 8437
4526 9292
5197 8117
5964 8137
258 5300
4808 6978
2024 2912
2951 4599
72 9816
1807 2740
6529 9323
4155 9474
7027 9017
2894 5553
4768 5862
4904 6207
732 3204
4195 4752
6510 8848
499 9240
6217 6767
5307 8790
5481 6257
1648 8092
2680 7183
3454 9208
2858 9279
3362 9884
6256 8296
509 1788
7375 7994
5412 6930
5077 9606
276 1681
2467 7272
774 9234
2432 3488
4375 5320
8688 8819
1368 6968
2353 6773
575 5210
289 6052
699 5093
2896 6880
270 1207
1225 6619
2653 7199
2576 5231
2928 5043
2502 3702
628 2341
1354 2485
1173 7661
980 6524
2540 8877
7752 9466
155 4086
5531 6106
853 9001
2060 8762
6339 9270
5030 6468
3957 8991
1919 8050
551 5351
1972 5978
2892 4456
3684 6904
207 1980
871 7883
5634 9083
6689 9521
2794 5789
1403 2993
164 8147
3768 5052
6433 6502
236 1845
390 4637
3763 5740
2086 5188
4431 8070
1753 2893
1334 4873
8311 9216
2095 3746
1201 8783
3341 9618
1020 7929
6075 6334
7535 7737
389 9842
4170 6429
911 2233
1066 2347
2605 3002
1071 4432
3676 7035
4720 9175
7486 8548
3935 6995
1487 7583
5777 7200
3705 4828
7513 8219
2105 6131
1601 5973
2493 5770
1077 8753
3032 9818
3423 6034
2422 4206
3456 5808
2631 7882
527 2781
813 6468
4050 9775
2300 5552
3479 7601
5608 5819
1739 7343
4275 8943
4063 6768
1065 2815
4096 7844
1267 8985
6481 7758
1824 9937
3566 9705
444 8919
2486 5386
1257 8612
5787 9908
515 3387
6123 9738
5557 7080
4213 9831
6022 8275
2950 3438
794 7441
3886 6425
366 8412
4183 6587
4100 6654
5572 6292
4543 5129
5799 7309
3740 9447
2058 4255
1795 9185
1093 6729
941 8874
924 1248
225 5567
1037 3007
1018 4922
5781 9432
1640 9966
2368 8293
4065 5011
217 8607
3877 6491
230 758
9167 9676
836 8860
962 3916
6187 9953
4856 7228
3786 6774
4823 7452
4822 9781
5564 9744
6954 7735
5529 5673
2380 9593
2596 7035
3525 4551
1660 2824
107 2499
827 942
1788 7711
4015 4858
4326 6065
1242 8112
2839 5045
2619 2934
9029 9866
3172 4534
62 6764
5495 8844
5879 6006
6908 8090
7265 9403
5861 8568
5746 6116
178 6803
3885 8012
4192 8210
1785 4076
2673 3266
5606 6829
2236 3047
987 6769
4102 6218
1413 6830
9187 9596
3643 4037
6095 9398
1014 7653
3768 5258
2060 6759
643 3945
6423 8136
499 5204
6272 7877
116 3101
2352 9834
820 6147
8716 9120
1273 2302
868 6480
123 1488
1256 3934
8909 9520
4777 4947
1705 2676
2973 3189
8699 9611
255 7460
3732 6461
6577 8131
6832 7964
8928 9330
4399 5136
4397 6408
876 6700
3628 8188
998 4883
2121 6869
3791 7068
2819 7998
1186 5124
175 5791
3250 7148
429 9961
3333 4911
2889 6516
1816 9226
2197 4361
2566 6593
7121 9266
748 3821
4818 7453
1982 5925
2125 8039
6036 9344
820 4943
7085 7221
720 994
6686 7774
19 680
2684 3568
1909 6534
1735 8731
2622 4301
5323 9742
3566 5495
6841 7370
5174 6665
3294 4703
7298 8990
738 8592
4310 9809
802 5676
1381 2362
2061 4927
2380 7610
1980 5265
3715 5870
3995 8491
4367 5670
4284 4584
1164 7776
1653 7828
1298 2950
6599 8882
287 9619
95 5191
280 866
1661 7248
2174 9579
1958 3721
2052 9783
2005 7223
5766 7569
495 6484
1431 3238
754 767
8771 9206
4933 8507
69 3815
5106 6707
296 9785
65 6802
401 7513
1725 7092
1797 2575
5401 8709
3848 8975
713 5966
6544 7560
2449 6133
5342 9568
899 3238
8171 8338
4758 9406
1985 4511
1465 1769
1158 4618
8185 8670
5018 9909
2113 3944
7514 8057
2653 8257
6488 9717
3031 4222
3022 3628
5321 5516
2589 8753
6220 7279
5625 6923
2036 5259
3500 6487
7028 7644
5212 8117
2665 9487
1473 4778
3430 9529
2291 2434
4137 8778
8358 8503
8161 8482
3676 7732
3803 6672
22 2428
3950 9351
1998 5986
961 8484
5837 7988
306 6127
8791 9552
7376 9792
3221 9920
2210 3256
2007 7393
509 7340
2102 5500
8990 9833
2792 9175
2857 7954
6806 9165
1162 3656
4617 9143
1332 9645
2123 8956
1637 8507
1428 7266
2234 7185
1000 5490
5747 9358
2882 3086
4983 9866
5208 8585
1168 4111
4024 7999
3516 8416
2072 7181
2676 4677
674 3040
1995 4007
2796 5643
6413 6854
3422 9087
773 9950
928 5696
131 3809
6348 8781
3717 5144
1555 6311
4179 5906
2594 6686
3866 9421
449 1017
408 2893
1122 6899
270 8755
5608 8893
6682 8666
1046 6631
1974 9439
2326 5921
5782 7458
7277 8620
175 1174
1704 9939
2432 6624
650 8204
6842 8018
8652 9734
8426 9774
6633 7180
43 1877
6724 9139
184 543
6333 9707
2032 8509
643 8605
5842 7224
7015 7919
3750 7858
2533 5071
4481 5720
736 7674
89 9388
4866 7408
392 9161
2045 5555
2268 7535
2278 9162
7719 8336
1846 6227
368 450
3221 6209
1140 4026
7775 9575
997 8997
6660 9829
3068 7395
3157 3855
1262 6782
2294 8022
6419 8005
6624 7848
3953 6478
5786 8023
4813 7631
602 5180
3822 4433
7740 8458
3667 4961
309 2584
4663 9243
6490 7731
344 6638
887 9771
5260 7957
2065 2313
1678 9912
5631 8936
1073 6389
5 1202
606 5056
2733 9488
4428 6825
5740 7945
491 6880
5153 6049
2475 8890
2883 9112
121 5585
3541 5234
5381 7298
3410 5853
1140 3562
5392 9950
2213 5397
7268 7503
236 6002
6755 6781
1051 3412
2521 3902
4282 4921
6756 9054
3810 8289
2219 9394
4761 7453
6493 9286
1490 4750
4663 6255
1646 2629
4613 4841
7042 8467
2108 9396
5054 5214
6176 8465
2616 5048
2366 6898
6320 7772
129 3653
2412 5872
5874 7172
1511 3324
17 4425
3000 6271
1981 9088
52 7916
1310 6821
5281 8518
7057 9924
6846 9584
8388 9462
754 4632
951 6359
11 4877
7288 7432
2234 9657
811 1909
827 7520
6334 6871
1773 3449
7717 8851
1824 2024
6693 9026
3656 6082
501 6616
1356 5665
6314 6648
8461 9024
3337 3951
5387 7734
6976 7620
7390 7786
4909 9529
2214 4965
4765 8132
3986 6982
2161 2481
1506 9005
5205 9012
1821 3939
5956 9513
2178 9528
2603 7988
1202 6553
1324 6588
4286 8299
4207 8028
87 2436
3752 9288
2300 7419
2637 8517
753 997
4797 6109
2 8855
2793 5121
985 8174
5100 7701
3162 7703
2040 4363
607 3363
950 1245
1509 8013
448 5624
1263 1595
3895 4200
5034 9068
5786 6531
64 7680
1894 5270
4033 7014
4415 8558
7998 9514
2610 7512
3568 4649
1874 4175
8011 9176
1771 2375
684 3746
2822 8630
3373 5008
41 8876
2440 5407
2178 8856
4072 9438
3470 4125
7437 8539
1787 8379
988 4405
7972 9298
5636 7523
8498 9998
268 6698
2372 3733
365 1545
1725 2363
1270 7590
1765 3709
2996 3943
8785 8916
4366 9393
1802 8606
4283 6984
3588 8687
7971 9237
6659 9958
5156 6760
9809 9955
1776 8678
2140 9894
223 2256
216 1492
1981 6197
1552 9193
2275 6820
4329 6640
2935 6212
4793 6846
8381 9918
4241 5533
2191 3969
728 4198
505 3698
537 5473
430 5534
2108 3965
4180 9037
3599 5233
1503 2512
777 1138
4674 5106
7237 7777
4392 8922
4082 4309
3654 9614
7622 8549
2747 8156
8206 8350
5238 9603
30 5136
2019 3994
7244 7407
4526 7194
3389 8991
5048 9768
4527 9721
1225 8655
5616 6957
3928 7391
6276 7581
3356 4825
1512 5203
3552 3923
9717 9877
5141 9746
5012 7159
92 8607
917 969
5801 9907
709 7200
1587 6026
6921 7250
229 6594
521 9217
1845 3971
7327 8102
3304 6669
5190 6943
1258 3207
3171 4699
7355 8182
7446 8209
3141 9125
4766 8941
1827 9031
5057 6140
3413 9412
6 8658
4227 5993
6879 9963
4980 6071
3641 9091
4635 8830
6033 7841
87 9203
2539 7442
3736 7099
1239 6876
2357 6223
2168 5253
4183 4660
3947 6661
1671 4071
3953 6415
831 5897
1967 2730
2162 6370
1057 6796
3441 5200
988 1638
8995 9878
2730 9079
6670 6976
3198 5958
8125 9026
3208 4802
1463 2784
3207 3506
3133 3810
5381 5973
992 8702
3153 7347
4755 5072
6623 9948
935 8195
7189 8260
812 7339
4139 6270
360 2227
7336 9385
2138 6704
8944 9487
2449 9952
9045 9436
5018 6259
4816 7250
2162 3719
5142 6755
3054 6916
1462 1764
24 3989
1152 8650
3714 4919
4073 5291
3498 8978
201 9809
1115 8752
6039 7418
5084 7552
162 6853
1668 6453
171 7412
181 518
1665 3448
3428 3571
3911 4909
9803 9910
5063 9868
1181 6705
3940 4678
100 2034
1230 9501
7268 8851
2755 6918
123 8703
2916 5155
6679 8142
1678 8323
3342 7196
767 8122
3121 9383
2924 4677
5644 6091
2791 6824
3083 9147
1181 7853
3182 9082
681 8385
2702 7598
1139 1404
4054 4072
2214 2911
733 4588
6888 7928
1361 7929
1049 8694
743 9723
324 6387
3115 5813
4960 9562
2549 7415
5730 6140
2848 3172
4114 5549
5252 7121
1193 3305
5658 6215
3406 6390
293 802
669 5082
1653 5715
2482 8748
2806 5437
1486 7601
1047 2272
2560 4820
5051 8461
549 7661
1015 8222
3209 5343
2618 6513
2887 8275
6292 9079
1016 9880
2936 8037
940 1313
3751 3795
5539 6039
6600 7524
3139 5223
2051 8571
42 3383
3453 6942
1043 8027
4252 4308
6926 9721
2607 7116
5200 6195
2568 8898
2426 8185
604 3739
4354 5476
1515 7533
484 6244
5734 9038
5706 7608
2099 4136
991 7589
2033 5392
5615 9700
1687 2636
6104 6625
4293 8176
2298 9542
743 1075
7698 7726
3201 4813
2345 8403
4646 4715
105 9180
1237 6732
867 7712
3335 5054
8455 8727
421 3439
2426 4778
1402 2107
2751 8529
5929 7178
2292 3024
6369 8253
721 3065
9124 9570
636 1762
121 941
6852 7092
1156 2178
1864 7719
2525 6209
5999 6942
1719 9298
7756 8425
6953 9472
507 5401
4131 9150
2383 8424
5496 5519
1440 1799
971 3560
1092 8427
853 5519
4295 9382
6674 8365
1245 9234
890 8187
5233 6539
9 6257
4294 5729
1152 3313
7443 7481
302 2256
5820 6177
4328 7751
3611 8722
2037 7887
6165 8739
6811 7555
580 8120
5176 5717
2417 6166
255 1398
6511 8955
7758 9600
1070 8591
752 6071
1053 4865
7393 8326
2429 3224
1720 6834
7502 9607
18 5222
4697 9129
6828 9169
8355 9708
4885 5873
771 1491
3622 6077
1379 8001
2029 6592
2780 8801
3665 9014
184 3692
7409 9759
6120 9129
2944 3621
5087 8165
9783 9990
6817 7293
5303 7001
5172 6539
2294 9225
8029 9199
4723 6030
577 6751
5729 8973
4338 5882
5745 6065
3154 8029
500 2175
2282 5118
472 7368
461 3282
575 3502
5157 7278
3927 8801
1695 9503
7446 9724
8520 8701
5630 5753
1077 5270
1358 7503
5414 7103
3567 9795
256 2093
294 8889
766 7210
492 2608
2461 7578
4855 7418
1344 7617
7 9312
846 3805
5899 9035
1139 2324
1528 7594
2885 8567
332 1448
5015 6339
126 2946
3459 6772
669 1834
793 3889
1160 1466
3254 8577
2673 7222
6272 9031
3469 6533
1919 2835
5159 9367
894 9409
7975 9104
131 551
6469 8307
1917 4784
5376 9415
1555 7600
5443 6044
3555 8393
3261 7998
5933 8483
1106 5219
4963 8104
4574 7798
22 293
9308 9431
7538 8411
3757 7668
2063 5313
4137 7230
6847 9903
4753 8957
3854 5000
2246 6548
4906 9808
3388 6595
2092 8166
4493 7054
5418 6269
1203 2642
510 5710
3248 8424
2181 5272
6937 7267
595 7755
4166 7441
7657 9474
1511 8546
825 5093
108 5730
1252 3055
3343 5469
1220 9961
396 7488
1730 7951
129 3792
4812 4905
3391 6436
657 7085
3372 7679
3889 8412
1472 2420
17 3362
282 4186
390 1461
2712 6267
1735 3444
1015 6054
2801 8047
8502 9776
751 4982
5563 9919
3309 9886
6970 8350
318 1721
1001 8729
1961 2472
5322 7500
7782 8840
300 5859
2125 4523
3011 4318
3859 9064
1905 5332
185 1864
8032 8967
5166 7951
881 1404
1259 9230
1576 4725
950 5725
6656 9262
508 4548
3387 4583
6793 8289
3686 9163
6696 8917
9127 9832
1515 2111
1031 3975
1699 9062
3216 9293
173 7012
4619 4623
5696 9402
2550 6703
1420 9206
5964 5968
6065 6898
705 9354
3690 9392
2606 9867
2439 6050
1732 4550
7564 9114
4876 5614
4168 4527
7891 8829
4340 9800
93 2513
1414 1847
3266 6795
6971 9110
3035 5585
4939 6007
3739 9696
682 9957
3120 8653
6006 6736
3569 7669
2201 8896
5534 6727
715 9415
969 3754
3481 6866
198 8712
1247 6992
1977 8217
6101 7562
1252 8459
1342 8852
4506 5885
1299 9510
7304 9004
3025 6245
4797 7225
1920 2758
1335 7876
8844 9824
1440 6689
1638 8677
5400 9923
3729 4981
4491 7434
5742 7642
5892 6493
398 3436
2377 4734
7732 9907
2504 8389
756 5613
7300 9028
1527 4723
4546 6714
371 8153
1235 9047
2986 6142
1123 5321
6714 9811
4355 8556
799 1905
847 5340
1196 9575
73 7455
7307 8461
4414 9958
426 3609
1500 3441
154 5136
1858 6045
3631 4659
800 904
6224 6617
3330 8274
2386 3181
4290 7685
3980 4883
1527 9629
810 6053
4468 8981
866 5290
1291 8881
5251 8674
2790 6738
5179 5186
8595 9837
5850 8817
5433 6989
1614 8425
810 8762
1147 2798
5100 5126
1080 4033
3004 4842
1985 7133
7998 9309
3626 4541
5640 8876
4781 9566
4745 5613
559 9966
933 8782
4273 6408
566 4832
5680 5887
1994 7033
7093 8477
2509 8510
7865 8172
1656 3702
3010 6201
6005 9827
1644 3903
3468 5054
6424 7019
2742 4564
5497 7577
1523 3985
6121 8441
2007 5168
4120 7161
5391 8948
252 605
5129 7809
1510 8117
4317 6784
872 2789
495 4774
784 5549
3560 4593
2567 9157
143 6301
1005 4175
479 7125
1999 2615
5484 6734
7226 9159
2034 9764
7478 9842
1244 1946
1351 8027
2222 2614
3109 7167
3347 4303
4292 5009
7575 7862
3448 4162
804 4069
900 8336
951 7928
2898 3411
4036 8408
6069 6989
4466 4523
2262 5766
2763 3613
145 5376
2186 3663
1885 4836
7965 9844
5826 6176
3770 5975
4191 9987
4675 6778
4705 5090
1977 4339
2364 4468
1456 2746
3621 4785
2273 7046
1387 9386
658 5882
3114 9196
7950 9545
1080 7509
4145 7255
4267 9687
6025 9581
6358 8457
699 3546
7414 9027
4236 8233
1391 6981
6040 6175
4664 6953
3220 6339
230 6050
8572 9164
5777 8116
3465 6856
1977 3961
462 1663
42 8227
4039 6683
1090 2751
164 6580
116 815
7858 8397
4148 4436
1100 4032
3604 9100
1501 3790
185 2362
2313 7016
6829 6832
5157 9168
793 5981
3171 9019
2374 7210
2054 5124
4985 8299
5287 8414
35 5800
2624 6299
823 3007
3750 6274
3892 6610
3146 7774
1142 2605
5458 9433
977 7973
942 8765
3309 4112
4136 5682
1321 2541
805 9619
2444 7525
4385 9676
7008 8830
5974 9652
14 6076
2277 2976
6403 9967
2473 8923
4283 7544
4707 5516
1611 5648
633 4920
1120 9760
1080 6953
3660 4110
1184 7051
1435 2905
860 1734
3185 4794
1159 7738
14 5612
486 1930
2959 6416
852 3959
3593 5559
5203 5827
1206 6459
965 6474
3427 7578
7589 8397
5447 7536
6792 8772
3233 5983
8026 8525
5520 6262
1131 5536
2628 6022
9043 9413
264 5332
8924 9354
5180 5822
478 3380
6952 7990
1919 4344
2740 6730
617 9507
4538 4630
7408 7770
613 2284
2147 2484
4898 7683
7525 9966
56 9378
1739 2919
2272 9642
662 1815
3803 7491
5194 8144
794 5890
62 7523
4981 9568
4491 9519
1898 4198
1162 3640
534 5787
3645 5431
9821 9962
2955 6228
5873 9340
5333 7966
4497 4979
4651 7147
2341 8821
2795 9615
4582 9208
3489 9562
7980 8776
5432 9325
6229 9072
6762 6838
482 1210
7382 8544
443 1498
3609 6134
3723 7926
1466 8219
2904 8613
8076 9221
2015 7305
7690 8238
1223 7531
6350 7799
3231 5510
2026 8090
2302 8863
1204 9863
5696 9747
2490 7244
852 7597
1319 8624
6441 8777
5889 8032
1405 1461
5061 6107
149 9828
3298 7402
1097 7679
3751 9540
679 2128
3981 9332
990 5184
3037 9194
1283 6437
5231 5526
501 7288
2416 6549
6942 8789
4698 6799
249 9257
76 9759
3056 5757
3435 3829
504 7579
1182 9326
3307 6058
513 3399
4842 9706
6124 6435
6142 8313
1354 9781
4254 5165
8458 8548
1698 9394
3156 5995
2914 7307
2422 3063
2321 6251
2825 2850
181 2175
4006 6239
4519 5481
323 9637
576 2424
2798 6718
504 736
2850 5900
1109 7750
503 4358
7513 9447
6497 6753
5270 6778
9098 9816
1520 2665
1701 1922
1191 2280
6672 7939
3927 6798
3346 3725
6143 6350
6794 7085
2998 9644
4107 9337
3694 7393
3191 4609
7457 7558
4335 9944
2726 6111
598 3432
1706 5127
2298 6317
3985 6588
7134 9340
2685 6866
858 9568
5180 7652
6652 8177
2340 3647
1039 8635
2385 9595
4229 9942
524 3403
628 2481
4060 6634
3078 8112
1727 2117
4429 6101
120 4666
1531 9586
443 2805
1098 4336
4102 4446
8092 8864
2793 3851
5178 5482
3445 6063
5119 6848
5747 6586
9328 9572
2405 6158
4035 4626
483 4815
5148 7078
4935 6663
3030 4091
480 3457
7903 8426
3641 4581
2346 7373
4180 7491
936 8902
242 4021
3179 4135
6119 9814
2276 2750
3137 8570
3253 9052
330 7951
2885 4199
3580 6992
6800 6975
1752 4059
4702 4991
1745 3400
2364 9235
1265 7579
4172 6522
1637 7008
7350 7755
6452 6821
5390 6382
9588 9634
4441 7538
4991 6315
423 3306
3749 8571
106 8981
1159 1853
3597 3972
910 2687
4840 9183
303 2057
1940 9011
6361 9064
5885 6046
8780 9164
1274 8751
2067 4765
1080 6288
3062 3409
737 1979
3163 7194
5015 7312
1283 4705
4963 5614
3969 4145
4271 6806
5816 6201
1617 2562
8528 8608
7501 7691
3739 5126
2793 8503
3544 5433
5934 6953
6671 8494
5283 8008
216 2594
4920 9374
228 4336
4196 6886
3691 4833
7385 8467
5858 7380
738 9001
2853 5987
6077 8428
1221 4331
4580 7874
6653 6865
1178 1498
2813 3535
103 5858
1758 5231
1986 5022
5919 8259
6181 7103
999 8301
4159 4487
3488 8379
717 4896
2692 9675
6794 7022
7247 7725
251 1248
4589 8777
4476 8101
1589 3958
3347 4578
5540 5951
5332 7810
4210 7864
2510 4912
8863 9399
3020 7241
4267 9238
1929 4309
294 1102
5303 7540
5178 6550
7791 9767
2243 5326
3267 4242
2552 8819
6613 8091
4769 8296
2253 5330
6159 7164
4192 5021
2914 7211
2151 8613
1478 9274
432 1771
5734 6727
1905 5662
8635 9804
312 1671
2046 2264
3578 4597
6542 7434
8554 9040
1189 1292
3884 7348
8075 8455
1369 8720
1637 3685
9466 9871
302 2958
7588 9684
2387 3250
1588 7373
3053 9610
1451 4037
3966 8225
2010 6047
508 1438
564 8048
799 2729
5395 7536
4115 5225
6861 8904
5126 7799
6327 7108
1780 3914
518 6791
3515 4731
6568 7891
692 1927
4370 8917
416 5892
2751 7278
1854 7841
799 934
2545 8639
215 8469
3011 3724
809 7076
8850 9754
629 4268
1059 3667
3534 7498
2141 5388
101 2832
822 3666
5910 8100
1237 5378
8660 9442
5810 9570
4561 6728
5196 8355
1365 4775
1850 8920
4121 8526
1603 2793
1101 1622
203 8598
2343 5155
338 1607
1527 4003
5978 8780
16 9912
1355 4924
925 5810
2537 7085
1791 5485
4084 6611
3156 9355
8033 8461
3475 6415
927 7177
3732 4388
5894 9525
6074 9862
3852 3952
216 2631
128 9930
1284 8999
1160 1403
8487 8560
48 396
278 4131
7007 9785
1819 3486
3312 4169
1345 8233
4239 8973
3763 5076
4866 7502
5070 9976
191 1453
1382 7700
3050 6670
4424 9018
3929 4209
2911 4256
4325 9540
7683 8387
8224 9324
9501 9844
4085 7887
1188 2125
2616 3057
2239 4275
2214 6469
7921 9344
3395 8757
1778 5655
1024 6445
653 6202
4952 5464
1261 5628
5003 5999
678 3310
2810 4222
521 2108
6895 8060
585 6303
675 2823
577 7143
1389 6272
1416 6497
3422 9667
2463 4626
827 4445
3115 9396
727 6290
1376 7644
4685 6725
7298 8321
3847 5193
5758 7093
3253 6342
279 3395
324 5516
3256 3774
5189 6595
2613 9752
4378 4962
5075 9406
1556 4542
4198 5153
1620 6528
1841 8345
6514 7565
1411 5642
1399 1706
1310 8503
1897 4092
1589 9608
5362 8572
2863 5167
6902 8967
1863 4131
5558 9696
1251 1268
2772 6451
1800 8070
9300 9993
2766 6864
6506 8408
4563 8274
3128 6158
250 5873
3813 5024
3596 9857
9071 9174
5114 6075
5596 8037
7732 7937
5556 7505
3955 5335
7134 8327
3978 8377
1142 7126
7193 9983
1818 9549
898 5707
3122 4945
2308 6321
2164 6934
6107 6268
1234 1381
5623 8533
3328 6469
833 9706
5040 8376
1139 6702
8526 9515
5651 7032
4224 7009
1986 6557
2883 6042
986 8615
922 6004
2937 7306
9437 9925
5395 7023
3927 7657
985 2645
2350 6747
5122 8169
3742 9307
2267 8175
5174 5206
2182 4269
2606 9430
1823 5090
57 5488
7843 9160
2818 7330
6767 7131
2525 2742
141 399
2785 2803
1383 9549
1486 9551
1022 1579
5209 9197
382 3845
754 4466
183 8915
4005 7071
8357 8911
4061 7517
1390 3105
236 334
3075 4508
2760 4648
1915 3473
1207 7432
1463 5270
7109 8837
2318 6848
7045 8033
5138 9051
7862 7966
1284 1673
29 1970
2382 6546
7545 9651
3771 7878
8279 9886
7305 8997
777 9278
911 3062
8336 8726
5444 8331
1530 7562
1946 4113
3164 4926
7083 9139
5107 7481
423 9450
5136 6968
2680 8183
2970 8305
2855 6910
4214 6583
2213 8204
1342 9114
5274 9677
3604 4191
5121 8104
1485 9233
2763 6401
3484 8748
1901 6228
2323 8590
77 2029
211 5643
2757 8612
6018 8516
1450 7819
231 6022
1572 3662
1487 8935
1249 5678
2721 8890
375 3781
182 1953
701 3137
17 5037
4958 6928
3712 8957
1387 5706
4143 5519
669 4034
6512 8487
5484 6742
4508 5497
2347 4665
4432 5913
3321 8024
8156 8633
47 6938
4689 9535
1057 7638
917 924
2367 4635
3753 6225
1744 6692
7360 7895
4406 5777
5847 7612
6706 7499
2163 3109
3892 9052
3427 4428
7212 9412
3611 7935
2623 6349
338 3145
32 4068
1255 2398
3831 5054
1745 6150
396 5574
7703 9105
1153 1303
1666 8651
4774 8008
3412 7165
1592 5017
6838 8581
1124 7356
2191 3704
99 5335
130 394
5755 8000
2527 7160
1830 8676
3756 8905
4361 5423
1458 6575
5663 9475
1577 3670
601 8741
3433 5617
6623 6685
4040 4197
6387 7746
4095 7844
840 8074
180 7973
6851 8839
669 7339
1878 6243
776 7300
6955 8585
2617 3874
5450 8059
2639 8659
543 6071
3579 4276
4824 9045
3970 6791
1211 8064
986 5636
5256 5311
4094 5815
2161 9505
1114 4039
1889 2100
1338 9054
473 1564
1671 4884
661 3365
3542 3907
3083 4169
2128 3837
7806 8993
5270 6555
2222 6255
2190 7477
4356 7917
78 1570
3860 9036
468 5959
924 8157
5013 7749
3035 9720
2632 9437
47 6173
3129 9695
3532 6694
1608 5686
1337 6877
2240 9910
4429 9484
7386 7400
5136 5308
3829 8995
4296 4343
1618 4954
6318 8805
4876 9366
5704 8349
4312 5750
874 4007
7567 8878
486 7538
5226 9604
1843 3714
3197 5136
2623 8873
6949 7758
532 7129
4874 6752
1425 8057
2844 6581
726 8561
1456 6429
5768 6910
2178 4135
1056 9774
1701 3663
1304 7893
7958 8888
375 9498
1155 2120
4455 9248
6229 9779
1583 9332
1005 9359
200 3741
4466 5939
3747 8760
895 2021
3072 9514
5639 6155
479 4207
5653 8371
1862 4540
1359 6329
1267 3835
6866 9830
2410 4641
6223 6644
1742 4000
1934 5482
551 4224
9311 9947
841 7970
7483 7683
190 265
743 9473
4396 5125
2610 5466
6017 8146
3968 7283
150 8332
2972 4148
2559 7143
652 5546
7479 7495
6133 8045
1703 2432
3707 9672
7742 9624
3507 9888
7931 9331
631 8678
4456 6096
1287 6824
593 1607
4106 8924
4605 8108
666 1895
1747 3792
7670 9241
1271 3802
3638 9325
2585 7344
2209 8996
5085 8854
2096 9367
8185 9078
8045 8992
1525 5683
2117 5815
3641 6272
1040 1748
876 9286
2622 8766
3078 6435
700 8215
1852 6588
24 9173
5371 5547
632 7733
4225 9828
6350 8761
4394 8906
6782 7752
77 9918
69 8899
6189 6290
1817 7064
582 5576
5005 6037
3368 4251
5704 9955
2454 5727
4353 5479
1097 3211
1336 1673
3039 7685
6785 8296
2079 4536
1429 8507
327 805
6993 8575
6617 6743
408 8544
3676 6445
7043 9900
5603 7047
6998 9501
7681 8828
3853 5129
2039 5188
1429 6802
3586 9224
1302 9724
4474 7504
1630 6160
1087 7831
799 8623
7829 9030
1505 5694
1826 5593
4899 8873
1896 7547
4725 5227
724 4929
355 9114
3508 6468
542 5691
3446 6617
4271 6993
4120 9504
5900 8302
590 4522
4771 9100
1145 9904
1729 2627
6737 7525
4283 6953
1677 5773
2848 5861
6216 6605
1961 3072
2502 6075
8763 9520
2107 5470
3790 9589
1610 6042
7891 8552
563 3342
6818 9674
2300 4487
1223 4899
1851 6176
1858 1948
3528 7718
132 1147
285 3107
2712 3204
1960 8318
2231 7429
424 2373
3370 8385
1260 8414
3288 5328
2961 4601
5439 8498
1612 3396
3014 7788
4871 5246
6087 8773
7234 8940
5257 5577
4812 6692
8288 8652
3129 6870
2432 3552
5801 9242
4007 8288
1576 3412
4365 5687
888 4184
2500 9803
2816 7579
2824 6639
4038 9077
2978 7949
3205 6310
8554 9354
6841 8016
4357 7496
3710 6788
7399 9304
5686 8941
8704 9662
5348 7261
3068 4501
2871 9531
7000 7109
2038 3638
6076 6285
2714 4233
5376 9053
3789 3958
1081 8156
5437 7150
5651 7211
3049 8576
2866 3868
2528 5086
2572 8699
5639 7875
3199 7406
4861 6550
866 6899
6539 7150
2974 5604
7734 8378
979 1522
2059 8687
5836 6029
3847 8031
2423 9398
2264 7431
2517 6290
4791 5213
1215 2665
765 852
2064 6422
7288 7314
3852 8962
789 8287
8523 9455
3016 6786
1702 6396
5196 8777
3889 9043
3287 6807
4238 7817
458 5550
340 6754
4320 5671
2874 9356
1436 2130
4937 8749
251 5769
6557 8952
4889 8406
1431 4257
1543 4179
2310 6739
2955 6199
2133 9761
6301 9485
1386 3998
6758 7103
8077 8780
3784 7774
1653 9209
2942 5913
1681 7957
3192 3260
4432 4590
6020 8018
8688 9560
198 998
2650 9504
1134 7196
3032 9265
7434 9614
544 769
5197 6717
4490 5675
3680 8980
51 1245
4359 6621
2925 6164
3866 7619
595 5636
5635 9886
1547 6435
4197 6632
179 5939
1555 1682
5468 9562
1168 6682
2363 4236
1878 8037
857 5078
1716 5128
2101 8336
1378 5838
3456 4499
1446 5243
1480 5443
6990 7080
63 4267
6557 7538
241 9219
6154 8111
4686 5630
2835 7048
4712 6218
1295 1437
1920 3152
373 2774
7840 8611
1750 2338
3344 8419
135 3861
1176 7214
850 5442
4739 7276
1998 3868
3958 6460
21 4995
2089 2855
8306 8395
3918 9831
5838 5952
5077 9334
6210 7173
40 4311
5863 8458
4006 5997
5181 8670
5872 9563
3190 6974
610 5323
3410 4567
1782 3430
3871 5914
2637 4308
2906 8528
490 832
8743 9823
1304 5908
3348 5947
1966 9210
756 5972
1558 9426
7472 7504
1649 4478
662 2258
423 6152
3177 7934
3852 9090
2840 8156
6683 9749
2098 6590
3866 7192
2764 9774
6111 8496
2072 6813
1672 9180
3230 9136
4957 6640
701 6605
7469 7714
3620 8862
2038 8136
7905 8340
6060 7479
3579 7531
9095 9628
168 2960
2932 6820
1667 9085
1157 5394
7066 8479
6688 7615
295 1644
606 7347
4600 8074
1413 9813
8045 9548
1851 5950
4239 5681
1770 8361
7455 9260
7749 9427
415 4568
8710 9499
4104 6234
1065 7007
1169 3694
7815 8679
1689 9284
5161 6288
3709 6573
6101 8105
2473 4303
406 6711
6335 8767
4832 5594
2581 6221
1373 2987
82 7148
2486 9734
4185 5844
798 5353
5828 9538
7578 9519
1463 4680
218 1523
2670 7604
6428 9627
6385 6972
3306 9491
4322 5151
1371 5252
3254 6624
4358 6754
3195 6705
2839 7242
9038 9988
4927 8946
5815 8465
2505 3629
2722 9496
3451 5151
1129 1743
8714 9879
5721 7513
8371 9015
6394 9974
386 9648
1095 6597
6401 9654
4289 9239
3247 9678
2192 9226
1392 4605
656 3461
5020 6503
2534 6522
4276 9954
4002 6184
7867 9341
1904 4063
3233 8297
4037 9970
6985 7944
696 1064
1704 2990
6236 6286
1863 7734
2338 8428
3254 5435
2150 4625
1938 4683
1891 7498
5310 7852
4650 8074
2070 9977
5302 8712
4625 9100
2569 5272
6085 6335
5426 9616
4391 5902
1662 2124
89 7764
813 7370
2962 5523
3812 8346
3996 5844
5702 9305
47 127
306 2116
103 5369
1080 7417
821 2688
3648 6905
5375 9615
6117 8682
343 5516
8240 9632
5404 6783
7001 8658
4717 5346
2469 8712
7541 8171
4368 7587
1025 4649
1104 9702
3471 6393
2183 7213
2510 5830
469 7884
5444 9151
352 7312
4943 5845
2628 6943
295 346
1285 5062
3753 5640
125 9533
4492 8275
2924 7119
3173 5516
4027 8261
6209 6643
1825 9152
8390 8646
185 3388
3739 7796
3848 9992
790 8682
2619 5379
255 7436
441 9428
565 4008
8634 8960
1409 2430
1557 6924
1935 5602
1536 2244
3361 4495
2884 7748
1135 2006
6153 9421
3268 4873
6144 9906
410 5115
5285 7845
2077 5369
5728 7272
2583 2641
4049 4362
2270 5013
614 7325
557 8860
5051 9210
6957 8572
577 4287
3707 8091
3081 9315
3326 5577
3735 9221
691 857
6059 7932
1555 2933
1925 8139
2500 4138
5974 9150
1121 9650
1677 9763
8509 8972
6728 7081
2280 7366
370 4009
7090 7424
749 9685
2666 5257
836 9708
2465 8767
2118 5397
256 321
4458 7321
2755 9646
3876 9959
6074 9295
4156 5552
1397 8631
1236 3677
1596 5996
3419 4046
82 5037
520 4054
1355 1690
3761 4154
5879 6473
5902 6793
3223 6134
5241 7603
3913 9220
5468 8515
7371 9986
1383 2670
257 6002
1411 8349
1852 5456
3241 8120
1890 8639
3579 7294
1055 6345
2817 4085
6933 9986
5961 9418
9560 9915
4658 8780
3828 6477
165 3646
2667 3848
7899 9849
2923 9309
1126 4549
1117 2668
3006 4366
1660 7658
354 2936
3372 9066
2350 3170
3358 5483
1767 9269
1749 2777
1928 4400
8045 9253
2093 3100
711 6343
9300 9985
201 5652
3120 7463
8180 9220
2477 6878
5412 6191
5256 7231
6753 8784
7605 8493
5724 8587
335 7761
2161 8500
2263 4104
707 6557
3620 7204
2855 7049
9052 9956
3055 3770
2171 2275
1950 4647
4492 5504
2734 6411
1546 9748
3704 5838
38 776
4150 9427
1111 4278
2662 9725
5571 8382
431 1937
7479 9190
4791 9145
6531 7846
2915 5053
1216 6472
1975 9700
2462 5707
1060 1806
4007 6898
396 5510
1288 7673
897 5135
1918 3559
299 4859
5289 9129
4670 8587
3377 9120
166 2002
7574 9432
4045 7054
647 3105
2371 2706
3431 5566
4511 9572
6372 6680
704 6319
7216 7660
5839 9577
697 774
6227 6254
2338 4813
1457 7275
4541 7440
8467 9810
6863 6872
3870 8863
1234 6320
1885 6575
1086 4664
7695 7809
4127 7457
1468 8398
1342 4236
7396 8467
1285 3622
1072 3622
4786 8346
1430 5679
1239 2138
4145 9009
4453 9359
772 2878
592 9453
1607 2657
6817 6890
4346 9301
943 7699
5814 8637
8286 9561
3455 9570
879 3183
4320 9543
972 9224
1361 9998
494 2210
6663 6721
6205 9599
3148 3786
5403 6442
2292 4755
407 3258
553 2989
4457 5154
5541 9095
4715 8995
7897 8664
8207 9873
5449 8568
4918 5530
3161 7740
5411 6234
754 1615
4539 5832
4763 7586
5869 7333
6942 9877
2627 2865
3436 3846
8019 9386
2530 2733
4733 7545
957 6981
1900 2103
6405 7633
5918 6817
1724 2228
2151 8829
194 4334
1308 9719
3403 8271
3528 8147
345 2507
4190 7363
1733 5942
4823 9928
817 4660
4149 8719
822 5616
6049 8373
2865 4806
642 2881
1444 9144
7990 8061
7779 9829
8099 9297
1182 9177
2597 7878
1683 9959
7624 8419
8044 8346
5212 8798
3868 9357
1325 9361
1041 1761
5846 6049
4625 6690
2421 5078
3138 5833
410 2013
917 6058
111 8450
2707 5234
2679 6916
1097 2665
891 7060
5795 6040
1503 2272
7984 9908
948 2827
8875 9744
3146 4368
1916 8223
3140 4100
1361 9901
6112 8629
5959 6222
3430 7544
6108 8928
4460 7945
1702 3556
1356 5702
3627 7742
3557 4001
1610 6383
1353 4948
1610 8093
2073 9877
1564 2668
380 3977
1465 6440
7423 9008
8789 9014
4293 4966
1248 5777
1155 2237
3831 9945
6857 7924
413 3571
1533 1924
3147 6871
1108 9237
1316 7661
985 3983
1313 9225
689 714
4104 9721
3117 4463
4861 5780
2460 7410
5998 7909
1739 3614
5942 6822
5865 9662
1585 3586
3085 7397
2985 4807
2474 4192
646 1528
2808 6222
2840 3521
3296 6910
7724 9593
805 6412
3503 3821
1411 3264
6171 6878
2112 9501
3699 9162
3637 7976
1724 7098
6721 8257
912 1061
730 1706
8792 9890
7927 7983
1188 3410
1278 9355
5263 7690
159 8765
3423 7862
4032 6528
6028 6652
350 6144
471 1542
338 8639
7058 8547
6895 9607
3977 4322
3113 7664
1942 3866
1095 3627
2373 9481
4743 9333
6414 9492
4275 9859
2738 9266
5917 8307
802 8766
2618 6659
1272 2956
1649 6170
13 8544
4334 5776
8872 9791
3798 9089
4893 8084
2715 7564
3617 8400
30 8658
7891 8517
4304 7156
1254 2610
3072 6371
3411 5689
1035 9381
1030 4996
5009 7204
9332 9573
4796 5694
5474 5844
3558 3884
736 2950
704 7473
1349 6131
733 5591
999 1388
2746 8604
2169 3998
1327 3760
707 4210
1146 9205
1736 8350
565 7660
2611 4033
2455 9506
2690 8454
5541 9415
1992 6888
6244 9692
3328 9370
5283 6720
4380 4715
5323 8712
6549 6649
7110 8824
3708 9969
5443 6314
3231 4670
8702 9455
5841 8261
646 4560
326 951
6186 9294
7213 8781
2934 8985
2108 4267
6822 9653
1328 4999
1886 7899
4328 7061
5008 8035
7029 7673
8051 9830
903 9284
3095 3104
7544 7663
3740 4846
7989 9925
1553 4139
3124 8705
839 7164
3742 6843
3986 8740
2223 4522
6638 8850
1645 9283
2663 3236
5670 9417
713 6572
3817 8700
2596 9667
7831 9758
2171 3793
7932 9683
76 4739
7266 7407
7500 8255
2240 4108
4982 6240
4462 9229
96 183
3418 7226
2758 2895
2835 9823
5818 7886
1836 9991
4173 6833
1594 6978
6344 7628
2771 4909
8667 8718
36 6972
495 6166
5563 8757
5476 6376
4338 5658
1563 6471
5428 5581
809 4614
5403 6626
5393 8851
2036 4814
2759 9565
2260 9013
273 386
5030 5455
1417 5291
2427 7808
7989 8264
91 6565
717 7254
2101 7187
5168 7528
2767 5976
4521 8493
3695 8953
118 6265
5730 5830
1094 2876
4441 9613
1366 5823
3008 5068
7239 7494
816 1854
1834 3732
1945 2550
985 4045
6089 6152
5207 7924
2127 2768
7431 9728
5992 6462
7549 8544
424 8173
2614 9637
37 7355
1456 8436
362 2026
1177 5301
3880 7134
2176 4908
2244 6036
6220 8476
495 8395
3682 6873
3262 9761
656 9723
5753 8204
277 4618
4255 4979
1367 9242
7677 7961
2822 8322
6055 8122
5851 6286
758 1608
7643 8461
1032 3002
2470 7748
1526 6151
1139 4621
1628 5912
7213 8016
1831 9831
1161 8292
2437 7534
397 2528
1562 5349
3968 8718
3471 4568
5078 6605
1678 5065
1031 9072
1541 2448
3973 8778
4043 9750
1463 9954
1377 8676
4321 7559
506 8965
2942 8720
1247 2850
763 9690
6595 8407
1083 6417
7687 9327
1004 1494
2752 6917
2034 5199
7163 8457
2500 5524
3338 6913
4641 8805
2013 9478
2200 8870
919 4794
7643 8163
2165 7852
4757 5111
2611 5839
1528 1937
3526 9373
2629 2940
1325 6290
1098 7827
8487 9702
1751 9949
5106 9392
1404 6392
4583 8591
6626 9376
4788 5861
3370 8025
2640 8126
5250 9487
317 1014
3538 3842
2829 6739
3028 6470
648 4153
477 8991
426 6702
742 6093
3485 5531
6465 7496
4121 8427
2192 4287
5261 5561
4252 8663
38 8149
354 5853
5515 9390
2253 4195
2218 7016
1632 2722
2108 7664
717 8064
8805 8885
4415 6809
656 8641
879 7067
1129 3070
1353 6389
15 4982
5020 6992
2844 4516
30 1725
2233 2272
802 8634
265 9287
3302 9875
7938 8724
4018 7609
3095 7178
1735 8375
7834 9254
5154 8962
6506 8675
9 1702
2873 8693
1380 7388
1536 3104
120 7417
2402 5375
1014 7273
7147 9018
667 7741
1037 1436
1701 4530
76 8214
2617 6047
5681 7770
707 1360
3061 4275
715 3499
1753 2094
886 9640
1550 4654
3276 9759
3383 7055
641 6072
529 1308
165 1965
1865 2344
2846 6909
5462 8292
324 9308
667 9583
210 1031
80 8097
3708 8184
4594 6543
7824 8092
3934 5599
1367 2654
2008 3669
4197 8725
5241 9667
2513 8362
1711 7106
1749 5270
929 3524
2073 3107
1596 9455
8027 9668
3375 3903
445 6210
385 4320
8536 9919
671 6255
4339 8924
4614 7648
4280 4887
3752 9241
2698 8993
4262 5462
4446 5337
2870 5191
3138 8443
2324 4462
6227 7516
3725 7837
3023 8508
462 7911
7484 8426
4165 7349
1822 5130
1349 3060
589 9409
6811 8401
3286 8624
4083 9014
556 3961
6953 8755
45 5628
3217 7560
7405 8206
1229 7637
4450 5912
690 9139
1933 9655
3754 4390
4784 5738
544 6813
2678 9976
2315 5296
4309 8599
2750 8911
1217 9702
7613 7666
5329 7234
3535 5173
4638 9161
1115 6901
253 3610
5542 7590
1980 9907
4690 5647
4069 8811
3099 5233
528 8786
3737 5413
1188 8162
2647 8756
4215 6664
5896 6369
249 7893
4886 5782
6896 7053
7014 8139
5728 7148
2555 3406
7707 8201
8095 8128
3363 9679
1226 2149
2990 6558
4097 5885
4883 7504
1718 2853
5573 7899
7613 8147
3465 9746
6869 9385
6641 7523
3788 3882
2788 9602
3545 3661
1639 7340
702 1788
3013 7669
578 9202
2354 5086
4675 9857
3879 6321
571 7927
1891 9451
8717 9267
1637 4453
2487 8277
1975 6368
1577 8417
1961 5507
2846 5237
3376 9952
7620 9899
2740 9101
5093 8198
538 9224
1302 6858
3102 9228
7428 8904
1118 2497
2754 8170
656 6949
5276 7383
3375 5799
6852 8881
4111 8440
4062 8078
1815 7976
4554 8034
2583 7076
5998 7614
7299 8158
823 1259
4603 6526
3996 6514
1035 7099
399 3101
483 8042
5674 7768
2525 2633
6648 6744
1077 7316
7157 9130
1542 5404
35 8832
4124 6033
2281 6445
3331 3619
6209 9891
6404 8221
204 1671
3304 3790
1831 2070
139 7743
2771 9598
2597 6620
3935 5866
25 3023
5429 9417
4564 9451
4260 5040
1835 7056
1518 3672
3563 7026
5247 7726
4281 6318
3269 6460
1690 7584
4074 8290
4240 9433
2404 6845
2710 6836
6338 6861
2084 2106
3000 8641
1557 2900
4391 9743
6307 8062
1260 3332
5337 7976
646 4930
5969 8199
3553 7105
5394 9888
3978 5672
822 9633
2821 8075
765 9884
6033 8319
2870 4673
778 1318
3924 5708
230 521
122 8132
3561 8097
8491 9821
5789 8742
3041 5846
5693 9280
7592 9671
1304 3576
5730 6844
6396 6727
6494 8780
5046 9364
2715 3452
6493 7375
3365 4775
4896 7604
1497 7517
2992 7669
2359 8086
1751 3457
283 5502
7382 7874
5172 8685
2015 7802
549 4415
5094 7260
139 9329
2780 2975
9205 9468
3979 6507
462 2832
680 8874
7978 8218
6688 8348
6303 8157
6585 8438
2172 3658
811 5181
856 8612
1622 7195
8640 9160
8488 8882
5130 8208
4335 7620
478 7675
6859 8313
939 3539
5269 7538
1756 2238
1956 4410
403 994
5269 8156
5583 6124
6767 9129
2279 4098
7769 9331
2898 7118
4737 7538
1565 3584
1897 5214
2505 8423
1787 2312
3542 7773
901 6080
7646 7951
5296 9177
4400 4445
9804 9982
2922 6921
1018 5463
5200 9583
2318 6700
4237 8832
2416 3406
2153 8620
664 6927
2450 7476
5248 9239
2343 6491
1327 6645
4137 6856
8292 8536
1300 8095
4572 4870
1017 6684
1941 6216
6266 8640
4885 5097
8291 9229
1381 3864
3262 4527
737 8308
3328 3898
2336 5670
14 6740
876 2314
606 6869
4521 5764
5052 6985
6068 9092
1033 3668
6285 8636
3520 9672
7733 8900
1597 8162
1423 6633
2475 4940
5803 8511
846 5189
1928 7824
860 6490
7728 9156
1271 7095
2146 2248
7692 8255
4566 8274
3201 8724
910 4747
3072 8642
1234 3647
6590 6631
2656 9065
1570 7519
1219 3110
8364 9042
5037 9223
544 1883
3303 8977
1814 1902
6420 7475
8392 9593
4668 4693
1592 5602
4663 9415
596 9413
2248 7185
1256 6043
2601 3964
3819 8774
7073 7137
8461 9213
1095 2712
2366 9005
818 6424
250 619
212 7238
8282 8641
1231 6584
645 3884
4479 7598
57 9846
6099 8015
616 1101
62 6226
786 3486
6350 9714
1947 2425
951 3797
220 1142
1761 1768
5357 6821
5461 8324
3639 9554
2044 3874
199 9641
4704 6607
2718 5838
6938 9058
5471 9685
471 3163
2877 8957
903 3172
1653 6968
2795 8205
3539 9972
359 907
1681 9230
2171 5319
566 5135
5333 5544
207 247
2396 8292
7349 9316
9001 9334
2819 8848
1775 5823
8076 8994
9029 9729
5962 7233
8875 9500
3557 6133
5237 6211
5362 8381
496 6907
2450 5299
1857 2181
6824 9048
4252 8363
3585 4172
3342 7363
3185 8785
1469 6860
497 2179
2940 4492
7730 8166
343 7638
2905 4298
2874 6011
6132 7638
2859 2936
1391 4933
3980 4792
8214 9043
2342 2385
8980 9705
2078 7764
3546 9241
975 7771
267 4043
2262 8124
8432 8957
2730 5761
1861 4986
5092 9498
1117 7950
2433 6049
7224 9340
28 7553
2619 8721
1598 6289
8367 8425
4018 5713
1912 6687
1788 2306
402 6953
429 1737
2541 9358
1218 4466
7526 9557
4994 7068
3859 9500
3198 7394
3076 7421
5694 7103
2494 3391
7270 7291
3003 8109
21 1287
3075 6041
2326 9346
9107 9828
1082 9185
1647 1899
6754 9173
3821 7807
518 1665
3321 7912
1215 6396
1684 8317
2089 4177
5731 8059
1447 6168
2733 5085
1125 2540
1217 2159
1986 6822
323 4255
7522 8322
2505 4276
312 7494
8011 8096
7768 8328
2274 9542
515 3958
4210 8955
2269 8134
1037 9580
4788 6121
7327 8665
823 3598
4895 6771
1570 2809
1026 6682
3530 9891
957 7384
193 5405
1746 8521
4020 9524
6391 8062
4329 8624
1697 2462
892 2734
2031 8394
7058 8854
8803 9357
603 7880
5574 7040
2172 2951
2062 3722
1030 6480
5797 6673
6434 7543
1545 2310
7914 9606
2242 8700
396 4581
1055 5472
9448 9481
7502 8335
3210 6505
737 3489
3813 9062
5984 7776
2012 7849
4398 4844
194 8879
1664 7868
4088 9412
3973 8353
5369 9024
6946 9950
5772 8001
1773 5252
7448 9275
3953 9938
8836 9779
4689 9000
8816 8840
1336 7204
5733 6665
1895 8399
5926 6266
6366 9910
235 5677
4718 7397
1664 9258
1381 7346
9119 9664
2985 3463
2922 4745
3767 9932
2700 4807
7892 8932
267 3623
1447 6639
2351 9845
4628 4885
2462 4794
993 4490
2063 5028
638 1886
3726 9232
2018 9741
4702 5002
3203 9446
4276 6970
3327 9377
1776 4660
1750 7570
1278 9016
3628 4740
5212 9624
4608 7673
1952 4418
2162 5797
4014 4048
4091 6434
4804 9631
3831 4332
3386 9805
432 3777
6707 9505
3759 4834
1328 4165
1794 6584
6696 7675
1907 5422
6381 7299
5932 8068
8093 8332
3864 8698
298 8492
2788 8122
2971 5101
1257 2453
2581 2708
8041 9414
8151 8438
2602 4247
5830 7182
2525 4395
4857 6168
784 8507
6715 8900
6574 7232
437 4807
3299 5929
5068 7086
7772 8538
225 4390
7097 9795
7835 9157
6510 7594
2337 7109
6547 8166
642 7294
691 1850
1474 9813
356 8713
3281 8188
5944 9346
70 8224
7155 8996
6768 9643
4033 5693
1839 3344
1129 2500
3991 6025
6446 8361
2992 7451
6526 8092
3568 6637
6294 6450
3001 5041
5162 9580
6282 7457
5278 6351
2032 4273
1674 9857
1040 5549
2058 4383
3187 7387
3235 3411
3529 9680
979 8123
4649 9023
5660 9070
1715 8216
8461 9609
3622 4716
997 9188
817 1078
3699 9461
3555 5090
1134 2481
5456 9544
2842 3216
2730 6450
2605 6258
727 2481
3588 7855
1727 2657
9866 9943
4372 8326
5439 9551
1947 5090
6435 9376
5907 6485
5188 7348
39 2674
1846 9828
2217 3043
1040 1298
5844 9996
4676 7555
722 7494
2531 8801
2396 6502
873 8743
4645 7074
2663 5372
6086 9097
1100 8344
1933 6287
5691 8324
1871 8960
169 1176
1208 4913
2473 7109
1203 6379
1784 8277
3872 4314
374 7077
2171 3062
135 7598
261 3167
1858 5604
2957 5709
300 3994
2342 9244
2317 4555
4212 8837
5477 5731
45 4555
2585 7599
4368 7286
1157 2227
5034 5655
4447 7882
1832 4177
933 3695
2790 8444
4152 9299
5747 9598
1342 4497
1939 6813
2503 5896
5650 7978
2046 7979
2533 6915
5996 9818
1282 4575
2667 7326
229 5208
758 7113
3391 8045
1834 4452
835 3750
2337 2933
6834 9699
1638 4274
169 9998
492 5647
8147 8470
4044 7031
5384 6392
3017 6848
966 4173
1194 2036
5732 9148
1951 9122
2755 7193
4379 7307
6504 9644
6203 7311
1584 6477
4192 6474
1035 1752
6250 8473
8868 9504
1239 3280
5259 6479
607 6224
2642 7004
2735 3770
2072 8142
5334 8209
4826 5515
1330 9712
1510 7022
3884 7986
4427 4957
812 3060
5461 9284
1316 9310
8151 8941
8906 9762
5420 9512
2423 5985
8506 9754
1509 6647
1826 9717
6651 8332
1584 4395
3093 4332
1416 4567
2724 7431
8242 8993
4453 5783
3877 5092
2120 8379
1025 4033
8140 9452
477 6889
5394 8226
230 9734
8392 8407
6723 9451
1410 7386
1117 5741
6830 8884
4260 6660
1607 5652
3741 8853
6457 9081
8576 8833
3812 9217
1951 5953
2841 5020
2427 3245
4586 9009
2977 2978
3767 8780
5176 6051
2517 3519
7269 9347
2402 3928
360 9958
8811 9579
2387 4100
4243 9284
963 8054
3267 4852
6223 6357
6107 8783
692 9467
4143 8797
20 7910
3928 6070
3085 6445
353 9588
2143 8341
632 2100
211 5052
5503 7262
1505 2597
4787 9911
5990 9558
3177 5914
2213 5635
1049 8031
2678 5191
2697 3179
3459 9452
8766 8889
4705 9903
2045 9241
9397 9873
496 4448
6435 7758
5383 9951
1089 9262
1646 5171
1174 3430
5642 7437
3161 8485
25 5838
27 9555
8535 9479
3013 3652
8367 9267
3959 8357
4105 7663
183 8159
2969 8553
2268 4855
1529 4704
5943 6349
3051 9372
487 3874
1366 7034
7742 8971
2872 5350
7296 7758
4828 6661
1409 9546
5927 6117
3590 9856
222 6391
5126 8100
367 9359
4062 9980
5922 8247
1297 6762
1645 6988
1784 3010
4021 7106
3244 7103
751 2455
1001 3634
2410 7411
3179 3337
8526 9387
3278 5099
1377 5777
224 5135
203 8095
5549 6341
2310 2476
4121 7638
9297 9421
3482 9670
585 2878
2913 5333
1335 3914
5097 8966
2675 8497
7552 8433
7883 8063
2651 3659
5791 9226
3886 5145
693 9429
226 8256
7863 9355
2376 5003
2210 3635
1024 6513
3937 9146
6832 8197
3514 4202
1928 3228
2010 6712
779 6244
4774 9781
565 9902
1399 9007
4450 4787
1027 2091
3042 7797
1770 8890
8876 9152
175 3979
1740 3124
463 9936
1016 9955
8234 9802
1811 4243
4945 5022
8055 9719
4308 4802
3808 6635
5706 7436
4149 4946
7988 8462
3703 8297
7448 9757
87 2579
670 7623
3210 4437
6958 9516
5453 6759
7749 9695
8569 9045
2975 4716
5115 5870
1749 7283
6029 9340
975 9184
3488 3998
1785 5314
1422 7700
5584 6630
1508 9558
4717 7300
609 3995
584 9447
4684 7367
2287 5493
3728 6561
5262 8843
2430 8896
591 4810
6127 8235
5784 8075
124 7449
4175 6211
1794 8870
377 805
1352 8104
1445 1698
2028 5064
2430 7496
2988 3063
4716 6791
6329 9548
5633 8329
1576 2575
3139 6163
5053 5274
1528 4237
447 2723
1592 5703
6507 8592
8321 9943
962 9765
6025 7992
5487 8145
1207 4806
5873 8475
4374 7997
2202 9981
129 9055
8545 8908
3960 6291
170 527
2892 5488
7325 7542
836 2269
4048 5508
1361 2211
5272 6555
3737 9768
2041 8542
975 6867
4414 5323
2967 7593
5304 6647
3096 4211
1543 9386
1712 4522
6265 6361
956 9941
3902 8143
2209 7949
772 3650
5273 5661
7326 9397
5041 5718
2367 7938
2585 8704
177 7689
1670 9344
1117 3175
4717 9906
4428 6855
6428 9471
788 7383
1042 5763
5525 7972
5526 8990
1003 5095
799 8772
399 2191
4489 4689
3425 4557
8597 9744
3601 7765
3127 7941
7846 8882
2088 7843
4271 8625
1558 5765
7320 8005
6806 9882
1643 2147
3089 5407
3149 6205
1860 9900
2701 4747
940 9303
683 2477
6078 7900
2192 4799
32 5556
37 3399
2119 5014
3676 4021
778 2025
996 7583
1906 8990
3665 6081
2079 9230
3938 6221
968 5481
2990 6420
270 5467
3454 4521
4604 7896
3451 6712
3101 4636
3201 6754
7221 8114
430 8891
5598 7777
2825 7503
3118 8905
5196 7519
3740 4486
5486 6318
4707 8475
4976 9089
293 8894
5849 8188
2560 3498
7991 8133
1191 5660
1238 3773
1667 4764
361 9015
5795 8191
4215 8913
1734 3448
460 7933
5473 5945
179 603
772 9691
1064 1506
3706 8585
2082 5604
3594 6266
6566 8277
1136 7803
2050 5899
5822 7416
2611 7968
3178 5607
5406 6880
4911 7340
6735 9690
292 9636
407 3265
1122 9983
1471 8567
4828 7074
1093 7000
3565 7019
4506 9369
1367 7770
3540 6757
1538 9367
1508 3496
2544 8387
3806 8901
2078 8590
540 1714
3804 8882
8472 8864
4926 9942
3782 9753
781 3367
385 7197
2917 4345
2063 4891
687 1647
1955 2224
3462 7365
5719 9909
971 8200
278 3714
606 9560
8343 8441
4409 6814
3656 5686
3108 7437
1790 6474
4569 8986
3211 8913
1903 8101
7328 8941
6099 9282
3463 7516
2743 9586
7294 9723
556 9789
115 3923
394 8617
1154 4908
5431 8563
4890 6840
2352 4981
1363 6920
319 4573
2185 8573
5864 9025
1475 7513
5028 5145
1290 4239
965 1012
1520 7884
800 1807
7545 7986
423 2893
2205 8699
1890 7808
159 7094
3222 4809
3430 3540
5614 5733
1110 2112
1477 5976
2584 2973
3873 7355
3563 8319
1237 1447
8388 9838
3253 7824
27 5933
983 7068
2232 4875
9224 9325
1385 2445
485 4815
5985 6218
428 4448
7327 8257
424 9910
1229 7778
135 1144
1371 6097
2286 8942
6110 8546
109 8394
3529 8572
803 9376
4951 8403
6480 9788
6964 7396
4602 9732
1381 9533
4179 6859
4602 5989
6769 7218
3255 8732
4713 4828
977 3654
7086 7113
2199 3574
5480 7122
1207 7102
1856 4277
756 6158
7995 9905
4071 8948
3604 9636
329 3814
462 6317
3582 4768
3499 9886
950 3188
4164 4678
4603 8142
3153 7602
8067 9433
5168 6627
639 903
3148 3376
1370 8010
3052 8432
318 9039
646 2035
8849 9205
3314 3972
8782 9552
1970 3822
501 4851
1456 2485
86 2992
960 1059
7586 9518
2578 6509
4840 5953
2849 6008
7323 9060
1281 3992
4450 9667
3654 4637
4302 4867
3649 3977
205 7798
706 1970
806 2648
1992 8513
7244 9472
3050 6761
1979 3410
8249 9621
5629 7932
1606 7450
1040 8730
5489 5597
4748 6585
9143 9615
3119 7238
7443 9615
7269 7936
6268 8148
6660 8741
5984 8259
2483 7660
2244 9097
8717 9639
493 3922
697 7942
1736 5527
3023 7475
7225 7770
2719 4059
1296 3736
3350 5837
8738 9457
1285 3237
5725 6378
3983 6248
2361 5083
7809 7995
7326 7633
4170 6526
3574 7906
3432 8463
1485 5310
7258 8886
1316 5607
1604 5694
7440 8963
4053 9044
3249 6680
3641 8973
3057 9889
1770 9307
1323 7301
8648 9578
1285 2455
2818 9190
1280 6029
7690 8973
6230 9117
1075 6575
3897 8178
2860 6768
1969 2163
3264 5217
5195 6904
4189 4603
3144 9848
4466 6372
2302 3500
3114 4785
1108 2283
326 7136
9299 9914
1177 5382
1880 7751
5777 6456
2280 9576
4249 4988
8090 8251
3284 5817
1506 6358
4650 7887
610 6205
9115 9704
8580 9263
371 840
862 1166
776 3858
5035 6816
6157 8695
8965 9137
823 1417
4892 5810
2981 5665
412 7833
2617 8270
4190 6855
394 2919
2033 3816
3079 6450
613 7289
3449 7826
3658 4806
1621 4953
1110 8692
6668 7829
6426 7490
1317 5597
7613 9652
649 6415
3265 5445
4684 9635
119 3954
3935 6380
2829 5987
2951 7013
118 6813
4923 7128
470 2081
2896 5514
9542 9563
5967 9694
3404 5290
3635 9407
4283 9254
2174 4698
6857 7548
684 4018
811 7064
3149 7952
1316 9892
2451 6361
4480 5930
1302 7636
531 8010
3167 7551
2860 6445
6200 9869
3503 4501
3754 5607
4138 7780
1685 4803
988 5487
2054 8150
6358 8902
5145 7650
4025 6452
1506 8505
2382 5493
391 6158
6023 9324
4294 8819
514 2183
3035 5018
624 4017
3140 4506
4755 7942
2095 2542
4595 9780
5033 6596
952 4246
178 4977
7049 8035
9430 9833
3527 5990
5901 6173
5313 6818
3847 4719
7331 9736
6881 7699
20 360
1466 2204
4313 4745
445 3560
6508 9340
5477 6643
753 2006
4153 7971
40 7803
3583 9918
3792 6107
5456 5818
536 2924
254 9302
272 6182
6983 7953
2553 6508
3218 8448
1253 8360
3662 6944
4867 5490
1971 9938
3848 7909
239 6123
5711 6057
157 5855
2163 5974
1310 1438
612 2862
3133 8044
2348 3145
5698 6467
1266 8855
6459 8915
8928 9625
843 3402
769 3340
4616 9165
1248 1640
1207 3310
1363 4048
2563 9164
474 3688
4000 6549
1085 2043
581 6033
2499 4390
6278 9597
1544 3765
6055 9741
5809 6823
6936 7592
2452 5500
3099 8559
4091 9765
4491 6408
5572 7479
7053 7519
2397 7404
4067 9833
5799 6452
413 6540
6691 8950
6136 9066
4586 8543
7761 8807
2094 4351
1704 9850
262 4545
2948 4988
5707 6379
209 9478
1278 2882
26 7727
6637 8146
2435 9858
271 4597
8975 9898
1462 3313
4250 8964
4 7770
2010 4354
3713 6215
555 759
327 9854
2098 6705
1575 5561
3190 3265
808 992
3216 7445
3073 5489
85 9879
5205 9695
3007 9982
6667 8945
3022 7257
3066 5618
3728 9280
4282 9331
6391 9657
4136 8488
2713 9696
5977 6415
2885 7222
2452 3320
1018 8808
5525 7249
5219 8892
2453 5226
4578 5471
522 8186
3588 4845
3803 8572
9219 9485
5609 9205
3340 9141
449 1853
6863 9387
4182 8624
436 3853
1075 1454
2661 2951
7904 8702
7506 8170
9099 9481
3 9329
3636 4173
3590 7438
2744 9160
1948 6923
1121 2415
1569 1640
620 7378
1153 4783
1570 6001
3428 5005
7665 9375
4428 6378
899 1921
1401 1934
1262 9997
1403 9984
1344 1786
881 7422
696 6856
7976 9180
819 9462
81 5896
678 4549
6901 7585
2590 8599
328 7974
6606 6706
2401 8526
686 7604
3953 6279
7681 8299
84 3936
5377 7709
964 2232
144 4756
207 570
2454 7314
7002 8214
4587 9483
5115 8081
5442 7176
3781 6054
4807 8499
2307 2455
5492 8585
3791 6407
2617 6694
3874 7993
755 1190
1862 6576
3134 7685
1350 2431
5587 9433
5069 9564
4019 4678
3150 7546
5555 6471
1326 4970
361 9984
5853 7424
182 4920
3889 9643
3227 9868
3981 8233
1057 4809
2195 8741
977 7942
91 9881
409 6006
779 4949
683 4450
4676 7153
5 6002
6717 8474
2337 5897
2569 7257
6078 8563
5657 7497
4783 5729
5839 5989
537 8183
932 4831
7374 9160
4711 5920
6011 9731
413 3051
6813 7726
3169 3917
79 8743
2416 9885
4639 8806
6024 7069
3520 3720
2725 8502
8713 9248
693 6137
3248 7976
7319 8759
1701 8381
1431 4678
4080 4391
1203 8195
1806 8463
723 1884
608 7205
651 1844
6674 9413
5264 9484
4340 6545
5793 7986
3052 8678
2651 8281
3005 5599
1409 4705
3979 6087
4721 6135
4329 6518
2276 8323
2791 2998
6559 9996
3561 3605
8191 9369
235 9806
6779 8853
3190 4145
3548 8923
1867 3555
4871 6199
7607 9153
3131 9575
45 2061
4204 6563
6389 6479
1237 5531
4147 9476
1878 9433
6420 7708
4294 8801
4005 6225
6721 7424
6347 7194
269 5412
2819 6253
282 5406
425 6208
4888 6822
4620 9091
7360 9736
5569 7324
1397 9243
1120 1471
829 5530
3892 5981
6468 9823
7246 9986
3189 7179
9809 9944
2591 6197
2627 9224
1602 9403
1784 2841
2755 6224
1932 2311
115 3852
9357 9635
5248 7457
6076 6828
719 2986
2057 2808
7187 8394
6405 6727
5572 6349
2887 4514
2545 5513
90 498
1267 8225
3843 9690
979 1621
1093 6153
2139 5473
449 7072
3629 9595
2580 3148
1556 4347
1739 7885
8144 9949
963 1872
3849 4492
2738 3388
2827 5713
237 6980
1051 9926
822 2029
6974 7899
9474 9723
6274 9113
5059 6794
9902 9941
601 7639
7848 9377
4148 8485
5800 7520
6020 8363
5109 9648
1713 1750
7935 8338
5337 8692
8264 9513
2514 3717
2838 3190
2236 8302
5816 9029
3361 5717
999 5322
3169 6317
1154 6727
599 3669
6953 9688
2952 8961
1148 7063
4664 9082
5400 9707
15 770
838 9219
2528 8409
4028 4763
6195 6710
70 144
5465 8263
932 7420
4147 4985
2085 8653
1097 5389
57 4692
4692 5839
5708 7119
1272 8871
2041 5414
985 8885
2879 7765
3258 9393
6102 8879
9022 9452
2524 4066
4486 9943
4997 9471
441 7081
1537 8123
8821 9167
3513 7946
5005 5064
5572 6277
286 985
4669 9171
1969 3899
3287 7713
2165 7156
2959 3815
1187 2690
5672 7025
2021 8984
1494 9425
5454 5969
626 7313
5135 5258
139 490
6061 6674
2767 6959
3398 7436
2481 5366
1334 5767
3079 4842
3245 4284
4152 5470
5934 7528
1141 1269
8987 9549
693 1354
4358 4955
89 1979
5967 8821
6579 8992
4881 9346
2303 8278
1135 3133
818 9996
3254 9426
2011 7537
6163 9022
1307 3006
498 3690
2575 9590
9484 9620
4438 7295
3977 5626
878 6295
4446 7457
5287 9326
3154 7589
2638 3956
3951 8723
8328 9807
1818 3376
2397 5864
4332 8869
55 4373
2629 9367
315 5202
2248 7609
5992 6224
3234 6869
2519 7679
677 4157
182 3357
7312 8097
3171 9171
7614 8978
1499 7341
7147 7362
6089 7830
6143 6231
1949 2202
2516 8771
1019 7150
125 9493
3594 9710
2464 6362
3390 3741
6620 7097
3572 4716
760 2742
4725 7887
8071 9385
1569 2065
3098 8153
9328 9398
4295 7952
7628 9417
467 1130
435 6943
381 622
3335 6653
2844 6745
5816 6725
296 3841
531 952
4769 9389
3812 5676
505 4092
1732 3603
1130 2244
2890 9282
6910 9081
5899 8658
5445 8039
2842 5012
5825 5846
8347 8668
2590 5071
2782 4483
1366 1718
85 7458
2112 6134
1269 6639
3001 6203
6593 8446
482 5874
5914 7687
2783 6344
1812 7173
1005 1788
2185 3964
6850 6883
2632 5791
1953 3466
22 4924
1183 5008
3669 7479
5100 7119
6659 9673
3251 4452
4933 8118
2156 9124
846 1907
4852 9009
5431 6639
14 7615
603 3215
849 9586
2801 5358
281 9403
2822 6938
1641 6653
606 5111
1752 7264
4784 6203
514 9253
7487 9637
4684 7761
2612 7895
3326 3692
57 5602
2556 7292
8141 9624
4981 8493
7293 7896
1613 6467
1185 9605
1790 3119
4716 4870
5405 5851
5918 7424
1455 4910
1906 9215
5945 6153
1826 5988
3780 5830
2397 9473
2020 6335
3965 4828
1258 3352
4964 9075
259 7724
842 921
1988 2048
2063 3804
5838 7838
9292 9721
7099 7978
3043 4859
482 3036
2663 5382
6815 7778
2136 3150
6100 9797
7977 9500
3403 7357
816 1432
1736 3661
2060 8625
3723 7039
5863 7912
1935 2876
3555 9974
6264 8413
6746 9368
1449 4750
8263 9408
1543 2527
7764 8676
2092 3995
1351 4527
5342 5494
9135 9154
7077 7759
1213 7151
4798 7075
4025 5062
8617 9009
1625 3999
7029 9718
4829 8370
819 4129
3346 9444
5672 7207
6018 8373
2899 9299
1144 7368
2854 8241
298 1669
613 7862
1762 5172
233 1289
5786 6649
5201 6136
8273 8582
2994 5854
3410 6672
7123 9205
6369 9146
1093 6412
2062 5163
344 8882
3205 4936
1736 9854
2348 6604
1775 4068
461 1708
6246 8360
3560 8356
2382 2981
4587 8493
5974 8255
3096 7610
331 7459
222 2241
1423 7403
1766 2283
1840 6285
6701 8020
8045 9657
6719 8464
7179 7783
171 2494
8527 9776
2406 8509
898 1507
3095 7480
7057 9152
2963 6928
7387 9168
3184 5161
1819 2923
3279 5559
3658 9979
8054 9930
3000 5987
122 6518
178 6688
6305 8967
1372 1566
4814 9424
4260 8622
3256 4125
183 1316
5054 7087
271 5702
215 4976
2089 3493
534 2098
463 9823
2162 6503
3020 3462
8635 9991
6060 7601
6296 7625
5325 7461
3946 7049
304 1720
4422 9388
1509 6838
2539 4441
1007 8131
6571 7515
851 4400
674 5020
1215 1522
4676 9187
894 7821
1019 6953
3666 5421
745 929
1126 4329
1042 2845
984 5464
4173 8584
3025 3324
6712 7806
383 578
728 1234
1329 5747
1907 2543
1093 3620
865 3571
4589 5265
685 4169
1450 8254
7782 9379
5175 5778
3114 8575
638 7159
313 7286
349 6535
4470 6917
5197 7278
8150 8607
6408 7295
915 1149
3852 4719
8131 9116
2300 5659
3912 6153
3749 3934
5878 9642
5460 8217
2450 8991
1727 6277
2762 8261
6625 7232
3903 5177
2428 9679
2509 6075
9 6086
3341 9938
1080 1471
5405 6738
122 1557
3870 7002
1842 6643
7302 9748
1211 5090
2937 9751
1366 8864
1197 4343
2726 6095
4875 8245
2404 7105
949 4841
3465 4289
1130 4544
5759 6535
1282 5881
4635 8091
6102 6285
1277 2201
2488 3586
7291 9688
1776 5008
8551 9325
4646 9350
2050 3946
805 5872
6820 7402
867 5645
6775 7460
5410 9570
3043 9661
1802 4103
7677 7904
387 5306
3972 6456
98 4145
3659 5920
5106 8562
807 5244
3207 3645
4753 9078
2154 4449
2249 6446
9372 9708
3220 4782
5629 9232
4176 7431
3334 8205
1686 3721
3510 8141
4044 7654
4055 8239
9696 9925
2616 5169
502 2174
5165 5254
7603 9614
3760 9851
3131 6059
5630 5910
4264 7890
4861 8440
5320 8194
2996 7005
6505 8266
1498 8662
510 9736
434 2716
1683 5783
1954 6284
3856 7119
7810 7890
1649 3084
4012 9142
1131 9921
1123 1747
4162 5983
186 9482
528 9533
2838 5146
4335 6037
2898 3807
422 2874
2556 3331
1637 4556
4763 8840
5107 6729
2572 8190
4729 6583
3683 5859
2855 4805
7016 7605
4142 7139
2849 7666
3674 5687
6062 9163
2969 6373
3147 8959
2194 8642
5702 6749
278 893
5384 7863
434 7621
2349 9925
3607 7016
4560 6222
2164 8411
3238 5549
2658 6086
6331 9566
8124 8729
849 8745
7703 8049
347 6595
2696 6048
2973 3343
6941 7558
913 4708
4632 7991
1359 3262
7821 8238
3000 7580
6336 7169
8548 8993
4466 9607
1676 4082
6772 9546
3946 4930
4474 5276
540 7170
3883 7676
968 6494
1440 7554
5782 8232
1493 2185
6775 7140
1072 5665
8353 9774
4592 8322
3697 4198
2787 5372
8280 8684
2143 9561
2629 2969
1189 3169
5216 6490
3403 9335
1194 2535
766 6888
6975 9073
467 8611
2199 4275
1972 7890
2481 8979
293 2676
3031 9431
4399 7662
2894 8114
743 7222
2214 4762
263 8703
3665 9977
4389 8863
1277 4858
1832 9629
6701 8239
8650 8899
6539 8865
870 7844
5372 7515
519 8402
3297 4917
6063 7763
4162 9636
6375 8505
750 5119
5077 7078
5818 8783
3640 5941
5569 7094
1823 3794
3807 6825
2671 9044
3363 9913
5086 6866
3779 7384
3487 7076
5901 8653
2814 4838
1889 9694
2638 9189
617 4812
9715 9946
2007 6434
3585 9879
1759 7575
24 7733
8583 9067
6756 8298
3621 5332
3383 5462
6870 7357
2537 6009
3726 9122
1010 5174
714 3419
4582 9999
1331 9714
4116 4527
4463 8072
347 5647
370 6222
4804 9731
5789 6486
1120 3101
107 6484
3815 6581
5470 9705
8826 9823
1348 9195
8966 9836
2062 6186
3547 9744
4426 5899
211 3971
557 8888
5109 5969
927 5699
6265 6715
5717 8537
4186 4995
2200 7118
8256 8809
4983 8939
7082 8134
3269 6330
3451 8391
3349 9454
1705 4486
4697 7774
2027 6662
4347 5253
2531 8122
4386 6397
4933 9245
6455 9782
8654 9927
3252 8735
2190 3262
69 6695
6399 6675
125 6315
1141 2120
3474 5627
1247 3824
2202 6675
1927 4260
6548 8734
810 2945
54 9471
4229 5925
4156 6188
931 9439
4192 9242
1628 9311
886 8303
2061 7200
3201 4779
8252 9319
5179 9495
1853 5851
1696 6462
132 4596
941 5195
3892 4666
7346 8120
6942 9885
7872 8627
7869 9323
2063 7303
3531 9300
5591 5605
383 6499
2170 8791
322 4987
7189 8016
6063 8526
3650 8657
658 8845
901 5949
9647 9862
5373 6803
3999 9531
1027 5206
3089 8219
1749 2508
2389 4464
5239 7339
1198 2482
3760 6184
1775 9155
3372 7680
3374 7838
2689 4847
8570 8637
4783 5748
1120 4635
1585 4166
1470 2611
9371 9689
2052 8230
792 1437
2693 5128
2382 3890
6142 7609
6426 6763
4268 6149
794 8457
3482 5874
3304 4443
5403 8471
3105 9225
2874 7162
3622 4343
2992 6124
4031 8175
5468 7573
265 5318
595 7700
507 4555
193 3284
812 7669
4814 5784
1658 9269
2572 8296
6100 6766
1677 7974
847 6222
8838 9844
1541 4961
5572 9187
3136 6760
4805 7391
7024 7985
2504 3882
8891 9048
2911 3517
9301 9860
7724 9128
958 2371
3409 8051
2376 9136
5085 5358
3922 9574
1114 5201
4387 5235
4722 6685
4075 7498
4522 9526
8382 8411
3653 4755
7429 8272
3640 6563
639 3924
2767 4881
817 3009
4641 8497
3192 6078
206 2765
1758 9999
3879 5233
6144 6915
6306 9994
990 5832
4515 5752
4213 5621
7993 9405
244 2319
1633 4167
751 2957
2318 5399
40 1568
814 1111
1019 6117
228 2467
458 2776
4052 5271
357 3724
4713 5264
2540 6130
6752 6817
6221 8103
4745 8346
2729 8539
2513 7848
3479 7911
165 1398
4302 7330
418 2509
8348 9088
7475 9237
5897 9640
2745 9620
4361 9996
685 2536
6842 7501
4944 5639
3721 6735
3290 8611
5802 9463
2810 2942
64 2974
4339 4366
303 3199
1135 5002
371 8638
2476 4534
10 1573
506 6358
1190 5933
2774 5245
883 5042
4070 8762
7359 7618
3432 3724
6534 9512
2725 9575
3416 5859
2514 3940
2966 5075
1604 7515
1797 6343
2489 8159
2994 4267
4516 6551
535 9760
5576 5676
6994 9745
689 963
765 7103
4395 6614
3650 7119
6189 9508
534 6480
3500 8373
1554 2240
1455 9703
295 8582
7861 9200
2376 9641
175 5750
1425 8487
2103 5480
1170 9143
4624 6443
7189 9907
1238 3556
659 3778
1193 3064
257 7788
1044 8163
27 8850
4960 7865
5725 9144
4159 8784
4452 9908
8959 9290
1333 7413
4769 8854
6555 7563
3477 6462
1066 1103
17 1762
4843 9432
1452 9306
349 3572
3598 9614
3830 9198
8341 8558
2716 9554
357 3477
2435 2624
308 9646
766 6199
2753 5513
4681 8989
2135 5566
5583 6407
1249 3896
1366 3201
2700 4937
8665 9901
4887 9098
2494 3444
3791 8399
2511 7267
5134 8755
4752 6053
1793 2251
1870 3657
1355 2902
6921 8998
5036 5404
8855 8932
6572 6652
5704 8484
7861 8385
2747 4368
6862 7482
6190 7624
5260 8700
367 1242
186 7294
1470 8330
3339 5896
1987 7251
984 6240
1276 4171
3025 6387
6559 9390
5042 9596
5093 7456
3426 9461
6554 7260
2674 2743
1235 7933
2477 7795
4332 4651
6121 9770
5666 9013
7351 9459
2051 9268
3438 8334
1072 9678
2814 6236
6814 8761
1906 7629
2569 7407
7718 9122
4666 6743
2252 8217
1028 6011
4728 5678
850 6694
1798 5706
6515 7609
2134 9409
4094 6011
1923 5688
4736 5166
8275 8331
3496 5903
6064 6588
4306 9661
1538 4326
7400 9754
6578 8427
2116 7657
4105 8809
2254 8506
866 1372
274 6214
2224 3505
720 5427
2237 7911
2537 6514
10 567
7154 8440
2425 8100
3962 7811
5211 8778
1707 3715
3637 5830
5715 7741
990 4221
6347 8208
2560 5592
4833 5449
4784 5552
875 9046
7389 7788
1583 8354
3750 6374
1860 2526
825 9670
5954 6488
4880 6554
4869 7660
8736 9727
6077 8961
3947 5307
4284 5890
5469 7867
1338 9002
7372 8565
5160 8047
2305 9629
2406 9865
6002 8076
4931 6827
1418 7746
2780 8977
4324 6792
3059 3845
2870 9158
5487 6816
4464 9771
8682 9057
1591 6747
7683 8962
2082 5311
473 3967
338 1710
4064 6372
1302 4765
2510 7242
6373 9072
7839 9747
8035 9516
2385 2805
7192 8291
1656 5552
4413 4609
2355 6689
1355 4372
1317 3017
1789 2805
4514 6983
3354 8478
3243 4929
1007 2170
2104 6430
4895 9942
4410 6176
5332 7977
1520 6795
8698 9975
739 3175
3306 9864
1012 3094
587 4410
3391 4028
2550 7362
4256 7380
7067 9185
4426 6974
5429 7706
855 2600
1723 7031
3362 6051
2362 6508
2336 7570
5205 7097
3075 8511
2520 3312
250 5874
3281 6254
3640 5830
3615 4247
682 9561
2886 9783
3841 5107
2313 4667
6389 6440
9343 9801
2439 8057
2660 6360
392 7865
3456 9818
2727 3119
2337 8600
3368 5617
3359 4853
4820 7799
3711 7606
1853 3740
2949 3311
7580 7615
4020 5623
4003 4966
172 2793
2832 3022
5504 9765
7048 8960
5935 9774
2078 4623
1798 8373
6592 9578
742 5156
2761 4397
804 6249
2853 3752
432 9559
1366 1533
803 1720
6498 7327
864 5871
6368 6510
1988 3557
1679 4274
3330 3756
8054 8896
1839 1905
3983 7061
2580 4731
6173 9736
7331 9025
3487 6889
1205 9457
259 8422
1271 2924
140 3937
446 3494
5481 6507
4002 8185
3683 6106
5001 8292
197 8089
2071 3192
2123 7257
3429 6802
1858 4132
5345 8806
7373 8262
2146 2901
4872 5824
8809 9768
2315 3261
5606 8821
5093 9608
1198 7005
1649 9642
2551 7730
1845 5742
5453 6153
7864 9306
5233 6074
3437 4038
1418 7161
4318 8651
3523 5658
5426 6493
8683 8808
4288 8686
131 3980
247 7337
1328 9889
230 8985
3970 7181
122 5971
187 2633
7865 9427
6260 9216
1903 4029
553 2728
4698 8386
427 7542
163 9109
6349 8848
6681 9749
5330 9995
4017 6658
3001 6235
3239 6557
181 5562
3030 9165
5748 8809
7029 8359
8024 8931
7103 8739
3436 5836
1840 6262
977 2002
1723 3678
1471 7202
358 2531
4374 7817
404 5540
3726 8779
258 6960
4340 6341
6439 9422
2802 5149
4797 9524
3535 8085
3920 6627
3322 8466
4298 6533
468 8255
7669 7975
4684 6077
246 6551
2091 5409
649 5486
869 3960
1560 5743
300 1516
5449 7998
670 9146
1324 8754
7950 9032
2353 9025
2768 5557
6650 9587
164 977
3607 6240
157 5660
6485 7421
2247 3485
2906 9467
3796 5001
448 1026
2868 5375
2248 3537
3571 4520
3551 8642
1521 7666
640 5903
3223 8905
226 9738
3832 9881
1892 5977
3988 8814
2587 9312
2218 8650
2446 8405
7218 9431
6437 9245
1157 1492
5677 9974
5062 8615
2934 9227
1482 6281
5855 9925
150 386
5592 6618
333 7920
673 4861
3085 4173
1735 3259
2742 8015
532 6311
3797 9776
2747 4954
1267 9072
630 2680
6208 7687
319 1966
1890 7689
2525 4426
2040 4468
1043 8724
2256 2387
5472 9396
6428 9006
5521 7206
4089 7021
817 1831
929 3864
1482 5770
1 6399
513 4039
2478 8959
4357 6647
3233 4368
2759 7425
4819 7700
86 1482
7074 7230
1909 3501
5466 6235
3255 5373
7203 9554
424 3417
4484 6193
1250 4484
1763 8944
7902 8522
4240 9230
900 4959
2462 8324
161 4069
1903 3143
216 6598
8507 9132
69 5366
3972 5441
3526 4973
5396 8996
3294 3479
896 1588
4314 6883
2658 2835
3249 4784
2064 5684
877 4560
4007 8628
1037 3501
530 7634
3717 9661
2492 3785
5027 6464
5577 6351
4572 6341
1746 9634
8050 9685
529 2363
6568 9538
1549 7703
2787 9964
7346 9738
97 840
2325 8228
2855 3597
2214 7313
2515 4705
3893 7449
3026 7520
243 3860
7597 8340
1999 3494
374 8025
713 944
2262 9912
8646 9050
8384 8577
2747 5769
5071 8480
3996 8428
2561 7925
5741 6792
7266 9541
4785 7036
2566 7279
163 8645
1970 8490
8513 9994
5215 9225
5126 7289
5935 7838
527 6415
670 3273
2183 5501
2530 8344
3928 6268
5091 6020
8708 9411
5561 6447
8126 9844
77 4840
2046 4640
3152 3329
4896 8392
5680 8729
21 6566
548 1614
8635 9332
172 1514
4135 8515
396 4415
1135 5486
434 545
545 5994
388 3343
3419 4120
5111 5228
4908 5465
208 8263
3343 9803
5887 6176
3853 9908
3075 9240
2487 3246
2974 7105
3852 8113
7388 9247
7821 9337
6143 6233
167 5838
638 6621
8200 9256
1072 5748
362 3107
1279 9262
3518 3704
5437 9964
4863 7370
6208 9203
2659 8108
2572 5533
2920 6511
2199 8170
4313 7093
7259 8432
1404 6502
4248 5757
9603 9995
3181 9061
811 6709
412 4674
4328 6462
375 8049
1324 5929
609 5784
4940 6141
1450 8355
5413 6525
2505 10000
4783 7189
3690 6115
362 6186
2140 5798
6708 8978
3416 7553
2226 9789
180 468
6906 8688
6363 8517
9125 9187
2146 4126
1617 6853
1927 7029
1926 3377
6917 9533
1999 6709
606 9246
6403 8712
1386 5420
1733 5290
1521 5187
1718 7515
2554 8340
3208 8624
5269 7810
2332 3766
3949 8287
213 618
346 7329
2138 6862
5198 7262
4219 5212
3924 4444
622 2181
5695 8706
7233 7470
1336 6578
4917 8951
242 3926
5510 8125
6808 8087
6373 9275
6245 7108
4437 6585
5074 6590
204 7650
272 2861
1067 4422
1395 3136
5182 9599
100 3420
2415 6677
1107 7717
1348 1594
6070 7994
3209 6080
2877 8836
2452 9985
1432 5388
773 8021
461 8422
7084 8224
7634 8998
770 4502
392 4100
492 5951
4717 7519
7168 8626
5113 8785
6325 6778
1182 5886
2857 4059
1660 4721
395 6152
1167 7047
524 3860
5100 5940
3573 7295
1797 4097
694 840
2248 2997
1331 9767
4851 7713
4744 6498
6315 7420
7497 9627
2484 3305
4377 7907
495 4653
3894 6880
2171 3756
4105 8110
1399 5207
1682 9303
3195 8728
5443 6494
1724 7825
1561 9436
2656 9027
2285 5341
1912 6427
6084 9189
747 3447
1241 6812
3692 8099
269 1486
3799 5590
8378 9005
6412 6989
4659 6535
1152 5139
6862 8329
5328 9889
2649 4354
1286 8896
1675 6047
1587 3197
3943 7758
4569 5034
1535 3132
3021 4612
8410 9753
8130 8610
1950 3766
893 8424
2383 8485
5928 6813
1255 5596
3054 8245
1961 8301
4359 5882
9078 9975
5945 7732
978 9372
2301 7258
462 3264
214 278
1674 5240
1791 4695
1940 7189
215 2025
4322 6142
8838 9918
3748 8243
4514 5708
395 6543
6418 6518
2363 5824
601 1547
9253 9692
153 8804
2517 5434
366 542
673 1413
2332 4213
3352 8898
4025 6238
1391 5075
294 5139
4807 9669
6211 7198
1553 3616
3728 9080
2330 9681
2021 5274
4078 5285
2174 7801
8891 9511
4694 6535
6655 7026
6 747
5923 6984
4031 7314
676 8410
8078 8804
5483 6001
641 3387
5968 9720
7115 8297
5752 8740
318 1037
2817 8843
5189 8679
4085 9883
740 5213
5960 6908
7097 9182
7479 9295
2847 7705
8002 8155
2134 9989
2774 4003
3375 6322
6841 8846
4597 4619
1288 5581
4749 5633
130 7174
566 9780
4992 7056
315 1305
4754 7303
2950 5848
2232 5047
386 7006
3048 9139
6726 7050
6453 8265
7110 9724
3293 4342
1706 5225
1981 3691
6326 8462
864 6105
4271 9027
6684 7448
1103 4585
1437 6784
20 4052
1057 1830
4878 6758
3483 6547
4811 8279
8002 9935
1920 3228
3626 8695
675 4804
1129 3668
883 9136
3585 4515
5153 7385
1198 6089
8487 8986
8890 9224
1054 9005
5762 9946
2283 2844
561 9245
7655 9179
4915 5926
8758 9961
5903 9914
636 9570
6123 7394
452 979
637 1956
4715 8186
3201 4396
3620 7171
2090 6176
4673 8387
6955 8289
1230 7533
3867 5236
3064 5133
1162 8173
5094 7064
2081 4438
1832 6634
3437 4555
1544 9162
1745 3876
6140 9729
3252 7076
5517 9759
783 5779
3903 4067
1484 7737
7952 7956
6720 7367
7881 9440
885 1891
4944 6329
1577 9317
3872 4512
25 1366
1767 3110
1495 3900
7327 9249
1098 9008
2843 3228
3097 9790
3647 3879
4580 7950
1299 8186
1668 3977
3558 9179
4123 4862
4178 6238
749 2051
4401 9768
773 6167
1024 2877
4014 8478
5111 8350
3837 7544
4691 9978
6992 8337
208 7924
6286 8393
7953 9222
4753 8722
3583 7862
4100 5227
3629 4112
1200 8513
3397 8325
1031 6273
5044 9348
1102 4050
4938 6507
1197 7945
4916 4937
5123 9533
2170 2860
8433 9868
6474 8589
3185 4335
4763 8523
2634 8434
5986 8392
1788 7498
4310 8529
3657 4412
1866 3572
78 7706
5651 6803
1718 7626
6939 7158
6150 6841
3060 5679
934 2152
1648 4119
170 6487
1272 5233
2803 3624
6653 7257
1566 1763
2527 5181
5223 8752
4392 9280
1194 5182
1282 2807
4572 9264
2456 6317
721 8347
1655 5515
499 7162
2125 3337
3683 3709
2837 4608
3685 8217
5447 9489
1021 9782
1356 4325
5068 6125
1306 6988
2614 8269
464 1877
3132 9193
684 6265
1479 6198
7919 8329
6395 9711
1665 9745
104 6272
2581 3788
4488 8422
622 5586
6263 9442
5566 8329
1330 5316
295 3223
3687 9937
2171 9129
3170 9206
4648 5393
5403 9664
1465 9328
992 2410
7561 8865
142 3616
2652 4455
4590 8563
4356 5076
3405 7204
8533 9922
3144 5072
5008 8828
3182 7350
4136 6352
5881 6556
7351 8310
1896 6679
4305 6127
3687 4022
3170 7637
180 2173
5094 8444
3519 6762
317 9450
3275 9371
4699 8850
4029 8866
2048 9706
194 7730
637 8399
2101 6074
5299 7969
7777 8779
8625 9153
1794 7815
6789 7995
3967 5232
3088 7080
5103 8889
4729 7397
2598 4611
3477 9427
2978 5485
1876 7059
5678 6626
4048 8103
8726 9346
2423 3857
1047 3474
1288 3009
6149 9193
3159 5634
7733 8722
2835 6590
338 3962
3915 8573
3342 9287
2264 8401
276 8826
855 5675
6901 9722
1978 8957
5419 7731
5834 8892
5194 8777
179 7969
1343 2165
7479 9075
421 886
1199 8261
758 2175
45 6123
1868 4523
7045 8660
4334 4798
7899 8050
407 3207
28 5825
937 2213
4716 6066
1247 3759
386 5101
3411 4217
527 648
4637 8787
5394 8198
4321 7313
1790 9181
450 8843
2577 9993
1135 6828
1542 4394
773 6386
3718 7323
2986 4786
3096 9740
125 6032
5794 8196
4341 8722
2793 5329
990 3860
723 1172
1662 8864
505 6704
5665 9281
6800 6849
1242 2460
4693 8845
2015 8410
1352 2519
3195 8610
4447 5578
8735 8994
7723 9427
515 4067
1108 7926
7857 8182
5449 9518
2153 7045
2710 6374
7785 9574
5861 6596
553 816
5440 9182
7959 8962
6885 8509
6568 7683
1654 4086
1809 3028
7094 7433
8540 8675
1371 2883
6721 6819
117 8753
1478 5323
2826 3107
1052 8686
8219 9702
1494 5590
3752 4552
636 5804
8723 9412
3497 4670
4049 6729
513 1657
1142 6684
2512 9052
2124 9566
5682 8318
1005 8592
1418 9796
463 847
6455 6517
2045 5417
8010 9168
165 2948
2359 6155
824 8887
2207 5615
216 4872
2365 6127
1530 6899
1228 6464
5 6909
1134 8597
4265 7281
1080 6366
8127 9172
7596 9895
1216 1957
515 9062
5216 8473
7359 9225
2391 7784
7262 9326
1804 7999
1249 5978
7205 9686
6042 7712
465 5197
990 1082
2477 7355
2161 6955
2879 6108
446 6849
4416 5910
961 2888
1125 6537
3515 6598
4320 5923
7128 8670
3105 4079
116 9918
3982 6661
3478 6157
5530 7147
4559 8007
853 3071
3731 4961
1810 9178
3593 4177
1489 4071
1548 2832
8025 9429
5062 8697
1704 8542
5782 7366
3636 7998
2249 4659
3969 8405
8136 9498
1903 9046
2756 7504
2116 8817
1293 2838
6978 7014
1237 7400
4068 4854
2879 8947
361 9848
1551 7927
1644 8902
3684 6899
5279 5932
5599 7909
2396 4337
2591 5097
7793 8952
5346 9908
4120 4536
1097 7552
5140 7901
2755 8497
5559 7443
1985 5407
4155 9911
3056 6957
1554 6993
3185 6307
567 2924
3612 8783
231 9315
6203 7107
7900 9183
7015 9654
918 2435
336 751
5599 6058
1616 9442
1426 9393
3548 7022
331 7688
6603 9241
7323 9261
246 8777
3912 9828
210 5494
4142 6412
2600 9676
4311 9614
3098 5682
6432 6884
2941 3433
2874 8382
908 7774
651 4282
1321 8338
4276 4612
3930 8286
9059 9888
4883 6067
2970 5092
1560 3463
1503 4160
2166 9491
125 5172
5263 7008
5047 7955
6300 6336
7208 7920
4109 4922
1489 1782
3259 6100
2409 3540
737 2296
2598 5619
5567 8363
711 6274
5382 8565
433 1224
730 6910
2344 6395
701 3917
217 7390
1661 7036
3776 7496
5264 6582
5629 6192
7715 8037
8451 9732
2329 6685
1399 4069
1131 4248
5981 7672
4457 9696
6777 7204
1366 9950
1634 9121
650 6510
1850 7685
1977 4523
1104 1532
7161 7240
1306 3648
1549 3379
8233 9756
177 2059
2658 5983
3655 7659
7354 8638
4463 5841
483 5828
5790 5955
6439 7461
5663 8816
475 3338
7639 8359
794 1231
1871 4441
2536 3419
4171 8644
6229 8004
3986 5172
2830 8887
3992 7524
6536 8454
7018 9717
633 5506
2972 8094
1787 8297
108 5123
1477 7746
2270 3481
5351 8976
6710 7864
880 5122
3125 6507
1678 3460
2346 3462
859 3806
6222 7394
5938 8611
763 9244
3734 7795
2443 3689
1873 3796
3349 7566
1046 1541
1970 6869
2749 8679
1084 7870
3942 5910
994 5721
807 1971
2829 4419
640 4612
223 3223
985 2929
2466 7075
1071 6154
9295 9518
6301 7083
4193 8995
964 4480
7228 7413
5994 8496
5097 8255
2437 2442
3975 4407
3249 8393
3588 7860
3810 5384
7434 8312
1146 6251
5387 8568
1256 8756
5056 7862
6856 8338
2817 9249
4171 6661
45 164
1493 5157
3945 8418
3935 8745
4704 7183
7137 8291
1394 8873
5180 8452
7184 9597
1430 8922
4517 6538
177 8730
1593 4866
841 1938
4035 6108
431 3854
2624 5362
1923 7393
5857 9306
4009 6137
9391 9626
7137 8651
7102 8498
2033 8668
3051 6449
7307 7567
2986 3835
4579 6296
8233 8701
1771 2735
693 5624
3165 3316
985 1439
708 6643
3197 3648
7003 9390
2822 5654
1319 2878
1545 2755
2157 3351
657 7994
7331 9723
2371 4492
8261 9544
32 6955
3999 8630
2007 8146
7314 9344
4374 9584
3231 5986
2988 7570
391 2621
1850 4993
7748 8061
1411 3395
6256 7740
2331 8420
5070 9263
3331 4701
5158 8007
3787 9714
1720 2006
1932 5671
1063 7867
44 3400
1098 7613
70 6388
1380 4355
1919 2415
1665 5479
3826 8087
8597 9404
417 826
1469 4211
508 9368
221 9475
7832 9506
1437 8292
3503 5707
5655 9898
3104 9106
1845 7511
1865 3173
1444 9577
1407 4280
3108 4457
8864 9493
9405 9909
3615 6041
6548 7729
3556 9334
3120 8839
1387 1411
1241 6627
2281 3469
1139 2575
5001 5385
771 4909
3217 6699
2704 3848
5812 8106
3950 8304
1027 4060
211 7067
4026 7939
3359 9966
1494 3085
8549 9233
847 5175
4316 6825
3808 7963
3242 5544
364 9315
2532 6804
7063 9508
1520 6379
1035 1671
1821 2697
2031 5094
5472 6115
6080 6322
4167 8830
5516 7379
6362 9751
6576 8905
677 9064
270 890
205 4607
634 1411
4048 9088
918 1818
5567 8940
2852 3739
1636 4298
4102 5770
8443 9769
181 4950
5696 8961
8680 8712
7585 8409
1639 5438
2528 3000
3959 5707
2692 9084
5369 8171
2638 3091
8657 9989
1577 9192
8748 9564
869 3489
3665 9609
197 9311
4559 4623
2244 9590
3334 7004
4972 7174
2441 6526
3852 4500
484 2935
2204 3543
1106 6634
1193 7446
1642 9121
389 6637
6478 8684
1257 8700
6086 6919
5248 6996
1542 7491
4875 6586
111 4494
3287 6199
6402 6636
7119 7786
1328 9336
6793 9322
514 4313
590 5955
7227 9634
4669 6343
3704 7600
6141 9720
4518 4967
2411 9489
2457 6074
3303 7286
2536 9836
6589 9172
726 2589
2642 8276
8316 8405
2718 5069
2010 5181
1167 8672
1366 9236
2187 9291
1907 8965
5432 9835
1272 6873
2245 5682
5882 7345
6232 8984
1924 2069
1009 5403
4397 9001
7405 9285
705 9064
122 4244
2714 5145
5410 8302
6511 7597
1827 7592
9375 9503
2727 8013
646 6610
4342 8408
3743 8843
574 7264
2018 2328
1018 8272
6724 7556
5787 8423
4896 8260
974 6383
1792 6393
2903 9275
3218 5740
1081 1594
2593 5446
673 9590
2055 5432
3932 7249
4505 9175
4512 7544
2784 6832
8562 9908
339 3336
2046 4951
8231 8428
975 2276
6572 7902
229 8663
1119 1310
63 6609
3107 7281
5161 9653
2712 3584
2409 8238
3273 4440
5782 7623
4343 6056
2746 7530
4030 5928
2260 4048
707 6323
3630 9587
4224 9815
1695 2293
1124 5253
1757 4230
1409 2533
1596 5742
1344 4503
5783 9834
5615 7775
182 3406
6309 7287
338 9279
3214 3327
3921 8949
6001 8535
6577 7550
6194 8350
5825 8271
27 1446
330 6407
1436 8500
1926 2779
1759 3002
4914 7128
3725 8319
3661 6385
5605 9292
3074 8819
8374 8970
4970 9091
2992 3261
1546 1610
5538 9816
3786 6983
192 6195
3982 7313
5044 5590
3112 8045
3700 8025
1525 3776
5185 6343
160 1948
828 9585
7118 9797
2560 7958
1218 4767
2664 5551
1088 9179
8832 9317
4423 5026
5860 8087
903 9007
2118 3676
7375 8948
143 6824
1150 2837
7661 8360
1136 9188
7245 8253
1554 8984
102 7164
2772 9067
2766 8302
1597 6506
928 7618
2974 3478
1980 5366
4380 9041
449 9679
2767 6943
268 6502
4862 9780
915 7928
1524 4049
5520 9384
2683 9430
2201 9486
1749 2251
6854 8255
199 4472
3172 5534
900 4301
5151 8680
1951 6292
8359 9059
1212 8894
8673 9326
3606 6073
6473 9587
1481 5106
910 5857
5342 7789
5889 9462
2668 3944
4142 4143
6029 7139
1439 7313
6928 8815
3219 6470
765 1180
2277 9658
2392 7955
4682 4816
4269 7912
1289 5744
3497 5726
3006 9866
5190 8819
5755 9133
1486 6249
8624 9626
2277 3290
5556 6414
2884 8456
8775 9220
4063 7403
5230 6454
1709 9911
5972 7622
531 8910
1716 6257
1073 8758
2474 3947
8228 9891
1377 9431
829 5408
9457 10000
2766 8697
5013 7152
139 2001
2723 6063
3893 4304
5602 8869
4215 6490
1097 7925
1751 5992
3705 6860
6179 7064
6955 7158
758 6588
1586 4683
1034 8347
3395 7395
2407 3799
5799 6898
8897 9620
2789 8214
3434 3924
4490 4742
2667 6275
5586 8025
5010 9291
1236 2074
1821 8393
2578 5380
62 1332
516 9678
1095 7910
1246 3072
6668 9969
5564 7044
1609 5940
4704 6215
5042 5798
1316 7056
2642 4816
5692 9825
6927 8284
6456 8250
3629 5319
6650 9033
42 9548
2679 7489
2102 3809
476 8734
2129 8422
2391 4362
3447 3738
6928 8779
3984 9244
4059 6447
2138 2977
235 7612
8485 9065
735 4067
3099 8465
4859 7385
6415 8999
2347 2807
7432 8517
6938 9635
2025 9560
3297 7651
931 1823
1066 8428
4874 4914
1476 7890
7011 8063
2427 5501
2899 9567
1363 3162
6898 9017
2573 8015
1271 3312
822 8180
456 8702
1470 8262
8832 9120
655 7910
50 2689
1315 8072
7562 9548
925 9204
1056 7610
508 3351
2864 6974
5991 8222
6113 7147
4005 5777
1178 8417
3956 7119
1633 5425
1732 6817
897 5993
7298 7471
5542 8682
2595 8613
1441 4168
3519 5402
1576 3222
2261 8549
483 2437
4539 8550
3981 8544
2397 4326
4633 9721
5867 7706
3950 6410
3658 4522
8344 9943
955 4976
237 5919
7570 8030
6439 7441
3431 8014
5692 7014
6562 9450
1101 2526
4351 6506
5028 5996
2068 5254
1121 6013
2422 6125
5070 6998
1364 6079
3385 5341
1930 6339
261 5656
2094 9959
7701 9741
1066 6459
3020 5432
4309 6867
472 7570
2819 7166
2420 2597
1239 4961
3540 7363
3734 4961
4361 9812
6053 6325
2663 9549
5204 7982
7940 9275
3327 3649
107 7681
4392 9464
1259 9478
125 6302
5180 7290
4128 5472
6710 9709
3248 9089
2822 4073
8209 8433
885 8986
4485 8534
3547 8819
89 9174
89 3110
2500 7142
6547 6892
2376 6606
3082 4502
5029 9681
371 501
80 3808
3562 9248
7634 9679
2070 4239
1055 2418
3255 5123
5022 5940
2380 8425
1534 4195
3046 8820
5366 8676
1633 9937
790 4093
4714 9122
5084 6822
5974 6982
1515 9535
6229 7546
7169 8298
5938 8136
3259 5704
5544 7995
3968 4632
5178 6726
5502 5545
4177 8223
4512 7262
2161 7707
1653 6874
6828 8475
2801 8309
5456 6176
1684 2335
3721 5855
1856 6334
8145 8389
1466 3688
2449 2736
4008 9461
3978 9509
1358 8553
37 4971
2197 3064
2677 4716
5422 5856
82 9542
4997 8656
6257 7343
3033 9977
5718 9549
7693 8185
458 6002
1381 3193
1740 8451
8780 9006
1248 6715
7332 7636
6747 8037
714 6184
1463 1605
2921 7356
7929 8038
2353 4295
1737 5271
623 4819
3806 5159
2512 4263
244 1161
5963 7456
1983 2813
4742 9582
2074 9527
3915 7217
3400 8820
980 6634
1356 3901
3990 9393
1829 2694
39 7099
662 782
4587 8269
5820 7132
6980 8849
2656 3727
5709 9294
1820 4036
1642 7698
2461 5210
1613 7632
2592 4961
618 6316
2844 4607
2061 4672
2099 3652
785 8122
6391 9112
4932 5371
571 9874
3601 8263
3909 9579
1398 5661
7303 7944
6756 9096
708 2512
4387 7473
5004 9651
140 2495
5962 8552
5965 7166
1640 7003
6114 6749
4382 8471
4255 7397
2012 5394
4972 7855
3516 5920
215 2721
1816 7170
3322 6033
4060 8875
8526 9857
6349 9064
1377 7372
4537 4900
3694 8254
2528 6794
720 6909
1617 4468
7010 7516
5370 6479
8333 8750
1053 5237
5316 8758
2869 4989
4791 8095
4647 9049
4464 6620
995 3991
2192 2247
4880 5885
3759 6852
7571 9031
647 668
2039 8183
4008 4869
2340 9904
5141 9971
1638 9744
250 2612
5040 6627
5675 7059
3678 6039
138 7033
2329 4021
5252 5631
2483 4566
3596 9010
53 6029
594 8443
563 4601
467 3312
3292 9634
1959 3035
1271 2208
1999 7897
7248 9057
3286 3571
60 9086
3106 6670
8653 8741
4709 9658
1135 3719
3253 7539
3846 6099
2334 6662
4798 5645
7128 8089
5278 5438
1123 6548
3121 7645
797 1244
719 2177
881 1263
3903 7131
720 5871
2555 5429
41 5528
5132 5499
3931 7949
5329 6264
4610 6478
8089 8260
4566 9889
2040 3526
2789 7523
1513 3585
3689 5118
2351 4303
1303 1433
6253 8375
3655 5159
155 5534
1551 2005
1833 7017
2345 9953
4563 8097
6356 8822
2651 9739
2529 2597
1779 5385
51 9643
1520 8969
9623 9683
986 3870
6474 7408
5712 7414
5866 7984
2948 9534
4222 9964
1367 4174
5815 8661
3834 8736
7739 8522
1118 9925
267 8055
6502 6669
1822 7697
4540 7379
7797 8410
4716 5204
427 1235
2617 9219
1916 2644
5104 6865
2822 8232
1039 6892
6126 8636
3510 7077
216 7001
482 4627
5055 7481
3502 9103
4394 5654
3450 6482
1197 2803
389 5005
3974 7976
6971 9607
1063 5889
3836 4120
1226 3884
7363 8872
4440 7351
2381 3919
3359 7792
4400 9199
4254 7191
2845 8301
4782 8647
2646 7801
2331 7651
306 4541
500 1624
7276 7512
1562 7463
1797 7984
1698 8688
668 2391
2489 9400
281 6309
7060 9111
6301 9479
4131 7665
2663 5497
8143 8913
6815 7595
1356 5793
3768 7900
1527 1855
1279 3416
5614 8990
1564 4029
2232 7312
2771 9800
5431 7983
6432 7093
5910 8843
6507 9746
5242 6393
1657 5522
2336 9736
5528 9251
43 3502
1897 9295
5028 6926
369 1664
3228 8891
750 6202
1811 9872
6002 6145
2433 5303
3238 4145
4695 9335
7003 7439
928 2524
664 9095
1212 8345
1254 6191
1838 1846
3225 9503
1166 5115
3594 4005
695 4393
207 2555
566 2560
5868 8700
1344 8289
2390 6364
3367 7623
8550 9828
2242 8922
9213 9805
1756 7266
1059 5463
561 9945
5059 8688
2281 8078
8823 9063
5621 9327
1377 9892
76 4532
2112 5876
4716 8475
2338 4617
4445 8193
6787 7240
2804 9718
3336 6591
4001 4559
855 8798
913 7485
5913 8991
1328 6117
5443 7813
1480 1687
1969 3798
3707 6684
8323 8624
3169 5374
2613 9119
8837 9955
1768 2897
2679 8524
6898 7321
3533 4162
4806 9446
3152 7274
7125 7316
2717 4072
755 2857
1177 1903
1961 4552
7860 9527
284 9585
2695 5754
8549 9001
317 942
1898 9465
2995 5147
6527 6786
7943 9308
2324 8812
5216 9448
4284 6127
5335 9872
5038 8126
5941 6511
87 723
5468 6722
307 8162
2475 8856
7163 9769
5412 9172
2166 9233
558 2370
5044 9865
312 7368
1880 5028
1155 3167
6163 9390
1201 2841
7516 9352
3493 7602
74 8960
4323 6732
3149 7122
636 5587
4758 9269
4854 6047
2956 3275
7223 8319
3887 9172
2038 4200
1556 2118
1706 8280
946 4546
5832 8461
249 9325
322 2414
3088 4636
7054 8109
2588 8992
1857 8744
1142 3750
3376 6710
284 449
8046 9621
4170 6435
2639 3820
5525 7991
919 5288
3102 6422
100 6671
2513 8778
3344 3414
397 5600
1522 4539
5741 6618
5842 6395
4111 9456
4560 9217
7263 9740
261 4180
49 4351
2900 4391
170 6227
2648 9678
9623 9777
4753 9318
2662 8641
592 8166
6039 9410
5131 5150
7877 9008
991 9471
6560 7333
4030 7072
174 4561
222 3684
5263 6583
1489 4613
3104 4290
488 2727
419 9806
3831 9059
1996 8819
6003 8228
1133 4386
9730 9746
7072 9009
6341 9216
3631 9597
3804 9764
509 3448
378 5771
4990 6382
3611 5838
4098 5631
2401 4916
255 8746
7812 9073
3814 7093
7301 7830
3382 4946
306 7575
453 3142
2999 4084
2738 2762
3246 4239
2561 4616
5295 5368
5957 8978
1132 7940
6047 9428
340 9682
1144 8151
5107 8236
1964 2407
3261 6065
2140 9992
2592 3567
3133 6565
2223 3027
3618 5678
1820 4591
3540 8233
542 9885
7368 8869
8296 8481
8820 9766
909 4330
3323 9436
1638 9144
1560 8194
333 4899
4817 7903
1036 9276
2303 7733
3410 9610
1429 5920
504 4352
4236 4968
1045 3837
1603 5877
7720 8484
1049 2813
4371 8628
2248 4123
441 6008
2035 7258
7125 9937
2074 6401
6158 7324
5055 6933
974 5920
271 4714
6033 7829
859 5226
8813 9869
1102 4705
2150 6533
5160 7517
2872 6117
8880 9283
2909 7669
34 2489
915 7605
2786 4929
7072 7840
2991 8213
2926 5165
2993 3262
472 5311
1531 8218
5672 9284
5816 6235
104 4173
976 7045
6220 6610
2276 5480
4278 4764
5513 8234
4650 5678
2750 9514
2489 7727
2092 7653
1705 7004
2314 6998
1567 2176
1460 3845
79 3590
7275 7763
182 4602
2753 4807
7082 7563
8192 8233
97 1845
6426 7523
1099 5939
3587 6624
17 8715
7021 7592
420 941
5686 8947
2507 9530
406 6097
4033 5961
211 2494
4986 5017
1599 2549
6183 8450
294 7092
2631 3517
3729 4168
5808 7143
2176 7316
1259 2210
2629 5548
1234 2199
1057 7927
7115 8333
3505 9427
3715 8717
3702 8273
5083 9871
3532 6250
3342 6053
178 8683
697 3210
2412 5369
6079 7840
49 7545
3689 9444
5887 9029
6955 7029
3295 4144
1639 6800
355 9922
6866 8194
1949 4057
306 8064
1832 4116
2009 9999
9151 9561
2706 7914
1281 6897
344 5177
4032 6945
2325 4621
1649 6270
9279 9564
918 2144
2066 2715
1272 5933
259 5328
4233 8323
1986 2416
8336 8790
4292 4425
3482 4248
2205 5529
6730 8900
26 705
1677 2931
2350 5552
3326 7980
1468 1821
534 8897
3886 6521
4145 6466
7050 8200
6537 8819
3960 9466
242 1225
5472 8252
75 6808
1000 6804
5708 8057
6829 8638
9178 9733
4190 9410
3509 5657
1231 2406
1468 6190
5278 9008
1964 9829
782 6057
1874 6366
4742 7590
2115 2993
2189 3061
413 9800
1859 8992
2172 4821
497 905
1038 7701
315 1210
3046 7897
5587 9967
5244 5716
946 7680
5072 7003
4813 7789
5228 9554
5378 7343
4791 8898
5050 5883
1227 5203
6375 6908
3398 3756
1099 7279
1145 3945
4190 8660
1841 8626
3909 6129
221 7074
1588 5292
428 6400
5656 9433
2306 4810
1203 9350
5232 5952
2604 7506
5864 6458
3880 6208
1159 9619
3658 7116
2317 5103
1305 3296
942 3785
1162 7204
859 5143
1286 2805
2237 7894
199 3293
2642 3399
7754 9350
357 7874
683 6856
6220 7087
2191 6890
547 8245
9306 9700
2863 6962
156 2995
747 6550
1317 7957
474 1692
9242 9585
8887 9062
2460 6136
1528 3889
8162 9401
597 1369
84 3169
3325 8455
1711 3052
1016 3872
2751 6734
4329 5745
1427 3242
910 8646
337 9383
1383 4977
6273 6797
2408 3863
5390 5608
2648 3769
1143 3245
1226 1489
6413 9944
4550 8123
2995 4773
5490 5745
6170 7859
1100 7841
6486 7597
2009 6979
3174 9744
1955 5798
5817 6540
2147 8206
853 1207
2268 2349
449 3756
3213 9926
827 3699
3045 7687
3176 5600
5141 9810
2981 9346
909 3294
2917 5818
272 5343
2227 9012
1141 5551
4395 5698
1953 4050
6317 6550
653 3351
72 6930
123 6563
4250 7757
3167 9708
3777 8308
9474 9517
425 7640
2767 9810
3039 9693
5057 5152
1617 6292
607 2363
1008 1989
4316 4891
4968 7324
4593 7396
1155 8250
3870 6006
1756 7036
2065 5533
1581 1695
1358 9335
4125 8357
4401 5496
647 3515
5131 5809
2768 3291
5279 7493
3775 8160
1099 6521
1113 9480
4846 7729
8620 8715
86 375
2102 2150
2259 3797
82 3617
8438 9483
4978 7741
1255 9190
1976 4999
2737 5266
229 7766
1540 6897
3417 4741
4220 8990
187 882
1948 9501
2033 8901
6227 7355
4182 8486
615 1151
2102 6985
5404 6194
4593 8314
289 7448
5943 6536
60 5555
6764 8803
7856 7952
2219 6941
2075 9452
374 3480
2380 8952
2406 5179
2939 6086
16 3588
2117 9905
572 5308
5237 8310
2109 9901
2195 5526
7432 8644
1759 2255
206 6234
4804 9615
3498 8041
4256 6977
8415 9559
5709 7172
1089 1794
1104 6463
1734 6367
8657 9572
1675 7881
3894 7927
5771 6341
121 4984
3202 8727
3095 5787
2709 8932
6942 8782
7101 7549
2110 5515
7108 7818
8196 9039
1853 5964
5652 7697
5223 8219
6245 6353
6598 9456
4171 5796
644 2368
1921 7132
226 9370
4654 7707
1001 9286
3435 6386
5544 8549
5656 8253
3643 9714
204 5677
2207 5495
65 9725
2429 7429
6310 6884
6832 9027
7746 9032
6163 7475
3197 9667
2740 3725
2025 7850
4725 7636
3274 4762
3014 3179
5281 9244
1836 3008
1272 8502
996 4042
1471 4919
1228 9777
4706 5155
3737 4411
2900 8238
2566 6251
1434 8990
2643 5635
7366 7367
2128 3270
2800 6992
1493 2273
4501 8396
460 9667
4502 9354
663 4272
2324 6791
1851 3381
1945 6262
3470 4844
4499 9720
2284 3762
5062 6404
2427 4270
3770 3891
4554 7114
3042 6047
1437 9386
6197 6899
1104 6252
698 8118
524 3021
2374 4908
2754 6852
4987 6223
5837 8047
1808 5942
1003 8120
8211 8741
8333 9782
2631 4335
5446 5673
1183 6733
3631 7109
7379 8212
8077 9883
6329 6758
1236 7449
202 5483
470 4439
2486 6424
6306 8718
778 4293
6072 8856
5853 9518
2149 7188
2633 6540
3272 7821
167 4929
3255 7545
3137 9493
1973 5821
5774 6246
1728 3409
2327 4199
2197 5103
6684 8503
3820 7329
6243 9280
5149 6184
8448 9723
4987 7297
5117 8707
4610 8873
6398 7864
2769 5890
1094 7352
3597 8062
6867 7822
5325 9193
2021 3873
4295 5056
4466 8727
4358 8736
709 4919
9156 9507
993 6803
494 9699
5103 8272
1021 4923
7692 9319
3262 6670
1323 8785
267 2003
1943 5497
1195 3869
1842 2167
894 8924
6307 7660
1603 3367
1109 8930
8874 9923
4264 9367
5973 8887
822 896
140 9907
3168 4939
3723 6809
842 3427
2077 6338
1721 3271
206 3888
1464 5482
1133 7771
2735 9493
7489 8422
3844 6363
4459 4696
2081 7021
2902 3345
3251 4268
9206 9393
2554 2770
3611 9280
1356 5980
4053 9949
154 4626
2442 7940
5635 9072
1479 6564
1806 4052
2001 9901
948 6766
2811 8847
4320 6155
8100 8587
3845 5757
7792 8526
6398 7071
2137 8729
8426 8437
2781 9404
720 8590
577 1845
4760 6143
2055 4301
8307 8811
1929 2653
5464 5607
7127 9926
1578 7970
79 8513
2656 5422
4956 8171
7092 9727
4504 6900
5528 9680
470 3907
2103 6752
7398 9246
5804 6862
2025 9898
463 2551
3953 6069
1079 4366
2346 8687
2656 7210
4430 8765
3721 9866
2600 9592
5851 7164
4095 9044
1883 4354
5865 8634
2808 9614
4231 6022
4129 5417
2231 4398
3031 8350
4651 7396
5780 6997
2434 4787
1199 4206
4071 9216
1271 8168
14 8434
461 4018
3829 5900
1166 9693
325 885
5116 9306
1075 6346
743 5596
3305 8626
5444 7956
2373 7575
1304 4806
1861 2362
2356 7929
5932 9978
2297 6096
114 8412
8592 9109
274 2365
3250 4637
599 3942
3296 4717
312 1368
1025 4039
5289 5834
4013 5332
3409 6635
2122 5170
7526 8495
50 778
6146 7503
2266 9427
2611 8535
4975 7210
1846 8809
5759 8224
2139 2940
3507 9054
9444 9603
883 1243
5278 6214
5038 5255
2848 6777
7159 7694
654 7208
4508 4824
4250 9705
2315 6774
335 2784
7290 7944
1865 2180
3702 4318
1157 9108
4176 7111
5058 8551
180 8354
1271 9960
470 5217
6736 8727
4516 7389
5935 9339
1897 1991
5022 9940
2723 4306
5356 7947
7019 7535
6163 7072
1852 7319
2380 6179
1082 4430
7437 9135
1261 8708
2830 9094
5529 5830
44 1556
3842 9570
1466 5734
5673 5833
2839 6490
4748 8194
788 1766
5728 6950
3932 5189
1368 4269
2663 5050
99 2449
61 4184
5158 9629
687 9242
798 1810
1380 7082
991 2816
3175 9197
2036 8488
3235 6016
229 6803
1352 2309
3753 6541
2592 8021
5254 7908
6708 9422
1704 9957
3120 6862
2362 9585
1395 3900
981 9511
6853 9126
3796 8322
28 2284
2395 6709
1870 3290
3222 9198
1950 2950
893 9762
4021 7322
6146 6743
4201 7080
199 3051
1062 2635
2560 4961
381 8422
2294 9506
5275 6089
1654 4180
4724 7240
4048 6594
529 3245
2478 9815
2546 5928
3370 6219
5867 6300
3379 9313
68 2363
3577 7481
2489 4998
1730 8794
1087 7262
1236 2536
1767 3527
541 8251
4589 9006
1196 9535
4185 7362
3083 8364
3289 8086
9301 9588
3952 8614
371 9318
2894 7328
7852 8677
1734 2997
407 8996
435 7994
3961 7883
8424 9760
5117 8563
9364 9758
1003 3548
5719 7119
2982 6759
2283 3804
2698 7755
2015 7248
4478 4575
1261 8681
3252 9346
10 1677
2111 8341
2576 8003
2423 4114
986 999
362 5582
743 6585
261 4214
3243 8655
2458 7324
22 1877
5476 6564
1041 8388
50 9648
9653 9721
1397 8994
3686 6014
4016 9859
6261 8634
3611 4481
63 9619
324 6713
585 2999
1653 7278
179 4602
462 8407
4623 7025
3882 9362
283 8066
7786 9010
4355 9936
2301 5535
1745 4392
6317 7005
378 7149
615 6348
3563 7291
2913 3061
338 4227
4405 4565
1291 5026
2265 2811
3044 8403
1627 6468
3326 6988
4253 9613
1342 6139
1914 5733
4582 7884
4613 9089
1730 9704
961 5293
373 6994
1220 8205
7062 9122
1976 8353
499 1138
617 8901
2243 4181
1720 7506
2325 9230
6923 7119
5384 8463
2698 9008
8096 9965
1694 7311
4151 4623
3338 7496
4995 7895
2056 8715
3368 7042
3866 6760
4531 7377
8711 9119
5971 7190
1553 2569
6039 9514
4827 7977
1422 3834
1386 7026
4336 8282
2432 9431
2769 5310
304 9928
663 4994
4030 8712
5471 8388
2918 4247
9199 9717
1522 1629
549 6907
2772 9426
2939 4252
748 4360
4438 7774
2097 2719
1527 8461
1502 3771
1429 4295
426 1309
2775 9137
1162 1690
960 2289
158 4079
2059 8357
1615 8031
7456 8959
1897 4387
1486 8060
2497 6256
4704 5611
424 1567
3068 6231
4194 6877
849 971
3623 4538
108 6227
1136 7419
1566 4867
3224 7576
1959 3625
1190 8935
5576 9414
832 7473
3414 3439
6321 9024
7887 8143
4373 9447
7307 9992
7601 8155
2138 7315
1777 7422
2912 8365
4840 9583
829 8767
4453 9158
348 7077
2843 9740
571 2275
5688 6667
2988 4009
1064 8503
6862 7226
4532 9227
3206 6828
520 2686
814 8965
3681 4293
77 5484
906 3264
602 2421
1710 7679
1449 2768
521 5043
2019 7187
2380 7082
4497 6526
882 3752
109 7711
916 8283
6936 7321
1435 2252
2079 8134
5933 8211
7562 9196
8163 9116
825 1616
736 2193
2274 2713
644 2130
5563 6252
2777 3023
60 257
6528 7770
1163 6717
4 8685
6471 8483
2255 6616
4901 8187
1178 2462
293 3734
5350 6976
7470 9169
2437 6095
4566 8233
4484 6738
128 6113
6539 7261
140 2721
4308 9437
1302 9344
6136 9440
2166 8046
7066 9104
281 2585
5879 6318
2855 6926
4395 8019
2023 6807
255 489
1372 3578
1091 7852
8351 9690
2410 4390
4842 8698
1846 2496
4393 7637
6559 8631
2035 7734
4619 9976
4367 5855
1292 7288
1659 8709
2038 7083
2526 8465
3689 9837
4779 6103
2145 4040
8429 9481
4323 4554
2752 3478
6818 7871
1800 6740
781 8774
756 5886
252 9744
2962 3384
1670 7895
5042 9932
3506 5104
5145 8809
1263 9694
85 9923
3407 5756
4313 8514
78 1991
3247 7064
155 6213
1398 6993
7283 8929
4101 5024
3886 7062
8132 8407
5084 9800
187 4415
3223 9658
5331 9351
1606 4486
4244 9436
4301 7361
3790 8556
1971 2643
7036 8856
2126 4785
5848 7406
2068 6300
2305 2429
3362 7188
437 8445
4851 6987
4983 6644
314 4426
2347 5263
8134 8271
5631 5858
2434 4414
5076 5772
2736 9159
283 4861
2483 3943
2362 8618
7399 8782
2143 4667
1455 4586
587 7924
2657 5570
4568 7082
2235 3266
6857 8696
1399 4554
184 2487
4610 5319
1611 8054
1894 3768
7710 9267
4376 7884
72 3157
1090 1634
1652 6219
2544 8590
495 5200
511 1414
8634 9097
3681 4679
2429 5953
8234 8439
3552 8964
574 9400
3167 7958
2467 7224
877 3194
1459 7300
2703 3093
4354 8389
5663 7284
6157 9295
8835 9806
3820 7570
8600 8902
4855 7501
1028 5734
9645 9991
5638 9045
3595 6917
2211 5735
818 9439
8628 8929
3090 7983
1720 7830
3735 8688
5113 7982
300 9891
3813 7787
3041 4119
1619 8764
4247 6144
3705 3891
6134 9342
9287 9402
2936 7850
105 5137
417 7288
6730 8732
4751 6804
3438 4559
538 9672
1419 6780
5558 9971
441 6944
4950 5708
8412 9196
1851 2116
3086 4336
7809 8725
744 3738
5226 6574
213 7200
1994 5931
6744 6942
1501 9086
181 9623
1172 7951
2755 7494
9698 9860
4286 4809
2697 5405
4004 7255
1164 3442
1591 8972
1680 2166
8739 9715
3266 6905
5250 8951
5893 9197
1993 4634
3745 8525
1268 4257
6475 7011
2687 8761
3060 9398
7495 8465
2095 7851
2071 3258
1292 3661
8582 9809
1692 8296
4899 4948
201 7914
197 3462
2189 2445
6189 8095
713 2351
3540 7456
2568 5713
6226 8773
72 1966
412 3589
4274 5659
21 5565
5672 8602
1725 7363
3250 6623
1163 2311
2507 3176
4624 5620
1048 2718
1809 8112
1421 5616
1651 3485
4228 8184
2257 6501
652 2197
3264 4925
3284 7856
3527 6842
1886 8566
5135 7241
1541 9551
1068 2649
7272 8410
6687 9457
4847 6341
4113 7568
463 5571
4998 7598
6150 6206
6801 7850
1113 8403
1726 6258
4396 4919
2633 6136
3376 9836
1376 4119
6767 9279
2443 7688
390 5482
3083 3496
328 1063
7142 7195
2985 4792
8491 9135
6340 7350
5752 5935
4012 7452
8200 8361
4496 8930
832 8766
4223 4951
3501 6493
5288 8069
1188 8459
769 4683
7448 7893
2098 5087
942 1434
6231 9432
568 3580
2855 5772
9331 9575
3218 4043
2148 7774
8538 8606
2760 7265
109 9908
2613 7976
152 5396
2516 2786
678 1187
3284 6316
2117 7257
1069 8347
1637 6688
8278 8811
843 3960
4060 8386
6159 8002
2559 2891
1116 9823
1023 2002
4614 9932
1679 5351
4766 8136
547 5952
5166 6862
3634 5587
470 6655
3509 8332
4643 6609
2320 5485
568 705
8569 9545
2103 3215
4331 7811
8278 9812
4561 5353
703 4426
5543 6239
3137 5191
356 1494
3432 6350
341 6819
86 8672
1081 6680
5280 8999
2199 6565
2461 6055
7119 9269
4564 4929
2841 9951
4740 5304
7401 9165
2358 9991
4707 7548
2552 9480
4255 5829
4595 5983
2421 9000
2031 3266
3501 8545
65 1029
3435 7095
2526 4213
3441 9055
9006 9141
2633 3881
4309 6385
3018 9397
456 2727
566 2206
1172 3007
4387 5342
5767 9738
7762 9032
1768 7614
3929 9148
1023 4030
2582 2907
1636 5236
728 6347
641 8979
1301 4608
1715 4005
671 4442
812 1236
170 6647
2407 7385
4525 5511
7122 9624
8889 9909
3589 3837
7619 8036
1211 6969
525 2798
3224 4957
1949 3526
2202 4485
3250 3917
3920 4841
4710 5652
1507 7708
265 5822
5093 7684
2214 4790
4698 7308
896 7455
1842 4886
2448 4866
5163 5391
119 1598
1475 8614
2067 7167
1668 5959
7152 7435
1939 2144
2803 3445
4976 9852
62 1296
1203 2660
6319 9861
3667 5900
3566 7137
5509 8432
671 5936
3822 3885
789 8787
5359 9207
2305 7670
875 9740
2813 4821
7623 8235
4438 6258
2671 8951
1610 5733
3873 5594
6124 7928
1493 9260
1120 9612
5547 9924
97 8142
5282 5784
1142 5235
4489 7540
5163 5363
3631 9983
1865 8175
784 3958
2908 6303
2035 3454
3678 4517
3980 8796
3240 9801
288 9412
711 6564
1311 8853
3012 7094
4134 8247
4587 4974
2138 9750
336 5768
4863 6084
41 7632
286 1998
5452 9300
2321 3816
2652 5481
5282 8963
2243 9251
1045 2954
2166 2355
5177 8158
5800 8643
387 9775
1912 3617
304 6488
2571 4031
1663 5166
7164 8964
1948 8263
620 8967
4447 8431
3272 7393
5514 6080
2995 7125
4819 5160
2976 5831
1631 6689
1619 2815
1587 8369
1079 4856
1890 5109
3408 3778
2741 3123
571 1423
1004 5889
2042 9434
1665 6687
2767 6826
3531 6173
8349 9891
1332 5721
4372 7677
3703 5647
2071 7187
7233 8265
3278 5474
3408 9725
2848 8881
5803 6148
3503 4270
1691 2663
8378 9288
680 2466
1144 4210
7386 8638
6321 8910
2938 9458
693 3161
7879 8584
1583 2168
1213 2495
7642 8571
4620 6522
1418 7119
2039 2325
4015 6974
1054 6261
1733 8744
6239 8726
2294 3715
3624 7555
36 9434
728 6845
2594 5428
528 4958
3804 3948
1589 1740
2374 2711
144 4462
6786 9830
6803 8534
7153 9587
2248 9415
4493 7671
6316 8487
8207 8462
223 8242
4247 7067
5321 6840
278 8846
2793 3720
4081 5459
733 2807
5195 8170
2950 4351
1483 8332
1153 1836
6919 7422
1444 4084
1411 8922
7760 9618
3735 4334
7859 7982
1400 9532
1173 6597
4892 9809
242 5742
6474 6703
4872 9400
2349 8020
2704 5574
183 3078
3956 4539
4974 9996
1407 5400
3895 9511
1024 3982
196 5234
1963 7947
3135 4765
926 4543
284 4379
1081 7519
3110 6918
2304 7481
5618 7877
184 2152
954 1075
6108 7301
6048 7859
6295 8707
3721 6082
276 3916
1316 8590
1862 2432
6404 8076
2454 9709
3040 7227
2501 3534
496 2189
6113 9981
6417 6517
4617 7370
724 7591
1023 9990
4934 9729
6284 8654
2911 5811
2569 3478
782 1500
2261 9576
1970 3537
6576 8381
5548 8267
2396 5428
455 1761
4860 6872
8277 9476
593 2219
1615 6551
1484 2208
4844 7696
137 3506
4106 9057
3335 5606
5595 9838
1533 3375
3916 6265
6302 9464
1730 4531
1338 1859
3070 9842
8118 8209
2546 5153
336 9096
6768 8895
580 815
3738 7068
672 7844
2477 4006
8666 9801
5952 7685
8392 9868
3949 4694
4832 5683
2775 3893
2616 6169
729 6962
7085 9507
5881 7420
4955 9000
1886 2666
6404 9814
485 8953
599 7781
842 6751
6447 6794
4435 4838
4735 6661
5883 8695
5918 8657
2086 2587
7624 9548
2814 4708
5047 5407
361 8479
1145 4046
212 8598
3900 7550
850 7048
1683 7890
7600 8129
2034 4683
2966 7695
3120 8849
2741 9038
3857 5327
7475 7833
1226 6641
2984 8892
1687 7371
2084 9696
4867 8293
5118 8647
2195 5695
3877 5967
3566 3584
2005 4618
1322 1951
1422 8664
170 1404
379 459
3082 4286
659 8211
926 7102
2612 3643
824 3338
2042 4695
3342 7983
177 7159
5388 9477
405 5323
2409 9394
6292 7696
1307 3730
252 9118
2710 5928
2143 6982
213 1544
1138 2801
2795 8645
101 5821
2485 4796
467 4214
1373 4489
6228 6995
7201 7399
1550 6595
7841 9807
4290 9888
9147 9759
6491 8208
5687 9824
2251 6702
1367 9502
6364 9741
8649 9841
1133 8536
988 2749
1599 1828
473 8593
7674 8055
2343 9604
620 2149
1261 3796
8388 9294
1020 1231
3058 7501
1054 4202
1660 8773
56 1400
5136 8704
1241 3671
2228 6188
4138 6419
4056 6892
8462 9082
917 1424
1536 8066
8213 9924
2796 4663
167 7507
1359 5893
3224 3299
1913 4884
2071 8320
3558 6283
3375 3875
3580 9562
6103 6350
3699 6510
2780 9593
509 4971
555 9388
478 8396
1192 7601
1459 5140
1033 1358
934 2817
683 4729
2169 9105
8451 9400
2662 2774
2593 8678
2335 4780
2385 8942
7641 8535
1516 2611
2070 5395
1999 3791
2547 5951
1334 7687
7409 9043
225 5071
5753 6328
1306 8496
705 4857
3299 3870
1976 9831
2165 6462
1755 6755
902 4395
2417 6641
2036 3357
4487 5355
2178 7033
7657 9863
1071 5065
6141 8905
1642 5233
8245 9299
80 9453
3378 6355
6185 9674
2487 5353
4702 8459
4242 5603
7234 9205
2562 4371
8857 9269
4268 7798
1925 2242
7660 9664
2917 3341
2157 4982
4501 6753
4280 4580
6206 6987
2231 7958
3171 9662
4224 4718
5311 8121
7325 9826
549 2544
8165 9886
506 9405
5962 7998
2430 9974
5770 7662
6170 9242
94 7104
2922 7735
4673 9127
4721 8982
4244 7710
4996 8779
3116 8467
4089 4645
440 2984
5193 6678
949 1148
3462 3535
5299 5964
9312 9787
8085 9028
1540 5481
8402 9121
145 9275
347 3881
1590 5479
474 4590
368 9409
808 3589
380 4053
3791 5597
1291 3409
6545 6943
1843 4752
4538 9258
3695 7506
2986 9917
5234 5389
4508 7740
1620 5533
1011 4855
5796 9561
6280 7836
1424 5204
5608 7087
7229 8156
1204 7916
4101 8519
1211 9622
468 2295
4159 9801
427 4162
2786 9396
525 5815
255 7700
1461 8496
5062 8056
2898 7257
687 8812
673 7773
4420 5180
1354 5623
3096 9872
4306 6075
8370 9494
4 1125
5287 8170
955 6783
1034 2597
7640 7832
6327 6648
1710 9101
735 2709
1421 4607
1520 1631
2291 5546
6811 6899
4266 9906
340 3122
563 8967
8039 8709
5323 6878
2105 3325
710 4185
2016 4701
7701 8350
4694 7450
5428 9410
158 368
3201 8029
1998 5098
320 8808
4585 8348
1469 5065
1979 4924
3633 6788
18 2110
510 9694
4214 4694
404 5266
3061 5105
2966 7755
8727 8906
5415 9534
9086 9094
1092 3443
114 4183
6251 8882
4698 7668
5974 6703
3490 9646
6015 9606
5599 6467
5709 9812
2464 7513
573 1429
3920 4395
2825 4679
565 3121
8239 8567
1681 9650
185 6010
1795 2260
2844 5418
2120 6279
5925 8817
4774 5609
7559 8291
351 1241
3722 5105
2814 5151
2029 6733
5897 6708
5369 5909
3624 4147
3935 9625
2180 9944
326 9809
5227 8556
3169 4834
3698 8338
7110 9307
3111 5401
703 6865
587 5751
4917 5807
2089 7836
7985 8001
895 3910
870 3353
3640 8056
235 494
6655 9935
6912 8490
1881 6433
1930 9676
4770 6785
1236 4232
2185 4453
4288 4935
1391 7093
3479 9204
1280 3556
7815 8526
1167 7465
5521 9395
1158 9889
1093 2107
6543 9019
4775 5934
5451 5609
6572 6704
2394 4292
803 930
2089 8744
1569 6486
5534 7124
6813 9964
680 7778
1691 8144
5296 7437
2806 3664
2123 7325
219 3898
1141 9831
1345 2943
1792 8049
4185 9514
6668 8692
1466 3787
3035 8757
272 642
235 6510
3806 7189
4364 5496
5333 6011
2933 5348
6609 8816
2713 7470
4962 6828
8172 8896
4256 7039
121 2572
1263 7575
6789 9040
1401 1897
1672 8426
4936 8890
2695 8258
2124 2621
3808 8191
7475 8632
3799 5508
4083 9329
6512 7262
643 1759
1786 4898
4357 5149
1371 2723
1972 4511
1762 3372
2759 6540
1396 1648
1475 9653
4342 9950
2274 8884
110 7257
5617 6358
1055 6793
3918 4945
406 1939
2028 2191
6837 7176
2900 4559
1223 9898
8012 9069
946 1827
2341 4551
2377 3474
1994 4167
619 2326
3051 8787
4227 5760
4403 5281
5700 8904
5551 9310
7578 7638
826 7852
751 1106
1736 7355
804 8325
5366 9271
2630 6268
1611 2455
8644 9956
6622 7322
574 6024
4800 6108
511 1783
687 6433
2562 8335
6348 6551
4199 5912
3369 3729
4950 5464
724 9626
6089 6268
5249 8896
6859 8709
4056 7352
6814 7029
3740 4673
781 3052
4834 4891
7643 7675
1872 6556
6009 8219
3106 8273
2418 6834
1641 3719
2364 8650
1269 3344
4805 8592
6517 9865
5450 6924
7216 8615
3952 8241
7003 8706
9021 9949
3015 8189
60 7623
9570 9984
4631 9027
3400 8256
2213 9896
862 7118
6813 8612
2130 9768
1756 4998
3557 9632
1922 3199
5873 8524
1439 7229
6811 9228
3529 7416
1152 9825
3827 5746
1135 8457
4773 5742
1856 6985
5325 5637
600 4198
2679 8490
6597 6719
2702 7676
154 5949
5901 8677
3691 8174
2257 3753
502 5786
326 1168
3289 4994
775 2424
7196 9803
6516 8010
532 8504
1081 3335
5456 8176
3759 8526
4772 7786
1228 1277
87 3480
4612 9953
7170 8562
7671 8364
699 9531
339 4349
876 6772
7030 7465
319 3980
5040 7202
4726 8835
642 8282
2040 9253
4024 9168
395 6177
5301 6263
1605 3874
874 7395
6518 9237
1418 3568
5119 5766
2347 3906
1370 8889
5559 9376
1701 4415
2760 6888
1041 5492
4744 7529
6696 9432
1960 8768
420 3442
3667 8223
5448 8376
1062 1246
1037 2479
2507 4813
4596 5071
3484 4853
4229 6440
4493 9042
4995 8153
487 1380
5545 8908
1328 5230
349 5604
3287 5397
7120 7861
1848 9064
125 9661
697 3093
2603 4257
3203 7198
4408 9327
2119 7033
2426 8636
6611 9982
578 7990
6122 6820
3249 8402
5204 7449
7087 8750
601 2222
4948 9664
4069 4608
3513 6140
1656 8742
4121 4858
2291 9800
5675 9265
4252 8270
4880 8100
586 5029
7405 9221
7502 8821
4950 5806
908 4025
977 8388
3129 9687
640 3549
4294 6779
3413 5949
1872 3885
514 7159
36 2775
6188 8305
639 3379
316 9536
5108 5667
3168 7720
3929 9878
4305 4469
785 2856
265 5281
2543 5920
165 3188
9050 9929
921 5489
165 8999
201 7786
3973 8125
1503 8505
4611 8041
1818 6629
5890 9500
3428 9796
4264 5767
2903 7732
3012 3471
2365 9519
5283 6035
684 5553
1041 5963
2479 7956
5741 6391
2679 4515
6065 7536
675 2370
539 1928
1427 3655
3450 6428
4855 8546
4065 8938
7536 7800
7318 8302
3584 6252
1804 3352
620 5666
8575 9196
5586 8145
4316 7175
380 6453
4710 8822
6637 7407
1061 9360
2140 4416
863 9270
685 4927
4559 4837
2860 8814
2154 5066
1858 2796
3221 3415
3875 8769
1989 8371
706 2656
5546 7158
6607 9388
3146 5979
5339 9596
558 4011
1420 3830
866 9632
2699 4190
5702 7864
4208 7050
9281 9845
2417 2502
6291 9611
7622 7951
1014 8327
607 2911
5485 6346
1463 9517
5464 9491
48 3153
6982 9474
5457 7820
4200 6870
9647 9901
3048 4733
4014 4108
6524 9244
2867 8854
6840 9167
180 6804
3762 5166
650 3090
107 8958
5949 8465
1617 4422
247 2349
168 4951
2056 5502
3389 8054
5402 8121
1101 5862
344 8486
7704 8737
4255 5549
4543 8704
4434 9709
3875 8818
5276 6710
5174 9185
1225 9958
3143 9925
4445 6556
6444 8611
9832 9946
1699 6664
7764 7952
2790 7560
4459 6297
6359 6845
551 1388
1337 1415
232 7448
1563 4157
747 5507
3083 5683
704 8825
3007 3612
3269 9450
2222 9566
8886 9281
1264 3585
3001 8824
2726 3812
1472 9570
6522 8374
7309 7936
4756 6062
3977 8167
26 5265
947 4723
1779 3108
6115 6123
5390 5743
1916 3963
1197 5308
2848 2923
1133 2201
3858 8098
2364 5921
3427 8885
647 736
3173 6708
1843 7691
684 7107
1759 7716
4405 7176
6879 9889
1630 9642
1557 2621
4280 5592
4792 9105
237 7203
5300 6992
4094 5707
1221 3873
943 1867
4115 4608
4926 6450
1962 8158
5873 9909
72 665
9400 9960
5393 7544
1589 6516
6950 7180
796 2406
4350 8323
2643 5314
3088 6001
7221 7372
6960 8315
1567 5439
6717 8781
4369 6938
629 8678
8749 9163
7645 8562
5060 5188
3955 6648
7256 8056
179 5203
8502 9661
8655 9552
167 5552
1743 3891
8702 9125
915 2205
985 6621
7341 7631
2660 4275
3437 7969
1408 1965
2819 8350
3505 8656
1560 5818
2263 2349
1924 6762
850 6313
6930 7368
8216 8672
1258 7340
3726 9814
6698 8255
2237 7151
1425 4038
4897 8358
1213 2656
322 9562
3826 5475
1292 4570
5385 6832
3640 8498
841 5107
1162 2037
4561 9378
5818 7060
785 3069
1323 5632
7482 9134
1519 9912
558 4808
6228 8122
6550 7463
7683 9289
6727 8604
2112 6933
572 5436
542 6961
7765 8123
2325 8930
5990 7500
568 4494
3126 6477
608 8243
5610 8154
2519 8478
1058 9313
640 6775
4675 7607
2416 4333
3278 9348
2796 5065
6271 9757
1959 4035
888 4231
1730 2711
3229 7205
6355 8649
3243 3681
3314 5643
7748 8143
7060 8161
8801 9200
187 6806
2602 3475
6752 7491
1949 6638
4571 8169
127 2746
6976 8606
1014 7668
4243 5057
3706 4872
4905 6949
262 3300
547 1048
5059 8404
7604 8107
3859 4645
761 7333
4603 7246
437 5546
1241 8605
117 338
5074 5083
6096 7314
2370 9093
317 6690
2427 9990
5221 5727
251 2119
3126 5007
7177 7584
2610 7388
2229 9722
1072 5826
677 1508
7724 8269
4192 6464
7898 8606
5617 5919
3994 4709
4641 7035
3419 5025
6597 7025
3627 5497
8622 8715
2244 8633
6206 7594
4786 9631
702 3668
611 4344
4686 8562
1377 2612
7569 8877
4493 9275
3488 9620
4480 9202
578 3006
4250 6382
7175 9747
9 2241
4993 8368
925 4484
466 8939
2062 2606
1168 9025
3301 6081
2264 3710
2587 7457
3083 9832
3431 9671
2702 8984
502 2060
4752 9562
6736 8441
4498 4801
8976 9217
6146 9812
142 5084
277 8555
1444 4041
3693 7579
1289 3876
5956 7685
227 2139
767 3657
1810 9821
8663 8993
1880 8554
3414 6672
5289 7911
616 7825
3480 3970
427 3621
704 5405
5797 8527
6106 8499
8727 9489
1796 3746
3972 6411
286 3529
3980 8447
2972 3349
1580 7110
523 7877
3165 4604
2428 4786
133 8265
6397 6911
8153 8237
6763 7614
2465 3949
9220 9789
1191 2965
1584 3953
6936 8221
7268 7481
6668 7182
3777 6591
4468 8761
651 9716
3984 5436
2143 4116
52 4891
1027 8288
3043 4992
1403 6991
622 3808
4998 6779
3587 4714
5302 6874
2783 2935
493 5954
7084 9964
5076 6082
1551 6732
4792 5534
6934 8520
8571 9650
1825 7028
1219 3211
2019 4613
5827 8210
1340 1586
1524 7176
2406 2478
1692 8398
1612 8890
1575 7645
3726 5973
3002 7523
6809 7793
5328 9409
1079 9058
251 9255
2437 3461
473 807
4425 5034
6010 6633
161 6374
3886 5131
2283 8990
601 6822
818 7524
2175 9849
895 5176
3723 7703
3131 9321
399 3031
8540 9633
976 6005
3093 6477
1783 3869
1511 4767
4236 6230
115 1279
268 9366
6187 8749
868 2625
7004 9394
2473 4250
922 6195
242 1952
1334 5678
569 6992
966 2996
410 1545
5824 9679
630 7334
797 6860
2076 7921
3326 7286
2075 2343
9563 9824
3179 4699
3523 8956
7428 9877
6069 9380
1746 6470
713 9813
8031 8667
211 9160
4984 8440
6241 9070
3389 8669
2281 6590
5464 5606
227 4159
51 4032
3721 5082
3229 9028
657 8604
1025 8905
1726 6388
3452 9122
1539 7788
1482 7050
4350 6274
590 2033
1695 7054
3975 3979
5794 9995
221 5932
6316 9952
24 271
1397 9852
6353 9052
4308 6860
3247 7377
2850 6033
3050 3923
638 4532
4987 7325
5709 7157
1929 8851
2259 2762
2756 9177
5108 8052
4356 9329
1423 5951
4379 9172
3430 5802
5524 9013
4089 9252
6474 8611
1661 8453
6748 9090
2544 4072
429 9700
2357 9781
2542 8550
4615 7726
1650 9018
978 9185
608 3373
3280 4104
6131 9082
3885 8006
4446 7974
3057 7257
4447 5709
1194 4717
1151 7260
1579 5266
3311 5046
287 1860
1253 3939
1940 5937
270 5121
9269 9995
2080 2549
4098 4562
2427 2567
2307 6175
5483 6753
6551 8236
4299 9386
162 9564
3472 7316
961 7602
1251 1683
7619 8854
9123 9543
8811 9092
5469 7523
1359 9566
2085 9340
3900 4651
6206 8119
826 3601
9061 9311
3609 6504
4798 6665
2113 9524
137 6836
1819 9714
4438 8567
3980 5790
1233 4041
2791 5862
501 5107
5427 7191
5678 9841
4311 8194
1884 5371
7546 7911
766 4431
1154 5580
7029 7431
7567 7692
3757 3864
5737 8301
2323 7878
2281 2715
1423 5462
569 8576
355 1923
4111 8115
2304 2384
2425 4267
4026 6688
4808 8164
7453 9317
387 4883
6345 8078
6560 8801
890 1834
508 4861
3493 5119
581 9575
4502 4915
1149 6837
1208 1611
1304 3592
3728 3915
4210 7940
415 2374
2748 4220
8042 9486
4387 9102
4255 7564
5749 7298
1496 8510
2609 6614
2002 2183
3268 7194
4694 6684
105 4244
1408 6305
6571 7835
1487 2044
862 8254
3609 4417
2473 8811
3095 7926
7010 9549
2180 6846
2758 3675
5356 5366
3709 6641
3834 3900
6936 6977
3433 8528
1179 1184
1192 9013
2678 7754
7408 8615
931 8177
8576 9755
6987 8022
6535 7681
5031 6212
3380 4140
5087 6239
2879 5858
6109 8796
5772 6712
1591 3044
574 9204
395 2774
6879 9586
3346 9424
1846 6707
421 1522
4860 6461
4141 8442
1394 9824
353 1125
315 6591
2524 6212
1359 9469
2532 4985
3482 8028
2685 4123
3248 8602
4539 9431
5206 6479
4236 8324
1912 5757
8373 8744
616 3537
8361 8865
9217 9712
6378 9486
2049 2159
1627 5254
238 9759
511 3240
985 4617
2276 9570
584 8058
461 7062
3263 4696
1737 5175
6805 6832
7420 9899
368 8763
2133 6431
4332 7970
6490 9161
4414 6370
4469 6128
1003 4979
5619 9367
1642 2315
2898 5189
5649 9699
6312 9313
344 8048
839 7148
737 4880
920 1599
5852 9404
183 4382
3542 7373
94 3024
4307 7492
5309 6221
1939 8822
927 7488
2467 9932
386 5982
3049 8115
4811 5294
1096 6133
2327 8310
3221 5581
3926 5424
1336 8307
5606 8708
8200 8630
2506 8801
1373 2473
4166 7647
3311 5092
5134 9594
1871 7559
2025 5575
4919 7221
3187 6015
7849 9705
2925 4693
3429 8618
4765 8349
306 3276
1475 9824
4977 5287
332 4112
4497 6349
1758 6012
3243 5941
1957 9851
5114 7532
6384 8227
1414 4752
4456 8750
3443 9262
3732 9042
2060 8432
1688 3806
8738 9982
4024 9514
4958 9846
7658 8135
694 6244
21 2986
1978 5839
952 2836
1063 5861
612 3687
2437 8828
1419 4441
5150 5879
3482 4290
3640 9934
5977 8671
1843 3621
4930 9046
1688 3533
8733 8939
5312 6128
1719 1966
906 7289
9269 9501
1968 2956
112 7147
5392 7882
1587 7622
5069 9383
1911 9316
4240 5060
4338 8680
3384 6082
4121 9961
3268 8899
9205 9395
562 923
1361 7850
629 1829
148 3702
3584 3813
3647 5327
5233 8046
2948 7429
1211 6653
1712 3096
1802 7434
4235 6743
6703 7169
436 4707
1954 3911
2515 6182
1186 7542
6717 9366
418 4523
4458 5865
583 9511
4980 6137
1096 5436
2408 7748
1856 2998
4799 5812
2554 5641
2809 5385
91 5609
3914 9596
354 5777
1539 6428
9496 9671
545 904
3120 9914
5002 6848
2631 7490
78 1827
587 2926
4177 5923
2442 9988
722 4434
2458 8894
4502 7242
2549 3189
2902 8415
1194 8965
792 4987
690 8047
5531 6955
1166 6885
154 3796
726 1980
3651 3873
8050 8918
7711 9574
4389 6647
2144 3282
5737 9104
4135 8004
8901 8925
4242 7257
95 8048
7136 9228
1111 2446
442 3612
595 4347
3759 5072
7632 8926
4196 5075
2033 4648
1906 2773
402 7646
2407 6749
6138 6541
1105 5063
1794 4713
8240 9304
2761 4883
1558 5375
2168 2345
3043 5169
8928 9114
4391 4467
2911 9541
4943 8586
540 6844
4067 8185
6473 7245
1285 3382
2389 3014
1159 8444
4099 7102
6214 9398
1124 5334
4030 7771
3291 9292
7073 8756
1539 8219
1129 3146
7431 8084
2423 7970
4927 6489
2171 6154
3790 9314
1904 8679
6179 6700
9632 9837
7150 9234
2197 2483
357 6319
6513 9999
5610 9937
180 5106
7827 8251
1308 5257
82 2686
3964 9578
2923 5731
2236 6134
4390 9520
914 2050
750 1089
8033 8238
229 9983
6691 7073
2900 9937
3041 4861
8146 9873
5041 7699
2748 6348
5434 9307
2782 8884
5704 9397
966 1883
6837 7939
6272 8852
3712 8887
3271 9601
5935 8301
5373 9852
2625 2751
2017 5309
1533 7611
162 2651
2909 9231
4889 5351
4694 8132
3772 4091
3835 4737
1773 2325
4948 7926
3164 6976
6576 8659
6434 6959
2510 6285
1486 8684
344 5387
2998 3502
15 1877
1107 2000
2923 3702
2348 7617
1833 6119
2019 8059
383 7208
143 1485
5330 7118
340 4648
1081 3693
2554 3650
2333 3718
391 9104
244 2677
905 8453
258 6805
3181 8363
506 710
2339 7149
1559 3181
388 709
852 1941
3622 8224
2871 4321
3961 4366
3951 7610
4020 6919
3662 6295
3124 5323
3905 7928
515 6227
4589 4732
47 5238
1651 7195
3928 4831
988 8753
1570 7045
1839 9793
666 6160
978 2663
525 2965
3795 4939
1233 6985
3808 6460
2907 7713
4387 5485
5471 8227
74 8273
708 8076
987 1819
2906 6923
1974 4475
165 3967
984 4267
2676 3281
1961 9552
6245 6899
9581 9698
3506 4484
2392 7390
6779 7570
2148 2875
8601 9300
6772 9308
7375 8590
6632 6646
1864 8619
1106 5830
1724 5135
3165 7810
1356 5125
3952 7361
2023 7059
3533 6506
564 5924
248 8133
9054 9474
280 7654
3403 8773
2499 3313
1992 9958
207 9130
235 4929
63 2388
5552 8310
7873 9665
676 1585
3616 9050
3500 4995
1908 5558
2155 9424
42 4829
1628 6673
6752 8835
75 2147
8418 9250
4731 8457
3385 8624
1011 1317
9626 9799
4023 6562
3589 5642
1960 9257
6954 8991
898 9109
2512 4884
8905 9404
7383 9712
1930 8546
486 2004
7045 9735
5501 6774
817 5397
2133 5237
1387 2760
1758 5673
1762 3751
3721 9262
3007 8252
674 8467
3185 5501
1256 3350
8442 9414
7959 9123
1355 8726
5209 5499
3207 6025
4795 7248
7 8157
6182 6266
5679 7943
16 1292
1663 9374
5895 8688
1395 7841
1873 7542
2650 6666
6955 7639
1266 7036
3113 5761
2620 4673
1260 2179
697 8507
5205 6973
4865 9506
6895 7822
3800 4189
1814 8187
3563 4081
502 7755
1828 8726
829 5296
2251 5391
2426 8468
3516 7932
2487 4538
2149 2605
4665 9653
7007 7990
1871 4858
7495 9031
1295 8766
3220 3304
3108 3134
7384 9961
5563 7240
8686 8887
4076 6392
1211 7489
1004 2853
7391 9142
1746 9843
4507 5891
1399 2898
2608 8848
1120 6343
6237 7990
3989 7561
3448 9540
694 3276
3409 4285
2094 8838
1581 3172
660 2522
2791 5374
1933 8016
7858 9116
30 1359
7780 8716
4256 7564
1727 6739
258 4729
4246 7964
2289 7503
7693 9335
7130 7453
3619 5968
3142 9547
3900 8420
3802 6691
3793 8169
4975 9261
1356 2378
619 1093
1226 9136
5008 5874
2952 5265
915 6954
5595 5862
3555 4770
1281 1899
4899 7359
4218 6905
4393 8118
1676 4546
1160 1821
2714 6134
1081 5091
7489 8051
2535 2976
7543 9276
5202 8579
8507 9159
5021 5846
4101 6967
4927 5381
2285 5217
6632 9435
1024 5542
3904 7217
5063 5569
4634 9037
6469 7548
1388 9724
2258 4519
146 4364
5917 6152
5077 5311
922 4423
6683 8524
1609 7888
256 3104
245 6887
5786 8890
2793 4262
9355 9830
4207 4743
815 1754
538 1212
2082 9494
3857 9148
5299 8580
3656 6125
547 6961
929 3643
5168 5422
1603 5678
1848 4623
2564 3513
3985 6826
2657 3339
3007 3216
3822 4434
1997 4969
711 4462
4078 6210
4670 9009
794 1509
4821 9016
7693 9944
3114 8464
1463 6418
6086 8791
7707 8265
8602 9598
884 8606
242 8292
1821 2725
415 3142
1126 4721
3955 5151
7335 8625
4159 5195
3175 5770
6368 9814
1183 9470
933 2928
7600 8070
2217 7018
2128 2967
818 3011
1572 9109
3393 9605
19 1834
2886 6554
6840 7496
1183 8056
1816 2215
2729 3938
1741 9096
3751 7562
278 3030
4230 8494
1863 7452
6446 9579
4829 7263
2753 8942
2723 8546
2497 4556
4916 5382
2412 7462
2221 5517
4037 9946
2674 4083
5823 7974
8076 8122
3385 8399
1106 8230
8557 8980
93 5425
1273 8135
3428 9039
1762 4025
1973 6521
2669 6889
130 8254
475 5652
1999 5597
863 6081
4622 8836
2743 8256
1640 6911
4368 7494
6221 6473
2924 6313
1898 7411
3938 7288
838 7962
2811 9049
835 1718
6051 9088
8054 8199
197 5914
2 6776
2630 4623
885 1963
5226 7366
4859 8876
1448 9593
2517 7683
4113 5932
6279 8050
3220 7116
2268 6011
3197 6278
337 8680
2285 8536
6733 8198
5084 6734
4065 4974
6936 7709
1301 5074
2161 6528
6284 8106
3966 7976
2088 6974
3252 6250
137 9469
367 2499
1736 6645
2073 5696
1676 7980
6960 8409
2529 8395
1494 3854
2460 9202
3760 7142
4275 5654
288 6910
3759 8263
732 7228
3477 6702
3983 6838
702 2945
1032 9336
3698 5031
5373 9456
6415 9362
3781 8243
1627 4810
2096 7269
828 9237
1455 7380
4891 7667
4716 8649
5733 8982
1771 6067
1067 2171
1507 6768
465 2099
1554 2889
5838 8603
4321 5970
5482 6845
7596 8940
8424 9102
4529 6481
6230 9419
945 4148
2780 4419
151 2888
1010 8114
284 6218
2077 9337
527 8142
1031 9802
1991 8432
2752 5985
2829 4312
1908 4585
3686 8120
2648 6683
167 9264
666 2066
208 2837
3445 9447
1558 9339
457 1908
8194 8885
1245 6335
7398 9411
3717 4194
5740 9701
51 6946
2529 7882
7001 8310
1344 1568
1734 9648
607 8066
815 8751
902 2195
6592 6613
105 7069
8298 8500
5953 9744
984 1715
3493 4701
5909 9232
4401 9206
3282 5634
3944 7087
282 5006
1639 6281
2246 6739
4346 5489
1599 9412
4036 6024
492 8191
6690 9445
1749 5141
2785 6124
2629 3464
824 5724
1577 1860
1281 3845
4719 4858
1491 7788
9427 9725
6463 7771
2117 8024
7435 8304
67 8691
8257 9810
9182 9254
1298 4322
434 1003
818 6797
3062 3973
1273 6541
1901 7821
5118 6758
2539 9257
2263 4600
2370 5035
5078 9410
838 9733
905 3196
3006 8423
5513 7604
3163 8611
8277 9613
1425 9948
430 9362
1749 3322
3649 6986
2103 7494
6385 6758
1357 7712
4999 9098
3727 6428
4564 8508
1703 6160
1820 4582
3685 4708
8537 9671
3165 6847
6794 9283
942 6065
2507 2690
5738 9493
3232 6339
3096 7947
5658 5968
966 4453
4531 4756
7394 9615
3553 5446
1317 7266
2377 4487
3023 7302
2047 4148
2540 7681
3481 7293
97 9800
5835 6170
8860 9292
5418 7238
1385 8308
2760 9248
355 2350
3642 9743
9087 9969
7637 9648
2704 4134
5 6365
3508 8411
4152 6047
2444 7797
2540 5879
3948 8401
8374 9591
3612 3791
1919 3180
2427 5175
1030 3877
4671 9133
5453 9971
3758 9618
3090 6461
103 9454
3611 6466
4217 6969
6009 6660
1888 4765
5064 5551
3925 6640
251 4654
4067 7834
2170 5594
3199 6612
5745 9470
5792 7870
1197 7979
638 5410
4439 5512
92 7256
660 5474
1483 4225
3671 5341
9221 9722
405 6361
5058 9497
2963 3564
5132 9243
5509 5855
1330 4683
7951 8904
7121 9147
6882 8882
6137 7672
746 6228
4928 6219
3239 9152
4053 6909
844 3774
1248 2481
1978 6486
2658 9449
1893 8252
932 7401
4106 5614
5082 8408
2202 4517
7555 7750
3691 7436
5422 8181
349 6270
4399 5860
5852 8452
2768 6695
1600 8577
1415 4295
3304 3577
5469 7215
1555 8146
2013 9221
112 4302
420 980
2856 4326
291 8730
4151 4368
6989 8471
851 9221
2848 6702
1967 7672
2601 9748
3567 4042
4015 7143
1229 3697
5252 8964
5726 8184
3616 5837
4035 8838
3169 8045
1898 8361
8335 9080
2400 3157
6069 9602
2377 8916
6303 6401
2402 7235
801 9001
2796 3015
4295 6492
595 9610
6320 8095
1710 7794
2157 2983
5325 5745
457 1027
3574 5713
2325 9536
1956 8869
1245 1926
872 4580
3997 4458
2997 6981
5258 9776
2363 5904
2620 2957
714 5514
9277 9659
2424 7785
2641 4520
19 9461
4976 9386
863 5731
1710 4599
2819 9987
42 2195
918 2544
4499 7898
5540 6108
4026 4255
6645 8363
3876 7211
2839 7358
9781 9886
6975 8878
652 2787
1979 8896
978 2172
233 2842
1928 2012
475 6571
7488 8405
3018 9255
4909 5386
1714 5763
76 9163
2407 2726
304 6116
1916 6541
5897 8891
2900 5419
666 1677
201 4879
1644 4072
433 3571
6083 7004
397 839
3414 4491
93 6228
8158 8323
1990 7485
748 8233
4888 6562
6864 8478
1429 9112
3199 7368
2011 5396
3864 6889
1859 5596
960 2381
1782 3394
2178 9384
226 584
676 5592
2806 3914
1147 8833
3418 7750
664 1895
4657 5110
6085 9141
573 2860
2583 9283
8255 9499
3851 5824
1357 3135
2583 3138
2881 8318
3464 5316
907 8543
492 7700
1172 5676
5273 8847
5445 7093
102 5936
5076 8554
6186 9126
1821 7935
2542 8060
1319 3883
2675 2744
3370 5326
2165 6250
3643 7480
6065 8537
4738 6556
2261 6237
1435 8584
4028 7533
4879 9821
3432 4129
1248 6667
2557 5535
616 8487
6157 8076
851 7171
4220 5183
2496 7347
6138 6821
4826 9237
1026 5915
5793 7262
728 8175
5048 5708
4755 9926
1880 5236
3127 3357
1902 2265
5013 6740
9233 9440
83 9248
4430 6610
654 9105
1777 3826
1594 2954
2620 3062
5206 5221
3395 9881
1281 5933
5454 7040
1206 7333
915 2275
4176 6812
1824 3179
915 2411
162 7616
4225 8845
943 9498
3330 9071
4923 9675
2737 8377
3597 3894
127 4294
227 6991
1407 8797
2612 7266
6129 9540
3526 9292
67 3057
7333 7468
5083 5467
3846 4312
4788 9307
161 8988
3859 9836
263 8587
4156 8924
2183 3217
4282 5525
2040 9795
4321 7060
4652 6802
2951 4529
2445 3017
7585 9912
6701 9404
546 1346
67 7005
227 5334
5544 5992
2606 6414
4130 5337
2664 3114
3747 4906
4700 8188
5787 8861
6790 8112
1062 2014
4458 7670
431 1607
722 3483
1010 2067
1076 4029
5714 9071
1415 7654
1257 4068
372 1738
3485 5756
661 753
5292 7232
3018 5361
3472 4152
6159 6165
885 3828
6975 7667
5434 7696
1150 6443
1530 9762
3870 5185
7243 7876
2951 4851
1943 3322
2940 4050
3692 6807
390 4711
6423 8983
3407 9487
5917 6246
2003 3482
8977 9744
1149 5178
3024 8650
2786 7972
179 8194
3773 4322
6069 7272
4363 8623
593 1562
3751 8412
1605 3122
4140 6939
3898 5896
2141 2777
1132 9814
5623 5910
108 3123
3132 7439
1762 8124
2269 4654
6590 9955
2375 8426
213 3400
6737 7157
4961 5149
2917 7260
4622 7751
6870 9855
1649 8984
7814 9010
115 984
75 6574
4106 7513
2229 6057
5627 8325
5581 6882
1266 1659
4308 7830
1044 5058
18 4987
2544 8598
3518 9286
5493 6348
387 7996
4476 5748
2162 4590
6732 8588
1163 7189
6101 7220
1727 9418
1896 2651
3659 9514
4310 4318
7343 9367
5362 8681
4257 5737
5022 7278
3626 4126
514 864
1341 7973
6486 6612
3343 5930
3445 5074
531 7526
664 6300
5604 8911
5303 5614
8424 9612
5767 9932
1645 5330
799 1066
5901 8077
2440 6379
1702 9305
6026 7242
646 3853
2512 2927
3547 7585
430 6371
3386 5110
713 6729
2031 2297
720 6326
2609 7994
2838 3324
3637 4253
154 741
1713 3180
6532 9766
2485 3773
5791 9482
3978 4654
2408 7524
2238 8779
3699 7953
1034 2164
763 4460
3441 9416
1532 3762
4369 6049
302 7085
4357 7825
2421 6807
1005 9690
2186 9841
3462 4329
3791 9322
1729 8982
1315 7572
507 5619
7622 9023
3004 8385
2420 9834
1365 1825
6181 7873
5734 9617
4526 6442
1332 7441
4797 8863
1021 7400
835 989
310 1728
4625 7062
2291 8391
985 5249
7910 8606
4271 7265
4105 6990
8814 9684
2216 5469
3039 7554
7564 8184
1977 3996
5248 9210
6268 6773
6609 7762
7102 8337
1727 4423
1750 2813
2734 4017
8062 8278
1339 2332
4681 5543
1578 2788
3494 8257
146 2884
2162 8329
2509 6800
305 2047
1718 3430
8314 8327
1768 7543
1965 3015
1116 9846
3862 4778
3849 9191
1539 8492
386 1522
4310 6219
6065 8315
8460 8918
5300 7431
2099 3141
3445 9940
1657 4145
6874 8811
4416 9983
578 9349
423 2733
464 7510
636 664
3052 5479
925 2203
5864 8421
531 1586
503 837
6137 8990
2130 7934
7873 8235
1927 8732
5152 5881
2216 7542
4471 5920
1564 8652
1245 2028
1880 2513
2691 5564
1245 3711
5926 6488
8074 9666
6456 6854
1798 4928
2861 2990
1225 3927
2205 7085
2966 6308
3849 7357
1533 3276
3096 4671
1927 5915
1475 4439
518 4146
4208 6354
1762 2841
134 7779
6589 7266
2194 4633
3974 8386
1406 8665
5198 8491
869 1505
7808 8225
1705 9340
2727 7852
8787 9778
4993 6614
568 5491
6921 7131
5244 9698
6114 9831
3379 9375
359 2772
5572 7509
4332 6978
2525 5882
1820 3394
3738 5979
5443 7970
1670 5822
456 4521
1951 9514
2519 7069
551 5004
4701 5791
1904 5795
884 1521
7 1635
1879 3558
6210 7515
40 535
2091 8706
2181 9785
4106 4684
6353 7623
8495 9927
3161 8230
4360 6581
7100 9363
2890 7132
416 9278
1146 7651
798 9132
7657 9028
2689 5171
5237 9576
1562 3680
1346 8281
5860 9317
5452 9834
1730 5669
4680 5181
6311 9040
1762 3410
8402 8893
2652 5169
149 8170
2819 5319
475 9280
1968 4346
1998 5934
3559 7895
5965 6176
1257 8176
3060 5492
4361 7512
4789 9041
1100 2693
4432 4454
861 2833
3512 9698
4219 4354
3660 7172
9291 9537
234 3999
1259 5996
2519 5505
4836 9554
1680 7162
3011 3523
221 3724
1035 5010
79 2764
2461 7195
884 3321
581 6379
3185 7084
4799 6844
687 4256
4606 6135
3745 7272
601 9790
6506 9249
4625 7281
3668 3988
803 3888
7711 8189
5249 6826
4061 8267
372 5502
3734 6750
6082 6918
186 880
113 793
6247 7918
5189 5398
2350 6343
1331 1944
5955 8855
5576 8874
6294 6378
4004 9114
714 919
829 5537
1200 4775
1039 4860
4302 7120
1777 4487
1889 4352
5279 8621
4488 7028
830 3810
5140 9377
4583 9125
4700 7446
3740 9809
7430 8922
7743 8348
4924 5987
236 7113
1274 2475
1972 6776
3748 4746
5449 7614
5637 9244
4069 6476
4230 6271
1999 3657
2782 5721
3167 6582
3833 6390
1262 3258
1663 7352
4001 5961
2275 6197
1114 4750
3085 3822
4919 7877
1843 3185
5173 6719
1086 7140
1648 3709
1369 5304
5707 7090
4437 8640
6608 8270
1381 9865
3043 5883
1844 7216
3396 5843
4392 4509
592 4565
3945 4820
3481 5836
2554 6662
4100 8653
6652 9693
4160 7414
6218 8308
2744 4503
4858 7462
6238 7365
3248 7326
893 5633
5091 9028
5834 6735
3678 9888
184 398
2585 8498
1511 3665
2317 5139
1183 1962
2473 5321
3628 8596
8691 9450
3548 6371
88 6911
4236 6137
1769 3335
1481 4777
7148 8215
610 3387
1893 7359
3571 6742
7235 9944
1434 4604
2918 5903
1223 2616
5390 7564
4080 4850
7013 7573
3924 3979
116 7660
4511 7346
5991 8236
1736 2122
558 9083
5122 8802
2793 5044
2736 5543
2278 6498
521 4533
9415 9489
1157 2107
6957 7052
1588 4064
881 5567
4892 7987
2034 8850
269 2237
710 4840
1749 2004
3478 9792
550 2584
6092 8521
1672 7151
8544 8942
4708 8035
141 8032
5083 5864
3449 3804
4329 5499
3485 9370
1403 5572
4160 8686
8023 9878
4869 6379
1626 4660
2176 9856
3596 4728
1619 4619
3560 8230
162 6264
4620 8194
6405 6835
6205 9628
638 5126
7 6886
2457 4963
3648 7761
5784 6617
1485 3525
1503 2162
2497 8369
3678 6092
3096 8296
4062 7678
4223 8208
3941 9179
6697 8768
6013 8396
2902 6651
3521 9787
3009 8483
770 8595
5211 8483
2905 8359
3048 5066
5544 9861
3538 9786
2881 7987
2048 8186
2745 6910
2622 7203
1390 1923
3899 4287
3152 9785
7289 9657
298 9290
4237 4492
2974 7419
6675 9447
1332 8846
7545 8092
741 7877
1082 5079
5619 7109
3478 4019
4715 6100
1221 6637
1471 7489
3625 7276
975 4564
264 3281
1213 7772
852 4983
6651 7097
1657 4781
5496 9748
2325 6237
7624 9758
1085 7667
1145 1729
5103 6443
2675 7244
1084 9432
4145 6707
4708 5119
7622 7988
1735 8835
2112 2586
3817 5560
1826 5588
340 1084
7925 9016
1901 3672
1338 5126
2985 6854
2482 4439
3296 6077
2727 7113
1257 7160
1867 5785
2728 3407
814 6207
8318 8593
2409 9751
229 5339
569 586
6422 8511
5936 6445
411 1061
7782 9747
6616 7914
4185 7562
1297 2692
288 6204
2425 8905
1632 8070
4276 5831
2445 4423
8548 8945
3183 9174
3769 3886
6094 6659
2029 8631
3103 5393
7236 9442
5139 7355
203 9323
2895 4916
619 1556
9098 9523
3519 3980
6162 7507
4147 6303
584 3091
3766 4850
8616 8735
1061 3886
5393 8868
3090 4847
4260 8883
2083 9398
2285 6237
7505 8720
1531 5690
5412 6980
1565 9391
6851 9071
997 5552
2487 5373
439 6575
2604 9055
2842 5309
115 7054
1709 9556
1900 5969
334 4790
1027 1718
6790 8971
501 4883
294 2479
3833 4043
683 6036
7939 9465
1190 1679
6777 8469
7764 9380
3875 9424
342 2221
3930 6477
4729 9897
4687 6250
1414 7967
384 2065
3299 4756
885 3587
1069 9944
2331 3981
1751 3446
269 9781
987 3397
8249 8750
2124 2776
1349 8173
1002 2465
1630 8713
2082 7879
3495 9751
2197 8167
3305 3879
1115 1465
6891 7760
871 8535
90 285
668 6710
1654 6417
106 4665
6755 9234
1280 3140
582 1956
2211 8633
669 714
6441 6771
560 4989
790 4938
2754 8293
1535 8256
514 6790
603 8758
3426 9425
7313 9842
3770 7431
537 859
350 3003
1816 9936
2306 6800
2974 8498
3865 4938
777 9744
1033 6279
1566 4571
3787 6174
4300 6106
1215 9315
2741 4902
6991 8566
773 8934
6144 8688
1310 8042
2846 9477
5151 7978
6277 6475
4476 6493
571 7765
4043 7269
1604 5187
4965 5390
1360 7422
674 6041
7294 8636
5627 9766
5052 5860
899 6399
4060 7547
392 8940
3537 6917
1894 6165
6369 9744
2657 3860
6940 9926
4254 4895
1464 9218
2823 6636
2676 2992
7979 9848
5966 9969
2180 9957
1017 6356
3078 4915
6767 8370
1659 6655
1638 3552
1381 2819
1828 6273
1592 9564
5845 8105
4458 9568
1093 1415
2390 4406
3768 8589
88 2384
2341 4554
1922 2268
1697 5048
6837 8166
66 4847
1704 4821
7639 8398
1022 3084
1028 9466
585 3922
1394 6872
3489 8286
2230 2486
2605 9043
819 7779
1724 9045
1312 6471
1518 3646
3008 6834
3074 6035
855 1680
4777 6429
4212 8494
4311 7451
4387 5239
4585 8463
5781 8073
3100 4618
2143 6655
3825 7223
6267 9921
5548 6391
3930 9193
4260 6937
294 2378
409 6362
7490 7501
2346 6838
640 8054
3008 9644
5026 7592
806 8106
1206 2017
1776 8671
5350 9700
2495 9620
4394 7968
1897 2362
2973 9939
2316 5185
7899 9618
2725 7118
5388 5914
3441 9463
2471 6553
3085 7930
6414 7542
5088 8430
5099 6863
4798 7100
2212 5946
179 769
340 9482
278 8427
2454 3611
2593 8424
1509 1669
5541 6897
1356 7582
4134 6689
178 6125
6591 8416
19 3503
5021 5117
365 8472
2576 9915
4418 7035
4757 9106
6517 7532
1386 5322
1142 3978
3745 9003
5638 5647
2251 9580
3345 8939
66 3522
1416 8481
1434 6464
1484 1983
2347 6550
2816 6308
725 1274
6731 9851
1833 2719
3218 4262
1755 8040
1785 3547
5545 7109
7422 9359
766 5125
4650 5190
639 6065
3670 7102
2004 3850
399 4938
702 1245
8327 9567
5769 8321
153 5057
5670 8487
6526 9722
3268 3776
885 8310
2083 5165
243 289
1244 9200
1830 6190
5499 7308
3292 7509
3854 4581
4260 4555
2177 3826
497 2881
4289 9594
7001 8080
3074 9958
957 3733
5619 6341
1505 4617
1212 7701
3253 8145
2455 9974
6115 9442
1824 9085
3623 5677
3665 7882
5841 6583
1707 9463
2689 7652
3751 9689
60 2083
2762 3040
3793 5455
4761 8658
2710 3311
1456 5972
5962 8427
1756 7781
4541 9605
840 8163
4505 5281
1864 6045
4103 6697
7678 9386
1755 7781
189 5426
4540 7840
1632 3228
8237 9994
2745 9656
7299 8716
1111 3260
3494 8892
5015 8034
2207 4848
2549 6480
3063 4945
4695 9759
2373 5399
3505 5496
922 6505
3694 4344
3273 5461
1806 2328
1510 5072
7813 8808
3787 8924
7281 8419
4167 9786
1666 5366
566 1992
1406 1845
1862 6540
1164 7261
5264 6660
765 1768
810 3933
5745 6111
4083 4790
1944 3902
1714 9861
7103 10000
1873 6989
3632 7507
1649 1658
1 2872
2215 4717
1406 4076
7608 8922
2871 7688
5581 8453
990 5865
7100 9262
1609 9696
1890 5510
1639 8102
3575 5093
564 8101
6966 8084
4975 8070
942 9733
1947 4976
2733 5658
2374 9617
62 1654
2487 3586
3476 4866
479 5802
6927 7410
5168 6527
4517 9271
2846 3270
7722 9610
3409 6575
1478 5806
1549 5538
2876 8771
780 3836
1961 2561
396 9966
8974 9234
3552 3839
5705 9061
670 5988
3115 7196
7507 8737
1712 7128
1321 1582
1202 1342
4247 7007
2148 9172
7942 8896
1375 9083
3335 8722
1643 9117
3301 6969
3204 4703
807 3763
7828 8908
8374 9750
3609 5023
6735 7111
736 5044
1937 4407
5006 6386
1909 5295
542 7153
8527 9850
4923 9624
7619 8214
392 1514
4587 5094
1745 4717
8856 9976
4958 9573
4595 8350
5460 8566
5653 7681
6855 8440
7590 9592
3445 9236
597 1500
1350 9778
5475 9401
2624 3688
3015 3371
1553 7957
4460 6269
3316 9702
2597 9274
946 4625
220 9542
2757 4253
5194 5963
2692 9135
5555 6136
7054 8371
3084 8148
4755 8558
3900 7379
7271 8598
150 6745
1205 5227
1280 2771
872 5367
1848 6905
2664 3477
1389 1772
6582 7729
420 7734
2069 3288
439 6555
5990 6694
1448 8586
2485 4547
5178 9496
1923 9755
1334 9646
2416 9479
2613 6702
4134 5870
6797 8549
6289 9346
7074 8568
2653 9222
1290 7493
399 5941
1728 2634
6388 6665
433 7286
5611 9150
5256 6782
3885 6427
2941 9715
5194 5554
2768 9327
1316 7775
6123 7120
1042 7604
545 3177
3694 8037
4467 5986
4787 6194
1174 4971
5404 9211
4811 8360
1592 7366
7602 9967
2908 4370
7316 9563
83 4813
2587 8889
1363 7750
1705 6058
6602 8756
4881 8802
990 9347
4787 5776
1893 6110
1103 3301
7865 8111
5230 5814
2132 6055
424 9183
5039 6498
6203 6339
1579 2932
5141 7033
1198 2942
1697 8737
7799 9969
498 5140
1637 5668
915 3912
567 7746
1366 5610
7179 8678
1084 7191
5662 6373
701 7859
4197 9222
3255 8505
5776 8396
5069 5537
625 9593
3117 3744
6945 9967
2612 8883
1603 6150
2875 5700
4240 6716
1745 7661
4851 7770
2828 3432
687 7575
484 6796
3738 4883
1652 7010
2133 7188
2078 8078
1547 4164
1108 8173
1513 3407
72 9467
2946 9556
2624 5166
7186 9178
4368 4955
380 7196
4738 7954
4234 5221
1101 9116
2752 8959
2478 7443
4555 6291
454 1872
44 6101
1561 3965
1632 3451
3431 9358
4578 4948
1981 8115
4125 6349
4504 9421
4159 9896
2457 4129
9379 9909
3244 4689
2073 2660
8484 8950
355 2980
5432 5755
6751 7316
6553 9397
2827 5299
5910 9876
7775 7891
1899 4342
3763 4239
486 2755
1563 7921
3651 4614
1472 4209
4131 4692
6282 9527
9261 9433
5187 6233
2983 4692
4088 8854
4153 9535
1797 3267
380 7393
4722 9687
277 5643
4836 8397
762 9108
5375 9960
1431 2758
3801 9583
1913 5864
7697 9679
1476 5912
6168 9236
5246 8089
1133 6607
6225 8593
2929 5325
2615 3617
6398 9260
1233 9243
4 7656
340 3967
1730 9449
1749 7664
14 3250
2928 9880
1355 7710
5191 6945
437 3874
481 1386
1569 9978
849 6705
1654 6674
3463 8051
5933 9057
9283 9940
5412 9622
259 3493
2007 5423
1156 5024
1035 2020
4303 9730
8742 9494
2615 3026
763 6282
7850 9447
2504 7093
8698 8746
8512 9177
1461 6797
2431 3920
7752 9331
2053 8010
2823 3827
17 3978
8388 8850
1365 3152
4469 6458
2645 7495
8926 9072
4609 4871
1701 3127
3726 8176
447 9254
3595 6687
714 6958
6025 8465
4429 6288
2827 5462
2843 8255
5792 7104
7156 7582
256 2051
3613 9252
5897 9036
505 8178
3906 7656
2206 3983
5832 9004
3236 8870
2598 3949
4974 5828
2115 8766
7944 9403
7577 7657
786 3368
1113 4719
6875 7720
6769 6839
2665 6971
5148 5874
6132 9522
2804 8079
114 4987
3350 7082
3856 6031
3650 9683
7356 8767
6758 8150
2078 6710
767 3847
5445 8231
8566 8671
1686 5950
2920 5509
703 7734
224 4420
217 3575
331 8302
1735 8561
32 2416
33 4117
1472 2099
5152 6600
8213 8230
5348 8677
473 2060
3578 6977
9143 9527
1003 5014
2446 5716
3217 8736
2291 8953
592 6791
5351 5635
2018 8678
2794 7767
6217 8402
3553 4266
2816 8847
1492 8118
4194 6529
1964 4123
7458 9857
3649 4870
2446 8460
3547 6938
5663 9228
2453 8851
4485 6172
4156 4849
1922 2854
1256 7643
4490 8260
1160 3657
3458 9277
5148 7651
3463 5805
2013 8125
920 8125
5731 6883
570 3820
2584 9277
3047 8128
1389 9218
5544 8964
419 1818
3817 4413
4658 9425
2672 6936
6129 8314
2565 9813
131 4721
4607 9627
6734 6898
2731 3616
2628 9652
3787 8256
2236 6833
6383 9976
1699 2403
1871 9173
5687 9868
3585 9292
344 2608
2579 5009
5088 5143
1570 4821
4447 9864
6176 6597
1344 8906
3971 6564
350 8557
7144 8578
1313 3534
2288 3471
3011 5341
1460 2878
1027 5044
7722 8521
4003 7451
2730 9090
2594 3902
659 2457
6834 8348
5405 9691
1968 2091
13 7000
2317 4943
2202 4143
6255 7614
4490 9265
5949 9306
333 8494
3366 7345
1347 4406
3488 7168
6789 9761
7389 7447
5737 8569
633 3973
1779 2723
2292 8144
4608 9722
217 3086
3162 5692
4182 7651
1308 3487
3599 6153
171 7295
4577 5870
3037 8642
1782 8064
1804 2798
7718 9228
6212 7540
1691 5671
334 8935
166 5008
4942 9603
4455 5224
5294 9405
2105 2953
2892 5703
3062 9105
4974 9350
3990 4343
8010 8405
6124 7159
209 5351
4100 4877
2919 7915
6122 6849
3252 6287
1856 4545
2241 3432
7534 8999
1103 2836
486 2079
3158 5942
1493 2507
915 5482
5277 6849
239 2972
447 2435
3663 4674
898 2588
6581 7020
5788 9833
3306 3996
1899 4377
7427 9728
5784 6614
830 2622
3987 5045
6537 8563
2845 5830
8370 9693
1106 8608
9016 9892
42 5406
3555 6304
2629 6487
4769 9675
6319 9332
7048 8764
1230 6190
6775 7014
3956 9155
4199 9635
4295 8197
7087 7139
378 5457
1483 3184
416 8551
2174 7727
1281 8592
1221 4829
4503 7767
438 5989
1104 3834
3837 5064
6963 7293
2799 8429
918 8063
5212 6998
2611 4084
2989 8703
5892 8238
823 2660
6788 8549
1185 5380
6013 9829
2952 3948
6867 8940
700 737
4573 6395
2115 3687
543 1535
6485 8804
4957 9834
368 7568
270 9070
556 6161
1378 7307
4094 5172
6356 9927
5825 6107
8720 8776
5586 6406
4067 7142
461 6286
1714 4752
499 3248
3336 5295
251 2052
3169 8771
3438 4170
1077 7840
1498 5951
1122 8807
1943 8733
7478 7768
1191 6197
2895 7597
6962 8135
772 4738
2804 7422
4273 5523
2403 7169
806 7608
776 3772
7941 9576
3767 4214
164 9018
5264 7824
7207 7637
2908 5114
450 1326
4220 7663
4398 5797
1181 5488
2920 4955
8291 8442
693 9227
5611 6834
7851 9382
3961 7426
3674 4526
1193 2691
1041 6456
6866 8678
14 6125
3791 7691
6575 7805
972 1911
9443 9953
2872 6459
749 4749
6327 7666
1794 3276
9512 9644
3473 9009
3421 9034
4350 4613
5391 8077
4942 7421
3786 4068
1067 4210
1477 7641
2015 9739
4964 8319
1423 5533
6282 7543
2523 5208
4316 8960
4824 4835
311 3843
3732 4648
8997 9228
4696 7304
2116 4387
2246 8454
5902 9664
3730 9016
3656 7382
3468 8619
5700 9000
41 3242
1633 8916
6945 8449
3231 3283
1768 9894
3477 6415
2705 3625
5411 8320
6150 6360
4957 6788
955 2689
4620 9970
2770 8275
6237 7351
3051 3246
1588 9638
2644 9573
7445 8553
6517 8136
727 8284
556 8029
4698 8005
6460 9612
2676 5971
2609 9463
928 9916
1899 8503
1272 9885
174 7236
3860 9771
5448 6638
5633 9408
5020 7961
1536 3077
156 6096
476 6171
7063 7220
6674 8480
3679 7507
2640 8996
6275 6970
1824 2555
8174 8791
3096 4699
2378 3307
4469 5367
3876 8754
125 1000
428 8188
1660 4283
4182 6935
1110 3997
1401 9589
1432 7022
2370 7096
417 423
8644 9329
2240 3169
1687 8119
497 7867
4994 8687
99 2215
8915 9566
224 7102
8235 9994
6928 7737
2417 8846
169 7277
4298 4787
1600 8234
2022 3019
1663 8650
7241 7702
1183 5821
5280 9050
2669 6625
4088 4883
3002 6723
3298 4449
104 794
1533 4192
301 4073
1349 3037
469 4175
1999 8421
2408 5017
6794 7409
3031 4496
4214 4650
6281 6668
5688 9615
2905 3702
570 5979
1370 6704
3159 5629
3513 8515
2588 3702
3090 3813
633 3936
2286 7265
9053 9672
2199 7303
333 7081
3046 8082
898 9713
512 714
5400 9970
2321 4214
5948 7269
43 7928
6779 8557
480 1440
5252 7496
3569 7784
833 2237
69 7641
3723 6857
289 9839
2884 4056
4953 8370
5435 8948
1817 4347
5404 6030
6668 7703
3062 3298
5631 6428
1618 7070
5466 6907
6827 8674
910 3249
3317 4012
868 8550
4741 7040
1156 7447
5877 7624
6572 8751
567 7663
3066 7270
289 6596
768 6245
3350 6398
1320 9024
3468 5930
2141 6785
33 9109
3120 9402
7951 9701
339 6740
2691 7846
538 6667
74 9289
7736 9590
6859 9855
801 2803
7148 7920
5399 6849
670 4423
4137 8168
1304 6704
2629 5812
2030 7688
5283 7389
1973 6332
480 5375
1018 9818
2041 6243
1630 6658
2864 3978
1130 4840
5666 8339
5402 7417
5188 6071
1839 9707
6559 8542
1011 5539
706 8698
2340 3920
251 2438
2918 4313
482 5625
287 4017
6725 6944
5646 7054
6838 9807
4536 5473
5176 6289
363 2889
1079 2359
70 8917
5972 7432
807 6677
4726 6129
5369 8567
4976 9681
6953 7836
6514 8122
969 9590
2967 5065
4871 6644
7531 9804
4979 6695
3819 5935
1694 2529
1763 7013
7797 9337
5546 8603
2365 8026
3328 7733
2944 4655
779 3765
279 1607
8900 8928
316 9868
1894 2863
1539 8049
4585 6745
6915 9379
520 1072
3884 9443
7239 9186
3220 4731
2193 5585
2757 5520
5700 9669
3434 6527
6479 8133
1730 3712
3412 9931
1657 2046
2794 9936
5890 9705
4520 5436
2805 5039
6507 8599
5275 5693
4846 5838
423 4382
6782 9531
6254 6451
2780 5231
8061 9884
7264 9947
676 9790
6229 8187
5374 8684
4741 8122
1264 2642
176 4068
4032 6682
2666 5658
4855 8726
6856 9149
3637 9237
1842 8679
261 6439
2674 4621
8236 8321
2620 8111
8849 8911
2649 3947
771 4222
1837 8687
8862 9764
147 5904
1895 4922
621 2157
9012 9776
5364 6121
2648 4799
3557 9087
1412 8177
1760 9732
732 2765
4194 8027
5932 6843
1973 6505
659 3965
3728 8342
4245 5872
226 7767
2382 5518
1646 8387
1393 4507
3361 4041
5657 6918
7068 9479
1446 7590
3152 4210
7345 8321
2237 4252
4187 4209
757 8151
4868 9098
7091 8230
4808 9694
4857 5212
7189 9595
6857 8582
217 4101
6110 8974
4804 7134
4932 9529
2393 2680
7066 9141
25 1377
563 1317
5586 8425
5066 6805
3874 9647
3568 3895
4454 5104
1643 5131
4698 8339
5151 6576
1901 8555
1260 2041
788 3056
5448 6972
2464 9820
2513 9844
182 3841
6758 9426
1823 8606
2582 8832
1470 2828
5923 8751
3881 7931
2629 3917
2219 6844
7125 7779
5390 8744
1799 5517
2529 8840
2348 3599
1304 6111
5144 8543
2644 5301
921 7602
7123 9854
4944 6433
2681 5183
612 7219
1135 5415
3985 9592
3722 4331
1109 3074
2978 9111
1225 1639
4823 8169
3987 9472
2529 7285
967 9929
4181 8239
3882 7656
6666 8092
773 2599
1848 6169
3614 7736
3656 7327
7598 7986
1048 5058
1059 6510
8035 8635
6204 8148
3457 8486
742 2027
7367 9346
1547 7022
7255 7584
2028 9202
3920 8153
5767 9152
4321 6887
7976 9380
565 3329
2313 7964
8386 9724
2773 4473
8358 8972
1815 5328
3706 3810
1176 8908
2281 3051
6987 9074
8276 9535
3454 9014
2780 8165
3452 5572
1303 1403
1967 7780
92 4631
9368 9930
4402 9815
2140 8173
7467 9725
3534 6339
1173 1598
575 4709
135 3878
7561 9764
2926 8410
3217 7541
1090 8788
992 2492
6442 8771
1072 4458
739 5215
5029 6791
5140 8931
1217 9553
2749 5891
273 4750
3840 5811
848 7717
4760 5945
706 7480
7048 7686
5127 8246
2187 5589
7619 8628
4360 8428
6051 9574
2842 9167
658 954
507 8124
872 8226
2749 2976
6589 7497
4696 8786
657 4730
8137 9455
3492 5435
32 1536
3723 8619
2589 5620
8702 9979
1105 7368
2886 5904
3946 6858
8421 9896
3716 8121
5644 6464
1096 3140
6233 9404
61 7835
962 3642
2748 4549
3485 6084
2779 8455
6158 8399
1043 1212
4729 4763
2316 6985
2613 7648
3842 3895
1033 3909
2016 6676
6724 9463
6128 9816
4002 5696
3009 6188
736 3995
2109 7480
3171 4887
5934 9329
3329 9637
540 4366
4443 9207
1350 2090
1543 1819
2337 2851
4352 5451
2174 9526
166 5693
2213 4653
840 6047
41 5222
7330 7927
1098 3872
8568 9806
4557 6778
3669 9486
3928 8922
2875 6623
1045 2369
4517 4705
3895 6319
5408 9772
4844 5574
1817 9497
7786 7863
6688 9359
4255 4615
3040 8127
2064 7960
4284 5193
121 2516
5213 7789
4048 4439
2768 4411
5279 5483
3825 5729
1597 9232
2792 5500
1157 3668
2288 5295
1530 8976
2137 4653
4045 9942
263 8357
898 2004
3549 4519
1018 5113
1417 2307
3069 9551
1385 4184
4699 8008
6295 7113
3592 8964
4748 9086
2632 7726
42 4161
1047 3053
2649 2994
2911 5091
3446 7702
3808 7602
1177 4316
2714 2974
2593 8616
6042 6777
7092 10000
1136 3464
3386 4727
2427 8823
5058 5827
2220 2900
5571 5952
3266 8219
4708 5297
2998 7482
7641 8153
599 2468
8818 9664
1410 5441
7834 8279
2026 4925
4662 8093
520 3104
8930 9837
1929 2736
1150 7499
767 8688
336 2070
5475 9551
3334 3627
284 7191
2360 2447
6300 7887
122 4578
1011 2073
3349 5560
4 3036
2492 8011
523 4199
1421 8804
6934 8922
1973 2654
4723 9689
1515 8661
625 1994
4168 5141
7587 8629
4928 6527
1826 3000
250 5858
1417 4011
3398 3598
1420 7960
5889 8295
2158 3662
3450 5444
2583 6103
3768 8623
2428 7178
137 7802
773 1630
1969 5754
4848 5568
681 3745
2890 7847
1857 3994
658 3944
5255 8430
1903 7495
413 3076
1156 6525
2208 3739
2327 2627
8713 9804
4755 8850
1879 3958
5926 6831
2398 7632
4665 7125
4972 6143
136 7554
3180 4564
431 4786
2334 2993
2281 6068
3436 9098
2592 7657
1570 3526
8591 9983
1089 7726
1683 7440
2968 4270
3960 6951
1085 3019
1615 9161
2408 5521
5587 5649
84 6079
3076 6725
4764 5357
213 5495
4438 5144
7869 8670
6007 7852
84 3612
5292 7403
1766 4611
1672 5726
1042 1562
3162 9528
203 5569
5048 5851
1483 7507
4231 8281
910 3045
5939 6404
1083 3257
841 7478
6104 6848
5329 9715
3283 6972
5049 7117
1583 5140
3144 7126
6181 6639
2671 6383
2207 4071
6065 8585
5553 6866
6463 6648
2586 6262
9218 9518
59 3668
6995 9771
3258 8675
6540 9485
5647 6601
3581 7940
1740 5065
6724 7921
1703 5746
261 655
6168 9240
1721 6326
2457 9325
4535 8718
1910 3752
1930 4587
162 7934
1700 3419
6608 7537
6311 8606
489 4250
2186 2229
5261 9315
6501 7369
3507 7359
3526 7630
307 9098
1554 1598
2484 5983
6623 7892
1210 2588
2749 6173
4225 5495
2102 6168
1761 2478
2249 7060
5597 6727
829 2393
3681 7210
920 6114
95 7188
4445 6285
401 2395
2735 4191
4878 7165
626 3817
3151 8374
3868 6566
7375 9085
2322 9135
5733 7914
992 7735
1329 8564
4890 9737
5850 8596
5783 5809
5944 6606
2696 8420
2610 9000
229 5430
2407 9774
4046 4500
5557 6963
2931 4719
3392 6047
312 2065
6152 9124
1303 6805
1039 4715
1694 3310
3855 6888
5445 9183
460 3864
1878 5811
2825 7307
6039 8950
6436 9714
3449 5270
4520 9750
4553 5796
6617 7911
2459 3387
2768 3762
191 3834
1152 8236
3496 8040
5292 8442
3574 8901
5452 9155
1979 4711
2758 7102
7280 8823
729 9889
4093 9639
4997 5248
1786 9510
1613 4245
733 2896
4358 9438
918 5509
765 4026
2467 9900
3474 6056
5210 7720
2430 8925
3540 8034
820 5883
5772 6857
7301 7900
1762 9499
2297 3547
261 5360
4143 4608
7345 8500
4045 8263
4009 4422
260 5379
1435 3241
960 3733
2996 9009
2888 9741
5624 7043
59 251
7747 7958
7551 9508
3808 9847
9167 9406
3549 6459
3774 3804
2048 4171
2408 8418
3796 4944
2668 8184
2752 5230
8226 9143
5236 8113
1113 5155
1171 7211
4957 5405
5480 9307
816 9287
221 9153
4805 5611
3769 8579
2169 5766
4183 9101
928 4044
7979 9947
2228 3208
2699 7722
1433 7163
2957 8897
2317 6519
4073 6419
1475 1898
3379 8642
7536 8883
2341 8863
4493 8983
6611 7271
6371 7503
793 4783
414 8771
4729 8993
1979 3779
3067 9763
941 2375
5012 9609
1430 8894
3681 6720
7059 9680
3567 5362
576 5941
2259 6786
5910 9529
3396 3413
2251 4188
8195 9017
9275 9311
1289 8009
1075 3054
346 7403
2414 3450
8695 9955
196 3635
5414 9875
7046 7127
2986 9793
2052 7702
3612 6123
1580 9518
183 3376
58 7922
9199 9368
3559 7196
6601 7008
986 4410
787 6947
3176 3253
3371 9481
1246 6887
3932 9597
8373 9389
3270 6074
1440 9392
6037 9372
5262 9412
1671 9554
5104 7333
881 1038
4397 8662
3833 9647
7131 8806
1981 6785
383 6265
1703 7270
7511 7651
5883 7553
7040 7174
4831 8308
4345 6566
4202 8179
107 3756
7441 9849
886 5210
224 4673
5282 8505
439 6222
1988 3007
2370 8772
5623 6826
5991 9485
4477 9896
1516 5367
27 7069
3634 6346
4371 6900
1812 8126
3358 8012
1918 4920
2942 8897
530 5143
7716 7799
7321 9786
6092 7074
2155 2697
4498 9269
2181 3745
3900 4393
1461 5260
3926 7958
1447 8296
1209 9610
2773 4566
1043 7622
2870 5837
979 3984
1782 9752
3424 5047
1567 2120
74 9515
4816 5135
923 3349
5315 8880
491 3600
3127 7525
925 4800
2172 6008
1296 6887
4508 6926
2338 9114
3729 6322
6445 9832
1491 4455
2374 3255
3610 9121
2447 4778
3369 4256
3135 4478
5035 8077
4513 9977
1953 4777
4124 5438
2324 7136
413 5419
3183 4109
3263 9527
5971 6782
1236 9447
2701 3813
3609 7422
1822 2407
2429 8551
2127 3028
1915 7161
1891 7456
8026 9408
3019 3463
155 9883
2138 5302
1672 6919
5762 6445
1286 2543
732 8767
130 2579
3433 3739
1606 6353
1255 6145
386 4624
635 2300
1784 8090
542 9809
3561 3850
3732 9623
67 8112
5385 6985
1146 6135
7421 9782
40 4900
170 4504
4288 7479
183 3908
5893 6404
2630 7789
1027 8423
1281 9163
1823 2865
5323 6714
1298 1735
445 1801
2182 5761
1896 5137
3327 4918
3367 5668
171 6170
3648 9888
147 4459
182 6703
6550 7970
3929 5685
2745 6965
5609 9443
4765 8787
6873 8674
2414 9118
5025 8175
162 7651
6422 7330
1431 2089
7048 7600
6935 8611
7599 9421
4132 7081
2476 9982
2102 8160
1198 3910
3352 5124
263 6806
4469 5479
6882 7135
948 2160
1408 8599
7829 8673
5928 6455
2975 6269
4055 4880
6261 8005
652 3341
2137 3127
590 3322
3584 7638
1787 2762
3287 4944
7755 9376
422 2862
989 7721
1373 2396
45 2671
225 4950
2852 6493
4276 6906
536 7724
1262 8376
3876 9750
3550 7854
339 1844
7133 8477
419 4605
332 3420
3841 4526
3193 5514
918 7914
584 4261
4485 7314
165 5534
7330 9809
3422 5053
4684 6697
572 9780
3986 4433
1124 4121
5829 7605
6785 9600
3020 8024
2549 3468
3012 3212
4414 7477
3929 8674
1243 8061
9511 9946
1407 6840
4829 6106
2802 8244
4376 5864
296 9726
198 4713
541 7771
7371 7803
3677 5826
6742 7144
4726 9953
155 5491
436 7430
516 1842
26 1678
3084 8139
596 3217
1461 4264
127 3398
2188 9475
6775 6900
4545 9672
3792 7474
3820 8267
5008 9651
728 963
1313 7469
5094 6218
3086 7904
3287 9581
1425 3111
6328 9017
2020 9632
1769 4140
2679 9759
1243 2885
7267 9578
7429 9721
4740 5696
3540 4391
854 7055
1470 8367
4040 8322
2578 9812
3098 7125
235 8510
874 7526
2914 9246
3405 7158
1014 3268
6083 8609
5660 6152
5875 9932
1732 6966
5271 5627
7708 9034
6124 9178
798 3752
3217 3564
341 3375
1884 3013
3887 6927
5762 9841
2919 3132
497 9597
2538 5680
5457 8689
7683 7691
8620 9423
599 4649
2356 4693
7169 9632
7885 9735
1101 7966
3298 7692
2663 7793
4720 9575
5336 6549
912 6032
508 4606
6528 7143
6187 8337
3878 5831
803 6019
667 9652
696 1401
7384 9375
7259 7864
2181 7118
6768 8360
2504 9872
5799 9430
2330 7223
1134 4486
2092 8361
1240 1346
7532 9234
1417 9576
5595 7761
2219 3764
2613 9971
1987 4460
3706 8675
823 9246
856 3957
3942 7079
6460 9723
2877 3683
363 2052
412 4520
2454 5865
8004 8039
7579 9749
3861 5807
4377 9525
2138 7625
4347 8436
4124 8052
3369 7110
4317 5227
7325 9168
137 1396
624 5243
171 7294
986 4690
4058 9791
555 2061
4182 6655
5991 9988
515 5516
4365 4491
4005 8711
2926 8128
36 3115
7849 8341
1525 4352
2099 3860
1661 9102
1831 2723
60 2748
2873 6805
9779 9851
4032 5217
1207 6433
371 3299
3074 4735
7078 7790
715 9798
1558 2912
750 5758
1454 7604
7282 7815
3552 5295
3269 6274
6016 7125
6334 9997
2536 9172
4388 9775
2559 2919
1946 3289
1372 5858
3647 8024
4801 7821
2710 4361
1463 7084
1039 8467
2916 5749
2819 5205
7395 8473
4519 9093
840 1778
11 868
4313 6994
750 7231
9048 9553
519 1762
4894 6771
1571 5408
6120 9066
4281 6149
7582 9099
3539 6849
1199 8744
8593 9668
3568 5112
4408 9464
331 6889
770 7553
3676 7872
1135 9580
1653 3271
41 1341
2899 3100
1964 7963
8595 9220
3153 4465
7694 8003
6354 8892
2373 3098
3837 6666
3300 7484
724 7425
3630 4546
3657 8276
2417 9410
2039 3237
929 7414
312 2079
4029 6394
8628 9600
3092 4988
9033 9104
1094 5457
544 4277
7829 8113
1664 7209
985 1412
1393 8739
3366 5530
5049 7947
4637 9127
6541 9985
5566 8416
3204 5946
1161 1831
5545 6148
1000 4922
1533 2368
5809 6457
637 2911
3921 6471
1684 8653
7391 7455
2984 3076
757 4476
7282 9883
3619 9113
1030 2775
5979 8386
6975 9546
4161 8871
2045 5435
3577 9870
2678 4154
3416 5737
3315 6009
1967 9886
3692 7692
7119 9357
113 3027
1595 6661
707 6348
6631 9122
1368 1736
1452 5062
913 5613
3932 9309
3801 7399
1552 9238
4974 6479
4967 6145
1204 7335
4463 5026
1247 3819
625 8497
91 284
2983 3637
267 797
2104 8884
1634 9908
3945 8898
1872 4228
8207 9270
4380 7444
7173 7210
8491 8769
3354 6103
7816 9694
7292 7481
5977 7987
4268 4622
6067 7905
3215 7604
8171 9707
6157 8450
8746 9614
1485 5054
2973 3260
7106 7352
4278 7055
914 5824
619 2768
8278 8813
5758 8435
2456 2773
6724 8086
504 7394
4628 4997
70 9150
1055 8519
5306 7021
360 3616
4857 6588
1963 3619
292 7026
6240 7557
2849 5360
7478 8175
2961 4172
2980 9588
5733 7673
9478 9703
4330 8177
4474 4598
1881 3479
8785 9469
3084 8901
109 5496
5466 9672
2071 6315
2491 4663
1691 3871
2045 6374
545 9169
1358 8756
7090 9876
6428 9578
956 6568
259 7393
90 1906
1374 9273
4525 5226
721 4457
480 4634
3056 6186
3146 8677
3368 7718
367 4091
1765 9535
988 3122
863 4642
211 7422
6778 6793
4729 7051
523 6634
3492 9795
8007 8717
672 8816
5305 9437
1975 9295
8360 8793
651 2430
2160 7369
2872 3924
3256 3859
7045 7897
1074 7256
1670 4218
385 6399
1268 7259
1112 3032
7054 7391
4077 9828
2558 9265
1852 9381
1239 4092
644 8241
6521 9156
1961 5745
3079 5216
124 5955
3380 9465
1134 3731
467 7597
5217 7532
6916 7726
1131 6328
658 6155
3215 5207
939 1771
1418 9361
2062 5030
3953 7903
5914 7569
647 9999
1129 5953
593 7122
852 9333
1727 6929
5610 7671
1748 2145
2525 8472
2878 3182
979 4436
2749 6396
5374 7814
6755 8462
2414 6227
1009 3795
1007 8327
793 9456
6960 7915
6292 6400
4478 5118
2788 9572
88 1717
887 8964
3764 6540
2146 3870
4551 4893
6619 9924
5080 9058
1636 3031
4039 7493
1782 2172
2575 5046
1627 8357
4378 6841
1000 8310
571 8856
1098 5295
8336 8639
4258 5179
2100 2755
6650 9048
2018 4000
2926 3057
3449 5956
1045 7294
2826 6346
7743 9465
1752 7443
4944 6099
1820 3450
3254 7027
703 4021
2321 2659
2931 9038
4189 7489
5685 9589
491 9684
3416 7958
1407 9093
137 5723
8420 8700
4516 9314
1066 6163
1958 8613
129 2361
2063 5614
2435 3508
5828 6316
1445 5354
1986 5110
795 9194
1574 9684
6830 9531
3099 5922
5173 7289
2340 2410
1724 3593
3207 9755
5164 9141
1501 4719
1645 6781
5152 7115
5567 9782
7012 7331
1487 2441
681 8997
6922 9587
364 6416
2804 9815
93 8690
1099 1339
4931 8784
1991 2822
1037 1962
3506 5756
1502 9815
6929 8888
4455 6653
336 3062
4549 7818
3166 9128
1581 8714
87 8296
1481 2890
170 8110
9334 9449
4470 7621
442 731
1768 6460
6317 8756
3875 8570
2762 7819
823 1850
3568 4911
1158 7737
5811 6637
902 3743
988 1702
2039 3183
148 230
9563 9704
5948 7324
384 6679
4118 6843
2873 4798
8672 9512
7330 7794
7785 9643
4504 7705
905 2014
3068 5441
6343 8650
352 6810
3682 8848
3911 9886
5348 9589
1295 9826
209 3265
4325 7382
3404 5474
2915 6606
4145 4399
6596 8282
393 7451
1297 5986
1426 9464
4364 8114
1174 4120
4817 7802
4702 6373
1712 1720
642 7889
258 9367
43 4450
3991 7853
596 5517
6013 7119
66 1346
1738 4294
279 7516
6980 9387
3750 8057
1445 2176
1275 6261
7648 9977
7314 8041
4307 9367
2281 5085
917 6730
4907 5128
644 4582
1855 8052
3200 6656
7302 8117
1290 5633
676 3932
1988 8964
408 777
516 2052
3020 6844
6051 6685
1769 4884
991 3517
1907 6854
246 8333
1180 3166
5020 8976
1983 5583
3700 4571
5636 5860
5684 9568
2887 4647
1555 3664
1406 8422
2067 4425
4469 5266
1109 6501
6237 8451
17 9442
6615 6710
7774 9875
3101 7794
4894 9728
5084 5816
3427 7071
1676 5462
4562 6638
108 4545
4577 7865
2966 2995
8231 8641
6101 7463
52 4732
1100 4552
7613 9493
3619 7714
1859 7487
6719 8732
1587 8154
4547 5013
2574 5225
6827 8214
3488 6934
2758 8064
1151 2076
7411 9791
4873 6658
1389 5892
1276 6795
2489 7121
4407 6554
739 8245
3809 8413
6976 9999
1963 7874
1363 3539
448 8189
1752 3935
862 1475
1998 2625
2937 5760
8767 9594
633 4658
7335 8260
1452 6175
2210 5380
2728 6118
454 7492
7429 9927
7490 8241
1655 5205
1779 2102
3393 3530
1219 6036
743 4385
195 3679
145 8962
7129 9625
3311 9971
5388 7775
768 9485
8564 9984
438 3237
6056 9515
4218 9897
5872 7755
1453 9533
1198 4325
360 9415
2416 6509
4745 8963
188 1241
6164 7924
7894 8369
108 9474
2020 5310
875 2004
225 464
2632 8793
9362 9978
7733 8881
333 1586
3617 5910
1530 9383
298 2622
3718 5892
2431 9260
4958 7183
8594 9678
1428 4419
3448 9785
6080 7012
1803 6304
6947 7475
7452 8936
2660 4168
1536 4245
4500 5153
6030 6507
4535 5480
426 6327
1938 9197
506 9208
7801 9120
6535 6899
6319 8571
4650 6698
4852 9682
7156 7306
1798 2593
960 4458
2495 6760
1259 5054
3999 7912
3640 8534
3391 6318
5311 8939
4519 8255
3726 9444
5978 8671
625 7242
3674 8649
8243 8330
5548 8526
323 1838
2797 8140
1132 4899
1643 2538
2510 5642
449 6149
192 527
2189 8819
7073 9130
3059 4926
1730 7151
903 4127
5323 5903
3565 7800
2677 4233
6070 9113
7252 9352
483 5218
2151 3212
1012 9372
8853 9821
5731 7160
5978 6364
5493 7920
978 9403
418 2905
7673 9059
4381 7031
1182 3575
4159 7946
3859 7058
228 3210
661 1797
44 9163
5009 5768
174 213
1940 3686
5944 8303
215 6015
1769 3795
565 1192
251 4673
4589 8055
983 8163
8928 9237
2322 9447
2337 8901
2998 9008
5403 7050
2058 8512
1170 8686
3109 8622
2371 4565
1411 4737
1131 1558
2323 6506
1178 8474
3062 8925
9233 9907
1224 4821
5187 9897
4267 7523
8798 9626
2199 6872
5028 5384
4256 6198
421 9229
5658 9143
146 7069
1276 3879
384 4978
3451 3598
7914 8874
6512 7146
4087 8781
319 8318
2584 3984
7841 9133
1065 8561
1331 3588
1938 2800
3220 6137
1795 7518
7663 8714
2592 5215
6544 8939
8888 9328
7241 9994
2857 7762
738 2894
3295 9055
3212 3630
7404 7990
2762 2902
444 8468
1267 6489
8733 8978
838 6251
7124 9551
2338 3913
2851 8495
4174 5233
1578 8091
5852 7766
4434 8503
4080 8745
3909 8308
7710 8250
5711 6823
1151 4179
3991 7267
1797 2351
2635 2968
91 4953
5218 8537
3383 8780
4012 4420
2510 7556
5321 5589
6374 8361
175 3457
435 454
1764 8163
5036 7475
4985 6186
8005 8603
177 9801
7306 9496
2258 8787
5939 7324
4718 7475
1895 7058
4614 5082
4404 7022
6286 9117
2813 3396
201 2573
3247 4337
8283 8363
8163 9699
820 2519
4654 7348
1959 2319
6844 7458
568 9134
1133 4395
3851 8190
6289 8932
2803 7044
2306 5441
5701 6160
8253 8733
5901 7851
615 9421
3935 6133
3305 6665
6453 7670
652 5123
3847 5980
2580 6548
2980 3712
942 3183
1902 3582
1056 8466
625 771
3137 6496
1100 2823
8221 8723
7641 8951
1435 5689
1575 8706
4379 4739
1743 6375
8707 9501
1941 2081
4921 5254
2547 5792
4045 4455
2480 2920
1453 9456
3691 7948
2592 6513
812 9048
1588 4350
3628 4804
2730 5784
6875 8685
1412 7108
2961 8617
118 557
1723 5041
1829 7184
621 6283
3100 7581
9033 9203
2555 9245
1499 6980
2109 2379
3696 8662
3080 3466
3676 8864
2360 2547
2090 6007
123 706
240 8967
4007 7614
1962 9443
7542 8934
2077 5122
2033 7631
940 4154
6875 7486
8790 8984
6216 7451
5648 9031
7268 9058
863 9815
2952 7770
2173 7892
9 1139
7622 8132
5145 6445
3416 9038
1845 5379
3763 4160
4665 9475
1054 2702
8502 9843
1070 1685
3646 7067
6717 7265
2477 7579
246 7079
530 9251
538 8137
2620 6741
4511 8237
4279 9065
795 7275
6123 7786
909 5597
2450 8315
7304 8298
4509 6334
8154 8373
5089 9753
2229 5419
2667 8849
8826 9548
4452 6962
1192 6437
947 5934
1350 9429
3055 5225
1347 8496
840 9404
3296 9641
7718 7945
6944 8579
1668 4279
383 6732
6756 8502
2611 5774
3703 7788
5321 8154
4749 8109
5697 7034
1477 9056
632 8383
4531 6878
5370 8331
1626 2634
1363 6703
8306 9570
200 5281
8365 9974
582 3081
3218 9544
6920 8855
527 7331
1425 8432
3474 8636
4043 5465
200 4950
4674 9481
7077 9356
1202 9710
981 2564
6413 6903
7222 8045
3454 3547
4036 6409
6627 9627
1833 9931
2898 7262
2360 4323
2045 7347
3861 7796
7741 9097
2414 4060
1137 8577
1770 6131
7198 9102
5046 9962
2267 2356
4359 5810
767 5813
2440 9845
6127 6745
4272 9643
2983 3388
317 1784
4464 6681
4421 5645
3560 9704
3187 8489
1308 7192
742 971
409 6016
703 9117
5061 8283
447 4926
1122 2180
2886 8924
3510 7248
4918 6988
2844 5234
8771 9525
4415 6049
297 9609
471 3483
4449 7662
4790 5419
1551 8403
1434 5458
667 6068
1944 6870
6515 9049
3065 5752
4325 6664
5613 9242
3651 8457
828 8774
3228 4333
4629 9540
10 9188
3636 4464
4024 5605
5406 8778
6840 7155
4173 4235
1105 9259
5773 6116
6505 9180
829 1525
2196 3489
5846 6423
1945 3602
2629 4619
511 6829
3610 6017
520 4425
4543 6004
29 1410
7184 9673
3907 4601
1356 3859
1363 3824
7868 9632
3003 7508
5048 5198
996 7822
7396 9293
1423 8366
4604 8273
1882 8876
5748 6972
2658 2975
2687 6642
736 6314
5336 9870
6573 7577
7935 9195
1400 8826
755 2154
2685 3554
32 2304
1375 6051
9150 9324
769 3949
105 9644
2182 7076
1743 4840
6402 8385
3490 7526
3747 4698
1270 8825
1323 8019
5557 9075
3196 7710
2232 6181
1263 4836
2264 8990
887 1587
1655 4491
1887 4595
4069 7650
8022 9393
775 8908
6433 7777
4264 8826
179 3089
6448 7853
2004 7459
6927 7007
6065 9459
3680 9238
1501 4295
1533 9021
3511 9440
1326 9539
7188 8105
2478 5394
2932 4301
708 3252
733 3868
5886 7263
2333 6956
766 5116
688 8394
6752 7772
7010 7853
6783 8499
4862 5803
31 4301
9313 9569
1979 3769
6756 7372
6246 9688
5850 8025
5109 6747
8984 9717
2372 3024
7487 7668
3789 8355
2232 7913
84 1459
1274 8241
6135 8582
4044 4964
6788 9708
4532 8766
3477 7640
2489 6074
513 3679
1923 6777
5622 7991
5761 7993
1014 3428
1155 1831
414 8135
5419 9593
498 6692
4185 5431
8228 9178
5965 6747
4288 7630
1082 7764
3571 5269
189 5299
2112 4083
8428 9704
102 540
4048 7468
319 2230
4974 8453
392 2644
4397 9493
7083 8582
1275 6260
6809 8021
7448 8577
5651 9658
1563 7271
1752 3228
3663 8922
215 7349
316 3366
3766 7888
4135 8206
5995 9108
3011 8638
7407 9499
2933 4482
5757 5988
5545 9149
3777 4121
5779 6596
130 8159
9402 9710
8323 9910
124 3372
2023 3089
6791 9910
6854 7278
4467 9201
6385 7477
2236 4190
1236 8672
5168 7223
712 4428
2723 4556
1184 9319
6687 7666
3829 6088
90 7375
746 762
2784 6565
186 3355
7040 9045
3511 6984
2592 9721
6781 7340
1956 8575
1804 3475
2149 6231
4187 4872
1722 7139
177 542
4370 9387
2616 6761
3377 4459
1023 3858
4044 6160
729 5204
4065 7435
26 5066
3785 8757
3158 5740
4962 7331
5832 9214
7544 9752
1034 7055
1474 7596
7212 7562
177 1965
325 2775
3553 4182
149 6064
4577 7229
7619 8363
1293 9037
4740 5077
7793 7898
816 1476
6382 9211
6754 7307
4361 6133
3958 4140
1701 1956
272 7522
1878 7846
1782 9398
2027 9546
2956 4198
1816 6774
1318 8067
852 6058
3143 4997
307 311
6472 9517
3044 3778
2622 5528
3113 4490
